label,horizon_months,awarding_agency_code,naics2,type_of_contract_pricing_code,value_quintile,n,mean,parent,shrunk
ceiling_growth_gt25,36,097,33,J,0,7163,0.04341756247382382,0.07009987674531369,0.0435288469765549
ceiling_growth_gt25,36,097,33,J,1,6682,0.039060161628255013,0.07009987674531369,0.0391988969461203
ceiling_growth_gt25,36,097,54,U,2,5042,0.17274890916303054,0.19849279718890708,0.17290117979409844
ceiling_growth_gt25,36,097,23,J,4,4415,0.09445073612684032,0.08968887862301858,0.09441859760600463
ceiling_growth_gt25,36,097,23,J,3,3933,0.10221205186880244,0.08968887862301858,0.10211725116292975
ceiling_growth_gt25,36,097,23,J,1,3795,0.0761528326745718,0.08968887862301858,0.07625899774083414
ceiling_growth_gt25,36,097,23,J,0,3361,0.08211841713775662,0.08968887862301858,0.08218539261536142
ceiling_growth_gt25,36,097,23,J,2,3116,0.09178433889602054,0.08968887862301858,0.09176435675737145
ceiling_growth_gt25,36,097,33,J,2,2883,0.06590357266736038,0.07009987674531369,0.0659467889812425
ceiling_growth_gt25,36,097,33,J,4,2565,0.20389863547758286,0.07009987674531369,0.20235182901825027
ceiling_growth_gt25,36,097,33,J,3,2552,0.09639498432601881,0.07009987674531369,0.09608946409851254
ceiling_growth_gt25,36,012,31,J,3,2466,0.0012165450121654502,0.0012281447677621273,0.0012166844323048332
ceiling_growth_gt25,36,097,54,U,3,2456,0.1486156351791531,0.19849279718890708,0.1492175317440335
ceiling_growth_gt25,36,097,54,U,4,2377,0.2170803533866218,0.19849279718890708,0.21684868463467688
ceiling_growth_gt25,36,012,31,J,2,2127,0.0018805829807240243,0.0012281447677621273,0.0018715087357593248
ceiling_growth_gt25,36,097,54,J,3,2106,0.19990503323836656,0.20277303424649845,0.19994531415140213
ceiling_growth_gt25,36,012,31,J,1,2102,0.0014272121788772598,0.0012281447677621273,0.0014244110426983414
ceiling_growth_gt25,36,097,54,J,2,1927,0.1883757135443695,0.20277303424649845,0.188596418511699
ceiling_growth_gt25,36,012,31,J,0,1907,0.0,0.0012281447677621273,1.9021343847632326e-05
ceiling_growth_gt25,36,097,54,J,4,1816,0.1998898678414097,0.20277303424649845,0.1999367232001056
ceiling_growth_gt25,36,012,31,J,4,1170,0.0017094017094017094,0.0012281447677621273,0.0016973702858607198
ceiling_growth_gt25,36,097,54,J,1,1140,0.22719298245614036,0.20277303424649845,0.2265668299379444
ceiling_growth_gt25,36,097,56,J,4,1017,0.14945919370698132,0.2038862786621064,0.1510187090352084
ceiling_growth_gt25,36,036,23,J,1,1005,0.0736318407960199,0.08128428005092474,0.07385365062949541
ceiling_growth_gt25,36,097,56,J,3,969,0.20123839009287925,0.2038862786621064,0.2013179062661293
ceiling_growth_gt25,36,036,23,J,3,924,0.08874458874458875,0.08128428005092474,0.08850998784227228
ceiling_growth_gt25,36,036,23,J,4,901,0.049944506104328525,0.08128428005092474,0.05095438066759156
ceiling_growth_gt25,36,036,23,J,2,900,0.08888888888888889,0.08128428005092474,0.08864357892637392
ceiling_growth_gt25,36,097,54,J,0,886,0.21557562076749437,0.20277303424649845,0.2151563220823089
ceiling_growth_gt25,36,080,54,J,2,846,0.12174940898345153,0.13302984737406634,0.12213572536669177
ceiling_growth_gt25,36,097,54,U,1,822,0.3236009732360097,0.19849279718890708,0.3191957557695625
ceiling_growth_gt25,36,036,23,J,0,810,0.10864197530864197,0.08128428005092474,0.10766491476372352
ceiling_growth_gt25,36,014,23,J,0,694,0.10951008645533142,0.12802923453148282,0.11027745446953659
ceiling_growth_gt25,36,012,23,J,0,636,0.09905660377358491,0.12049522818984153,0.100022307576119
ceiling_growth_gt25,36,047,23,J,0,575,0.15130434782608695,0.19219757086644104,0.15333211095205493
ceiling_growth_gt25,36,014,23,J,1,571,0.10683012259194395,0.12802923453148282,0.10788831453568135
ceiling_growth_gt25,36,047,23,J,1,503,0.15904572564612326,0.19219757086644104,0.1609116831632143
ceiling_growth_gt25,36,097,54,U,0,472,0.4216101694915254,0.19849279718890708,0.4082764619834008
ceiling_growth_gt25,36,047,23,J,3,462,0.19913419913419914,0.19219757086644104,0.1987112339959212
ceiling_growth_gt25,36,012,23,J,1,449,0.12249443207126949,0.12049522818984153,0.12236922097222389
ceiling_growth_gt25,36,097,56,J,2,436,0.26605504587155965,0.2038862786621064,0.26205276472073646
ceiling_growth_gt25,36,047,23,J,2,418,0.23684210526315788,0.19219757086644107,0.23385251590623488
ceiling_growth_gt25,36,014,23,J,2,404,0.15099009900990099,0.12802923453148282,0.14940294247913477
ceiling_growth_gt25,36,075,54,U,4,396,0.2702020202020202,0.2946611916933753,0.27192449706760863
ceiling_growth_gt25,36,036,54,J,2,369,0.1111111111111111,0.13558310144459693,0.11295111038430553
ceiling_growth_gt25,36,097,56,J,0,362,0.212707182320442,0.2038862786621064,0.21203211316291629
ceiling_growth_gt25,36,014,23,J,3,361,0.1634349030470914,0.12802923453148282,0.16071835559065087
ceiling_growth_gt25,36,072,54,U,4,356,0.12359550561797752,0.18022288123348962,0.12799659698705879
ceiling_growth_gt25,36,097,56,J,1,352,0.28125,0.2038862786621064,0.27517431507817586
ceiling_growth_gt25,36,036,54,J,1,331,0.1148036253776435,0.13558310144459693,0.11653045164359531
ceiling_growth_gt25,36,075,54,J,3,325,0.2676923076923077,0.19659271955157281,0.26168389179309065
ceiling_growth_gt25,36,036,54,J,0,314,0.12738853503184713,0.13558310144459693,0.1281031774515637
ceiling_growth_gt25,36,097,54,S,3,308,0.07792207792207792,0.11868346878100819,0.08153995285038534
ceiling_growth_gt25,36,036,62,J,1,306,0.5882352941176471,0.5326321201171674,0.5832707250104614
ceiling_growth_gt25,36,097,48,J,4,305,0.22295081967213115,0.16961142101010476,0.21817415710538252
ceiling_growth_gt25,36,075,54,J,4,304,0.14473684210526316,0.19659271955157281,0.14939455564834486
ceiling_growth_gt25,36,097,48,J,3,293,0.14334470989761092,0.16961142101010476,0.14578434250867847
ceiling_growth_gt25,36,097,62,J,3,291,0.08934707903780069,0.14813436453135068,0.09484121786897359
ceiling_growth_gt25,36,097,32,J,0,290,0.04482758620689655,0.0771271889225016,0.047855673961484525
ceiling_growth_gt25,36,097,54,S,4,285,0.14736842105263157,0.11868346878100819,0.14463652083628648
ceiling_growth_gt25,36,097,32,J,1,284,0.02464788732394366,0.0771271889225016,0.02966183333654474
ceiling_growth_gt25,36,012,23,J,2,284,0.14084507042253522,0.12049522818984153,0.13890081797992115
ceiling_growth_gt25,36,097,33,U,4,279,0.3763440860215054,0.3202926347896727,0.3709021975523954
ceiling_growth_gt25,36,075,54,J,0,275,0.13818181818181818,0.19659271955157281,0.14392715274277765
ceiling_growth_gt25,36,069,23,J,0,268,0.1791044776119403,0.15497232092657934,0.17667506586509188
ceiling_growth_gt25,36,069,23,J,4,261,0.13409961685823754,0.15497232092657934,0.13625144201992226
ceiling_growth_gt25,36,069,23,J,3,259,0.12355212355212356,0.15497232092657934,0.1268137357363231
ceiling_growth_gt25,36,036,62,J,0,251,0.5816733067729084,0.5326321201171674,0.5764375928950712
ceiling_growth_gt25,36,097,42,J,0,250,0.064,0.044213224667117884,0.0618799883571912
ceiling_growth_gt25,36,097,51,J,3,244,0.12704918032786885,0.1416406525665628,0.1286467867773609
ceiling_growth_gt25,36,014,23,J,4,243,0.13991769547325103,0.12802923453148282,0.13861127119393585
ceiling_growth_gt25,36,047,23,J,4,243,0.2674897119341564,0.19219757086644104,0.25921585027836347
ceiling_growth_gt25,36,097,51,J,4,241,0.15352697095435686,0.1416406525665628,0.152211142350542
ceiling_growth_gt25,36,036,33,J,0,238,0.09243697478991597,0.07031851726807613,0.08996102805239659
ceiling_growth_gt25,36,069,23,J,1,236,0.18220338983050846,0.15497232092657934,0.1791322166458548
ceiling_growth_gt25,36,070,33,J,0,234,0.3076923076923077,0.29757151294781486,0.30654221738043347
ceiling_growth_gt25,36,097,42,J,1,229,0.021834061135371178,0.044213224667117884,0.024426242239434504
ceiling_growth_gt25,36,097,54,S,2,224,0.10267857142857142,0.11868346878100819,0.10456891363555214
ceiling_growth_gt25,36,070,33,J,1,220,0.2409090909090909,0.29757151294781486,0.2477085815537378
ceiling_growth_gt25,36,097,61,J,4,208,0.15384615384615385,0.14993829991613722,0.15335356721631982
ceiling_growth_gt25,36,069,23,J,2,208,0.15865384615384615,0.15497232092657937,0.15818978835208983
ceiling_growth_gt25,36,075,54,J,2,200,0.24,0.1965927195515728,0.23433818081107471
ceiling_growth_gt25,36,097,62,J,4,190,0.12105263157894737,0.14813436453135068,0.124745595163366
ceiling_growth_gt25,36,097,51,J,1,187,0.11229946524064172,0.1416406525665628,0.1163558505852391
ceiling_growth_gt25,36,097,61,J,3,181,0.16574585635359115,0.14993829991613722,0.16349833648096737
ceiling_growth_gt25,36,097,31,J,0,176,0.05113636363636364,0.09755548672624313,0.05789643010576356
ceiling_growth_gt25,36,097,31,J,4,175,0.14857142857142858,0.09755548672624313,0.14110568098432827
ceiling_growth_gt25,36,097,54,B,2,173,0.08092485549132948,0.12251747221128802,0.08707154761743173
ceiling_growth_gt25,36,070,33,J,2,172,0.3081395348837209,0.29757151294781486,0.30657002667541805
ceiling_growth_gt25,36,075,54,S,4,171,0.2631578947368421,0.30946400854314987,0.27006925500644025
ceiling_growth_gt25,36,070,23,J,1,171,0.11695906432748537,0.10399083537093887,0.1150235077668068
ceiling_growth_gt25,36,012,42,J,0,170,0.0,0.0013183603945121874,0.00019775405917682811
ceiling_growth_gt25,36,097,81,J,3,169,0.16568047337278108,0.1808127704748567,0.1679617241921895
ceiling_growth_gt25,36,075,54,U,3,169,0.33136094674556216,0.2946611916933753,0.3258283203557853
ceiling_growth_gt25,36,070,23,J,0,169,0.07100591715976332,0.10399083537093885,0.07597851789511641
ceiling_growth_gt25,36,012,42,J,1,168,0.0,0.0013183603945121874,0.000199751574926089
ceiling_growth_gt25,36,019,23,J,4,167,0.16167664670658682,0.15408333839739455,0.16052030533970477
ceiling_growth_gt25,36,097,31,J,1,165,0.06060606060606061,0.09755548672624312,0.06629058770147331
ceiling_growth_gt25,36,012,11,J,0,165,0.07878787878787878,0.070842694846133,0.07756554279684097
ceiling_growth_gt25,36,012,23,J,3,160,0.1375,0.12049522818984153,0.134815036029975
ceiling_growth_gt25,36,012,42,J,2,159,0.0,0.0013183603945121874,0.0002092635546844742
ceiling_growth_gt25,36,097,32,J,2,159,0.07547169811320754,0.0771271889225016,0.07573447443214311
ceiling_growth_gt25,36,070,54,J,3,157,0.27388535031847133,0.22642776525473,0.266271833998085
ceiling_growth_gt25,36,036,33,J,1,156,0.05128205128205128,0.07031851726807613,0.05435244902173272
ceiling_growth_gt25,36,097,48,J,2,150,0.14666666666666667,0.16961142101010476,0.150490792390573
ceiling_growth_gt25,36,075,54,J,1,150,0.18666666666666668,0.19659271955157281,0.188321008814151
ceiling_growth_gt25,36,097,32,J,3,149,0.20134228187919462,0.0771271889225016,0.1805241098752796
ceiling_growth_gt25,36,036,54,J,4,148,0.14864864864864866,0.13558310144459693,0.14644659013111183
ceiling_growth_gt25,36,070,23,J,2,144,0.09722222222222222,0.10399083537093885,0.09838922448924232
ceiling_growth_gt25,36,012,42,J,3,143,0.006993006993006993,0.0013183603945121874,0.006008964230262229
ceiling_growth_gt25,36,070,33,J,3,142,0.38028169014084506,0.29757151294781486,0.3658554964443863
ceiling_growth_gt25,36,097,48,J,1,141,0.1276595744680851,0.16961142101010476,0.13501954754563242
ceiling_growth_gt25,36,012,42,J,4,139,0.0,0.0013183603945121874,0.00023402847239861315
ceiling_growth_gt25,36,097,51,J,0,138,0.12318840579710146,0.1416406525665628,0.1264834498630767
ceiling_growth_gt25,36,014,54,J,2,137,0.19708029197080293,0.16799610262923018,0.1918555872986641
ceiling_growth_gt25,36,080,54,J,1,136,0.08088235294117647,0.13302984737406634,0.09030659892302403
ceiling_growth_gt25,36,036,54,J,3,136,0.25735294117647056,0.13558310144459693,0.2353463436345657
ceiling_growth_gt25,36,075,54,U,2,131,0.2595419847328244,0.2946611916933753,0.26608593634038047
ceiling_growth_gt25,36,097,31,J,3,130,0.16153846153846155,0.09755548672624313,0.1495416537611706
ceiling_growth_gt25,36,070,54,J,4,126,0.1984126984126984,0.22642776525473,0.20380021126693526
ceiling_growth_gt25,36,012,11,J,1,124,0.06451612903225806,0.070842694846133,0.06574857691807787
ceiling_growth_gt25,36,097,31,J,2,123,0.07317073170731707,0.09755548672624313,0.07795205622083198
ceiling_growth_gt25,36,097,81,J,0,120,0.225,0.1808127704748567,0.21616255409497134
ceiling_growth_gt25,36,070,23,J,3,119,0.15966386554621848,0.10399083537093885,0.1484545306115984
ceiling_growth_gt25,36,075,54,S,3,115,0.4260869565217391,0.30946400854314987,0.4019580707330655
ceiling_growth_gt25,36,097,72,J,4,115,0.17391304347826086,0.17804713016877596,0.17476837175905707
ceiling_growth_gt25,36,097,81,J,1,114,0.12280701754385964,0.1808127704748567,0.13489154940448403
ceiling_growth_gt25,36,097,81,J,4,112,0.20535714285714285,0.1808127704748567,0.2001717120721528
ceiling_growth_gt25,36,097,51,J,2,109,0.22018348623853212,0.1416406525665628,0.20323179551796322
ceiling_growth_gt25,36,097,33,V,4,109,0.43119266055045874,0.3591424918064168,0.4156422644186511
ceiling_growth_gt25,36,036,56,J,3,109,0.21100917431192662,0.24621336319590556,0.21860720068976378
ceiling_growth_gt25,36,097,33,U,3,107,0.2336448598130841,0.3202926347896726,0.25261882513642464
ceiling_growth_gt25,36,097,49,J,4,107,0.14953271028037382,0.19304672931368483,0.15906132758693828
ceiling_growth_gt25,36,036,62,J,2,106,0.5283018867924528,0.5326321201171674,0.5292570853199634
ceiling_growth_gt25,36,014,54,J,0,106,0.18867924528301888,0.16799610262923018,0.18411678734468312
ceiling_growth_gt25,36,097,48,J,0,104,0.17307692307692307,0.16961142101010476,0.17230106440524734
ceiling_growth_gt25,36,072,48,J,3,104,0.009615384615384616,0.01461185984606257,0.010733998472999082
ceiling_growth_gt25,36,036,56,J,0,103,0.2621359223300971,0.24621336319590556,0.2585443676381742
ceiling_growth_gt25,36,070,54,J,2,102,0.2549019607843137,0.22642776525473,0.24843055270940834
ceiling_growth_gt25,36,097,33,L,4,102,0.5294117647058824,0.42861793883385707,0.5065040770076948
ceiling_growth_gt25,36,1601,61,V,4,101,0.5544554455445545,0.5823679797240452,0.5608476289444378
ceiling_growth_gt25,36,036,62,J,3,100,0.49,0.5326321201171674,0.4998381815655002
ceiling_growth_gt25,36,080,54,J,3,99,0.20202020202020202,0.13302984737406634,0.1859759334978449
ceiling_growth_gt25,36,013,54,J,0,98,0.09183673469387756,0.15060060773574405,0.10560951743806501
ceiling_growth_gt25,36,097,42,J,3,96,0.020833333333333332,0.044213224667117884,0.02639997412709156
ceiling_growth_gt25,36,014,54,J,1,95,0.17894736842105263,0.16799610262923018,0.17631906463101524
ceiling_growth_gt25,36,014,54,J,3,94,0.10638297872340426,0.16799610262923018,0.12128937966836213
ceiling_growth_gt25,36,070,33,J,4,92,0.2608695652173913,0.29757151294781486,0.2698946343314299
ceiling_growth_gt25,36,097,54,S,1,92,0.15217391304347827,0.11868346878100819,0.14393855789696922
ceiling_growth_gt25,36,014,54,U,2,92,0.1956521739130435,0.14413177333419114,0.18298322295103062
ceiling_growth_gt25,36,080,54,U,4,91,0.14285714285714285,0.21680450215677305,0.16119119888184455
ceiling_growth_gt25,36,036,61,J,1,91,0.7032967032967034,0.6040681292171702,0.6786945774918604
ceiling_growth_gt25,36,014,54,U,3,91,0.08791208791208792,0.14413177333419114,0.10185085289277467
ceiling_growth_gt25,36,097,32,J,4,91,0.14285714285714285,0.0771271889225016,0.12656046006343014
ceiling_growth_gt25,36,036,56,J,1,90,0.28888888888888886,0.24621336319590553,0.278220007465643
ceiling_growth_gt25,36,072,48,J,2,89,0.011235955056179775,0.01461185984606257,0.01208702349060401
ceiling_growth_gt25,36,097,81,J,2,89,0.19101123595505617,0.18081277047485667,0.18844019423735883
ceiling_growth_gt25,36,050,54,Y,0,87,0.28735632183908044,0.25574922706716285,0.2792519385642298
ceiling_growth_gt25,36,020,54,J,3,83,0.26506024096385544,0.19187350494805833,0.24563013405700665
ceiling_growth_gt25,36,075,54,Y,4,83,0.0963855421686747,0.24126819092927979,0.13484996219361411
ceiling_growth_gt25,36,036,62,J,4,83,0.24096385542168675,0.5326321201171674,0.3183979079957082
ceiling_growth_gt25,36,069,54,J,0,82,0.34146341463414637,0.27527616204469724,0.3237346862619725
ceiling_growth_gt25,36,097,72,J,0,82,0.12195121951219512,0.17804713016877596,0.1369769098666364
ceiling_growth_gt25,36,070,56,J,4,82,0.2073170731707317,0.30904047973162885,0.23456441421382918
ceiling_growth_gt25,36,036,33,J,3,82,0.08536585365853659,0.07031851726807613,0.08133531712537755
ceiling_growth_gt25,36,097,61,J,2,79,0.189873417721519,0.14993829991613722,0.17888210089434972
ceiling_growth_gt25,36,015,23,J,0,79,0.11392405063291139,0.09395004835484914,0.10842661881326122
ceiling_growth_gt25,36,070,54,J,1,78,0.16666666666666666,0.22642776525473002,0.18326697183001758
ceiling_growth_gt25,36,019,23,J,1,77,0.12987012987012986,0.15408333839739455,0.13665887992450312
ceiling_growth_gt25,36,097,49,J,3,76,0.18421052631578946,0.19304672931368483,0.18671133848500512
ceiling_growth_gt25,36,014,33,J,0,75,0.02666666666666667,0.04599179062424551,0.032188130654546336
ceiling_growth_gt25,36,097,61,J,1,75,0.09333333333333334,0.14993829991613722,0.10950618092842014
ceiling_growth_gt25,36,047,54,J,0,75,0.29333333333333333,0.3316542364242586,0.30428216278788345
ceiling_growth_gt25,36,080,54,J,0,74,0.2702702702702703,0.13302984737406634,0.23068168674251913
ceiling_growth_gt25,36,015,23,J,1,74,0.10810810810810811,0.09395004835484914,0.10402405241005264
ceiling_growth_gt25,36,097,56,U,4,73,0.3424657534246575,0.38324057112575804,0.3543419139201237
ceiling_growth_gt25,36,097,62,J,0,73,0.273972602739726,0.14813436453135068,0.23732068869845166
ceiling_growth_gt25,36,019,23,J,0,72,0.2222222222222222,0.15408333839739455,0.20218137403844938
ceiling_growth_gt25,36,070,23,J,4,72,0.06944444444444445,0.10399083537093885,0.07960514765811925
ceiling_growth_gt25,36,015,23,J,3,72,0.027777777777777776,0.09395004835484914,0.047240210300445826
ceiling_growth_gt25,36,075,32,J,4,71,0.23943661971830985,0.18834801562011846,0.224261786817857
ceiling_growth_gt25,36,072,48,J,1,70,0.014285714285714285,0.014611859846062569,0.01438355795381877
ceiling_growth_gt25,36,097,61,J,0,70,0.11428571428571428,0.14993829991613722,0.12498148997484115
ceiling_growth_gt25,36,080,23,J,4,69,0.2463768115942029,0.2443246203801633,0.24575493546873636
ceiling_growth_gt25,36,020,54,J,4,69,0.15942028985507245,0.19187350494805833,0.16925459745900756
ceiling_growth_gt25,36,086,54,J,4,69,0.10144927536231885,0.17048749260329216,0.12236994725352288
ceiling_growth_gt25,36,012,11,J,2,69,0.043478260869565216,0.070842694846133,0.05177051358973728
ceiling_growth_gt25,36,097,42,J,2,68,0.058823529411764705,0.044213224667117884,0.05435098714299527
ceiling_growth_gt25,36,070,54,U,2,68,0.10294117647058823,0.18834703760494867,0.1290858278382496
ceiling_growth_gt25,36,070,54,U,4,68,0.17647058823529413,0.18834703760494867,0.18010623600151487
ceiling_growth_gt25,36,012,54,J,0,68,0.23529411764705882,0.28276357392043927,0.2498255838531957
ceiling_growth_gt25,36,072,48,J,0,67,0.029850746268656716,0.01461185984606257,0.0251376886121843
ceiling_growth_gt25,36,019,23,J,3,66,0.13636363636363635,0.15408333839739455,0.14190104324918582
ceiling_growth_gt25,36,036,33,J,2,65,0.03076923076923077,0.07031851726807613,0.0432584791372872
ceiling_growth_gt25,36,072,54,J,0,65,0.4307692307692308,0.3869240056813782,0.41692337021517206
ceiling_growth_gt25,36,097,62,J,2,65,0.2923076923076923,0.14813436453135068,0.2467792730099002
ceiling_growth_gt25,36,036,81,J,3,64,0.1875,0.25530795831891556,0.20914083776135603
ceiling_growth_gt25,36,012,23,J,4,64,0.1875,0.12049522818984153,0.16611549835846007
ceiling_growth_gt25,36,097,53,J,1,64,0.234375,0.19774239558427253,0.22268374327157633
ceiling_growth_gt25,36,097,54,S,0,63,0.15873015873015872,0.11868346878100819,0.1458118716497876
ceiling_growth_gt25,36,012,31,K,1,63,0.0,0.00016713979739900077,5.391606367709702e-05
ceiling_growth_gt25,36,014,11,J,0,63,0.1746031746031746,0.17669553818437983,0.17527813059711175
ceiling_growth_gt25,36,036,56,J,2,62,0.16129032258064516,0.24621336319590556,0.18898261843344746
ceiling_growth_gt25,36,070,54,U,3,62,0.27419354838709675,0.18834703760494867,0.24620012095813543
ceiling_growth_gt25,36,019,23,J,2,61,0.09836065573770492,0.15408333839739455,0.11673077090023998
ceiling_growth_gt25,36,097,42,J,4,61,0.06557377049180328,0.044213224667117884,0.058531832307841064
ceiling_growth_gt25,36,075,54,S,2,60,0.35,0.30946400854314987,0.3364880028477166
ceiling_growth_gt25,36,014,33,J,1,60,0.03333333333333333,0.04599179062424551,0.037552819096970724
ceiling_growth_gt25,36,1601,61,U,4,60,0.6833333333333333,0.6727862110053846,0.6798176258906837
ceiling_growth_gt25,36,020,54,J,2,59,0.2542372881355932,0.19187350494805833,0.2332157881847388
ceiling_growth_gt25,36,086,54,J,3,59,0.15254237288135594,0.17048749260329216,0.15859128964155916
ceiling_growth_gt25,36,097,53,J,0,59,0.2033898305084746,0.19774239558427253,0.20148620075874354
ceiling_growth_gt25,36,075,33,J,1,59,0.06779661016949153,0.08802381071578598,0.0746147676570065
ceiling_growth_gt25,36,097,54,V,4,58,0.41379310344827586,0.33958335870819356,0.3884943268323387
ceiling_growth_gt25,36,097,54,B,3,58,0.13793103448275862,0.12251747221128802,0.1326764109811209
ceiling_growth_gt25,36,097,53,J,3,57,0.24561403508771928,0.19774239558427253,0.22910657318997904
ceiling_growth_gt25,36,020,54,J,1,57,0.10526315789473684,0.19187350494805833,0.1351287948096753
ceiling_growth_gt25,36,075,33,J,0,57,0.07017543859649122,0.08802381071578598,0.0763300496721101
ceiling_growth_gt25,36,070,54,J,0,57,0.19298245614035087,0.22642776525473,0.20451532135220574
ceiling_growth_gt25,36,070,56,J,3,56,0.3392857142857143,0.3090404797316288,0.32873505106917283
ceiling_growth_gt25,36,069,54,J,2,56,0.07142857142857142,0.27527616204469724,0.1425381960621037
ceiling_growth_gt25,36,097,62,J,1,56,0.21428571428571427,0.14813436453135068,0.19120966204582002
ceiling_growth_gt25,36,097,22,J,0,56,0.14285714285714285,0.19618837943331147,0.16146106259301563
ceiling_growth_gt25,36,069,54,J,1,55,0.36363636363636365,0.27527616204469724,0.3324504101334226
ceiling_growth_gt25,36,047,54,J,3,55,0.36363636363636365,0.3316542364242586,0.3523485540320913
ceiling_growth_gt25,36,036,56,J,4,54,0.3148148148148148,0.24621336319590556,0.2903142963794901
ceiling_growth_gt25,36,097,72,J,3,54,0.2777777777777778,0.17804713016877596,0.24215968934599139
ceiling_growth_gt25,36,036,81,J,0,52,0.36538461538461536,0.25530795831891556,0.32511266767765207
ceiling_growth_gt25,36,097,33,U,2,52,0.3076923076923077,0.3202926347896727,0.31230218345963634
ceiling_growth_gt25,36,075,23,J,1,52,0.3076923076923077,0.23644009214150932,0.2816244239542107
ceiling_growth_gt25,36,075,23,J,0,51,0.1568627450980392,0.23644009214150932,0.18633583659562075
ceiling_growth_gt25,36,014,11,J,1,50,0.2,0.17669553818437983,0.19126082681914242
ceiling_growth_gt25,36,013,33,J,0,50,0.12,0.17070930100053228,0.1390159878751996
ceiling_growth_gt25,36,047,54,J,1,49,0.42857142857142855,0.3316542364242586,0.39176743155351595
ceiling_growth_gt25,36,012,54,J,1,49,0.3673469387755102,0.28276357392043927,0.33522667364067316
ceiling_growth_gt25,36,091,54,J,4,49,0.16326530612244897,0.12151222386684558,0.1474097052658907
ceiling_growth_gt25,36,080,23,J,3,49,0.1836734693877551,0.2443246203801633,0.20670555204309998
ceiling_growth_gt25,36,015,54,Y,0,49,0.4489795918367347,0.38082452305253434,0.423097920146532
ceiling_growth_gt25,36,036,81,J,1,49,0.2653061224489796,0.25530795831891556,0.2615093512603477
ceiling_growth_gt25,36,075,54,R,4,48,0.22916666666666666,0.26619377163885766,0.2434078608867401
ceiling_growth_gt25,36,015,23,J,2,48,0.08333333333333333,0.09395004835484914,0.08741668526468557
ceiling_growth_gt25,36,036,61,J,0,47,0.7021276595744681,0.6040681292171702,0.6639226477469494
ceiling_growth_gt25,36,075,54,S,1,47,0.2553191489361702,0.30946400854314987,0.2764145487830454
ceiling_growth_gt25,36,013,33,J,2,47,0.14893617021276595,0.1707093010005323,0.15741920818202557
ceiling_growth_gt25,36,097,53,J,2,47,0.10638297872340426,0.19774239558427253,0.14197755672114515
ceiling_growth_gt25,36,012,11,J,3,46,0.10869565217391304,0.070842694846133,0.09375369533399987
ceiling_growth_gt25,36,097,22,J,4,46,0.21739130434782608,0.19618837943331147,0.20902172872367558
ceiling_growth_gt25,36,036,42,J,0,46,0.0,0.034695567101251094,0.013695618592599115
ceiling_growth_gt25,36,013,33,J,1,46,0.21739130434782608,0.17070930100053228,0.198964197763368
ceiling_growth_gt25,36,075,92,S,3,46,0.10869565217391304,0.14960835429314986,0.1248454030104539
ceiling_growth_gt25,36,075,92,J,1,45,0.4444444444444444,0.40116893195910824,0.42713423945031
ceiling_growth_gt25,36,047,33,J,1,45,0.08888888888888889,0.060754459226779044,0.07763511702404495
ceiling_growth_gt25,36,075,54,Y,3,45,0.26666666666666666,0.24126819092927979,0.2565072763717119
ceiling_growth_gt25,36,097,54,Y,4,45,0.3111111111111111,0.337470674074438,0.3216549362964418
ceiling_growth_gt25,36,012,54,J,3,45,0.28888888888888886,0.28276357392043927,0.286438762901509
ceiling_growth_gt25,36,072,54,J,4,45,0.37777777777777777,0.38692400568137825,0.38143626893921795
ceiling_growth_gt25,36,080,54,J,4,44,0.11363636363636363,0.13302984737406634,0.12149858677327015
ceiling_growth_gt25,36,036,33,J,4,44,0.045454545454545456,0.07031851726807613,0.055534534027598434
ceiling_growth_gt25,36,068,54,J,0,44,0.25,0.1876723311358883,0.2247320261361709
ceiling_growth_gt25,36,047,56,J,0,44,0.4090909090909091,0.378893690877859,0.39684879359913205
ceiling_growth_gt25,36,047,54,J,4,44,0.2727272727272727,0.3316542364242586,0.2966165823341589
ceiling_growth_gt25,36,080,33,J,1,44,0.18181818181818182,0.16516472953333397,0.17506678224324349
ceiling_growth_gt25,36,075,56,J,3,44,0.20454545454545456,0.2831158671416345,0.23639832451687884
ceiling_growth_gt25,36,091,54,J,2,44,0.045454545454545456,0.12151222386684558,0.07628873940547795
ceiling_growth_gt25,36,075,54,U,1,43,0.37209302325581395,0.2946611916933753,0.34027172261371585
ceiling_growth_gt25,36,097,72,J,1,43,0.16279069767441862,0.17804713016877596,0.16906046445292164
ceiling_growth_gt25,36,013,54,J,3,43,0.27906976744186046,0.15060060773574405,0.2262742223571551
ceiling_growth_gt25,36,019,33,J,0,43,0.09302325581395349,0.10705799817203569,0.09879095815289138
ceiling_growth_gt25,36,075,23,J,3,43,0.32558139534883723,0.23644009214150932,0.28894798307185315
ceiling_growth_gt25,36,089,23,J,3,42,0.16666666666666666,0.15192302335577773,0.1605234819537963
ceiling_growth_gt25,36,072,48,J,4,42,0.0,0.014611859846062572,0.006088274935859405
ceiling_growth_gt25,36,097,72,J,2,42,0.19047619047619047,0.17804713016877596,0.1852974153481011
ceiling_growth_gt25,36,047,33,J,0,41,0.04878048780487805,0.060754459226779044,0.05383991234934326
ceiling_growth_gt25,36,036,51,J,0,41,0.24390243902439024,0.15799572233775344,0.20760382633989583
ceiling_growth_gt25,36,069,54,U,2,41,0.04878048780487805,0.21186933569223776,0.11769126860235399
ceiling_growth_gt25,36,014,54,U,4,41,0.14634146341463414,0.14413177333419114,0.14540779154965822
ceiling_growth_gt25,36,020,54,J,0,41,0.12195121951219512,0.19187350494805833,0.15149584716115141
ceiling_growth_gt25,36,012,31,K,3,41,0.0,0.00016713979739900077,7.06224496052116e-05
ceiling_growth_gt25,36,089,23,J,1,40,0.2,0.15192302335577773,0.17939558143819045
ceiling_growth_gt25,36,014,33,J,2,40,0.05,0.04599179062424551,0.0482821959818195
ceiling_growth_gt25,36,036,51,J,4,39,0.07692307692307693,0.15799572233775344,0.1121720531903276
ceiling_growth_gt25,36,014,56,J,0,39,0.28205128205128205,0.20996199061700116,0.2507081118624643
ceiling_growth_gt25,36,014,33,J,3,39,0.1282051282051282,0.04599179062424551,0.09246019882213571
ceiling_growth_gt25,36,097,54,B,4,39,0.23076923076923078,0.12251747221128802,0.1837032487875165
ceiling_growth_gt25,36,097,22,J,3,39,0.20512820512820512,0.19618837943331147,0.20124132439129483
ceiling_growth_gt25,36,012,33,J,0,39,0.07692307692307693,0.07842896352163127,0.0775778102267962
ceiling_growth_gt25,36,075,23,J,2,39,0.1794871794871795,0.23644009214150932,0.20424931542384464
ceiling_growth_gt25,36,075,56,J,4,38,0.18421052631578946,0.2831158671416345,0.22784523550366229
ceiling_growth_gt25,36,047,56,J,1,38,0.5,0.37889369087785907,0.44657074597552604
ceiling_growth_gt25,36,047,56,J,3,38,0.3157894736842105,0.37889369087785907,0.34362956950493784
ceiling_growth_gt25,36,068,54,U,4,38,0.02631578947368421,0.08898290547371586,0.0539630465325217
ceiling_growth_gt25,36,1602,52,J,4,38,0.10526315789473684,0.1529650116400703,0.12630809337061924
ceiling_growth_gt25,36,091,54,J,3,38,0.15789473684210525,0.1215122238668456,0.14184362817654952
ceiling_growth_gt25,36,069,33,J,1,38,0.21052631578947367,0.15941123218111924,0.1879755436093173
ceiling_growth_gt25,36,012,31,K,0,37,0.0,0.00016713979739900077,7.483871525328393e-05
ceiling_growth_gt25,36,013,33,J,3,37,0.21621621621621623,0.17070930100053228,0.19583998552262638
ceiling_growth_gt25,36,069,33,J,0,37,0.02702702702702703,0.15941123218111924,0.08630353679751608
ceiling_growth_gt25,36,097,49,J,2,36,0.3333333333333333,0.19304672931368483,0.26956669514258397
ceiling_growth_gt25,36,047,54,J,2,36,0.3055555555555556,0.3316542364242586,0.31741859231405695
ceiling_growth_gt25,36,1601,54,J,3,35,0.2571428571428571,0.24307502278116014,0.2506500105143816
ceiling_growth_gt25,36,015,22,J,2,35,0.0,0.039898365579164805,0.01841463026730683
ceiling_growth_gt25,36,015,22,J,1,35,0.0,0.039898365579164805,0.01841463026730683
ceiling_growth_gt25,36,097,22,J,1,35,0.14285714285714285,0.19618837943331147,0.16747155973845143
ceiling_growth_gt25,36,097,53,J,4,35,0.17142857142857143,0.19774239558427253,0.1835734133465873
ceiling_growth_gt25,36,097,21,J,1,35,0.05714285714285714,0.06403716542628408,0.060324845581361884
ceiling_growth_gt25,36,020,33,J,0,35,0.02857142857142857,0.045576372079702006,0.03641986403678554
ceiling_growth_gt25,36,097,33,U,1,34,0.23529411764705882,0.3202926347896727,0.27513717255765907
ceiling_growth_gt25,36,097,92,J,0,34,0.08823529411764706,0.2130779124780869,0.14675527147410322
ceiling_growth_gt25,36,075,54,S,0,34,0.20588235294117646,0.30946400854314987,0.2544362540046015
ceiling_growth_gt25,36,072,54,U,3,34,0.47058823529411764,0.18022288123348962,0.33447947557819824
ceiling_growth_gt25,36,080,33,J,0,34,0.08823529411764706,0.16516472953333397,0.1242959669687503
ceiling_growth_gt25,36,080,33,J,4,33,0.06060606060606061,0.16516472953333397,0.11039590295238125
ceiling_growth_gt25,36,012,54,J,2,33,0.2727272727272727,0.28276357392043927,0.27750646377163773
ceiling_growth_gt25,36,075,92,J,0,33,0.5151515151515151,0.40116893195910824,0.4608740945837023
ceiling_growth_gt25,36,014,33,J,4,33,0.0,0.04599179062424551,0.021900852678212145
ceiling_growth_gt25,36,036,51,J,1,33,0.24242424242424243,0.15799572233775344,0.20222018524020008
ceiling_growth_gt25,36,036,32,J,0,33,0.24242424242424243,0.236990311415313,0.2398366562295141
ceiling_growth_gt25,36,086,53,J,4,33,0.8181818181818182,0.6538483148061446,0.7399277689553069
ceiling_growth_gt25,36,012,31,K,2,33,0.0,0.00016713979739900077,7.959037971380989e-05
ceiling_growth_gt25,36,020,23,J,2,33,0.15151515151515152,0.12026676524200651,0.13663496757555865
ceiling_growth_gt25,36,047,22,J,3,33,0.030303030303030304,0.07029370475484875,0.049346208613420046
ceiling_growth_gt25,36,091,54,U,4,33,0.15151515151515152,0.17481052810903916,0.16260818798843132
ceiling_growth_gt25,36,047,22,J,4,33,0.030303030303030304,0.07029370475484875,0.049346208613420046
ceiling_growth_gt25,36,013,23,J,0,33,0.12121212121212122,0.09584185349608577,0.10913104134734243
ceiling_growth_gt25,36,019,54,J,1,33,0.5454545454545454,0.4652689022581315,0.5072709058372055
ceiling_growth_gt25,36,075,92,J,3,32,0.375,0.40116893195910824,0.38766238643182654
ceiling_growth_gt25,36,013,23,J,1,32,0.125,0.09584185349608577,0.1108912194335899
ceiling_growth_gt25,36,036,81,J,4,32,0.1875,0.25530795831891556,0.2203103024123785
ceiling_growth_gt25,36,1601,61,J,4,32,0.84375,0.7161454945279242,0.7820058844489955
ceiling_growth_gt25,36,097,22,J,2,32,0.25,0.19618837943331147,0.22396211908063457
ceiling_growth_gt25,36,020,56,J,4,32,0.21875,0.2752576552419196,0.2460924138267353
ceiling_growth_gt25,36,069,54,U,1,32,0.34375,0.21186933569223776,0.2799367753349538
ceiling_growth_gt25,36,075,33,J,2,32,0.0,0.08802381071578598,0.04259216647538031
ceiling_growth_gt25,36,069,33,J,2,32,0.21875,0.15941123218111924,0.19003769299086415
ceiling_growth_gt25,36,036,61,J,3,32,0.46875,0.6040681292171702,0.5342265141373405
ceiling_growth_gt25,36,075,51,J,4,32,0.1875,0.24386508536919058,0.21477342840444708
ceiling_growth_gt25,36,047,56,J,4,31,0.22580645161290322,0.37889369087785907,0.30109525780878316
ceiling_growth_gt25,36,050,54,Y,1,31,0.1935483870967742,0.25574922706716285,0.22413896413139156
ceiling_growth_gt25,36,080,23,J,2,31,0.3225806451612903,0.2443246203801633,0.2840940755968016
ceiling_growth_gt25,36,047,31,J,0,31,0.03225806451612903,0.06409708278147595,0.047916598089250466
ceiling_growth_gt25,36,080,54,U,3,31,0.3548387096774194,0.21680450215677305,0.2869530338475933
ceiling_growth_gt25,36,069,54,J,3,31,0.2903225806451613,0.27527616204469724,0.2829227026449331
ceiling_growth_gt25,36,097,81,U,4,30,0.3333333333333333,0.22725971318364813,0.28029652325849075
ceiling_growth_gt25,36,014,56,J,1,30,0.26666666666666666,0.20996199061700116,0.2383143286418339
ceiling_growth_gt25,36,014,54,J,4,30,0.13333333333333333,0.16799610262923018,0.15066471798128175
ceiling_growth_gt25,36,080,33,J,2,30,0.26666666666666666,0.16516472953333397,0.2159156981000003
ceiling_growth_gt25,36,1601,23,J,4,29,0.20689655172413793,0.20913085078436763,0.20803263599205135
ceiling_growth_gt25,36,019,54,J,4,29,0.3448275862068966,0.4652689022581315,0.40606893335159233
ceiling_growth_gt25,36,075,54,Z,3,29,0.27586206896551724,0.26078029269926123,0.26819336916911585
ceiling_growth_gt25,36,019,54,J,3,29,0.6896551724137931,0.4652689022581315,0.5755604587753211
ceiling_growth_gt25,36,036,51,J,2,29,0.06896551724137931,0.15799572233775344,0.11423511305309497
ceiling_growth_gt25,36,015,33,J,0,29,0.034482758620689655,0.05160142763618563,0.04318716659467066
ceiling_growth_gt25,36,089,23,J,0,29,0.13793103448275862,0.15192302335577773,0.14504560509615816
ceiling_growth_gt25,36,036,81,J,2,29,0.27586206896551724,0.25530795831891556,0.26541082626385537
ceiling_growth_gt25,36,013,54,J,4,28,0.07142857142857142,0.15060060773574405,0.11237962469090208
ceiling_growth_gt25,36,070,51,J,3,28,0.17857142857142858,0.17838320228590376,0.17847407014788125
ceiling_growth_gt25,36,036,51,J,3,28,0.14285714285714285,0.15799572233775344,0.15068744258849318
ceiling_growth_gt25,36,045,81,J,0,28,0.9642857142857143,0.9684778370244367,0.9664540536333293
ceiling_growth_gt25,36,015,54,Z,0,28,0.32142857142857145,0.30670072646185326,0.3138107205837172
ceiling_growth_gt25,36,069,54,J,4,28,0.32142857142857145,0.27527616204469724,0.29755663554036066
ceiling_growth_gt25,36,015,22,J,0,28,0.10714285714285714,0.039898365579164805,0.07236122357543007
ceiling_growth_gt25,36,097,92,J,1,28,0.14285714285714285,0.2130779124780869,0.1791782305921139
ceiling_growth_gt25,36,072,54,J,3,27,0.4074074074074074,0.38692400568137814,0.39662666965686566
ceiling_growth_gt25,36,097,33,U,0,27,0.48148148148148145,0.3202926347896727,0.3966452463805295
ceiling_growth_gt25,36,075,23,J,4,27,0.18518518518518517,0.23644009214150932,0.21216145200430317
ceiling_growth_gt25,36,075,54,T,4,27,0.14814814814814814,0.22375086507032454,0.1879390517913989
ceiling_growth_gt25,36,015,23,J,4,27,0.18518518518518517,0.09395004835484914,0.13716669211658727
ceiling_growth_gt25,36,013,23,J,2,27,0.07407407407407407,0.09584185349608577,0.08553080008565918
ceiling_growth_gt25,36,1601,54,J,2,27,0.2222222222222222,0.24307502278116017,0.23319738041113694
ceiling_growth_gt25,36,020,23,J,3,27,0.2222222222222222,0.12026676524200651,0.16856145539052975
ceiling_growth_gt25,36,019,33,J,3,26,0.07692307692307693,0.10705799817203568,0.09306678473501913
ceiling_growth_gt25,36,020,51,J,3,26,0.11538461538461539,0.09634381479912558,0.10518418649953157
ceiling_growth_gt25,36,019,54,Z,4,26,0.5,0.5653296587677225,0.5349980314827084
ceiling_growth_gt25,36,069,54,U,0,26,0.07692307692307693,0.21186933569223776,0.1492157155494131
ceiling_growth_gt25,36,1601,23,J,1,26,0.2692307692307692,0.20913085078436763,0.2370343843487684
ceiling_growth_gt25,36,080,33,J,3,26,0.19230769230769232,0.165164729533334,0.1777668193928575
ceiling_growth_gt25,36,020,23,J,1,26,0.07692307692307693,0.12026676524200651,0.10014290995107492
ceiling_growth_gt25,36,036,48,J,1,26,0.5769230769230769,0.4620638299731476,0.5153913374856147
ceiling_growth_gt25,36,047,33,J,2,26,0.038461538461538464,0.06075445922677904,0.05040417458577449
ceiling_growth_gt25,36,019,56,J,4,26,0.6538461538461539,0.4944060558957432,0.5684318156584338
ceiling_growth_gt25,36,047,22,J,2,25,0.04,0.07029370475484875,0.05652383895719023
ceiling_growth_gt25,36,075,61,J,0,25,0.08,0.14450729927564512,0.11518579960489735
ceiling_growth_gt25,36,089,23,J,2,25,0.2,0.15192302335577773,0.17377619455769694
ceiling_growth_gt25,36,097,54,Y,3,25,0.32,0.337470674074438,0.32952945858605703
ceiling_growth_gt25,36,047,22,J,1,25,0.12,0.07029370475484875,0.0928874753208266
ceiling_growth_gt25,36,012,31,K,4,25,0.0,0.00016713979739900077,9.116716221763679e-05
ceiling_growth_gt25,36,080,54,U,2,25,0.28,0.21680450215677305,0.24552972844914894
ceiling_growth_gt25,36,015,33,J,3,25,0.04,0.05160142763618562,0.04632805143791943
ceiling_growth_gt25,36,013,54,J,2,25,0.28,0.15060060773574405,0.20941851331040584
ceiling_growth_gt25,36,036,32,J,3,25,0.12,0.23699031141531302,0.18381289713562526
ceiling_growth_gt25,36,019,54,J,0,25,0.32,0.4652689022581315,0.39923758304988993
ceiling_growth_gt25,36,015,54,Y,1,25,0.36,0.38082452305253434,0.37135883075592785
ceiling_growth_gt25,36,036,22,K,1,25,0.0,0.02834448845187923,0.015460630064661399
ceiling_growth_gt25,36,019,54,J,2,24,0.375,0.4652689022581315,0.4251493901434064
ceiling_growth_gt25,36,015,54,J,0,24,0.20833333333333334,0.25988257883367016,0.2369718030557427
ceiling_growth_gt25,36,070,51,J,4,24,0.16666666666666666,0.17838320228590376,0.1731758531217984
ceiling_growth_gt25,36,013,23,J,3,24,0.0,0.09584185349608577,0.053245474164492095
ceiling_growth_gt25,36,097,22,K,4,24,0.3333333333333333,0.4832414654503607,0.416615628953904
ceiling_growth_gt25,36,1601,23,J,3,24,0.16666666666666666,0.20913085078436763,0.19025788006538946
ceiling_growth_gt25,36,028,51,J,3,24,0.0,0.06020835376919557,0.033449085427330875
ceiling_growth_gt25,36,019,42,J,1,24,0.125,0.14314543056750023,0.13508079475972234
ceiling_growth_gt25,36,089,56,R,4,24,0.25,0.24050610995518426,0.24472561664176903
ceiling_growth_gt25,36,014,56,J,3,24,0.16666666666666666,0.20996199061700116,0.19071962441685247
ceiling_growth_gt25,36,072,23,J,4,24,0.20833333333333334,0.23145448749218778,0.22117841897714133
ceiling_growth_gt25,36,070,56,J,2,24,0.4583333333333333,0.30904047973162885,0.3753928591101642
ceiling_growth_gt25,36,015,54,J,3,24,0.125,0.25988257883367016,0.19993476601870566
ceiling_growth_gt25,36,020,23,J,0,23,0.043478260869565216,0.12026676524200652,0.08694345202377728
ceiling_growth_gt25,36,097,54,R,4,23,0.391304347826087,0.2664906439235239,0.3206550814661456
ceiling_growth_gt25,36,072,54,J,1,23,0.391304347826087,0.3869240056813782,0.3888249088762518
ceiling_growth_gt25,36,1601,54,J,1,23,0.13043478260869565,0.2430750227811602,0.19419340912141142
ceiling_growth_gt25,36,091,61,J,4,23,0.08695652173913043,0.16299588169745455,0.12999766888535164
ceiling_growth_gt25,36,070,54,Y,4,23,0.21739130434782608,0.2528244642584307,0.23744780995760228
ceiling_growth_gt25,36,089,23,J,4,23,0.0,0.15192302335577773,0.08599416416364777
ceiling_growth_gt25,36,069,33,J,3,23,0.13043478260869565,0.15941123218111924,0.14683654651761466
ceiling_growth_gt25,36,1133,54,J,0,23,0.08695652173913043,0.11758709716893175,0.10429458330316892
ceiling_growth_gt25,36,013,23,J,4,23,0.13043478260869565,0.09584185349608577,0.11085387933740705
ceiling_growth_gt25,36,069,33,J,4,23,0.21739130434782608,0.15941123218111924,0.18457239557421845
ceiling_growth_gt25,36,015,54,J,1,23,0.391304347826087,0.25988257883367016,0.3169146672643416
ceiling_growth_gt25,36,089,54,J,4,23,0.21739130434782608,0.2251376860678391,0.22177604871764478
ceiling_growth_gt25,36,075,33,J,3,22,0.18181818181818182,0.08802381071578598,0.12770604464372268
ceiling_growth_gt25,36,514,51,J,0,22,0.4090909090909091,0.449630681339852,0.43247923923453
ceiling_growth_gt25,36,097,56,R,4,22,0.5,0.3727992408041611,0.4266149466177852
ceiling_growth_gt25,36,036,62,K,1,22,0.6818181818181818,0.5285717427758716,0.5934067746783874
ceiling_growth_gt25,36,097,54,Z,4,22,0.36363636363636365,0.3363956110671108,0.34792054484641005
ceiling_growth_gt25,36,019,56,J,0,22,0.5,0.4944060558957433,0.4967727245552365
ceiling_growth_gt25,36,075,52,R,4,22,0.7727272727272727,0.5926813332851142,0.6688546153567967
ceiling_growth_gt25,36,047,22,J,0,22,0.13636363636363635,0.07029370475484875,0.09824636812779736
ceiling_growth_gt25,36,036,22,J,0,22,0.18181818181818182,0.1731172960092294,0.17679844000532466
ceiling_growth_gt25,36,036,22,K,3,22,0.0,0.028344488451879233,0.016352589491468787
ceiling_growth_gt25,36,075,62,S,1,22,0.45454545454545453,0.40283384988500104,0.42471183647211597
ceiling_growth_gt25,36,012,54,J,4,22,0.2727272727272727,0.28276357392043927,0.2785174464925611
ceiling_growth_gt25,36,020,33,J,1,22,0.09090909090909091,0.045576372079702006,0.06475559927675116
ceiling_growth_gt25,36,020,54,Z,1,22,0.3181818181818182,0.23177783617679146,0.268333367025072
ceiling_growth_gt25,36,015,33,J,1,22,0.045454545454545456,0.05160142763618563,0.04900082363626094
ceiling_growth_gt25,36,075,54,Z,4,22,0.18181818181818182,0.26078029269926123,0.2273732457880353
ceiling_growth_gt25,36,097,56,U,3,22,0.5909090909090909,0.38324057112575804,0.4711003294956297
ceiling_growth_gt25,36,019,42,J,0,22,0.18181818181818182,0.14314543056750023,0.15950697917355783
ceiling_growth_gt25,36,091,54,R,4,21,0.09523809523809523,0.12228896014966158,0.11115036871548721
ceiling_growth_gt25,36,075,56,J,1,21,0.42857142857142855,0.2831158671416345,0.3430093336127261
ceiling_growth_gt25,36,070,54,U,1,21,0.19047619047619047,0.18834703760494867,0.1892237476107541
ceiling_growth_gt25,36,080,23,J,1,21,0.2857142857142857,0.2443246203801633,0.26136742375303723
ceiling_growth_gt25,36,047,56,J,2,21,0.47619047619047616,0.37889369087785907,0.4189570730654073
ceiling_growth_gt25,36,019,56,J,3,21,0.42857142857142855,0.49440605589574327,0.46729767993867255
ceiling_growth_gt25,36,047,33,J,3,21,0.047619047619047616,0.060754459226779044,0.055345760329477876
ceiling_growth_gt25,36,1601,23,J,2,21,0.19047619047619047,0.20913085078436766,0.2014495200692359
ceiling_growth_gt25,36,072,54,J,2,21,0.42857142857142855,0.38692400568137825,0.40407294451845777
ceiling_growth_gt25,36,075,92,J,2,21,0.42857142857142855,0.40116893195910824,0.4124523129171225
ceiling_growth_gt25,36,020,56,J,3,21,0.23809523809523808,0.2752576552419196,0.25995548347563896
ceiling_growth_gt25,36,014,54,U,1,21,0.047619047619047616,0.14413177333419114,0.10439123921619087
ceiling_growth_gt25,36,097,92,J,3,21,0.2857142857142857,0.2130779124780869,0.2429870073400511
ceiling_growth_gt25,36,019,72,J,0,21,0.23809523809523808,0.2591991844137996,0.2505093241649801
ceiling_growth_gt25,36,075,51,J,3,21,0.23809523809523808,0.2438650853691906,0.24148926590344547
ceiling_growth_gt25,36,013,54,J,1,21,0.09523809523809523,0.15060060773574405,0.12780427906024158
ceiling_growth_gt25,36,014,54,Y,4,21,0.09523809523809523,0.17732574666988624,0.1435249490215017
ceiling_growth_gt25,36,070,56,J,1,21,0.5238095238095238,0.30904047973162885,0.3974747919989974
ceiling_growth_gt25,36,086,54,J,1,20,0.25,0.17048749260329216,0.2022924955619753
ceiling_growth_gt25,36,014,54,S,3,20,0.0,0.0831760311697655,0.0499056187018593
ceiling_growth_gt25,36,036,61,J,4,20,0.3,0.6040681292171702,0.4824408775303021
ceiling_growth_gt25,36,069,54,Y,0,20,0.6,0.34804406473414334,0.44882643884048606
ceiling_growth_gt25,36,075,54,Y,2,20,0.4,0.2412681909292798,0.3047609145575679
ceiling_growth_gt25,36,015,54,Z,4,20,0.2,0.30670072646185326,0.26402043587711194
ceiling_growth_gt25,36,019,33,J,1,20,0.05,0.10705799817203568,0.08423479890322141
ceiling_growth_gt25,36,069,23,L,4,20,0.05,0.08117369147337224,0.06870421488402334
ceiling_growth_gt25,36,036,48,J,0,20,0.5,0.46206382997314754,0.4772382979838885
ceiling_growth_gt25,36,019,33,J,2,20,0.1,0.10705799817203568,0.10423479890322142
ceiling_growth_gt25,36,020,54,Z,2,20,0.3,0.23177783617679143,0.2590667017060748
ceiling_growth_gt25,36,015,54,Y,2,20,0.55,0.38082452305253434,0.4484947138315206
ceiling_growth_gt25,36,080,54,R,4,20,0.2,0.16987364845455033,0.1819241890727302
ceiling_growth_gt25,36,015,33,J,2,20,0.05,0.05160142763618562,0.05096085658171137
ceiling_growth_gt25,36,014,11,J,2,20,0.15,0.17669553818437983,0.16601732291062787
ceiling_growth_gt25,36,019,33,J,4,20,0.2,0.10705799817203568,0.1442347989032214
ceiling_growth_gt25,36,086,52,J,4,20,0.35,0.29452113154700754,0.31671267892820454
ceiling_growth_gt25,36,097,48,U,4,20,0.45,0.2926883715723993,0.3556130229434396
ceiling_growth_gt25,36,070,54,Y,3,20,0.25,0.2528244642584307,0.25169467855505845
ceiling_growth_gt25,36,020,54,Z,0,19,0.10526315789473684,0.23177783617679146,0.18272112418987232
ceiling_growth_gt25,36,089,54,Y,4,19,0.21052631578947367,0.2546790035022124,0.23755857357278312
ceiling_growth_gt25,36,020,33,J,2,19,0.05263157894736842,0.045576372079702006,0.04831206453859307
ceiling_growth_gt25,36,015,54,Y,4,19,0.15789473684210525,0.38082452305253434,0.29438236105257204
ceiling_growth_gt25,36,019,56,J,1,19,0.5789473684210527,0.49440605589574327,0.5271873811606591
ceiling_growth_gt25,36,1601,54,J,4,19,0.21052631578947367,0.24307502278116017,0.23045409558030214
ceiling_growth_gt25,36,015,54,J,4,19,0.10526315789473684,0.25988257883367016,0.19992810949000214
ceiling_growth_gt25,36,089,54,J,3,19,0.3157894736842105,0.22513768606783907,0.2602883792252076
ceiling_growth_gt25,36,075,33,J,4,19,0.21052631578947367,0.08802381071578598,0.13552478207088936
ceiling_growth_gt25,36,012,33,J,1,19,0.10526315789473684,0.07842896352163127,0.08883405929895792
ceiling_growth_gt25,36,015,54,J,2,19,0.42105263157894735,0.25988257883367016,0.3223770890818389
ceiling_growth_gt25,36,086,54,J,2,18,0.2777777777777778,0.17048749260329216,0.21072134954372426
ceiling_growth_gt25,36,014,51,J,0,18,0.05555555555555555,0.19231118153610718,0.14102782179340032
ceiling_growth_gt25,36,097,44,J,0,18,0.1111111111111111,0.07103150410149248,0.08606135673009947
ceiling_growth_gt25,36,072,81,S,0,18,0.5555555555555556,0.39691796154531606,0.4564070592991558
ceiling_growth_gt25,36,097,52,J,4,18,0.2777777777777778,0.12611172440397864,0.1829864944191533
ceiling_growth_gt25,36,097,61,S,3,18,0.0,0.07026398501397693,0.04391499063373558
ceiling_growth_gt25,36,045,81,J,3,18,1.0,0.9684778370244368,0.980298648140273
ceiling_growth_gt25,36,045,81,J,1,18,1.0,0.9684778370244368,0.980298648140273
ceiling_growth_gt25,36,012,56,J,0,18,0.2777777777777778,0.30428340382166597,0.2943437940552079
ceiling_growth_gt25,36,014,48,J,3,18,0.3888888888888889,0.29017979879018396,0.3271957075771983
ceiling_growth_gt25,36,097,52,J,0,18,0.0,0.12611172440397864,0.07881982775248665
ceiling_growth_gt25,36,020,92,S,3,18,0.0,0.11846317074845353,0.07403948171778345
ceiling_growth_gt25,36,075,62,S,4,18,0.2777777777777778,0.4028338498850011,0.3559378228447924
ceiling_growth_gt25,36,089,56,J,4,18,0.16666666666666666,0.24561025883121182,0.21600641176950738
ceiling_growth_gt25,36,097,54,B,1,18,0.1111111111111111,0.122517472211288,0.11824008679872167
ceiling_growth_gt25,36,075,54,Y,1,18,0.5555555555555556,0.2412681909292798,0.3591259526641332
ceiling_growth_gt25,36,072,92,U,4,17,0.23529411764705882,0.21983370153206083,0.22542576693535799
ceiling_growth_gt25,36,072,54,Y,4,17,0.11764705882352941,0.2766333126587437,0.2191276463779215
ceiling_growth_gt25,36,014,22,J,0,17,0.17647058823529413,0.2104006680974724,0.19812808601966322
ceiling_growth_gt25,36,072,54,S,0,17,0.5882352941176471,0.32198303604542294,0.4182870442843125
ceiling_growth_gt25,36,075,32,U,4,17,0.23529411764705882,0.22736388825425957,0.23023226909846353
ceiling_growth_gt25,36,013,56,J,4,17,0.23529411764705882,0.2547236688848109,0.24769595886264525
ceiling_growth_gt25,36,068,56,J,4,17,0.17647058823529413,0.16359285606749688,0.1682507591920193
ceiling_growth_gt25,36,069,56,J,4,17,0.35294117647058826,0.4256367584008453,0.39934261174522045
ceiling_growth_gt25,36,075,92,S,4,17,0.0,0.14960835429314986,0.09549469422967014
ceiling_growth_gt25,36,1601,54,J,0,17,0.29411764705882354,0.24307502278116017,0.26153724858371924
ceiling_growth_gt25,36,020,51,J,2,17,0.0,0.09634381479912558,0.061496051999441866
ceiling_growth_gt25,36,014,11,J,3,17,0.11764705882352941,0.17669553818437983,0.15533757756449776
ceiling_growth_gt25,36,020,51,J,4,17,0.058823529411764705,0.09634381479912558,0.08277264774412271
ceiling_growth_gt25,36,036,32,J,1,17,0.23529411764705882,0.236990311415313,0.23637679452041255
ceiling_growth_gt25,36,019,54,Y,4,17,0.47058823529411764,0.46928569974003786,0.4697568296213008
ceiling_growth_gt25,36,073,54,J,2,17,0.17647058823529413,0.39298644959689544,0.31467220187035877
ceiling_growth_gt25,36,014,54,S,2,17,0.0,0.0831760311697655,0.05309108372538223
ceiling_growth_gt25,36,069,23,K,4,17,0.23529411764705882,0.18066167942156888,0.20042234856695887
ceiling_growth_gt25,36,020,54,Z,4,17,0.0,0.23177783617679146,0.1479432996873137
ceiling_growth_gt25,36,069,23,L,3,17,0.058823529411764705,0.08117369147337224,0.0730895903021525
ceiling_growth_gt25,36,097,51,U,4,17,0.47058823529411764,0.26212689610305645,0.3375278060232275
ceiling_growth_gt25,36,1601,23,J,0,16,0.125,0.20913085078436763,0.17986794616371804
ceiling_growth_gt25,36,097,61,S,4,16,0.0,0.07026398501397693,0.04582433805259365
ceiling_growth_gt25,36,014,48,J,4,16,0.1875,0.29017979879018396,0.25446508616751123
ceiling_growth_gt25,36,015,56,J,3,16,0.25,0.2771055832645204,0.2676775543029481
ceiling_growth_gt25,36,097,54,B,0,16,0.125,0.12251747221128802,0.12338096013779652
ceiling_growth_gt25,36,097,33,R,4,16,0.5625,0.23822507924451763,0.3510163560290333
ceiling_growth_gt25,36,036,61,J,2,16,0.5,0.6040681292171702,0.5678705190546762
ceiling_growth_gt25,36,075,61,U,4,16,0.0625,0.16618254693372977,0.13011905234808463
ceiling_growth_gt25,36,097,54,Y,1,16,0.5,0.337470674074438,0.3940026135268074
ceiling_growth_gt25,36,014,56,J,4,16,0.0625,0.20996199061700116,0.1586708634458703
ceiling_growth_gt25,36,3300,23,J,4,16,0.75,0.6019992852398726,0.653477794721656
ceiling_growth_gt25,36,075,62,S,2,16,0.5,0.4028338498850011,0.4366307716641312
ceiling_growth_gt25,36,097,52,J,1,16,0.0625,0.12611172440397864,0.10398590721998606
ceiling_growth_gt25,36,097,61,U,4,16,0.5,0.23121253182890042,0.32470382510580464
ceiling_growth_gt25,36,013,51,J,3,16,0.25,0.2126026672441118,0.22561043515920334
ceiling_growth_gt25,36,015,56,J,0,16,0.25,0.2771055832645204,0.2676775543029481
ceiling_growth_gt25,36,097,33,S,4,15,0.8,0.3478264868629594,0.49855099124197294
ceiling_growth_gt25,36,036,42,J,1,15,0.06666666666666667,0.034695567101251094,0.045352600289722954
ceiling_growth_gt25,36,080,54,U,1,15,0.3333333333333333,0.21680450215677308,0.25564744588229316
ceiling_growth_gt25,36,070,48,J,4,15,0.2,0.24115263223123648,0.22743508815415767
ceiling_growth_gt25,36,089,33,J,3,15,0.0,0.06102169290901844,0.04068112860601229
ceiling_growth_gt25,36,013,51,J,4,15,0.06666666666666667,0.2126026672441118,0.16395733371829677
ceiling_growth_gt25,36,075,62,J,0,15,0.4666666666666667,0.3384095574150595,0.3811619271655952
ceiling_growth_gt25,36,070,54,Z,4,15,0.06666666666666667,0.21065609985654346,0.16265962212658452
ceiling_growth_gt25,36,013,54,Y,4,15,0.0,0.17495807198907773,0.11663871465938516
ceiling_growth_gt25,36,097,54,Y,2,15,0.4666666666666667,0.337470674074438,0.3805360049385142
ceiling_growth_gt25,36,015,22,J,3,15,0.0,0.039898365579164805,0.02659891038610987
ceiling_growth_gt25,36,070,54,Z,3,15,0.3333333333333333,0.21065609985654346,0.25154851101547343
ceiling_growth_gt25,36,075,51,J,2,15,0.26666666666666666,0.24386508536919058,0.2514656124683493
ceiling_growth_gt25,36,097,71,J,0,15,0.0,0.059031385045625544,0.039354256697083694
ceiling_growth_gt25,36,070,51,J,0,14,0.07142857142857142,0.17838320228590376,0.14435218337675257
ceiling_growth_gt25,36,020,51,J,0,14,0.14285714285714285,0.09634381479912558,0.11114351009031291
ceiling_growth_gt25,36,070,54,S,1,14,0.07142857142857142,0.22201310195980928,0.17409984224532452
ceiling_growth_gt25,36,020,33,J,3,14,0.0,0.045576372079702006,0.031074799145251367
ceiling_growth_gt25,36,012,56,J,3,14,0.21428571428571427,0.304283403821666,0.2756477753329541
ceiling_growth_gt25,36,1601,54,Y,3,14,0.5,0.38701925275297366,0.4229676723315729
ceiling_growth_gt25,36,070,51,J,2,14,0.2857142857142857,0.17838320228590376,0.21253400155857075
ceiling_growth_gt25,36,019,51,J,1,14,0.5,0.452452438235722,0.46758120788799223
ceiling_growth_gt25,36,069,56,J,1,14,0.5714285714285714,0.4256367584008453,0.47202506254603094
ceiling_growth_gt25,36,075,92,S,2,14,0.21428571428571427,0.14960835429314986,0.17018751429078402
ceiling_growth_gt25,36,089,33,J,1,14,0.07142857142857142,0.06102169290901844,0.06433297243796711
ceiling_growth_gt25,36,069,54,U,4,14,0.5,0.2118693356922378,0.3035472743356167
ceiling_growth_gt25,36,1601,54,Z,4,14,0.42857142857142855,0.32537124607538204,0.3582076677786696
ceiling_growth_gt25,36,014,54,U,0,14,0.2857142857142857,0.14413177333419114,0.18918075454603941
ceiling_growth_gt25,36,075,56,J,0,14,0.5714285714285714,0.2831158671416345,0.37485172759656893
ceiling_growth_gt25,36,089,54,J,0,14,0.14285714285714285,0.2251376860678391,0.19895751322807212
ceiling_growth_gt25,36,070,54,U,0,14,0.21428571428571427,0.18834703760494867,0.19660025291246497
ceiling_growth_gt25,36,045,81,J,2,14,1.0,0.9684778370244367,0.978507616153025
ceiling_growth_gt25,36,073,54,J,0,14,0.7142857142857143,0.39298644959689544,0.49521803381606505
ceiling_growth_gt25,36,014,56,J,2,14,0.14285714285714285,0.20996199061700116,0.18861044814795533
ceiling_growth_gt25,36,050,54,J,4,14,0.21428571428571427,0.24900196844361183,0.23795588757518987
ceiling_growth_gt25,36,097,92,J,4,14,0.2857142857142857,0.2130779124780869,0.23618948578051377
ceiling_growth_gt25,36,019,42,J,3,14,0.14285714285714285,0.14314543056750023,0.14305370265965925
ceiling_growth_gt25,36,089,54,U,4,14,0.14285714285714285,0.2612698646929646,0.22359308956338494
ceiling_growth_gt25,36,070,54,S,3,14,0.2857142857142857,0.22201310195980928,0.2422816604271427
ceiling_growth_gt25,36,014,21,J,0,14,0.0,0.07798188122019148,0.05316946446831237
ceiling_growth_gt25,36,070,54,S,2,14,0.07142857142857142,0.22201310195980928,0.17409984224532452
ceiling_growth_gt25,36,075,62,J,3,14,0.35714285714285715,0.3384095574150595,0.34437015278299515
ceiling_growth_gt25,36,073,54,J,3,13,0.15384615384615385,0.39298644959689544,0.3206882206489968
ceiling_growth_gt25,36,072,54,S,4,13,0.15384615384615385,0.32198303604542294,0.27115095538052764
ceiling_growth_gt25,36,020,54,Z,3,13,0.5384615384615384,0.23177783617679146,0.32449616477450566
ceiling_growth_gt25,36,097,54,Z,3,13,0.38461538461538464,0.3363956110671108,0.35097368213984476
ceiling_growth_gt25,36,091,54,J,0,13,0.15384615384615385,0.12151222386684558,0.13128759804663648
ceiling_growth_gt25,36,097,81,U,3,13,0.23076923076923078,0.22725971318364813,0.2283207301281266
ceiling_growth_gt25,36,020,51,J,1,13,0.15384615384615385,0.09634381479912558,0.11372824288311088
ceiling_growth_gt25,36,014,54,Z,4,13,0.0,0.1805776693827329,0.12598442049958108
ceiling_growth_gt25,36,070,56,J,0,13,0.23076923076923078,0.30904047973162885,0.2853770788825317
ceiling_growth_gt25,36,075,92,J,4,13,0.23076923076923078,0.40116893195910824,0.34965274322728485
ceiling_growth_gt25,36,075,54,U,0,13,0.7692307692307693,0.2946611916933753,0.43813571513491295
ceiling_growth_gt25,36,097,52,J,3,13,0.15384615384615385,0.12611172440397864,0.13449655190975252
ceiling_growth_gt25,36,075,56,J,2,13,0.23076923076923078,0.2831158671416345,0.2672901398662566
ceiling_growth_gt25,36,1601,61,Y,4,13,0.23076923076923078,0.5378430021391163,0.4450067456784532
ceiling_growth_gt25,36,019,56,Y,4,13,0.3076923076923077,0.48601513973935834,0.4321035858646687
ceiling_growth_gt25,36,069,54,S,0,13,0.15384615384615385,0.16149830134173074,0.1591848614012075
ceiling_growth_gt25,36,015,54,Z,3,13,0.23076923076923078,0.30670072646185326,0.28374469288036275
ceiling_growth_gt25,36,015,33,J,4,13,0.07692307692307693,0.05160142763618563,0.05925680997873416
ceiling_growth_gt25,36,1601,54,Z,3,13,0.3076923076923077,0.32537124607538204,0.32002645075026653
ceiling_growth_gt25,36,070,54,S,0,13,0.15384615384615385,0.22201310195980925,0.20140448973940178
ceiling_growth_gt25,36,097,21,J,0,13,0.07692307692307693,0.06403716542628408,0.06793290611136099
ceiling_growth_gt25,36,097,52,J,2,13,0.15384615384615385,0.12611172440397864,0.13449655190975252
ceiling_growth_gt25,36,013,33,J,4,13,0.15384615384615385,0.1707093010005323,0.1656111402329295
ceiling_growth_gt25,36,086,54,J,0,13,0.3076923076923077,0.17048749260329216,0.21196801809532012
ceiling_growth_gt25,36,080,23,J,0,13,0.23076923076923078,0.2443246203801633,0.24022647933499766
ceiling_growth_gt25,36,036,48,J,2,13,0.6923076923076923,0.4620638299731476,0.5316724395161495
ceiling_growth_gt25,36,075,54,Y,0,13,0.38461538461538464,0.24126819092927979,0.2846057146018231
ceiling_growth_gt25,36,012,21,J,0,13,0.07692307692307693,0.04571070008105554,0.055147000056550384
ceiling_growth_gt25,36,019,72,J,1,13,0.15384615384615385,0.2591991844137996,0.22734826819567414
ceiling_growth_gt25,36,069,54,S,2,12,0.0,0.16149830134173074,0.11535592952980768
ceiling_growth_gt25,36,075,62,S,0,12,0.5,0.4028338498850011,0.43059560706071515
ceiling_growth_gt25,36,015,51,J,4,12,0.16666666666666666,0.26790887007425307,0.2389825262435141
ceiling_growth_gt25,36,015,54,Z,1,12,0.5,0.30670072646185326,0.3619290903298952
ceiling_growth_gt25,36,072,54,U,2,12,0.6666666666666666,0.18022288123348962,0.31920681992868305
ceiling_growth_gt25,36,075,54,Z,2,12,0.25,0.26078029269926123,0.25770020907090085
ceiling_growth_gt25,36,013,48,J,4,12,0.0,0.12752655474636937,0.0910903962474067
ceiling_growth_gt25,36,075,62,J,4,12,0.08333333333333333,0.33840955741505957,0.2655306362488521
ceiling_growth_gt25,36,020,33,J,4,12,0.0,0.045576372079702006,0.03255455148550143
ceiling_growth_gt25,36,070,54,S,4,12,0.5833333333333334,0.22201310195980928,0.32524745378081615
ceiling_growth_gt25,36,072,81,J,0,12,0.4166666666666667,0.3766097576998477,0.3880545888332246
ceiling_growth_gt25,36,070,81,J,3,12,0.25,0.21514883989858646,0.22510631421327604
ceiling_growth_gt25,36,097,71,J,1,12,0.0,0.059031385045625544,0.042165275032589676
ceiling_growth_gt25,36,014,48,J,1,12,0.25,0.29017979879018396,0.2786998562787028
ceiling_growth_gt25,36,075,81,J,3,12,0.08333333333333333,0.14673338464832184,0.12861908427261085
ceiling_growth_gt25,36,075,61,J,1,12,0.25,0.14450729927564512,0.1746480709111751
ceiling_growth_gt25,36,036,22,K,2,12,0.0,0.02834448845187923,0.02024606317991374
ceiling_growth_gt25,36,070,54,Y,1,12,0.25,0.2528244642584307,0.25201747447030765
ceiling_growth_gt25,36,097,71,J,3,12,0.08333333333333333,0.059031385045625544,0.06597479884211348
ceiling_growth_gt25,36,068,56,J,3,12,0.08333333333333333,0.16359285606749688,0.14066156385773587
ceiling_growth_gt25,36,036,42,J,2,12,0.0,0.034695567101251094,0.024782547929465066
ceiling_growth_gt25,36,070,23,U,4,12,0.25,0.15032235563123533,0.17880168259373952
ceiling_growth_gt25,36,069,54,B,2,12,0.0,0.20484846162988543,0.14632032973563244
ceiling_growth_gt25,36,036,22,K,0,12,0.0,0.02834448845187923,0.02024606317991374
ceiling_growth_gt25,36,019,56,J,2,12,0.16666666666666666,0.49440605589574327,0.4007662304017214
ceiling_growth_gt25,36,015,56,J,4,12,0.25,0.2771055832645204,0.2693611309032289
ceiling_growth_gt25,36,075,61,J,4,12,0.08333333333333333,0.14450729927564512,0.12702902329212748
ceiling_growth_gt25,36,097,49,U,4,11,0.45454545454545453,0.26022786155669564,0.31236184991953336
ceiling_growth_gt25,36,019,51,J,0,11,0.6363636363636364,0.45245243823572195,0.5017944670017478
ceiling_growth_gt25,36,524,54,Y,3,11,0.0,0.048802960646628896,0.03570948339997236
ceiling_growth_gt25,36,097,49,L,4,11,0.18181818181818182,0.19340415086295648,0.1902957201436267
ceiling_growth_gt25,36,091,61,J,3,11,0.36363636363636365,0.16299588169745455,0.21682625490057653
ceiling_growth_gt25,36,014,54,Y,3,11,0.18181818181818182,0.17732574666988624,0.17853103414869725
ceiling_growth_gt25,36,036,53,J,0,11,0.0,0.18157224621558982,0.1328577411333584
ceiling_growth_gt25,36,069,54,S,1,11,0.0,0.16149830134173074,0.11816948878663225
ceiling_growth_gt25,36,019,52,J,3,11,0.36363636363636365,0.28508830915246736,0.30616217742863466
ceiling_growth_gt25,36,097,49,J,0,11,0.09090909090909091,0.19304672931368483,0.16564394827830597
ceiling_growth_gt25,36,069,54,U,3,11,0.2727272727272727,0.21186933569223776,0.22819707489675933
ceiling_growth_gt25,36,014,22,J,2,11,0.0,0.2104006680974724,0.1539517083640042
ceiling_growth_gt25,36,013,48,J,3,11,0.18181818181818182,0.12752655474636937,0.14209260103392882
ceiling_growth_gt25,36,020,56,J,1,11,0.45454545454545453,0.2752576552419196,0.32335925993311193
ceiling_growth_gt25,36,024,54,J,4,11,0.09090909090909091,0.13966784137855173,0.1265862253989403
ceiling_growth_gt25,36,072,54,R,4,11,0.0,0.18192774282787622,0.13311786060576308
ceiling_growth_gt25,36,013,56,J,3,11,0.36363636363636365,0.2547236688848109,0.2839441479644958
ceiling_growth_gt25,36,070,61,J,0,11,0.0,0.11307327582297834,0.0827365432851061
ceiling_growth_gt25,36,013,51,J,0,11,0.36363636363636365,0.2126026672441118,0.25312390286154524
ceiling_growth_gt25,36,072,61,U,4,11,0.0,0.1561796859761489,0.1142778190069382
ceiling_growth_gt25,36,069,54,Y,3,11,0.18181818181818182,0.34804406473414334,0.303446876634739
ceiling_growth_gt25,36,036,22,J,1,11,0.36363636363636365,0.1731172960092294,0.22423216781163127
ceiling_growth_gt25,36,089,33,J,4,11,0.09090909090909091,0.06102169290901844,0.06904026310415984
ceiling_growth_gt25,36,072,56,U,4,11,0.09090909090909091,0.19013502004439353,0.16351342930077575
ceiling_growth_gt25,36,036,32,J,4,11,0.2727272727272727,0.23699031141531302,0.24657827664535095
ceiling_growth_gt25,36,097,44,J,1,11,0.09090909090909091,0.07103150410149248,0.07636451519621401
ceiling_growth_gt25,36,072,54,Z,0,11,0.45454545454545453,0.3262934352700157,0.3607025136122066
ceiling_growth_gt25,36,097,54,Y,0,11,0.45454545454545453,0.337470674074438,0.3688809810300766
ceiling_growth_gt25,36,080,54,S,3,11,0.36363636363636365,0.24208878785511745,0.2746991130647201
ceiling_growth_gt25,36,014,42,J,0,11,0.09090909090909091,0.11182737670872654,0.1062151536893121
ceiling_growth_gt25,36,097,92,J,2,11,0.2727272727272727,0.21307791247808694,0.22908139937420996
ceiling_growth_gt25,36,097,33,K,0,11,0.09090909090909091,0.12404123240789479,0.11515212127406935
ceiling_growth_gt25,36,075,61,J,2,11,0.18181818181818182,0.14450729927564512,0.1545175360553501
ceiling_growth_gt25,36,097,92,K,4,11,0.45454545454545453,0.5732052525668059,0.5413696970001018
ceiling_growth_gt25,36,073,54,J,1,11,0.6363636363636364,0.3929864495968954,0.4582827679977284
ceiling_growth_gt25,36,012,56,J,1,11,0.36363636363636365,0.30428340382166597,0.3202073686499995
ceiling_growth_gt25,36,036,48,J,4,11,0.2727272727272727,0.4620638299731476,0.4112662170535226
ceiling_growth_gt25,36,097,21,J,3,11,0.09090909090909091,0.06403716542628408,0.07124670640947615
ceiling_growth_gt25,36,080,33,R,4,11,0.9090909090909091,0.4033524809284584,0.5390384006793598
ceiling_growth_gt25,36,514,51,J,1,11,0.5454545454545454,0.449630681339852,0.47533952293159903
ceiling_growth_gt25,36,019,54,Z,3,11,0.6363636363636364,0.5653296587677225,0.5843875551958945
ceiling_growth_gt25,36,080,54,S,4,11,0.18181818181818182,0.24208878785511745,0.22591862525984205
ceiling_growth_gt25,36,075,81,J,0,11,0.18181818181818182,0.14673338464832184,0.1561463790109672
ceiling_growth_gt25,36,072,54,U,0,11,0.09090909090909091,0.18022288123348962,0.1562606448049924
ceiling_growth_gt25,36,012,33,J,2,10,0.0,0.07842896352163127,0.05882172264122345
ceiling_growth_gt25,36,015,51,J,0,10,0.4,0.26790887007425307,0.3009316525556898
ceiling_growth_gt25,36,075,32,J,0,10,0.0,0.18834801562011846,0.14126101171508884
ceiling_growth_gt25,36,072,23,J,3,10,0.3,0.23145448749218778,0.24859086561914082
ceiling_growth_gt25,36,071,54,Y,0,10,0.6,0.4745050332596542,0.5058787749447407
ceiling_growth_gt25,36,069,54,Y,4,10,0.4,0.34804406473414334,0.3610330485506075
ceiling_growth_gt25,36,068,33,J,1,10,0.1,0.08318247581498955,0.08738685686124217
ceiling_growth_gt25,36,097,71,J,2,10,0.0,0.05903138504562554,0.04427353878421915
ceiling_growth_gt25,36,019,42,J,2,10,0.1,0.14314543056750023,0.13235907292562515
ceiling_growth_gt25,36,1601,54,Y,4,10,0.5,0.38701925275297366,0.4152644395647302
ceiling_growth_gt25,36,080,56,J,4,10,0.0,0.07133480239191627,0.0535011017939372
ceiling_growth_gt25,36,1602,54,J,4,10,0.3,0.22470450295645766,0.24352837721734324
ceiling_growth_gt25,36,072,54,U,1,10,0.5,0.18022288123348962,0.2601671609251172
ceiling_growth_gt25,36,068,23,J,4,10,0.2,0.18708534348072037,0.19031400761054026
ceiling_growth_gt25,36,036,22,J,2,10,0.1,0.1731172960092294,0.15483797200692204
ceiling_growth_gt25,36,036,49,J,2,10,0.5,0.3197654659017778,0.3648240994263333
ceiling_growth_gt25,36,069,56,J,3,10,0.3,0.4256367584008453,0.394227568800634
ceiling_growth_gt25,36,075,52,U,4,10,0.3,0.4346202275811204,0.40096517068584026
ceiling_growth_gt25,36,070,81,J,4,10,0.1,0.21514883989858644,0.18636162992393984
ceiling_growth_gt25,36,514,54,J,1,10,0.3,0.26823649211832273,0.276177369088742
ceiling_growth_gt25,36,015,51,J,1,10,0.4,0.26790887007425307,0.3009316525556898
ceiling_growth_gt25,36,013,54,Y,2,10,0.1,0.17495807198907776,0.1562185539918083
ceiling_growth_gt25,36,070,61,J,3,10,0.0,0.11307327582297835,0.08480495686723376
ceiling_growth_gt25,36,075,54,Z,1,10,0.3,0.26078029269926123,0.2705852195244459
ceiling_growth_gt25,36,036,61,K,1,10,0.5,0.5400012264883156,0.5300009198662367
ceiling_growth_gt25,36,070,51,J,1,10,0.2,0.17838320228590376,0.1837874017144278
ceiling_growth_gt25,36,028,54,U,4,10,0.1,0.08886558399361381,0.09164918799521035
ceiling_growth_gt25,36,036,22,J,3,10,0.3,0.1731172960092294,0.20483797200692205
ceiling_growth_gt25,36,049,54,Y,4,10,0.1,0.09288905031369149,0.09466678773526863
ceiling_growth_gt25,36,097,22,K,3,10,0.8,0.4832414654503606,0.5624310990877704
ceiling_growth_gt25,36,075,51,S,4,10,1.0,0.4585517007826274,0.5939137755869706
ceiling_growth_gt25,36,069,54,Y,1,10,0.3,0.34804406473414334,0.3360330485506075
ceiling_growth_gt25,36,091,61,J,2,9,0.1111111111111111,0.16299588169745455,0.15102247310060607
ceiling_growth_gt25,36,047,33,J,4,9,0.0,0.06075445922677905,0.04673419940521466
ceiling_growth_gt25,36,020,56,J,0,9,0.2222222222222222,0.2752576552419196,0.263018709160451
ceiling_growth_gt25,36,014,32,J,0,9,0.0,0.1256048723439603,0.09661913257227717
ceiling_growth_gt25,36,013,54,Z,3,9,0.3333333333333333,0.1846974389026659,0.21899802992512762
ceiling_growth_gt25,36,070,54,Y,2,9,0.3333333333333333,0.2528244642584307,0.2714034340449467
ceiling_growth_gt25,36,075,61,J,3,9,0.1111111111111111,0.14450729927564512,0.13680048662229113
ceiling_growth_gt25,36,069,56,J,0,9,0.7777777777777778,0.4256367584008453,0.5069000705647528
ceiling_growth_gt25,36,070,56,Z,0,9,0.2222222222222222,0.24673225873641924,0.24107609646391226
ceiling_growth_gt25,36,089,33,J,2,9,0.0,0.06102169290901844,0.04693976377616803
ceiling_growth_gt25,36,075,42,J,0,9,0.0,0.1600400243639988,0.12310771104922985
ceiling_growth_gt25,36,036,32,J,2,9,0.5555555555555556,0.236990311415313,0.31050536775536897
ceiling_growth_gt25,36,097,54,R,3,9,0.1111111111111111,0.2664906439235239,0.2306338286591209
ceiling_growth_gt25,36,075,32,J,2,9,0.1111111111111111,0.18834801562011846,0.1705241145795783
ceiling_growth_gt25,36,097,71,J,4,9,0.2222222222222222,0.05903138504562554,0.09669080900945555
ceiling_growth_gt25,36,013,54,Z,4,9,0.0,0.1846974389026659,0.1420749530020507
ceiling_growth_gt25,36,015,51,J,3,9,0.2222222222222222,0.26790887007425307,0.2573657974930152
ceiling_growth_gt25,36,070,32,J,0,9,0.1111111111111111,0.11244647135165045,0.11213831129614138
ceiling_growth_gt25,36,070,72,J,0,9,0.3333333333333333,0.28205267532556627,0.2938866733273587
ceiling_growth_gt25,36,020,23,J,4,9,0.0,0.12026676524200651,0.09251289634000501
ceiling_growth_gt25,36,1601,61,U,3,9,0.7777777777777778,0.6727862110053846,0.6970150341067062
ceiling_growth_gt25,36,012,51,J,1,9,0.0,0.0978873872868858,0.07529799022068139
ceiling_growth_gt25,36,069,48,J,4,9,0.6666666666666666,0.35706936073742657,0.4285148928749435
ceiling_growth_gt25,36,1133,54,J,1,9,0.1111111111111111,0.11758709716893175,0.11609263884789622
ceiling_growth_gt25,36,036,61,K,4,9,0.5555555555555556,0.5400012264883156,0.5435906870422941
ceiling_growth_gt25,36,014,22,J,1,9,0.4444444444444444,0.2104006680974724,0.264410770331389
ceiling_growth_gt25,36,072,54,Y,0,9,0.5555555555555556,0.2766333126587437,0.34099998409646953
ceiling_growth_gt25,36,091,54,J,1,9,0.0,0.1215122238668456,0.09347094143603507
ceiling_growth_gt25,36,097,49,J,1,9,0.3333333333333333,0.19304672931368483,0.2254205610105268
ceiling_growth_gt25,36,014,51,J,4,9,0.3333333333333333,0.19231118153610718,0.22485475502777474
ceiling_growth_gt25,36,015,56,J,1,9,0.6666666666666666,0.2771055832645204,0.3670042948188619
ceiling_growth_gt25,36,070,61,J,4,9,0.2222222222222222,0.11307327582297834,0.13826149422280384
ceiling_growth_gt25,36,068,23,J,2,9,0.0,0.18708534348072037,0.1439118026774772
ceiling_growth_gt25,36,097,33,K,4,9,0.3333333333333333,0.1240412324078948,0.17233940954453447
ceiling_growth_gt25,36,013,51,J,1,9,0.2222222222222222,0.2126026672441118,0.21482256454675266
ceiling_growth_gt25,36,012,48,J,0,9,0.2222222222222222,0.13924567286076497,0.15839410732879355
ceiling_growth_gt25,36,075,32,J,3,9,0.1111111111111111,0.18834801562011846,0.1705241145795783
ceiling_growth_gt25,36,097,54,T,4,9,0.0,0.14868059530950326,0.11436968869961789
ceiling_growth_gt25,36,075,62,S,3,9,0.3333333333333333,0.4028338498850011,0.38679526914230855
ceiling_growth_gt25,36,015,42,J,0,9,0.0,0.05701323291426494,0.043856333010973025
ceiling_growth_gt25,36,075,51,J,1,9,0.3333333333333333,0.24386508536919058,0.2645116041301466
ceiling_growth_gt25,36,514,54,J,0,9,0.1111111111111111,0.26823649211832273,0.2319767888089662
ceiling_growth_gt25,36,1601,56,V,4,9,0.7777777777777778,0.5805492394683575,0.6260635175397622
ceiling_growth_gt25,36,097,56,S,4,9,0.2222222222222222,0.18486865748323603,0.19348871088454053
ceiling_growth_gt25,36,019,52,J,1,9,0.2222222222222222,0.28508830915246736,0.2705807506301031
ceiling_growth_gt25,36,070,62,J,4,9,0.1111111111111111,0.1554253407176002,0.14519898003917964
ceiling_growth_gt25,36,080,33,U,4,9,0.6666666666666666,0.31074903436133583,0.39288387258564295
ceiling_growth_gt25,36,097,81,U,1,8,0.0,0.22725971318364813,0.1794155630397222
ceiling_growth_gt25,36,075,62,U,4,8,0.25,0.38341004613559804,0.35532372063336687
ceiling_growth_gt25,36,047,49,J,4,8,0.375,0.27565772473881933,0.2965718879516995
ceiling_growth_gt25,36,019,62,J,3,8,0.25,0.27826991887961666,0.27231835701022367
ceiling_growth_gt25,36,097,92,K,3,8,1.0,0.5732052525668059,0.6630567783422151
ceiling_growth_gt25,36,028,51,J,4,8,0.0,0.060208353769195574,0.04753291087041756
ceiling_growth_gt25,36,036,48,J,3,8,0.125,0.4620638299731476,0.39110302366301125
ceiling_growth_gt25,36,097,54,Z,1,8,0.5,0.3363956110671108,0.3708386403161401
ceiling_growth_gt25,36,075,62,J,1,8,0.5,0.3384095574150595,0.37242859795925753
ceiling_growth_gt25,36,069,56,J,2,8,0.25,0.4256367584008453,0.38866059873750947
ceiling_growth_gt25,36,070,32,J,1,8,0.0,0.11244647135165045,0.08877353001446088
ceiling_growth_gt25,36,097,33,Y,3,8,0.25,0.15173068987218055,0.1724189656885636
ceiling_growth_gt25,36,097,92,K,2,8,0.75,0.5732052525668059,0.6104251993948467
ceiling_growth_gt25,36,091,51,J,2,8,0.0,0.1429421317277075,0.1128490513639796
ceiling_growth_gt25,36,086,51,J,3,8,0.0,0.16885967731373164,0.13331027156347233
ceiling_growth_gt25,36,075,61,U,3,8,0.25,0.16618254693372977,0.18382832652662875
ceiling_growth_gt25,36,075,92,S,1,8,0.125,0.14960835429314986,0.14442764812617095
ceiling_growth_gt25,36,036,53,J,3,8,0.0,0.18157224621558982,0.1433465101702025
ceiling_growth_gt25,36,019,52,J,2,8,0.125,0.28508830915246736,0.25138550722563213
ceiling_growth_gt25,36,047,71,J,0,8,0.125,0.15841535566923876,0.151380543949399
ceiling_growth_gt25,36,1602,54,Z,4,8,0.375,0.27835107899121775,0.29869822025622456
ceiling_growth_gt25,36,019,54,U,4,8,0.375,0.4243491863084966,0.41395988392776045
ceiling_growth_gt25,36,050,54,J,3,8,0.25,0.24900196844361183,0.24921208035021986
ceiling_growth_gt25,36,086,56,J,3,8,0.25,0.19043272506337822,0.20297320399740384
ceiling_growth_gt25,36,1601,33,J,2,8,0.375,0.24809520247369737,0.274812001952919
ceiling_growth_gt25,36,014,61,J,0,8,0.5,0.33371587181710893,0.3687230566977176
ceiling_growth_gt25,36,1601,33,J,1,8,0.125,0.24809520247369737,0.22218042300555055
ceiling_growth_gt25,36,012,51,J,4,8,0.0,0.0978873872868858,0.07727951627912037
ceiling_growth_gt25,36,1601,54,Z,0,8,0.25,0.32537124607538204,0.30950361532267
ceiling_growth_gt25,36,036,72,J,1,8,0.75,0.26066970228483227,0.36368660706697287
ceiling_growth_gt25,36,014,62,J,4,8,0.25,0.3138776338977839,0.30042971097193466
ceiling_growth_gt25,36,070,81,J,2,8,0.125,0.21514883989858646,0.19617013676204195
ceiling_growth_gt25,36,036,61,K,3,8,0.5,0.5400012264883156,0.5315799156486701
ceiling_growth_gt25,36,097,44,J,3,8,0.0,0.07103150410149248,0.05607750323802038
ceiling_growth_gt25,36,070,33,U,4,8,0.25,0.25173816712853325,0.2513722372067368
ceiling_growth_gt25,36,1602,52,J,3,8,0.0,0.1529650116400703,0.12076185129479233
ceiling_growth_gt25,36,097,81,Y,4,8,0.125,0.2041280084396342,0.18746948034707964
ceiling_growth_gt25,36,019,61,U,4,8,0.625,0.430938021603318,0.47179317494998796
ceiling_growth_gt25,36,1601,61,V,3,8,0.875,0.5823679797240452,0.6439747208347725
ceiling_growth_gt25,36,068,23,J,3,8,0.375,0.18708534348072037,0.22664632380056868
ceiling_growth_gt25,36,089,54,Y,3,8,0.375,0.2546790035022124,0.2800097396070098
ceiling_growth_gt25,36,075,81,J,1,8,0.125,0.14673338464832184,0.14215793524867512
ceiling_growth_gt25,36,015,42,J,1,8,0.0,0.05701323291426494,0.04501044703757758
ceiling_growth_gt25,36,013,54,Y,3,7,0.42857142857142855,0.17495807198907776,0.22293897728844142
ceiling_growth_gt25,36,072,54,Y,3,7,0.42857142857142855,0.2766333126587437,0.3053783616151976
ceiling_growth_gt25,36,036,61,K,0,7,0.5714285714285714,0.5400012264883156,0.5459469403959315
ceiling_growth_gt25,36,097,54,T,3,7,0.0,0.14868059530950326,0.12055183403473238
ceiling_growth_gt25,36,036,54,Y,4,7,0.14285714285714285,0.12959894149806966,0.13210724986329975
ceiling_growth_gt25,36,012,54,Z,3,7,0.42857142857142855,0.3219209943801979,0.34209810355151177
ceiling_growth_gt25,36,075,56,Y,4,7,0.2857142857142857,0.332576929188294,0.3237110236661843
ceiling_growth_gt25,36,036,22,K,4,7,0.0,0.02834448845187923,0.022982017663685864
ceiling_growth_gt25,36,1601,54,Z,2,7,0.14285714285714285,0.32537124607538204,0.29084155087193136
ceiling_growth_gt25,36,1601,54,Y,2,7,0.2857142857142857,0.38701925275297366,0.36785344817808674
ceiling_growth_gt25,36,024,54,J,3,7,0.14285714285714285,0.13966784137855173,0.14027122273936626
ceiling_growth_gt25,36,020,72,J,4,7,0.0,0.10673682039205822,0.08654336788545261
ceiling_growth_gt25,36,075,51,U,4,7,0.42857142857142855,0.36523086374103747,0.37721421384408443
ceiling_growth_gt25,36,097,33,K,1,7,0.0,0.1240412324078948,0.10057397222261741
ceiling_growth_gt25,36,089,56,J,3,7,0.2857142857142857,0.24561025883121185,0.25319750716044204
ceiling_growth_gt25,36,014,32,J,1,7,0.2857142857142857,0.1256048723439603,0.1558958424410489
ceiling_growth_gt25,36,012,51,J,2,7,0.14285714285714285,0.0978873872868858,0.10639517888125875
ceiling_growth_gt25,36,036,42,J,3,7,0.14285714285714285,0.034695567101251094,0.05515856791993332
ceiling_growth_gt25,36,070,81,J,1,7,0.2857142857142857,0.2151488398985865,0.22849905937723233
ceiling_growth_gt25,36,015,56,J,2,7,0.14285714285714285,0.2771055832645204,0.2517072296739355
ceiling_growth_gt25,36,3300,54,J,0,7,0.5714285714285714,0.5019049150217861,0.5150580392068537
ceiling_growth_gt25,36,068,33,J,0,7,0.0,0.08318247581498957,0.06744525066080236
ceiling_growth_gt25,36,086,54,Z,4,7,0.14285714285714285,0.25286708595843616,0.23205439402035363
ceiling_growth_gt25,36,069,54,Y,2,7,0.2857142857142857,0.34804406473414334,0.33625194437903516
ceiling_growth_gt25,36,1601,42,J,2,7,0.0,0.2442813911855463,0.19806599285314563
ceiling_growth_gt25,36,036,72,J,3,7,0.0,0.26066970228483227,0.21135381266337752
ceiling_growth_gt25,36,047,42,J,0,7,0.0,0.07951688046706129,0.06447314632464428
ceiling_growth_gt25,36,069,54,T,4,7,0.7142857142857143,0.26207457108855026,0.347628030612338
ceiling_growth_gt25,36,1601,54,Z,1,7,0.42857142857142855,0.32537124607538204,0.3448956049259854
ceiling_growth_gt25,36,036,62,K,0,7,0.7142857142857143,0.5285717427758716,0.5637068184669229
ceiling_growth_gt25,36,014,54,Y,2,7,0.42857142857142855,0.17732574666988624,0.224858713516124
ceiling_growth_gt25,36,070,33,U,3,7,0.0,0.25173816712853325,0.20411202740151344
ceiling_growth_gt25,36,424,53,J,0,7,0.0,0.0667530240872347,0.05412407358424435
ceiling_growth_gt25,36,015,54,Y,3,7,0.42857142857142855,0.38082452305253434,0.38985772139394675
ceiling_growth_gt25,36,070,54,Y,0,7,0.42857142857142855,0.2528244642584307,0.28607388993926813
ceiling_growth_gt25,36,031,54,J,3,7,0.14285714285714285,0.09418278842683606,0.10339145007581302
ceiling_growth_gt25,36,047,48,J,0,7,0.0,0.1328547998946845,0.10772010802271716
ceiling_growth_gt25,36,020,52,J,4,7,0.0,0.08283600176685242,0.06716432575690737
ceiling_growth_gt25,36,075,51,J,0,7,0.14285714285714285,0.24386508536919058,0.22475547462366807
ceiling_growth_gt25,36,050,54,Y,2,7,0.14285714285714285,0.25574922706716285,0.2343912651895915
ceiling_growth_gt25,36,089,33,J,0,7,0.0,0.06102169290901844,0.04947704830460954
ceiling_growth_gt25,36,097,81,Y,2,7,0.2857142857142857,0.2041280084396342,0.2195632500861899
ceiling_growth_gt25,36,070,42,J,2,7,0.14285714285714285,0.12547102376965913,0.12876028954296687
ceiling_growth_gt25,36,086,51,J,4,7,0.14285714285714285,0.16885967731373164,0.16394027890302565
ceiling_growth_gt25,36,097,33,K,3,7,0.2857142857142857,0.1240412324078948,0.15462802627667147
ceiling_growth_gt25,36,014,92,J,1,7,0.14285714285714285,0.2120262528414157,0.1989402050065533
ceiling_growth_gt25,36,036,62,K,3,7,0.2857142857142857,0.5285717427758716,0.4826257373858419
ceiling_growth_gt25,36,075,62,J,2,7,0.14285714285714285,0.3384095574150595,0.30141315466085905
ceiling_growth_gt25,36,080,56,U,4,7,0.14285714285714285,0.11378557047665491,0.11928559768377425
ceiling_growth_gt25,36,070,61,J,1,7,0.14285714285714285,0.11307327582297834,0.11870806147809054
ceiling_growth_gt25,36,097,92,K,1,7,1.0,0.5732052525668058,0.6539502047838965
ceiling_growth_gt25,36,014,54,S,1,7,0.14285714285714285,0.0831760311697655,0.09446705229980987
ceiling_growth_gt25,36,097,54,T,2,7,0.0,0.14868059530950326,0.12055183403473238
ceiling_growth_gt25,36,012,51,J,0,7,0.14285714285714285,0.0978873872868858,0.10639517888125875
ceiling_growth_gt25,36,028,56,J,4,7,0.14285714285714285,0.14669349141245763,0.1459676957398305
ceiling_growth_gt25,36,020,56,J,2,7,0.5714285714285714,0.2752576552419196,0.3312899907366916
ceiling_growth_gt25,36,097,11,J,2,7,0.2857142857142857,0.2385230468389658,0.24745111905862088
ceiling_growth_gt25,36,014,48,K,3,7,0.14285714285714285,0.27128564877129385,0.2469883638686166
ceiling_growth_gt25,36,036,53,J,1,7,0.5714285714285714,0.18157224621558982,0.25532884828291064
ceiling_growth_gt25,36,015,81,J,3,7,0.0,0.11865536129814601,0.09620704970119946
ceiling_growth_gt25,36,019,51,J,3,7,0.42857142857142855,0.452452438235722,0.44793440938031515
ceiling_growth_gt25,36,015,81,J,1,7,0.0,0.11865536129814601,0.09620704970119946
ceiling_growth_gt25,36,072,23,J,2,6,0.16666666666666666,0.23145448749218778,0.22065651735460093
ceiling_growth_gt25,36,068,33,J,2,6,0.0,0.08318247581498955,0.06931872984582463
ceiling_growth_gt25,36,015,62,J,4,6,0.16666666666666666,0.2325226145662048,0.2215466232496151
ceiling_growth_gt25,36,069,54,T,1,6,0.0,0.26207457108855026,0.2183954759071252
ceiling_growth_gt25,36,014,92,J,3,6,0.0,0.2120262528414157,0.1766885440345131
ceiling_growth_gt25,36,019,56,Y,3,6,0.8333333333333334,0.48601513973935834,0.5439015053383542
ceiling_growth_gt25,36,014,54,Z,3,6,0.16666666666666666,0.1805776693827329,0.1782591689300552
ceiling_growth_gt25,36,075,61,S,4,6,0.3333333333333333,0.22404831800627975,0.24226248722745533
ceiling_growth_gt25,36,1133,54,J,2,6,0.3333333333333333,0.11758709716893175,0.153544803196332
ceiling_growth_gt25,36,097,56,U,2,6,0.6666666666666666,0.38324057112575804,0.4304782537159095
ceiling_growth_gt25,36,047,81,J,2,6,0.6666666666666666,0.4180585471337279,0.459493233722551
ceiling_growth_gt25,36,019,48,J,3,6,0.16666666666666666,0.28358326324259353,0.2640971638132724
ceiling_growth_gt25,36,036,72,J,0,6,0.16666666666666666,0.26066970228483227,0.2450025296818047
ceiling_growth_gt25,36,097,54,R,2,6,0.16666666666666666,0.2664906439235239,0.24985331438071434
ceiling_growth_gt25,36,014,54,Y,1,6,0.16666666666666666,0.17732574666988624,0.17554923333601632
ceiling_growth_gt25,36,036,49,J,0,6,0.3333333333333333,0.3197654659017778,0.32202677714037037
ceiling_growth_gt25,36,013,48,J,0,6,0.16666666666666666,0.12752655474636937,0.1340499067330856
ceiling_growth_gt25,36,047,54,U,4,6,0.5,0.3568909535169651,0.3807424612641376
ceiling_growth_gt25,36,075,54,R,3,6,0.5,0.26619377163885766,0.30516147636571467
ceiling_growth_gt25,36,012,51,J,3,6,0.3333333333333333,0.0978873872868858,0.13712837829462707
ceiling_growth_gt25,36,1601,51,J,3,6,0.16666666666666666,0.2644970496024423,0.24819198577981302
ceiling_growth_gt25,36,047,92,J,1,6,0.0,0.09463165939881675,0.07885971616568062
ceiling_growth_gt25,36,036,62,K,4,6,0.0,0.5285717427758716,0.44047645231322635
ceiling_growth_gt25,36,019,51,J,4,6,0.3333333333333333,0.452452438235722,0.43259925408532385
ceiling_growth_gt25,36,019,48,J,2,6,0.16666666666666666,0.28358326324259353,0.2640971638132724
ceiling_growth_gt25,36,024,33,J,4,6,0.3333333333333333,0.16383234851154893,0.192082512648513
ceiling_growth_gt25,36,097,81,S,4,6,0.3333333333333333,0.21411769957909219,0.23398697187146567
ceiling_growth_gt25,36,019,54,Z,2,6,1.0,0.5653296587677225,0.6377747156397686
ceiling_growth_gt25,36,075,54,Z,0,6,0.5,0.26078029269926123,0.300650243916051
ceiling_growth_gt25,36,097,54,L,4,6,0.3333333333333333,0.21407664104243773,0.2339527564242537
ceiling_growth_gt25,36,015,56,Z,4,6,0.3333333333333333,0.23665482128111512,0.25276790662315146
ceiling_growth_gt25,36,097,44,J,4,6,0.0,0.07103150410149248,0.05919292008457707
ceiling_growth_gt25,36,019,51,J,2,6,0.3333333333333333,0.452452438235722,0.43259925408532385
ceiling_growth_gt25,36,019,72,J,2,6,0.5,0.2591991844137996,0.2993326536781663
ceiling_growth_gt25,36,028,56,J,3,6,0.16666666666666666,0.14669349141245763,0.1500223539548258
ceiling_growth_gt25,36,089,54,J,2,6,0.0,0.2251376860678391,0.18761473838986592
ceiling_growth_gt25,36,047,32,J,1,6,0.0,0.09252873363439858,0.07710727802866549
ceiling_growth_gt25,36,069,54,S,3,6,0.3333333333333333,0.16149830134173074,0.19013747334033118
ceiling_growth_gt25,36,070,72,J,3,6,0.16666666666666666,0.28205267532556627,0.26282167388241634
ceiling_growth_gt25,36,019,42,J,4,6,0.0,0.14314543056750023,0.11928785880625019
ceiling_growth_gt25,36,036,31,K,4,6,0.0,0.10245338327784131,0.08537781939820109
ceiling_growth_gt25,36,047,71,J,1,6,0.0,0.15841535566923876,0.1320127963910323
ceiling_growth_gt25,36,1601,52,J,4,6,0.6666666666666666,0.5013509414997269,0.5289035623608835
ceiling_growth_gt25,36,097,81,S,3,6,0.16666666666666666,0.21411769957909219,0.20620919409368793
ceiling_growth_gt25,36,068,54,J,4,6,0.0,0.18767233113588833,0.15639360927990692
ceiling_growth_gt25,36,097,54,Z,2,6,0.5,0.33639561106711086,0.36366300922259237
ceiling_growth_gt25,36,091,61,U,4,6,0.0,0.17238639186063157,0.14365532655052632
ceiling_growth_gt25,36,097,61,U,1,6,0.0,0.23121253182890042,0.19267710985741704
ceiling_growth_gt25,36,049,54,Y,3,6,0.0,0.09288905031369149,0.07740754192807625
ceiling_growth_gt25,36,069,51,J,1,6,0.3333333333333333,0.32347735901638913,0.3251200214025465
ceiling_growth_gt25,36,089,54,R,4,6,0.3333333333333333,0.2719863036391414,0.2822108085881734
ceiling_growth_gt25,36,097,81,Y,1,6,0.3333333333333333,0.2041280084396342,0.22566222925525073
ceiling_growth_gt25,36,069,23,L,2,6,0.0,0.08117369147337224,0.06764474289447686
ceiling_growth_gt25,36,097,44,J,2,6,0.0,0.07103150410149248,0.05919292008457707
ceiling_growth_gt25,36,075,81,J,4,6,0.16666666666666666,0.14673338464832184,0.15005559831804596
ceiling_growth_gt25,36,089,54,Y,1,6,0.16666666666666666,0.2546790035022124,0.24001028069628813
ceiling_growth_gt25,36,080,54,S,0,6,0.5,0.24208878785511745,0.2850739898792646
ceiling_growth_gt25,36,075,56,R,4,6,0.5,0.3499615458595138,0.37496795488292817
ceiling_growth_gt25,36,089,54,J,1,6,0.3333333333333333,0.2251376860678391,0.2431702939454215
ceiling_growth_gt25,36,088,56,J,3,6,0.0,0.06950852743098242,0.05792377285915202
ceiling_growth_gt25,36,514,51,J,2,6,0.5,0.4496306813398519,0.4580255677832099
ceiling_growth_gt25,36,050,54,J,0,6,0.3333333333333333,0.24900196844361186,0.26305719592523213
ceiling_growth_gt25,36,097,56,S,2,6,0.0,0.18486865748323603,0.15405721456936336
ceiling_growth_gt25,36,3302,23,J,0,6,0.16666666666666666,0.27469331626647364,0.2566888746665058
ceiling_growth_gt25,36,020,56,Z,3,6,0.16666666666666666,0.21785110727924098,0.20932036717714525
ceiling_growth_gt25,36,072,81,Y,0,5,0.4,0.3665853681426396,0.37135888697940533
ceiling_growth_gt25,36,015,56,Z,3,5,0.2,0.23665482128111512,0.2314184182409558
ceiling_growth_gt25,36,072,56,J,0,5,0.0,0.1518624096057506,0.13016777966207194
ceiling_growth_gt25,36,9553,62,J,3,5,0.0,0.1089704367723983,0.09340323151919855
ceiling_growth_gt25,36,068,54,J,3,5,0.0,0.18767233113588833,0.1608619981164757
ceiling_growth_gt25,36,097,56,V,4,5,0.6,0.27154166412082453,0.31846428353213535
ceiling_growth_gt25,36,012,56,J,2,5,0.8,0.30428340382166597,0.37510006041857086
ceiling_growth_gt25,36,019,44,J,1,5,0.0,0.2074150173019565,0.17778430054453415
ceiling_growth_gt25,36,070,72,J,4,5,0.2,0.28205267532556627,0.27033086456477107
ceiling_growth_gt25,36,068,33,J,4,5,0.0,0.08318247581498955,0.07129926498427676
ceiling_growth_gt25,36,070,42,J,0,5,0.0,0.12547102376965913,0.10754659180256496
ceiling_growth_gt25,36,070,32,J,2,5,0.0,0.11244647135165045,0.0963826897299861
ceiling_growth_gt25,36,070,48,J,0,5,0.0,0.2411526322312365,0.2067022561982027
ceiling_growth_gt25,36,080,54,S,2,5,0.2,0.24208878785511745,0.23607610387581499
ceiling_growth_gt25,36,031,54,J,1,5,0.0,0.09418278842683606,0.08072810436585948
ceiling_growth_gt25,36,097,81,Y,3,5,0.2,0.2041280084396342,0.20353829294825787
ceiling_growth_gt25,36,015,54,Z,2,5,0.4,0.30670072646185326,0.3200291941101599
ceiling_growth_gt25,36,070,42,J,1,5,0.0,0.12547102376965913,0.10754659180256496
ceiling_growth_gt25,36,047,33,K,0,5,0.0,0.05832778540490465,0.04999524463277542
ceiling_growth_gt25,36,019,48,J,1,5,0.4,0.28358326324259353,0.30021422563650874
ceiling_growth_gt25,36,068,54,Y,4,5,0.0,0.11188703993747011,0.09590317708926009
ceiling_growth_gt25,36,097,22,K,2,5,1.0,0.4832414654503606,0.5570641132431663
ceiling_growth_gt25,36,019,53,J,0,5,0.0,0.2074150173019565,0.17778430054453415
ceiling_growth_gt25,36,086,56,J,4,5,0.2,0.19043272506337822,0.19179947862575275
ceiling_growth_gt25,36,080,33,U,3,5,0.2,0.31074903436133583,0.2949277437382879
ceiling_growth_gt25,36,1601,61,J,3,5,0.8,0.7161454945279242,0.7281247095953637
ceiling_growth_gt25,36,070,56,Y,4,5,0.2,0.32107871048370307,0.3037817518431741
ceiling_growth_gt25,36,072,49,J,4,5,0.0,0.18743779528812002,0.16066096738981717
ceiling_growth_gt25,36,071,54,J,2,5,0.0,0.3250394673455397,0.2786052577247483
ceiling_growth_gt25,36,015,51,J,2,5,0.2,0.26790887007425307,0.25820760292078837
ceiling_growth_gt25,36,014,42,J,1,5,0.2,0.11182737670872653,0.12442346575033701
ceiling_growth_gt25,36,075,62,Z,4,5,0.4,0.39175616493597554,0.39293385565940764
ceiling_growth_gt25,36,070,33,U,2,5,0.4,0.25173816712853325,0.2729184289673142
ceiling_growth_gt25,36,069,51,J,2,5,0.6,0.32347735901638913,0.36298059344261924
ceiling_growth_gt25,36,050,52,Y,0,5,0.2,0.24244982927565167,0.23638556795055854
ceiling_growth_gt25,36,070,33,L,4,5,0.6,0.33824704353014845,0.37564032302584155
ceiling_growth_gt25,36,047,44,R,4,5,0.8,0.420488543809466,0.4747044661223994
ceiling_growth_gt25,36,020,81,J,0,5,0.2,0.21272339655799985,0.2109057684782856
ceiling_growth_gt25,36,070,48,J,3,5,0.4,0.2411526322312365,0.26384511334105987
ceiling_growth_gt25,36,1602,54,J,2,5,0.2,0.22470450295645766,0.22117528824839228
ceiling_growth_gt25,36,097,61,S,1,5,0.0,0.07026398501397693,0.060226272869123076
ceiling_growth_gt25,36,075,56,Y,3,5,0.6,0.332576929188294,0.37078022501853775
ceiling_growth_gt25,36,1601,42,J,1,5,0.2,0.24428139118554623,0.2379554781590396
ceiling_growth_gt25,36,014,22,J,3,5,0.6,0.21040066809747243,0.2660577155121192
ceiling_growth_gt25,36,072,56,J,4,5,0.0,0.1518624096057506,0.13016777966207194
ceiling_growth_gt25,36,075,53,J,0,5,0.4,0.2615749148821016,0.28134992704180134
ceiling_growth_gt25,36,1601,54,Y,0,5,0.2,0.38701925275297366,0.360302216645406
ceiling_growth_gt25,36,075,51,Y,4,5,0.2,0.2512979418484032,0.24396966444148843
ceiling_growth_gt25,36,097,54,T,1,5,0.6,0.14868059530950326,0.21315479597957424
ceiling_growth_gt25,36,049,54,J,1,5,0.2,0.09127292538498502,0.10680536461570145
ceiling_growth_gt25,36,394,54,J,0,5,0.0,0.0873884662155661,0.07490439961334237
ceiling_growth_gt25,36,3302,23,J,3,5,0.6,0.27469331626647364,0.3211656996569774
ceiling_growth_gt25,36,014,51,J,1,5,0.0,0.19231118153610718,0.16483815560237758
ceiling_growth_gt25,36,3302,23,J,1,5,0.0,0.27469331626647364,0.2354514139426917
ceiling_growth_gt25,36,089,42,J,0,5,0.0,0.14033773736166572,0.12028948916714205
ceiling_growth_gt25,36,097,23,U,4,5,0.2,0.14993648208675028,0.15708841321721453
ceiling_growth_gt25,36,524,54,J,2,5,0.0,0.08628668179572446,0.07396001296776383
ceiling_growth_gt25,36,097,21,J,4,5,0.0,0.06403716542628408,0.054888998936814926
ceiling_growth_gt25,36,097,11,J,0,5,0.2,0.2385230468389658,0.23301975443339923
ceiling_growth_gt25,36,072,32,J,4,5,0.2,0.1956768336745811,0.19629442886392667
ceiling_growth_gt25,36,014,32,J,2,5,0.2,0.1256048723439603,0.13623274772339455
ceiling_growth_gt25,36,015,56,Y,3,5,0.0,0.18261848667912725,0.15653013143925193
ceiling_growth_gt25,36,047,81,J,0,5,0.4,0.4180585471337279,0.4154787546860525
ceiling_growth_gt25,36,019,52,J,0,5,0.6,0.28508830915246736,0.33007569355925775
ceiling_growth_gt25,36,070,81,J,0,5,0.4,0.21514883989858644,0.24155614848450263
ceiling_growth_gt25,36,097,61,S,2,5,0.2,0.07026398501397693,0.08879770144055166
ceiling_growth_gt25,36,097,56,Y,3,5,0.0,0.22834691835280124,0.19572593001668678
ceiling_growth_gt25,36,012,56,J,4,5,0.4,0.30428340382166597,0.3179572032757137
ceiling_growth_gt25,36,097,52,U,4,5,0.0,0.10343046387513403,0.08865468332154346
ceiling_growth_gt25,36,036,51,K,0,5,0.0,0.1179267812192484,0.10108009818792721
ceiling_growth_gt25,36,014,48,J,2,5,0.8,0.29017979879018396,0.3630112561058719
ceiling_growth_gt25,36,097,62,U,4,5,0.4,0.17874241651672873,0.2103506427286246
ceiling_growth_gt25,36,013,54,U,4,5,0.2,0.22242872238143221,0.21922461918408476
ceiling_growth_gt25,36,069,23,L,1,5,0.0,0.08117369147337224,0.06957744983431906
ceiling_growth_gt25,36,075,56,Z,3,5,0.4,0.2860125288991052,0.3022964533420902
ceiling_growth_gt25,36,097,22,K,1,5,1.0,0.4832414654503606,0.5570641132431663
ceiling_growth_gt25,36,047,48,J,1,5,0.2,0.1328547998946845,0.142446971338301
ceiling_growth_gt25,36,013,54,Y,1,5,0.4,0.17495807198907776,0.20710691884778093
ceiling_growth_gt25,36,069,51,J,3,5,0.2,0.32347735901638913,0.3058377362997621
ceiling_growth_gt25,36,019,54,Y,3,5,0.4,0.4692856997400378,0.4593877426343182
ceiling_growth_gt25,36,524,54,Y,4,5,0.0,0.048802960646628896,0.04183110912568191
ceiling_growth_gt25,36,049,54,Z,3,5,0.2,0.11665136551021724,0.12855831329447193
ceiling_growth_gt25,36,015,42,J,2,5,0.0,0.057013232914264945,0.048868485355084236
ceiling_growth_gt25,36,024,23,J,3,5,0.0,0.08921238686521424,0.07646776017018364
ceiling_growth_gt25,36,097,33,V,3,5,0.2,0.3591424918064168,0.33640785011978586
ceiling_growth_gt25,36,031,56,J,3,5,0.0,0.11812677521375496,0.10125152161178996
ceiling_growth_gt25,36,019,48,J,4,5,0.4,0.28358326324259353,0.30021422563650874
ceiling_growth_gt25,36,072,81,Z,0,5,0.6,0.411957996805344,0.4388211401188663
ceiling_growth_gt25,36,075,49,J,4,5,0.0,0.18727492318628683,0.16052136273110298
ceiling_growth_gt25,36,1601,33,J,0,5,0.0,0.24809520247369737,0.2126530306917406
ceiling_growth_gt25,36,1602,51,J,3,5,0.0,0.09694683428507019,0.08309728653006017
ceiling_growth_gt25,36,072,81,J,1,5,0.4,0.3766097576998477,0.37995122088558375
ceiling_growth_gt25,36,070,48,J,1,5,0.6,0.2411526322312365,0.29241654191248845
ceiling_growth_gt25,36,012,11,J,4,5,0.0,0.070842694846133,0.060722309868114
ceiling_growth_gt25,36,012,31,A,3,5,0.0,0.0009335369171797846,0.0008001745004398154
ceiling_growth_gt25,36,091,61,R,4,5,0.8,0.2728766540201143,0.34817998916009796
ceiling_growth_gt25,36,097,21,J,2,5,0.0,0.06403716542628408,0.054888998936814926
ceiling_growth_gt25,36,014,81,J,1,4,0.0,0.086104610742221,0.07597465653725383
ceiling_growth_gt25,36,070,52,J,4,4,0.25,0.2128555381947399,0.21722547487771168
ceiling_growth_gt25,36,049,54,Y,2,4,0.25,0.09288905031369149,0.1113726914532572
ceiling_growth_gt25,36,036,44,J,3,4,0.0,0.17443259590606408,0.15391111403476243
ceiling_growth_gt25,36,070,56,Z,3,4,0.0,0.24673225873641924,0.21770493417919345
ceiling_growth_gt25,36,068,49,J,3,4,0.25,0.1560286694700718,0.16708412012065157
ceiling_growth_gt25,36,047,42,J,2,4,0.0,0.07951688046706129,0.07016195335328937
ceiling_growth_gt25,36,097,51,U,3,4,0.25,0.26212689610305645,0.2607002024438734
ceiling_growth_gt25,36,019,54,Y,0,4,0.25,0.46928569974003786,0.4434873821235628
ceiling_growth_gt25,36,089,54,U,3,4,0.75,0.2612698646929646,0.31876752767026284
ceiling_growth_gt25,36,050,54,J,2,4,0.0,0.24900196844361183,0.21970761921495163
ceiling_growth_gt25,36,012,48,J,2,4,0.25,0.13924567286076497,0.15227559370067498
ceiling_growth_gt25,36,075,32,S,4,4,0.0,0.17286531649930734,0.1525282204405653
ceiling_growth_gt25,36,069,42,J,2,4,0.0,0.14566783746345857,0.12853044482069875
ceiling_growth_gt25,36,020,32,J,4,4,0.0,0.17139958781482909,0.1512349304248492
ceiling_growth_gt25,36,013,54,Z,0,4,0.0,0.1846974389026659,0.16296832844352874
ceiling_growth_gt25,36,086,54,Z,3,4,0.5,0.25286708595843616,0.2819415464339143
ceiling_growth_gt25,36,047,32,J,3,4,0.0,0.09252873363439859,0.08164300026564582
ceiling_growth_gt25,36,036,51,K,1,4,0.0,0.1179267812192484,0.104053042252278
ceiling_growth_gt25,36,073,54,Y,0,4,0.0,0.33705241900951466,0.2973991932436894
ceiling_growth_gt25,36,072,54,Y,2,4,0.5,0.2766333126587437,0.30291174646359736
ceiling_growth_gt25,36,070,54,Z,2,4,0.25,0.21065609985654346,0.21528479399106776
ceiling_growth_gt25,36,3300,23,J,1,4,0.5,0.6019992852398726,0.5899993693292993
ceiling_growth_gt25,36,019,53,J,2,4,0.0,0.20741501730195647,0.18301325056054982
ceiling_growth_gt25,36,1602,54,J,3,4,0.25,0.22470450295645764,0.22768044378510965
ceiling_growth_gt25,36,097,56,K,3,4,0.75,0.3553673222165489,0.4017946960734255
ceiling_growth_gt25,36,015,22,J,4,4,0.25,0.039898365579164805,0.06461620492279246
ceiling_growth_gt25,36,097,22,K,0,4,1.0,0.4832414654503606,0.5440365871620829
ceiling_growth_gt25,36,019,54,Z,0,4,1.0,0.5653296587677225,0.6164673459715198
ceiling_growth_gt25,36,097,56,U,0,4,0.5,0.38324057112575804,0.3969769745227277
ceiling_growth_gt25,36,069,42,J,1,4,0.0,0.14566783746345857,0.12853044482069875
ceiling_growth_gt25,36,3300,61,S,2,4,0.0,0.29523674607189104,0.2605030112399038
ceiling_growth_gt25,36,013,56,J,1,4,0.25,0.2547236688848109,0.2541679431336567
ceiling_growth_gt25,36,012,32,J,0,4,0.25,0.06369455434837376,0.08561284207209449
ceiling_growth_gt25,36,089,42,J,1,4,0.0,0.14033773736166572,0.12382741531911681
ceiling_growth_gt25,36,050,51,J,2,4,0.25,0.17764823623583298,0.18616020844338202
ceiling_growth_gt25,36,013,54,S,1,4,0.0,0.1310477532279397,0.11563037049524093
ceiling_growth_gt25,36,080,54,U,0,4,0.5,0.21680450215677305,0.2501216195500939
ceiling_growth_gt25,36,089,56,Y,4,4,0.5,0.28410655687597597,0.3095057854788023
ceiling_growth_gt25,36,075,61,S,2,4,0.25,0.22404831800627975,0.2271014570643645
ceiling_growth_gt25,36,047,42,J,3,4,0.0,0.07951688046706129,0.07016195335328937
ceiling_growth_gt25,36,075,61,S,3,4,0.25,0.22404831800627975,0.2271014570643645
ceiling_growth_gt25,36,036,53,J,4,4,0.25,0.18157224621558982,0.18962257019022632
ceiling_growth_gt25,36,1601,56,J,3,4,0.75,0.4648493056015438,0.4983964461190092
ceiling_growth_gt25,36,036,22,J,4,4,0.0,0.1731172960092294,0.15275055530226123
ceiling_growth_gt25,36,014,51,J,3,4,0.75,0.19231118153610718,0.25792163076715335
ceiling_growth_gt25,36,070,54,Z,1,4,0.25,0.21065609985654346,0.21528479399106776
ceiling_growth_gt25,36,027,54,J,3,4,0.75,0.2780314578834456,0.3335571687206873
ceiling_growth_gt25,36,070,53,J,0,4,0.5,0.3684581594700909,0.3839336701206685
ceiling_growth_gt25,36,036,54,S,3,4,0.0,0.11924584465955049,0.1052169217584269
ceiling_growth_gt25,36,036,44,J,0,4,0.5,0.17443259590606408,0.21273464344652715
ceiling_growth_gt25,36,036,71,J,0,4,0.25,0.21853487169606,0.22223665149652352
ceiling_growth_gt25,36,097,72,R,4,4,0.0,0.15191910711094136,0.13404627098024238
ceiling_growth_gt25,36,080,61,S,4,4,0.25,0.1771821239513027,0.18574893289820826
ceiling_growth_gt25,36,047,33,K,1,4,0.0,0.05832778540490465,0.05146569300432763
ceiling_growth_gt25,36,1601,56,U,3,4,0.25,0.4427856231802977,0.4201049616296744
ceiling_growth_gt25,36,072,61,J,3,4,0.25,0.15056169699873206,0.16226032088123415
ceiling_growth_gt25,36,014,48,J,0,4,0.0,0.29017979879018396,0.25604099893251525
ceiling_growth_gt25,36,097,33,K,2,4,0.0,0.1240412324078948,0.10944814624226012
ceiling_growth_gt25,36,514,54,J,2,4,0.5,0.26823649211832273,0.2955027871632259
ceiling_growth_gt25,36,050,54,Y,3,4,0.5,0.25574922706716285,0.28448461211808485
ceiling_growth_gt25,36,019,53,J,1,4,0.25,0.20741501730195647,0.21242501526643218
ceiling_growth_gt25,36,050,54,Y,4,4,0.0,0.25574922706716285,0.22566108270632015
ceiling_growth_gt25,36,036,31,J,4,4,0.0,0.10538062280006533,0.09298290247064588
ceiling_growth_gt25,36,1601,51,J,4,4,0.0,0.2644970496024423,0.23337974964921382
ceiling_growth_gt25,36,014,61,J,2,4,0.75,0.33371587181710893,0.3826904751327432
ceiling_growth_gt25,36,050,51,J,3,4,0.0,0.17764823623583298,0.1567484437374997
ceiling_growth_gt25,36,013,48,J,1,4,0.0,0.12752655474636937,0.11252343065856121
ceiling_growth_gt25,36,097,56,L,4,4,0.5,0.25011641894790754,0.27951448730697726
ceiling_growth_gt25,36,514,51,J,3,4,0.5,0.44963068133985196,0.4555564835351635
ceiling_growth_gt25,36,075,32,J,1,4,0.0,0.18834801562011846,0.16618942554716334
ceiling_growth_gt25,36,070,31,J,4,4,0.25,0.1740618239898464,0.18299572704986447
ceiling_growth_gt25,36,097,61,U,3,4,0.0,0.23121253182890042,0.2040110574960886
ceiling_growth_gt25,36,068,23,J,0,4,0.0,0.18708534348072037,0.16507530307122384
ceiling_growth_gt25,36,013,54,S,2,4,0.25,0.1310477532279397,0.14504213520112327
ceiling_growth_gt25,36,089,54,Z,4,4,0.25,0.25803828806790335,0.2570926071187382
ceiling_growth_gt25,36,012,22,J,0,4,0.25,0.06645356937841615,0.08804726709860249
ceiling_growth_gt25,36,047,49,J,3,4,0.25,0.27565772473881933,0.27263916888719353
ceiling_growth_gt25,36,072,92,Z,0,4,0.25,0.24366253819641612,0.24440812193801426
ceiling_growth_gt25,36,013,54,Z,1,4,0.5,0.1846974389026659,0.22179185785529343
ceiling_growth_gt25,36,069,54,Z,4,4,0.25,0.3006637546810622,0.2947033129538784
ceiling_growth_gt25,36,047,23,L,4,4,0.0,0.2164661278619422,0.19099952458406666
ceiling_growth_gt25,36,072,49,J,2,4,0.5,0.18743779528812002,0.22420981937187062
ceiling_growth_gt25,36,3300,54,J,1,4,0.5,0.5019049150217861,0.5016808073721643
ceiling_growth_gt25,36,047,51,J,1,4,0.5,0.21416854788377862,0.24779577754451054
ceiling_growth_gt25,36,075,51,U,1,4,0.5,0.36523086374103747,0.3810860562420919
ceiling_growth_gt25,36,086,56,J,2,4,0.0,0.19043272506337822,0.16802887505592196
ceiling_growth_gt25,36,514,33,J,0,4,0.25,0.2801449885853298,0.2765985193399969
ceiling_growth_gt25,36,069,54,T,3,4,0.25,0.26207457108855026,0.2606540333134267
ceiling_growth_gt25,36,097,54,V,3,4,0.25,0.33958335870819356,0.3290441400366414
ceiling_growth_gt25,36,1601,56,J,4,4,0.0,0.4648493056015438,0.41016115200136216
ceiling_growth_gt25,36,020,81,J,2,4,0.25,0.21272339655799985,0.21710887931588221
ceiling_growth_gt25,36,1602,52,Y,4,4,0.0,0.12543331265273408,0.11067645234064771
ceiling_growth_gt25,36,070,42,J,3,4,0.25,0.12547102376965913,0.14012149156146392
ceiling_growth_gt25,36,014,54,Z,2,4,0.0,0.1805776693827329,0.15933323769064667
ceiling_growth_gt25,36,070,33,R,4,4,0.25,0.28937195657515286,0.28473996168395843
ceiling_growth_gt25,36,070,32,J,3,4,0.0,0.11244647135165045,0.09921747472204452
ceiling_growth_gt25,36,075,92,S,0,4,0.0,0.14960835429314986,0.13200737143513225
ceiling_growth_gt25,36,020,42,J,0,4,0.0,0.10100620512300938,0.08912312216736122
ceiling_growth_gt25,36,014,54,S,0,4,0.25,0.0831760311697655,0.10280238044391074
ceiling_growth_gt25,36,050,51,J,4,4,0.25,0.17764823623583298,0.18616020844338202
ceiling_growth_gt25,36,047,51,J,4,4,0.0,0.21416854788377862,0.18897224813274582
ceiling_growth_gt25,36,075,32,U,3,4,0.5,0.22736388825425957,0.259438724930229
ceiling_growth_gt25,36,070,72,J,1,4,0.75,0.28205267532556627,0.3371053017578526
ceiling_growth_gt25,36,072,54,Y,1,4,0.0,0.2766333126587437,0.24408821705183267
ceiling_growth_gt25,36,013,51,J,2,4,0.25,0.2126026672441118,0.21700235345068689
ceiling_growth_gt25,36,020,54,B,4,4,0.0,0.177797593452699,0.15688022951708736
ceiling_growth_gt25,36,020,42,J,2,4,0.25,0.10100620512300938,0.11853488687324357
ceiling_growth_gt25,36,097,33,Y,1,4,0.25,0.15173068987218055,0.1632917851813358
ceiling_growth_gt25,36,019,56,Z,2,4,1.0,0.5318196816611658,0.5868997191127934
ceiling_growth_gt25,36,1602,52,Z,4,4,0.0,0.12912252773075567,0.11393164211537264
ceiling_growth_gt25,36,020,49,J,4,4,0.25,0.244541831045022,0.24518396856913705
ceiling_growth_gt25,36,089,51,J,3,4,0.0,0.24368030090263404,0.21501203020820653
ceiling_growth_gt25,36,086,52,J,3,4,0.0,0.29452113154700754,0.2598715866591243
ceiling_growth_gt25,36,047,54,Z,3,4,0.25,0.3381072191213354,0.32774166393059007
ceiling_growth_gt25,36,031,54,Z,2,4,0.0,0.07740398346690865,0.06829763247080174
ceiling_growth_gt25,36,086,51,J,0,4,0.25,0.16885967731373164,0.1784055976297632
ceiling_growth_gt25,36,014,32,J,4,4,0.0,0.1256048723439603,0.11082782853878852
ceiling_growth_gt25,36,036,92,J,1,4,0.0,0.11046106188319488,0.09746564283811313
ceiling_growth_gt25,36,097,23,Y,0,4,0.0,0.09993476538639219,0.0881777341644637
ceiling_growth_gt25,36,097,33,Y,0,4,0.25,0.15173068987218055,0.1632917851813358
ceiling_growth_gt25,36,347,54,Y,3,4,0.25,0.20431146716122905,0.2096865886716727
ceiling_growth_gt25,36,073,61,J,0,4,0.0,0.16947604539048047,0.14953768710924747
ceiling_growth_gt25,36,097,56,Y,4,4,0.0,0.22834691835280124,0.2014825750171776
ceiling_growth_gt25,36,012,48,J,1,4,0.0,0.13924567286076497,0.12286382899479262
ceiling_growth_gt25,36,068,23,J,1,4,0.5,0.18708534348072037,0.22389883248298856
ceiling_growth_gt25,36,015,62,J,0,4,0.25,0.23252261456620477,0.23457877755841597
ceiling_growth_gt25,36,097,23,S,4,4,0.25,0.10875253880283856,0.1253698871789752
ceiling_growth_gt25,36,049,54,Z,4,4,0.0,0.11665136551021724,0.10292767545019167
ceiling_growth_gt25,36,097,54,Z,0,4,0.5,0.3363956110671108,0.35564318623568597
ceiling_growth_gt25,36,020,81,J,1,4,0.5,0.21272339655799985,0.24652064402176457
ceiling_growth_gt25,36,014,42,J,3,4,0.0,0.11182737670872654,0.098671214742994
ceiling_growth_gt25,36,020,53,J,3,3,0.0,0.1968972329291252,0.1789974844810229
ceiling_growth_gt25,36,072,22,J,4,3,0.0,0.1373674078407379,0.12487946167339808
ceiling_growth_gt25,36,070,22,J,2,3,0.0,0.24086781175205,0.21897073795640906
ceiling_growth_gt25,36,013,48,J,2,3,0.3333333333333333,0.12752655474636937,0.14623626189063882
ceiling_growth_gt25,36,080,54,Y,0,3,0.0,0.12839092636364333,0.11671902396694847
ceiling_growth_gt25,36,071,54,Y,2,3,1.0,0.47450503325965415,0.522277302963322
ceiling_growth_gt25,36,3300,33,J,1,3,0.0,0.29523674607189104,0.2683970418835373
ceiling_growth_gt25,36,097,56,Y,0,3,0.6666666666666666,0.22834691835280121,0.2681941681995163
ceiling_growth_gt25,36,097,22,A,4,3,0.6666666666666666,0.29372225167054944,0.3276262893974692
ceiling_growth_gt25,36,097,62,Z,3,3,0.0,0.15096463873895094,0.13724058067177358
ceiling_growth_gt25,36,036,49,J,1,3,0.3333333333333333,0.3197654659017778,0.32099890839555556
ceiling_growth_gt25,36,019,54,Y,1,3,0.3333333333333333,0.46928569974003786,0.45692639370306476
ceiling_growth_gt25,36,086,51,U,4,3,0.3333333333333333,0.20439890875375813,0.21612022007917406
ceiling_growth_gt25,36,019,61,Y,4,3,0.0,0.3274722073493758,0.29770200668125074
ceiling_growth_gt25,36,524,54,J,0,3,0.3333333333333333,0.08628668179572446,0.10874546829914346
ceiling_growth_gt25,36,089,54,Y,2,3,0.6666666666666666,0.2546790035022124,0.2921324274262537
ceiling_growth_gt25,36,075,52,Y,4,3,0.3333333333333333,0.4234122665950268,0.41522327266214554
ceiling_growth_gt25,36,013,56,J,2,3,0.0,0.2547236688848109,0.23156697171346446
ceiling_growth_gt25,36,075,56,U,3,3,0.6666666666666666,0.386446993044906,0.4119215088287024
ceiling_growth_gt25,36,097,92,U,4,3,0.3333333333333333,0.3264408400519998,0.3270674303503029
ceiling_growth_gt25,36,072,54,Z,4,3,0.0,0.3262934352700157,0.2966303957000143
ceiling_growth_gt25,36,075,51,Y,3,3,0.0,0.2512979418484032,0.22845267440763928
ceiling_growth_gt25,36,072,54,Z,3,3,0.3333333333333333,0.3262934352700157,0.3269334260030446
ceiling_growth_gt25,36,097,61,S,0,3,0.0,0.07026398501397693,0.06387635001270629
ceiling_growth_gt25,36,012,54,Z,1,3,0.3333333333333333,0.3219209943801979,0.3229584797395738
ceiling_growth_gt25,36,068,33,J,3,3,0.3333333333333333,0.08318247581498955,0.10592346286211173
ceiling_growth_gt25,36,015,53,J,4,3,0.3333333333333333,0.1615513380571018,0.1771678830822138
ceiling_growth_gt25,36,020,61,J,1,3,0.3333333333333333,0.1636749283308084,0.1790984196946743
ceiling_growth_gt25,36,097,56,B,2,3,0.6666666666666666,0.2639988401174682,0.3006050061673954
ceiling_growth_gt25,36,097,56,Y,2,3,0.3333333333333333,0.22834691835280121,0.23789113789648597
ceiling_growth_gt25,36,036,52,J,4,3,0.0,0.1270766333765494,0.11552421216049945
ceiling_growth_gt25,36,097,49,Y,4,3,0.0,0.21431270771300584,0.19482973428455075
ceiling_growth_gt25,36,013,56,Z,4,3,0.0,0.2311447078935317,0.21013155263048336
ceiling_growth_gt25,36,019,44,J,0,3,0.3333333333333333,0.20741501730195647,0.21886213694117254
ceiling_growth_gt25,36,047,31,J,1,3,0.0,0.06409708278147595,0.05827007525588723
ceiling_growth_gt25,36,020,61,J,0,3,0.0,0.1636749283308084,0.148795389391644
ceiling_growth_gt25,36,069,54,R,4,3,0.3333333333333333,0.28317287342954744,0.2877329152389825
ceiling_growth_gt25,36,089,51,J,4,3,0.3333333333333333,0.24368030090263404,0.25183057657815217
ceiling_growth_gt25,36,072,56,J,1,3,0.3333333333333333,0.1518624096057506,0.1683597663082581
ceiling_growth_gt25,36,012,31,M,3,3,0.0,0.001007237200115031,0.0009156701819227553
ceiling_growth_gt25,36,013,54,Z,2,3,0.3333333333333333,0.1846974389026659,0.19820979294181748
ceiling_growth_gt25,36,089,54,S,1,3,0.0,0.18111521114482643,0.1646501919498422
ceiling_growth_gt25,36,097,48,V,4,3,1.0,0.25795405131324733,0.325412773921134
ceiling_growth_gt25,36,014,53,J,3,3,0.3333333333333333,0.15035725834830072,0.16699144698330368
ceiling_growth_gt25,36,060,54,J,0,3,0.3333333333333333,0.25053135890857925,0.2580588111290114
ceiling_growth_gt25,36,071,54,J,1,3,0.6666666666666666,0.3250394673455397,0.35609648546564215
ceiling_growth_gt25,36,070,56,M,4,3,0.3333333333333333,0.29827722482873104,0.30146414378369485
ceiling_growth_gt25,36,031,54,J,4,3,0.0,0.09418278842683607,0.08562071675166916
ceiling_growth_gt25,36,047,49,J,1,3,0.3333333333333333,0.27565772473881933,0.28090096188377517
ceiling_growth_gt25,36,097,92,K,0,3,1.0,0.5732052525668059,0.6120047750607326
ceiling_growth_gt25,36,069,22,J,0,3,0.6666666666666666,0.23270395782172218,0.2721551131712626
ceiling_growth_gt25,36,047,81,J,1,3,0.6666666666666666,0.4180585471337279,0.440659285273086
ceiling_growth_gt25,36,097,23,Y,2,3,0.3333333333333333,0.09993476538639219,0.12115281701793229
ceiling_growth_gt25,36,020,54,U,4,3,0.3333333333333333,0.22986051935405047,0.23926713880671255
ceiling_growth_gt25,36,075,11,J,1,3,0.0,0.2138855711057215,0.19444142827792862
ceiling_growth_gt25,36,070,53,J,4,3,0.6666666666666666,0.3684581594700909,0.3955680237606887
ceiling_growth_gt25,36,013,49,J,4,3,0.6666666666666666,0.2748121013384186,0.3104352436409866
ceiling_growth_gt25,36,080,56,J,2,3,0.0,0.07133480239191627,0.06484982035628752
ceiling_growth_gt25,36,072,32,J,1,3,0.0,0.1956768336745811,0.17788803061325556
ceiling_growth_gt25,36,031,33,J,0,3,0.0,0.08353770214432536,0.07594336558575034
ceiling_growth_gt25,36,024,54,J,1,3,0.3333333333333333,0.13966784137855173,0.15727379519262277
ceiling_growth_gt25,36,075,51,U,3,3,0.6666666666666666,0.36523086374103747,0.39263411855245833
ceiling_growth_gt25,36,097,51,Y,4,3,0.0,0.15477083673337438,0.140700760666704
ceiling_growth_gt25,36,019,61,J,3,3,0.3333333333333333,0.37634721053641434,0.372436858063407
ceiling_growth_gt25,36,019,22,J,3,3,0.0,0.20698405999721448,0.18816732727019497
ceiling_growth_gt25,36,019,56,Z,3,3,0.3333333333333333,0.5318196816611658,0.5137754681768174
ceiling_growth_gt25,36,080,56,S,4,3,0.0,0.09727473053443127,0.08843157321311934
ceiling_growth_gt25,36,028,54,J,4,3,0.0,0.07513598116895744,0.06830543742632494
ceiling_growth_gt25,36,029,54,Y,0,3,0.3333333333333333,0.32505330153376555,0.3258060316973626
ceiling_growth_gt25,36,091,56,J,3,3,0.3333333333333333,0.1700124996780504,0.18485984819216705
ceiling_growth_gt25,36,071,54,J,0,3,0.3333333333333333,0.3250394673455397,0.3257934551626118
ceiling_growth_gt25,36,070,33,Y,0,3,0.3333333333333333,0.31878372128103516,0.3201064132857896
ceiling_growth_gt25,36,072,92,J,1,3,0.0,0.24366253819641612,0.2215113983603783
ceiling_growth_gt25,36,091,54,U,3,3,0.3333333333333333,0.17481052810903916,0.18922169222033863
ceiling_growth_gt25,36,027,56,J,1,3,0.0,0.13333499255090958,0.12121362959173598
ceiling_growth_gt25,36,069,54,T,2,3,0.0,0.26207457108855026,0.23824961008050022
ceiling_growth_gt25,36,9553,54,J,0,3,1.0,0.2928705124405381,0.3571550113095801
ceiling_growth_gt25,36,072,33,J,0,3,0.0,0.16695494035964667,0.1517772185087697
ceiling_growth_gt25,36,097,11,J,4,3,0.3333333333333333,0.23852304683896577,0.2471421637929992
ceiling_growth_gt25,36,020,32,J,0,3,0.0,0.17139958781482909,0.15581780710439008
ceiling_growth_gt25,36,014,81,J,4,3,0.0,0.08610461074222102,0.07827691885656457
ceiling_growth_gt25,36,089,56,J,1,3,0.6666666666666666,0.24561025883121182,0.2838881140889804
ceiling_growth_gt25,36,031,56,J,4,3,0.3333333333333333,0.11812677521375496,0.13769100777008028
ceiling_growth_gt25,36,019,21,J,3,3,0.3333333333333333,0.24657058140168805,0.25445810430456495
ceiling_growth_gt25,36,019,56,U,4,3,0.6666666666666666,0.4786113901896069,0.49570732441479415
ceiling_growth_gt25,36,019,44,J,4,3,0.0,0.20741501730195647,0.18855910663814224
ceiling_growth_gt25,36,069,23,K,3,3,0.3333333333333333,0.18066167942156888,0.19454092068627474
ceiling_growth_gt25,36,047,92,J,0,3,0.0,0.09463165939881675,0.08602878127165159
ceiling_growth_gt25,36,091,54,U,2,3,0.3333333333333333,0.17481052810903916,0.18922169222033863
ceiling_growth_gt25,36,097,49,Y,3,3,0.3333333333333333,0.21431270771300584,0.22513276458758105
ceiling_growth_gt25,36,047,42,J,1,3,0.0,0.07951688046706129,0.0722880731518739
ceiling_growth_gt25,36,020,42,J,4,3,0.0,0.10100620512300938,0.09182382283909944
ceiling_growth_gt25,36,069,23,L,0,3,0.0,0.08117369147337224,0.07379426497579294
ceiling_growth_gt25,36,012,31,M,4,3,0.0,0.001007237200115031,0.0009156701819227553
ceiling_growth_gt25,36,070,49,J,3,3,0.0,0.2528920017658614,0.22990181978714674
ceiling_growth_gt25,36,013,81,J,1,3,0.0,0.16685509872316975,0.15168645338469977
ceiling_growth_gt25,36,019,54,U,1,3,0.0,0.42434918630849666,0.38577198755317876
ceiling_growth_gt25,36,029,54,Y,2,3,0.6666666666666666,0.32505330153376555,0.35610906200039294
ceiling_growth_gt25,36,075,22,J,0,3,0.6666666666666666,0.2615749148821016,0.2984014377716075
ceiling_growth_gt25,36,014,51,J,2,3,0.3333333333333333,0.19231118153610718,0.20513137715403684
ceiling_growth_gt25,36,013,54,S,4,3,0.0,0.1310477532279397,0.11913432111630883
ceiling_growth_gt25,36,072,62,U,4,3,0.6666666666666666,0.29508282876945613,0.32886317766920253
ceiling_growth_gt25,36,036,44,J,1,3,0.0,0.17443259590606408,0.158575087187331
ceiling_growth_gt25,36,097,33,M,4,3,0.3333333333333333,0.09813725153533848,0.11951871351697438
ceiling_growth_gt25,36,072,54,B,4,3,0.6666666666666666,0.2921504605688121,0.3261973883958898
ceiling_growth_gt25,36,069,23,K,1,3,0.0,0.18066167942156888,0.16423789038324443
ceiling_growth_gt25,36,1601,56,J,0,3,0.3333333333333333,0.46484930560154386,0.45289330812261563
ceiling_growth_gt25,36,012,31,T,2,3,0.0,0.0009814106052402865,0.0008921914593093514
ceiling_growth_gt25,36,014,54,Z,0,3,0.6666666666666666,0.1805776693827329,0.22476757822672688
ceiling_growth_gt25,36,013,32,J,1,3,0.0,0.14420721742386958,0.13109747038533598
ceiling_growth_gt25,36,075,42,J,1,3,0.3333333333333333,0.1600400243639988,0.17579396154302923
ceiling_growth_gt25,36,019,61,J,2,3,0.3333333333333333,0.37634721053641434,0.372436858063407
ceiling_growth_gt25,36,097,92,U,2,3,0.0,0.3264408400519998,0.29676440004727256
ceiling_growth_gt25,36,072,81,S,3,3,0.0,0.39691796154531606,0.36083451049574183
ceiling_growth_gt25,36,1601,54,Y,1,3,0.6666666666666666,0.38701925275297366,0.41244174492694574
ceiling_growth_gt25,36,013,42,J,1,3,0.0,0.13167113486121693,0.11970103169201539
ceiling_growth_gt25,36,013,42,J,0,3,0.0,0.13167113486121693,0.11970103169201539
ceiling_growth_gt25,36,524,54,Y,2,3,0.0,0.048802960646628896,0.04436632786057172
ceiling_growth_gt25,36,019,61,J,4,3,0.6666666666666666,0.37634721053641434,0.4027398883664373
ceiling_growth_gt25,36,068,56,J,0,3,0.6666666666666666,0.16359285606749688,0.20932683884923958
ceiling_growth_gt25,36,097,33,T,3,3,0.0,0.06763343899269018,0.061484944538809254
ceiling_growth_gt25,36,012,31,T,4,3,0.0,0.0009814106052402865,0.0008921914593093514
ceiling_growth_gt25,36,015,62,J,1,3,0.6666666666666666,0.2325226145662048,0.2719902556662468
ceiling_growth_gt25,36,069,61,J,2,3,0.6666666666666666,0.2818594996878331,0.3168419694131816
ceiling_growth_gt25,36,015,31,J,0,3,0.0,0.13335967283751937,0.1212360662159267
ceiling_growth_gt25,36,036,62,M,1,3,0.3333333333333333,0.48781580066584196,0.4737719399992502
ceiling_growth_gt25,36,069,54,B,1,3,0.3333333333333333,0.20484846162988543,0.21652890451201706
ceiling_growth_gt25,36,086,54,Z,2,3,0.3333333333333333,0.25286708595843616,0.2601821993561541
ceiling_growth_gt25,36,072,81,J,2,3,0.3333333333333333,0.3766097576998477,0.3726755373028919
ceiling_growth_gt25,36,080,51,R,4,3,0.3333333333333333,0.21609070387577756,0.22674912473555536
ceiling_growth_gt25,36,031,54,J,2,3,0.3333333333333333,0.09418278842683607,0.11592374705469946
ceiling_growth_gt25,36,3302,23,J,4,3,0.6666666666666666,0.27469331626647364,0.31032725721194576
ceiling_growth_gt25,36,075,56,Z,2,3,0.0,0.2860125288991052,0.2600113899082775
ceiling_growth_gt25,36,050,52,J,4,3,0.0,0.2214067689777531,0.20127888088886647
ceiling_growth_gt25,36,014,56,Y,3,3,0.6666666666666666,0.21957255579462634,0.26021747496481185
ceiling_growth_gt25,36,012,33,J,3,3,0.3333333333333333,0.07842896352163127,0.10160208804996781
ceiling_growth_gt25,36,097,33,S,3,3,0.6666666666666666,0.3478264868629594,0.37681195775420556
ceiling_growth_gt25,36,070,56,Z,4,3,0.0,0.24673225873641924,0.22430205339674478
ceiling_growth_gt25,36,020,92,S,0,3,0.6666666666666666,0.11846317074845354,0.16829985219556381
ceiling_growth_gt25,36,071,52,J,0,3,0.6666666666666666,0.32335150068420637,0.35456197031897546
ceiling_growth_gt25,36,091,52,J,4,3,0.3333333333333333,0.18394387017160696,0.19752473045903662
ceiling_growth_gt25,36,015,56,Y,4,3,0.0,0.18261848667912725,0.16601680607193386
ceiling_growth_gt25,36,020,42,J,3,3,0.0,0.10100620512300938,0.09182382283909944
ceiling_growth_gt25,36,097,33,S,2,3,0.6666666666666666,0.3478264868629594,0.37681195775420556
ceiling_growth_gt25,36,015,81,J,2,3,0.3333333333333333,0.11865536129814601,0.1381715405740721
ceiling_growth_gt25,36,1601,62,U,4,3,1.0,0.5243261142665118,0.5675691947877379
ceiling_growth_gt25,36,097,32,U,2,3,0.0,0.08611719203254124,0.07828835639321931
ceiling_growth_gt25,36,019,52,K,2,3,0.6666666666666666,0.3193467136233201,0.35092125480907893
ceiling_growth_gt25,36,075,52,J,4,3,0.3333333333333333,0.495248140284893,0.4805286123802057
ceiling_growth_gt25,36,019,54,Y,2,3,1.0,0.46928569974003786,0.5175324543091253
ceiling_growth_gt25,36,1133,54,J,3,3,0.0,0.11758709716893175,0.10689736106266523
ceiling_growth_gt25,36,036,23,M,1,3,0.3333333333333333,0.09376107656016386,0.115540372630452
ceiling_growth_gt25,36,014,21,J,1,3,0.3333333333333333,0.07798188122019148,0.10119564959411347
ceiling_growth_gt25,36,012,32,J,1,3,0.0,0.06369455434837376,0.05790414031670342
ceiling_growth_gt25,36,080,51,U,4,3,0.3333333333333333,0.21609070387577756,0.22674912473555536
ceiling_growth_gt25,36,091,54,M,3,3,0.0,0.12838596871614366,0.11671451701467606
ceiling_growth_gt25,36,014,61,J,1,3,0.0,0.33371587181710893,0.3033780652882809
ceiling_growth_gt25,36,028,51,J,0,3,0.3333333333333333,0.06020835376919557,0.08503789736593537
ceiling_growth_gt25,36,075,56,Z,4,3,0.0,0.2860125288991052,0.2600113899082775
ceiling_growth_gt25,36,097,56,B,3,3,0.3333333333333333,0.2639988401174682,0.27030197586436505
ceiling_growth_gt25,36,019,52,J,4,3,0.0,0.28508830915246736,0.2591711901386067
ceiling_growth_gt25,36,014,54,Z,1,3,1.0,0.1805776693827329,0.25507060852975716
ceiling_growth_gt25,36,069,51,J,4,3,0.3333333333333333,0.32347735901638913,0.32437335668156586
ceiling_growth_gt25,36,089,56,J,0,3,0.0,0.24561025883121182,0.22328205348291985
ceiling_growth_gt25,36,015,92,J,4,3,0.3333333333333333,0.25092363634934317,0.25841542698425135
ceiling_growth_gt25,36,086,54,Y,4,3,0.0,0.184219054280224,0.16747186752747636
ceiling_growth_gt25,36,014,81,J,2,3,0.0,0.08610461074222102,0.07827691885656457
ceiling_growth_gt25,36,069,81,J,4,3,0.3333333333333333,0.2299718295924801,0.2393683299325577
ceiling_growth_gt25,36,073,61,J,4,3,0.3333333333333333,0.16947604539048047,0.18437216247619437
ceiling_growth_gt25,36,091,61,J,1,3,0.0,0.16299588169745455,0.1481780742704132
ceiling_growth_gt25,36,013,81,J,3,3,0.3333333333333333,0.16685509872316975,0.18198948368773007
ceiling_growth_gt25,36,012,61,J,0,3,0.3333333333333333,0.16433523482764914,0.17969869832816587
ceiling_growth_gt25,36,086,53,J,1,3,0.3333333333333333,0.6538483148061446,0.6247105892177073
ceiling_growth_gt25,36,3300,71,J,4,3,0.0,0.2982422779102309,0.2711293435547554
ceiling_growth_gt25,36,019,72,J,3,3,0.3333333333333333,0.2591991844137996,0.26593865249739357
ceiling_growth_gt25,36,049,54,Y,1,3,0.0,0.09288905031369149,0.08444459119426499
ceiling_growth_gt25,36,1601,61,J,0,3,0.3333333333333333,0.7161454945279241,0.6813443889647796
ceiling_growth_gt25,36,014,52,J,4,3,0.0,0.12608175144396647,0.11461977403996951
ceiling_growth_gt25,36,339,54,Z,1,3,0.3333333333333333,0.22469499498809378,0.23457120756493374
ceiling_growth_gt25,36,089,54,S,3,3,0.0,0.18111521114482643,0.1646501919498422
ceiling_growth_gt25,36,072,23,J,1,3,0.3333333333333333,0.23145448749218778,0.24071620075047373
ceiling_growth_gt25,36,097,48,S,4,3,0.6666666666666666,0.22765102101021703,0.2675615342517125
ceiling_growth_gt25,36,015,54,S,3,3,0.0,0.2892479559394329,0.2629526872176663
ceiling_growth_gt25,36,012,21,J,1,3,0.0,0.045710700081055544,0.04155518189186868
ceiling_growth_gt25,36,073,61,J,1,3,0.0,0.16947604539048047,0.15406913217316406
ceiling_growth_gt25,36,073,61,J,2,3,0.0,0.16947604539048047,0.15406913217316406
ceiling_growth_gt25,36,020,52,J,3,3,0.0,0.08283600176685242,0.07530545615168402
ceiling_growth_gt25,36,013,81,J,4,3,0.0,0.16685509872316975,0.15168645338469977
ceiling_growth_gt25,36,075,52,J,1,3,0.6666666666666666,0.495248140284893,0.510831642683236
ceiling_growth_gt25,36,020,42,J,1,3,0.0,0.10100620512300938,0.09182382283909944
ceiling_growth_gt25,36,097,32,U,4,3,0.0,0.08611719203254124,0.07828835639321931
ceiling_growth_gt25,36,1602,54,J,1,3,0.0,0.22470450295645764,0.20427682086950694
ceiling_growth_gt25,36,097,11,J,1,3,0.6666666666666666,0.23852304683896577,0.27744519409602947
ceiling_growth_gt25,36,1601,56,J,2,3,0.6666666666666666,0.46484930560154386,0.4831963384256459
ceiling_growth_gt25,36,014,92,J,0,3,0.6666666666666666,0.2120262528414157,0.25335719955280217
ceiling_growth_gt25,36,013,42,J,2,3,0.0,0.13167113486121693,0.11970103169201539
ceiling_growth_gt25,36,3300,23,J,3,3,1.0,0.6019992852398726,0.6381811683998841
ceiling_growth_gt25,36,049,54,J,0,3,0.0,0.09127292538498503,0.08297538671362276
ceiling_growth_gt25,36,072,54,Z,1,3,0.6666666666666666,0.3262934352700157,0.3572364563060749
ceiling_growth_gt25,36,013,56,J,0,3,0.3333333333333333,0.2547236688848109,0.26187000201649474
ceiling_growth_gt25,36,514,23,J,1,3,0.3333333333333333,0.3164950702291891,0.3180258214204749
ceiling_growth_gt25,36,049,54,J,3,3,0.0,0.09127292538498503,0.08297538671362276
ceiling_growth_gt25,36,097,33,B,4,3,0.0,0.062430866762483245,0.05675533342043931
ceiling_growth_gt25,36,9553,54,J,3,3,0.3333333333333333,0.2928705124405381,0.2965489507035195
ceiling_growth_gt25,36,027,54,J,4,3,0.3333333333333333,0.2780314578834456,0.28305890110616266
ceiling_growth_gt25,36,047,54,Y,4,3,0.3333333333333333,0.34847277431208074,0.347096461495831
ceiling_growth_gt25,36,070,44,J,0,3,0.0,0.15104014991400955,0.13730922719455413
ceiling_growth_gt25,36,028,92,J,3,3,0.0,0.07566889607783318,0.0687899055253029
ceiling_growth_gt25,36,031,54,J,0,2,0.0,0.09418278842683606,0.0882963641501588
ceiling_growth_gt25,36,015,54,S,4,2,0.5,0.2892479559394329,0.30241995869321836
ceiling_growth_gt25,36,088,56,S,4,2,0.0,0.08254137632429162,0.07738254030402339
ceiling_growth_gt25,36,013,56,Y,2,2,0.5,0.2867002634490873,0.30003149698351933
ceiling_growth_gt25,36,049,54,Z,1,2,0.0,0.11665136551021724,0.10936065516582866
ceiling_growth_gt25,36,019,32,J,2,2,0.0,0.21933864489324198,0.20562997958741436
ceiling_growth_gt25,36,086,51,J,1,2,0.0,0.16885967731373164,0.1583059474816234
ceiling_growth_gt25,36,019,44,J,3,2,0.5,0.20741501730195647,0.2257015787205842
ceiling_growth_gt25,36,024,23,J,0,2,0.0,0.08921238686521424,0.08363661268613835
ceiling_growth_gt25,36,072,61,J,4,2,0.0,0.15056169699873206,0.1411515909363113
ceiling_growth_gt25,36,091,51,J,3,2,0.0,0.1429421317277075,0.13400824849472578
ceiling_growth_gt25,36,068,56,J,1,2,0.0,0.16359285606749688,0.15336830256327832
ceiling_growth_gt25,36,089,32,J,4,2,0.5,0.24509580124980093,0.2610273136716884
ceiling_growth_gt25,36,019,81,J,1,2,0.0,0.2855845371704148,0.2677355035972639
ceiling_growth_gt25,36,097,32,U,1,2,0.5,0.08611719203254124,0.11198486753050742
ceiling_growth_gt25,36,028,51,J,1,2,0.0,0.060208353769195574,0.056445331658620854
ceiling_growth_gt25,36,012,92,J,1,2,0.0,0.02073956442824542,0.01944334165148008
ceiling_growth_gt25,36,019,32,J,1,2,0.0,0.21933864489324198,0.20562997958741436
ceiling_growth_gt25,36,012,54,Z,4,2,0.5,0.3219209943801979,0.3330509322314355
ceiling_growth_gt25,36,047,32,J,0,2,0.0,0.09252873363439859,0.08674568778224868
ceiling_growth_gt25,36,097,61,U,2,2,0.5,0.23121253182890042,0.24801174858959416
ceiling_growth_gt25,36,014,54,Y,0,2,0.5,0.17732574666988624,0.19749288750301836
ceiling_growth_gt25,36,070,54,M,4,2,0.0,0.20422721531567187,0.19146301435844237
ceiling_growth_gt25,36,029,54,Y,3,2,0.5,0.32505330153376555,0.3359874701879052
ceiling_growth_gt25,36,097,92,R,4,2,1.0,0.35639849756174974,0.3966235914641404
ceiling_growth_gt25,36,075,62,U,2,2,1.0,0.38341004613559804,0.42194691825212316
ceiling_growth_gt25,36,070,61,J,2,2,0.0,0.11307327582297834,0.10600619608404219
ceiling_growth_gt25,36,024,42,J,0,2,0.0,0.09969939397426801,0.09346818185087626
ceiling_growth_gt25,36,069,53,J,3,2,0.5,0.26894227419983524,0.28338338206234553
ceiling_growth_gt25,36,075,31,J,0,2,0.0,0.1938547218629733,0.18173880174653748
ceiling_growth_gt25,36,073,42,J,4,2,0.5,0.2911897372598441,0.3042403786811038
ceiling_growth_gt25,36,097,45,J,4,2,0.0,0.08054544120319565,0.07551135112799592
ceiling_growth_gt25,36,031,23,J,4,2,0.0,0.08592449363416323,0.08055421278202803
ceiling_growth_gt25,36,070,54,R,4,2,0.0,0.20422721531567187,0.19146301435844237
ceiling_growth_gt25,36,015,53,J,0,2,0.0,0.1615513380571018,0.15145437942853296
ceiling_growth_gt25,36,047,22,K,3,2,0.5,0.11203948231807613,0.13628701467319637
ceiling_growth_gt25,36,069,53,J,2,2,0.5,0.26894227419983524,0.28338338206234553
ceiling_growth_gt25,36,072,81,S,1,2,0.5,0.39691796154531606,0.4033605889487338
ceiling_growth_gt25,36,075,48,J,3,2,0.5,0.3154379562692786,0.32697308400244873
ceiling_growth_gt25,36,089,32,J,3,2,0.0,0.24509580124980093,0.22977731367168838
ceiling_growth_gt25,36,069,61,J,3,2,0.5,0.2818594996878331,0.2954932809573435
ceiling_growth_gt25,36,019,49,L,4,2,1.0,0.49771210061894927,0.5291050943302649
ceiling_growth_gt25,36,015,81,K,4,2,0.5,0.1725896164336669,0.19305276540656272
ceiling_growth_gt25,36,069,81,J,3,2,0.5,0.22997182959248014,0.24684859024295014
ceiling_growth_gt25,36,089,81,J,3,2,0.0,0.1612082357263345,0.15113272099343858
ceiling_growth_gt25,36,097,81,V,3,2,0.0,0.20106959033512564,0.1885027409391803
ceiling_growth_gt25,36,075,51,Z,3,2,0.0,0.25884175682610955,0.2426641470244777
ceiling_growth_gt25,36,069,22,J,4,2,0.0,0.2327039578217222,0.21815996045786457
ceiling_growth_gt25,36,091,81,J,3,2,0.0,0.18394387017160696,0.17244737828588153
ceiling_growth_gt25,36,088,54,J,3,2,0.5,0.2066917039618062,0.2250234724641933
ceiling_growth_gt25,36,014,81,Y,4,2,0.0,0.11032153251347065,0.10342643673137875
ceiling_growth_gt25,36,070,81,Y,0,2,0.0,0.20807545757495075,0.19507074147651632
ceiling_growth_gt25,36,089,54,Z,3,2,0.0,0.25803828806790335,0.2419108950636594
ceiling_growth_gt25,36,072,42,J,2,2,0.0,0.14972572134890116,0.14036786376459484
ceiling_growth_gt25,36,089,42,J,4,2,0.0,0.14033773736166572,0.1315666287765616
ceiling_growth_gt25,36,070,42,J,4,2,0.0,0.12547102376965913,0.11762908478405543
ceiling_growth_gt25,36,014,22,J,4,2,0.0,0.2104006680974724,0.19725062634138038
ceiling_growth_gt25,36,097,56,U,1,2,1.0,0.38324057112575804,0.42178803543039817
ceiling_growth_gt25,36,069,54,Z,3,2,0.0,0.3006637546810622,0.2818722700134958
ceiling_growth_gt25,36,089,54,Z,2,2,0.5,0.25803828806790335,0.27316089506365937
ceiling_growth_gt25,36,581,56,Z,0,2,0.0,0.10238835666400478,0.09598908437250449
ceiling_growth_gt25,36,075,42,J,4,2,0.0,0.1600400243639988,0.15003752284124888
ceiling_growth_gt25,36,097,61,R,4,2,0.5,0.169072713939882,0.18975566931863935
ceiling_growth_gt25,36,015,54,U,3,2,0.0,0.2977552487611809,0.2791455457136071
ceiling_growth_gt25,36,091,61,U,3,2,0.5,0.1723863918606316,0.19286224236934213
ceiling_growth_gt25,36,014,21,J,2,2,0.0,0.07798188122019148,0.0731080136439295
ceiling_growth_gt25,36,070,62,J,1,2,0.0,0.1554253407176002,0.1457112569227502
ceiling_growth_gt25,36,339,56,Y,4,2,0.0,0.15454696293158665,0.14488777774836248
ceiling_growth_gt25,36,080,54,T,3,2,0.0,0.1855337835065005,0.1739379220373442
ceiling_growth_gt25,36,020,81,J,3,2,0.0,0.21272339655799985,0.19942818427312486
ceiling_growth_gt25,36,060,56,J,0,2,0.5,0.2399116330320409,0.25616715596753836
ceiling_growth_gt25,36,3302,54,J,0,2,1.0,0.2881789084152604,0.3326677266393066
ceiling_growth_gt25,36,036,53,J,2,2,0.5,0.18157224621558982,0.20147398082711546
ceiling_growth_gt25,36,024,51,J,4,2,0.5,0.1352288461013359,0.1580270432200024
ceiling_growth_gt25,36,1602,54,J,0,2,0.0,0.22470450295645764,0.21066047152167902
ceiling_growth_gt25,36,080,54,T,4,2,1.0,0.1855337835065005,0.2364379220373442
ceiling_growth_gt25,36,086,56,Z,4,2,0.5,0.23505113291152843,0.2516104371045579
ceiling_growth_gt25,36,514,56,J,1,2,0.0,0.3513647154126549,0.329404420699364
ceiling_growth_gt25,36,047,45,Y,0,2,1.0,0.29280955738267916,0.33700896004626174
ceiling_growth_gt25,36,028,23,J,0,2,0.0,0.06726810435000843,0.0630638478281329
ceiling_growth_gt25,36,069,81,J,2,2,0.0,0.22997182959248014,0.21559859024295014
ceiling_growth_gt25,36,070,92,J,0,2,0.0,0.2012014565851661,0.18862636554859322
ceiling_growth_gt25,36,514,23,J,2,2,0.0,0.3164950702291891,0.29671412833986477
ceiling_growth_gt25,36,070,49,J,2,2,1.0,0.2528920017658614,0.2995862516554951
ceiling_growth_gt25,36,071,51,J,3,2,0.5,0.27479781805196307,0.28887295442371536
ceiling_growth_gt25,36,075,42,J,3,2,0.0,0.1600400243639988,0.15003752284124888
ceiling_growth_gt25,36,3300,71,J,0,2,0.0,0.2982422779102309,0.27960213554084146
ceiling_growth_gt25,36,1601,61,Y,1,2,1.0,0.5378430021391163,0.5667278145054215
ceiling_growth_gt25,36,089,22,J,4,2,0.0,0.14752585605544397,0.13830549005197873
ceiling_growth_gt25,36,071,52,Z,4,2,0.0,0.2911657038733507,0.2729678473812663
ceiling_growth_gt25,36,097,33,T,4,2,0.0,0.06763343899269018,0.06340634905564704
ceiling_growth_gt25,36,086,61,J,1,2,0.0,0.2709298496641846,0.25399673406017304
ceiling_growth_gt25,36,097,54,R,1,2,0.5,0.2664906439235239,0.2810849786783036
ceiling_growth_gt25,36,581,54,J,4,2,0.0,0.16055363137195738,0.15051902941121004
ceiling_growth_gt25,36,524,54,J,3,2,0.0,0.08628668179572446,0.08089376418349169
ceiling_growth_gt25,36,020,52,J,1,2,0.0,0.08283600176685242,0.07765875165642415
ceiling_growth_gt25,36,339,54,Z,3,2,0.0,0.22469499498809378,0.21065155780133793
ceiling_growth_gt25,36,028,56,J,1,2,0.0,0.14669349141245763,0.13752514819917902
ceiling_growth_gt25,36,080,33,U,0,2,0.5,0.31074903436133583,0.32257721971375236
ceiling_growth_gt25,36,027,56,J,0,2,0.0,0.13333499255090958,0.12500155551647774
ceiling_growth_gt25,36,015,61,J,4,2,0.0,0.11932181253883313,0.11186419925515606
ceiling_growth_gt25,36,069,54,Z,2,2,1.0,0.3006637546810622,0.3443722700134958
ceiling_growth_gt25,36,097,51,U,2,2,0.5,0.26212689610305645,0.27699396509661545
ceiling_growth_gt25,36,1601,56,J,1,2,0.5,0.4648493056015438,0.4670462240014473
ceiling_growth_gt25,36,070,31,J,3,2,0.0,0.1740618239898464,0.163182959990481
ceiling_growth_gt25,36,075,33,Z,4,2,0.5,0.1336629545861603,0.15655901992452526
ceiling_growth_gt25,36,089,51,Z,3,2,1.0,0.28858039493470716,0.333044120251288
ceiling_growth_gt25,36,020,22,J,0,2,0.0,0.14515702234597008,0.13608470844934695
ceiling_growth_gt25,36,013,81,Y,4,2,0.0,0.14164254390687248,0.13278988491269295
ceiling_growth_gt25,36,047,81,J,4,2,0.5,0.4180585471337279,0.4231798879378699
ceiling_growth_gt25,36,088,56,K,3,2,0.0,0.08254137632429162,0.07738254030402339
ceiling_growth_gt25,36,014,44,J,0,2,0.0,0.20128318427422662,0.18870298525708745
ceiling_growth_gt25,36,9553,72,J,4,2,0.0,0.13649994188612943,0.12796869551824636
ceiling_growth_gt25,36,069,42,J,4,2,0.5,0.14566783746345857,0.1678135976219924
ceiling_growth_gt25,36,075,51,U,2,2,0.5,0.36523086374103747,0.37365393475722264
ceiling_growth_gt25,36,049,33,J,2,2,0.0,0.0865901800478297,0.08117829379484034
ceiling_growth_gt25,36,072,81,S,2,2,0.0,0.39691796154531606,0.3721105889487338
ceiling_growth_gt25,36,036,49,J,4,2,0.0,0.3197654659017778,0.29978012428291667
ceiling_growth_gt25,36,581,22,J,3,2,0.0,0.1187864919109743,0.11136233616653841
ceiling_growth_gt25,36,086,61,J,4,2,0.0,0.2709298496641846,0.25399673406017304
ceiling_growth_gt25,36,019,49,J,4,2,1.0,0.5124852741301567,0.5429549444970219
ceiling_growth_gt25,36,072,33,J,3,2,0.5,0.16695494035964667,0.18777025658716875
ceiling_growth_gt25,36,068,56,J,2,2,0.0,0.16359285606749688,0.15336830256327832
ceiling_growth_gt25,36,1601,61,Y,3,2,1.0,0.5378430021391163,0.5667278145054215
ceiling_growth_gt25,36,1601,56,V,3,2,1.0,0.5805492394683575,0.6067649120015851
ceiling_growth_gt25,36,012,48,K,3,2,0.0,0.08821993656804639,0.0827061905325435
ceiling_growth_gt25,36,020,53,J,2,2,0.5,0.1968972329291252,0.21584115587105487
ceiling_growth_gt25,36,015,32,J,0,2,0.0,0.13335967283751937,0.1250246932851744
ceiling_growth_gt25,36,070,53,J,1,2,0.5,0.3684581594700909,0.37667952450321024
ceiling_growth_gt25,36,072,61,J,0,2,0.0,0.15056169699873206,0.1411515909363113
ceiling_growth_gt25,36,020,22,J,4,2,0.0,0.14515702234597008,0.13608470844934695
ceiling_growth_gt25,36,089,51,J,2,2,0.5,0.24368030090263404,0.2597002820962194
ceiling_growth_gt25,36,1602,51,J,0,2,0.0,0.09694683428507019,0.0908876571422533
ceiling_growth_gt25,36,034,54,J,1,2,0.0,0.14254678477056942,0.13363761072240884
ceiling_growth_gt25,36,019,56,Y,2,2,0.5,0.48601513973935834,0.48688919350564847
ceiling_growth_gt25,36,097,81,S,2,2,0.5,0.21411769957909216,0.2319853433553989
ceiling_growth_gt25,36,014,71,J,3,2,0.5,0.21131674026073285,0.22935944399443706
ceiling_growth_gt25,36,013,32,J,0,2,0.0,0.14420721742386958,0.13519426633487772
ceiling_growth_gt25,36,024,42,J,2,2,0.0,0.09969939397426801,0.09346818185087626
ceiling_growth_gt25,36,047,51,J,2,2,0.0,0.21416854788377862,0.20078301364104245
ceiling_growth_gt25,36,080,51,J,0,2,0.0,0.1927295467000178,0.1806839500312667
ceiling_growth_gt25,36,089,48,J,4,2,0.0,0.21650346388417124,0.20297199739141053
ceiling_growth_gt25,36,068,42,J,1,2,0.0,0.10660908043452282,0.09994601290736514
ceiling_growth_gt25,36,089,51,J,1,2,0.5,0.24368030090263404,0.2597002820962194
ceiling_growth_gt25,36,020,45,J,3,2,0.5,0.2032448311686794,0.22179202922063693
ceiling_growth_gt25,36,075,49,U,4,2,0.5,0.24778662993414413,0.26354996556326016
ceiling_growth_gt25,36,075,54,T,2,2,0.5,0.22375086507032454,0.24101643600342926
ceiling_growth_gt25,36,080,42,J,1,2,0.0,0.12955337545642645,0.1214562894903998
ceiling_growth_gt25,36,019,54,U,3,2,0.5,0.4243491863084966,0.42907736216421555
ceiling_growth_gt25,36,014,11,J,4,2,0.5,0.17669553818437983,0.1969020670478561
ceiling_growth_gt25,36,019,52,K,4,2,0.0,0.3193467136233201,0.29938754402186263
ceiling_growth_gt25,36,086,56,J,1,2,0.0,0.19043272506337822,0.17853067974691708
ceiling_growth_gt25,36,015,45,J,2,2,0.0,0.1258479851429979,0.11798248607156052
ceiling_growth_gt25,36,013,32,J,4,2,0.5,0.14420721742386958,0.16644426633487772
ceiling_growth_gt25,36,070,54,B,3,2,0.0,0.19803851182125756,0.18566110483242895
ceiling_growth_gt25,36,014,53,J,0,2,0.0,0.15035725834830072,0.14095992970153193
ceiling_growth_gt25,36,075,81,J,2,2,0.0,0.14673338464832184,0.13756254810780172
ceiling_growth_gt25,36,024,56,J,4,2,0.0,0.15725357783065405,0.14742522921623818
ceiling_growth_gt25,36,072,61,U,3,2,1.0,0.1561796859761489,0.20891845560263958
ceiling_growth_gt25,36,069,54,Z,0,2,0.5,0.3006637546810622,0.3131222700134958
ceiling_growth_gt25,36,071,54,Y,1,2,0.5,0.4745050332596542,0.4760984686809258
ceiling_growth_gt25,36,089,52,J,3,2,0.5,0.23198805537693193,0.2487388019158737
ceiling_growth_gt25,36,047,56,Z,3,2,0.5,0.3393095752155157,0.349352726764546
ceiling_growth_gt25,36,097,33,B,1,2,0.0,0.062430866762483245,0.058528937589828044
ceiling_growth_gt25,36,089,54,S,4,2,0.0,0.18111521114482643,0.1697955104482748
ceiling_growth_gt25,36,3300,54,J,3,2,1.0,0.5019049150217861,0.5330358578329245
ceiling_growth_gt25,36,086,51,J,2,2,0.5,0.16885967731373164,0.1895559474816234
ceiling_growth_gt25,36,071,54,J,4,2,0.0,0.3250394673455397,0.30472450063644346
ceiling_growth_gt25,36,049,56,J,3,2,0.0,0.07937433171051056,0.07441343597860364
ceiling_growth_gt25,36,1133,54,J,4,2,0.0,0.11758709716893175,0.11023790359587352
ceiling_growth_gt25,36,049,54,J,4,2,0.0,0.09127292538498502,0.08556836754842345
ceiling_growth_gt25,36,072,23,U,4,2,0.5,0.276594911346118,0.29055772938698565
ceiling_growth_gt25,36,036,23,M,3,2,0.0,0.09376107656016386,0.08790100927515362
ceiling_growth_gt25,36,070,22,J,0,2,0.5,0.24086781175205,0.25706357351754683
ceiling_growth_gt25,36,020,22,J,2,2,0.0,0.14515702234597008,0.13608470844934695
ceiling_growth_gt25,36,012,31,M,2,2,0.0,0.001007237200115031,0.0009442848751078414
ceiling_growth_gt25,36,089,32,L,4,2,0.5,0.26807353261696976,0.28256893682840917
ceiling_growth_gt25,36,524,54,Y,1,2,0.0,0.048802960646628896,0.04575277560621459
ceiling_growth_gt25,36,019,62,J,2,2,0.5,0.27826991887961666,0.2921280489496406
ceiling_growth_gt25,36,485,53,J,2,2,0.5,0.3588978885484053,0.36771677051413
ceiling_growth_gt25,36,075,22,J,3,2,0.0,0.2615749148821016,0.24522648270197026
ceiling_growth_gt25,36,088,56,J,4,2,0.0,0.06950852743098242,0.06516424446654602
ceiling_growth_gt25,36,047,92,J,3,2,0.0,0.09463165939881675,0.0887171806863907
ceiling_growth_gt25,36,9553,56,J,3,2,0.0,0.13649994188612943,0.12796869551824636
ceiling_growth_gt25,36,1602,51,J,2,2,0.0,0.09694683428507019,0.0908876571422533
ceiling_growth_gt25,36,049,54,Z,2,2,0.5,0.11665136551021724,0.14061065516582866
ceiling_growth_gt25,36,013,54,S,3,2,0.0,0.1310477532279397,0.12285726865119348
ceiling_growth_gt25,36,1602,56,J,3,2,0.5,0.24490911319732897,0.2608522936224959
ceiling_growth_gt25,36,024,51,J,2,2,0.0,0.1352288461013359,0.1267770432200024
ceiling_growth_gt25,36,086,54,Y,3,2,0.5,0.184219054280224,0.20395536338771
ceiling_growth_gt25,36,027,54,Z,0,2,0.5,0.23886053868640655,0.25518175501850615
ceiling_growth_gt25,36,036,54,Z,4,2,0.0,0.1228593551037793,0.11518064540979309
ceiling_growth_gt25,36,339,54,Y,2,2,0.5,0.26071543601715536,0.27567072126608316
ceiling_growth_gt25,36,070,56,Y,0,2,1.0,0.32107871048370307,0.36351129107847163
ceiling_growth_gt25,36,027,54,Z,4,2,0.0,0.23886053868640655,0.22393175501850615
ceiling_growth_gt25,36,1601,61,J,1,2,0.5,0.7161454945279242,0.702636401119929
ceiling_growth_gt25,36,014,48,K,2,2,1.0,0.27128564877129385,0.31683029572308796
ceiling_growth_gt25,36,036,42,J,4,2,0.0,0.034695567101251094,0.0325270941574229
ceiling_growth_gt25,36,071,54,Y,3,2,0.5,0.4745050332596542,0.4760984686809258
ceiling_growth_gt25,36,020,53,J,1,2,0.5,0.1968972329291252,0.21584115587105487
ceiling_growth_gt25,36,031,56,J,2,2,0.0,0.11812677521375496,0.11074385176289528
ceiling_growth_gt25,36,097,92,B,2,2,0.5,0.32514849756174974,0.3360767164641404
ceiling_growth_gt25,36,012,61,J,2,2,0.5,0.16433523482764914,0.18531428265092106
ceiling_growth_gt25,36,047,81,J,3,2,0.5,0.4180585471337279,0.4231798879378699
ceiling_growth_gt25,36,097,48,Y,3,2,1.0,0.2570941538739773,0.3035257692568537
ceiling_growth_gt25,36,072,53,J,0,2,0.0,0.2113038626375488,0.198097371222702
ceiling_growth_gt25,36,050,33,J,4,2,0.5,0.2653688265405877,0.28003327488180096
ceiling_growth_gt25,36,9553,62,J,4,2,0.0,0.1089704367723983,0.10215978447412341
ceiling_growth_gt25,36,013,56,Z,3,2,0.0,0.2311447078935317,0.21669816365018596
ceiling_growth_gt25,36,013,72,J,1,2,0.5,0.2073624782243219,0.2256523233353018
ceiling_growth_gt25,36,029,54,J,2,2,0.5,0.26880774332824603,0.28325725937023066
ceiling_growth_gt25,36,045,72,J,1,2,0.5,0.6733934720413499,0.6625563800387655
ceiling_growth_gt25,36,070,56,Z,2,2,0.5,0.24673225873641924,0.2625614925653931
ceiling_growth_gt25,36,049,51,J,3,2,0.0,0.0865901800478297,0.08117829379484034
ceiling_growth_gt25,36,036,49,J,3,2,0.5,0.3197654659017778,0.33103012428291667
ceiling_growth_gt25,36,050,92,Y,0,2,0.0,0.18693197716360235,0.1752487285908772
ceiling_growth_gt25,36,080,33,U,1,2,0.0,0.31074903436133583,0.29132721971375236
ceiling_growth_gt25,36,1601,51,Z,3,2,0.5,0.3471523776032055,0.3567053540030052
ceiling_growth_gt25,36,013,56,Y,3,2,0.5,0.2867002634490873,0.30003149698351933
ceiling_growth_gt25,36,070,81,U,4,2,0.5,0.2340848897718196,0.2507045841610809
ceiling_growth_gt25,36,068,51,J,3,2,0.0,0.13495472565738692,0.12652005530380023
ceiling_growth_gt25,36,1125,52,J,4,2,0.5,0.2354269880911566,0.25196280133545934
ceiling_growth_gt25,36,075,51,Z,4,2,0.0,0.25884175682610955,0.2426641470244777
ceiling_growth_gt25,36,047,32,J,2,2,0.0,0.09252873363439859,0.08674568778224868
ceiling_growth_gt25,36,072,54,M,4,2,0.0,0.23878016246158754,0.22385640230773832
ceiling_growth_gt25,36,073,54,Z,3,2,0.5,0.36865108329165663,0.3768603905859281
ceiling_growth_gt25,36,013,54,U,1,2,0.5,0.22242872238143221,0.2397769272325927
ceiling_growth_gt25,36,097,56,M,4,2,0.5,0.23449869513215177,0.25109252668639226
ceiling_growth_gt25,36,514,56,J,3,2,1.0,0.3513647154126549,0.391904420699364
ceiling_growth_gt25,36,089,33,A,4,2,1.0,0.16399579969298705,0.21624606221217535
ceiling_growth_gt25,36,075,42,J,2,2,0.5,0.1600400243639988,0.18128752284124888
ceiling_growth_gt25,36,047,61,J,1,2,0.5,0.27397372428262634,0.2881003665149622
ceiling_growth_gt25,36,014,45,J,0,2,0.5,0.18638965509706812,0.20599030165350135
ceiling_growth_gt25,36,097,23,M,1,2,0.0,0.07707389483704316,0.07225677640972797
ceiling_growth_gt25,36,047,92,J,2,2,0.0,0.09463165939881675,0.0887171806863907
ceiling_growth_gt25,36,070,54,T,3,2,1.0,0.2510373791206324,0.2978475429255929
ceiling_growth_gt25,36,3300,54,S,2,2,0.0,0.39659473003036855,0.3718075594034705
ceiling_growth_gt25,36,097,48,Y,2,2,0.0,0.2570941538739773,0.24102576925685373
ceiling_growth_gt25,36,080,54,V,4,2,0.0,0.1404275757102349,0.13165085222834522
ceiling_growth_gt25,36,013,54,S,0,2,0.0,0.1310477532279397,0.12285726865119348
ceiling_growth_gt25,36,097,33,B,3,2,0.0,0.062430866762483245,0.058528937589828044
ceiling_growth_gt25,36,1601,61,V,2,2,0.5,0.5823679797240452,0.5772199809912923
ceiling_growth_gt25,36,069,42,J,0,2,0.0,0.14566783746345857,0.1365635976219924
ceiling_growth_gt25,36,020,22,J,3,2,0.5,0.14515702234597008,0.16733470844934695
ceiling_growth_gt25,36,047,23,L,0,2,1.0,0.2164661278619422,0.2654369948705708
ceiling_growth_gt25,36,015,53,J,1,2,0.0,0.1615513380571018,0.15145437942853296
ceiling_growth_gt25,36,1601,56,U,2,2,0.5,0.4427856231802977,0.4463615217315291
ceiling_growth_gt25,36,036,72,J,2,2,0.0,0.26066970228483227,0.24437784589203027
ceiling_growth_gt25,36,013,53,J,3,2,0.5,0.29614115718140627,0.3088823348575684
ceiling_growth_gt25,36,014,48,K,1,2,0.5,0.27128564877129385,0.28558029572308796
ceiling_growth_gt25,36,097,92,U,3,2,1.0,0.3264408400519998,0.36853828754874984
ceiling_growth_gt25,36,047,51,J,3,2,0.0,0.21416854788377862,0.20078301364104245
ceiling_growth_gt25,36,080,48,J,0,2,0.0,0.1816192778010345,0.17026807293846985
ceiling_growth_gt25,36,014,54,T,4,2,0.0,0.14544007792441377,0.1363500730541379
ceiling_growth_gt25,36,012,54,Y,1,2,0.0,0.2600765517161326,0.2438217672338743
ceiling_growth_gt25,36,075,56,U,4,2,0.5,0.38644699304490604,0.3935440559795994
ceiling_growth_gt25,36,014,33,U,2,2,0.0,0.08302200008836383,0.07783312508284108
ceiling_growth_gt25,36,012,92,J,0,2,0.0,0.02073956442824542,0.01944334165148008
ceiling_growth_gt25,36,097,45,J,1,2,0.0,0.08054544120319565,0.07551135112799592
ceiling_growth_gt25,36,1601,54,U,3,2,1.0,0.4244413091879779,0.46041372736372926
ceiling_growth_gt25,36,1602,54,U,4,2,0.0,0.2229388487390222,0.2090051706928333
ceiling_growth_gt25,36,1601,54,U,4,2,0.5,0.4244413091879779,0.42916372736372926
ceiling_growth_gt25,36,075,22,J,1,2,0.0,0.2615749148821016,0.24522648270197026
ceiling_growth_gt25,36,036,71,J,2,2,0.5,0.21853487169606,0.23612644221505624
ceiling_growth_gt25,36,072,54,V,4,2,0.5,0.2700301624615875,0.2844032773077383
ceiling_growth_gt25,36,514,42,J,0,2,0.0,0.255443168977988,0.23947797091686376
ceiling_growth_gt25,36,072,56,J,2,2,0.0,0.1518624096057506,0.14237100900539118
ceiling_growth_gt25,36,097,23,L,4,2,0.0,0.08429957247801596,0.07903084919813996
ceiling_growth_gt25,36,097,33,A,0,2,0.0,0.06763343899269018,0.06340634905564704
ceiling_growth_gt25,36,012,81,J,0,2,1.0,0.19556927133062596,0.24584619187246184
ceiling_growth_gt25,36,069,61,S,0,2,0.5,0.2773176908367596,0.29123533515946215
ceiling_growth_gt25,36,047,44,R,0,2,1.0,0.420488543809466,0.4567080098213744
ceiling_growth_gt25,36,097,33,A,2,2,0.0,0.06763343899269018,0.06340634905564704
ceiling_growth_gt25,36,012,53,J,0,2,0.0,0.02073956442824542,0.01944334165148008
ceiling_growth_gt25,36,9553,62,Z,0,2,0.5,0.15578413931367077,0.17729763060656634
ceiling_growth_gt25,36,097,62,S,3,2,0.0,0.1304331469000657,0.12228107521881158
ceiling_growth_gt25,36,097,71,S,2,2,0.0,0.06858630887547025,0.06429966457075335
ceiling_growth_gt25,36,097,54,T,0,2,0.0,0.14868059530950326,0.1393880581026593
ceiling_growth_gt25,36,097,33,Y,4,2,0.5,0.15173068987218055,0.17349752175516928
ceiling_growth_gt25,36,097,49,Z,1,2,0.5,0.21431270771300584,0.23216816348094296
ceiling_growth_gt25,36,047,62,Z,2,2,0.0,0.18507542760078927,0.17350821337573993
ceiling_growth_gt25,36,069,54,T,0,2,0.0,0.26207457108855026,0.24569491039551586
ceiling_growth_gt25,36,031,61,J,2,2,0.0,0.16442606593288397,0.15414943681207874
ceiling_growth_gt25,36,070,48,V,4,2,0.5,0.24848322494802072,0.26420302338876944
ceiling_growth_gt25,36,069,22,J,2,2,0.0,0.2327039578217222,0.21815996045786457
ceiling_growth_gt25,36,014,54,S,4,2,0.0,0.0831760311697655,0.07797752922165516
ceiling_growth_gt25,36,015,49,J,3,2,0.0,0.14156453792485987,0.13271675430455612
ceiling_growth_gt25,36,014,56,M,4,2,0.0,0.19138076763753678,0.17941946966019073
ceiling_growth_gt25,36,029,54,J,0,2,0.0,0.26880774332824603,0.25200725937023066
ceiling_growth_gt25,36,069,54,Z,1,2,0.5,0.3006637546810622,0.3131222700134958
ceiling_growth_gt25,36,1601,53,J,1,2,0.5,0.3929287637728338,0.3996207160370317
ceiling_growth_gt25,36,019,61,J,0,2,0.5,0.37634721053641434,0.38407550987788847
ceiling_growth_gt25,36,075,54,R,1,2,0.5,0.26619377163885766,0.28080666091142903
ceiling_growth_gt25,36,097,33,M,1,2,0.0,0.09813725153533848,0.09200367331437982
ceiling_growth_gt25,36,097,56,Z,2,2,1.0,0.291776617895246,0.33604057927679315
ceiling_growth_gt25,36,1601,42,J,0,2,0.0,0.24428139118554626,0.22901380423644963
ceiling_growth_gt25,36,097,49,Z,4,2,0.0,0.21431270771300584,0.20091816348094296
ceiling_growth_gt25,36,073,56,J,3,2,0.5,0.3405575970374066,0.3505227472225687
ceiling_growth_gt25,36,075,61,U,2,2,0.5,0.16618254693372977,0.18704613775037165
ceiling_growth_gt25,36,075,61,S,1,2,0.5,0.22404831800627975,0.24129529813088726
ceiling_growth_gt25,36,020,54,S,2,2,0.0,0.177797593452699,0.1666852438619053
ceiling_growth_gt25,36,091,61,Y,3,2,0.5,0.20470884033450001,0.22316453781359377
ceiling_growth_gt25,36,089,22,J,0,2,0.0,0.14752585605544397,0.13830549005197873
ceiling_growth_gt25,36,015,61,B,4,2,0.0,0.1267794258225102,0.11885571170860332
ceiling_growth_gt25,36,050,51,J,0,2,0.0,0.17764823623583298,0.1665452214710934
ceiling_growth_gt25,36,091,54,S,3,2,0.0,0.12838596871614366,0.12036184567138468
ceiling_growth_gt25,36,015,48,J,4,2,1.0,0.2823241508745409,0.3271788914448821
ceiling_growth_gt25,36,070,56,U,4,2,0.5,0.3285802551317613,0.3392939891860262
ceiling_growth_gt25,36,072,48,Y,4,2,0.5,0.05856148931616103,0.08615139623390097
ceiling_growth_gt25,36,075,62,U,3,2,0.5,0.38341004613559804,0.39069691825212316
ceiling_growth_gt25,36,080,33,T,4,2,0.0,0.2042953661895872,0.191526905802738
ceiling_growth_gt25,36,015,56,M,4,2,0.0,0.2168594529314636,0.20330573712324712
ceiling_growth_gt25,36,069,44,J,0,2,0.0,0.16241254866096635,0.15226176436965597
ceiling_growth_gt25,36,013,54,U,3,2,1.0,0.22242872238143221,0.2710269272325927
ceiling_growth_gt25,36,097,11,J,3,2,0.0,0.2385230468389658,0.22361535641153044
ceiling_growth_gt25,36,3300,23,J,2,2,0.0,0.6019992852398726,0.5643743299123806
ceiling_growth_gt25,36,014,44,J,1,2,0.5,0.20128318427422662,0.21995298525708745
ceiling_growth_gt25,36,047,71,J,2,2,0.5,0.15841535566923876,0.17976439593991134
ceiling_growth_gt25,36,028,23,J,4,2,0.0,0.06726810435000843,0.0630638478281329
ceiling_growth_gt25,36,072,33,J,1,2,0.0,0.16695494035964667,0.15652025658716875
ceiling_growth_gt25,36,3301,56,J,4,2,0.0,0.15783145301338006,0.1479669872000438
ceiling_growth_gt25,36,070,48,J,2,2,0.0,0.2411526322312365,0.2260805927167842
ceiling_growth_gt25,36,1602,52,J,1,2,1.0,0.1529650116400703,0.2059046984125659
ceiling_growth_gt25,36,3300,54,J,4,2,1.0,0.5019049150217861,0.5330358578329245
ceiling_growth_gt25,36,1602,52,J,0,2,1.0,0.1529650116400703,0.2059046984125659
ceiling_growth_gt25,36,080,51,J,4,2,0.5,0.1927295467000178,0.2119339500312667
ceiling_growth_gt25,36,072,52,U,4,2,0.0,0.15453833382083015,0.14487968795702827
ceiling_growth_gt25,36,020,53,Z,0,2,0.0,0.16516242557430102,0.1548397739759072
ceiling_growth_gt25,36,019,51,Z,0,2,0.5,0.42129626342010723,0.42621524695635055
ceiling_growth_gt25,36,047,56,K,3,2,0.0,0.3296150159236438,0.309014077428416
ceiling_growth_gt25,36,072,92,J,0,2,0.5,0.24366253819641612,0.25968362955914015
ceiling_growth_gt25,36,012,31,A,2,2,0.0,0.0009335369171797847,0.0008751908598560482
ceiling_growth_gt25,36,012,31,A,1,2,0.0,0.0009335369171797847,0.0008751908598560482
ceiling_growth_gt25,36,068,42,J,0,2,0.0,0.10660908043452282,0.09994601290736514
ceiling_growth_gt25,36,075,56,S,4,2,0.5,0.3218293357081726,0.33296500222641184
ceiling_growth_gt25,36,014,62,J,1,2,1.0,0.3138776338977839,0.3567602817791724
ceiling_growth_gt25,36,075,52,Y,3,2,0.0,0.4234122665950268,0.3969489999328376
ceiling_growth_gt25,36,089,56,V,4,2,0.0,0.22586987648547294,0.21175300920513088
ceiling_growth_gt25,36,097,49,Z,3,2,0.5,0.21431270771300584,0.23216816348094296
ceiling_growth_gt25,36,075,56,R,3,2,0.5,0.3499615458595138,0.3593389492432942
ceiling_growth_gt25,36,075,56,Y,1,2,0.5,0.332576929188294,0.34304087111402565
ceiling_growth_gt25,36,097,23,U,2,2,0.5,0.14993648208675028,0.17181545195632839
ceiling_growth_gt25,36,014,54,B,0,2,0.0,0.16154521410232117,0.1514486382209261
ceiling_growth_gt25,36,091,51,J,4,2,0.5,0.1429421317277075,0.16525824849472578
ceiling_growth_gt25,36,086,54,L,4,2,0.0,0.175996436065252,0.16499665881117376
ceiling_growth_gt25,36,047,54,Z,2,2,0.5,0.3381072191213354,0.34822551792625195
ceiling_growth_gt25,36,047,61,J,0,2,0.0,0.27397372428262634,0.2568503665149622
ceiling_growth_gt25,36,050,52,Y,1,2,0.5,0.24244982927565167,0.2585467149459234
ceiling_growth_gt25,36,047,53,J,2,2,0.0,0.24321519490440524,0.2280142452228799
ceiling_growth_gt25,36,050,52,J,3,2,0.5,0.2214067689777531,0.23881884591664354
ceiling_growth_gt25,36,031,23,J,1,2,0.0,0.08592449363416323,0.08055421278202803
ceiling_growth_gt25,36,070,44,J,2,2,0.0,0.15104014991400955,0.14160014054438394
ceiling_growth_gt25,36,097,45,J,0,2,0.0,0.08054544120319565,0.07551135112799592
ceiling_growth_gt25,36,097,56,K,2,2,1.0,0.3553673222165489,0.3956568645780146
ceiling_growth_gt25,36,015,45,J,0,2,0.0,0.1258479851429979,0.11798248607156052
ceiling_growth_gt25,36,080,33,U,2,2,0.5,0.31074903436133583,0.32257721971375236
ceiling_growth_gt25,36,047,56,K,2,2,0.0,0.3296150159236438,0.309014077428416
ceiling_growth_gt25,36,097,48,Z,3,2,0.5,0.250367167451093,0.2659692194853997
ceiling_growth_gt25,36,013,56,U,4,2,0.5,0.2600377963802232,0.27503543410645925
ceiling_growth_gt25,36,027,51,J,3,2,0.0,0.19665689089521127,0.18436583521426056
ceiling_growth_gt25,36,020,32,J,2,2,0.5,0.17139958781482909,0.19193711357640228
ceiling_growth_gt25,36,014,31,J,1,2,0.5,0.2221998328887524,0.23956234333320536
ceiling_growth_gt25,36,075,42,U,4,2,0.0,0.17756003654599822,0.16646253426187332
ceiling_growth_gt25,36,014,72,J,0,2,1.0,0.30637489767913223,0.3497264665741865
ceiling_growth_gt25,36,072,49,J,3,2,0.0,0.18743779528812002,0.17572293308261253
ceiling_growth_gt25,36,069,56,Y,0,2,1.0,0.4416009925506968,0.47650093051627823
ceiling_growth_gt25,36,019,62,J,4,2,0.0,0.27826991887961666,0.2608780489496406
ceiling_growth_gt25,36,097,48,U,3,2,0.5,0.2926883715723993,0.3056453483491243
ceiling_growth_gt25,36,047,33,K,2,2,0.0,0.05832778540490465,0.05468229881709811
ceiling_growth_gt25,36,036,54,Y,3,2,0.0,0.12959894149806966,0.12149900765444031
ceiling_growth_gt25,36,075,11,U,4,2,0.0,0.24418860140875182,0.22892681382070482
ceiling_growth_gt25,36,014,71,J,0,2,0.5,0.21131674026073285,0.22935944399443706
ceiling_growth_gt25,36,027,54,J,2,2,0.0,0.2780314578834456,0.26065449176573025
ceiling_growth_gt25,36,080,48,U,4,2,0.0,0.15604488023231683,0.14629207521779702
ceiling_growth_gt25,36,086,54,U,3,2,0.0,0.17066321072994134,0.15999676005932
ceiling_growth_gt25,36,014,56,Y,1,2,0.0,0.21957255579462637,0.20584927105746223
ceiling_growth_gt25,36,014,21,J,3,2,0.0,0.07798188122019148,0.0731080136439295
ceiling_growth_gt25,36,097,56,Z,3,2,0.5,0.291776617895246,0.30479057927679315
ceiling_growth_gt25,36,097,48,Z,4,2,1.0,0.250367167451093,0.2972192194853997
ceiling_growth_gt25,36,024,33,J,3,2,0.0,0.16383234851154893,0.15359282672957714
ceiling_growth_gt25,36,019,56,Z,1,2,1.0,0.5318196816611658,0.5610809515573429
ceiling_growth_gt25,36,581,54,J,3,2,0.5,0.16055363137195738,0.18176902941121004
ceiling_growth_gt25,36,086,61,J,3,2,1.0,0.2709298496641846,0.31649673406017304
ceiling_growth_gt25,36,1601,42,J,3,2,0.5,0.24428139118554626,0.2602638042364496
ceiling_growth_gt25,36,089,56,S,3,1,0.0,0.23315600153339142,0.2256348401936046
ceiling_growth_gt25,36,089,33,K,4,1,0.0,0.10476985774759955,0.10139018491703182
ceiling_growth_gt25,36,045,72,J,0,1,0.0,0.6733934720413499,0.6516711019754998
ceiling_growth_gt25,36,097,31,K,3,1,0.0,0.09505915787962137,0.09199273343189164
ceiling_growth_gt25,36,015,61,Z,1,1,0.0,0.1267794258225102,0.12268976692500988
ceiling_growth_gt25,36,9553,33,J,0,1,0.0,0.145448429231422,0.14075654441750518
ceiling_growth_gt25,36,012,48,J,3,1,1.0,0.13924567286076497,0.16701194147815965
ceiling_growth_gt25,36,015,61,Z,0,1,0.0,0.1267794258225102,0.12268976692500988
ceiling_growth_gt25,36,069,32,J,0,1,1.0,0.22026378833038782,0.24541656935198822
ceiling_growth_gt25,36,075,45,J,0,1,0.0,0.2188438071031222,0.21178432945463438
ceiling_growth_gt25,36,1601,61,L,2,1,1.0,0.6024569093918271,0.6152808800566067
ceiling_growth_gt25,36,012,22,J,2,1,0.0,0.06645356937841615,0.06430990585008015
ceiling_growth_gt25,36,097,42,K,3,1,0.0,0.07664084080201647,0.07416855561485465
ceiling_growth_gt25,36,072,61,U,1,1,0.0,0.1561796859761489,0.1511416315898215
ceiling_growth_gt25,36,075,62,Z,3,1,1.0,0.39175616493597554,0.41137693380900864
ceiling_growth_gt25,36,012,32,J,2,1,0.0,0.06369455434837376,0.061639891304877834
ceiling_growth_gt25,36,1601,51,Y,3,1,1.0,0.3583508413968573,0.37904920135179737
ceiling_growth_gt25,36,1601,54,V,0,1,1.0,0.3453009174179091,0.3664202426624927
ceiling_growth_gt25,36,1601,62,J,1,1,1.0,0.47821130533734024,0.49504319871355507
ceiling_growth_gt25,36,097,23,U,0,1,1.0,0.14993648208675028,0.1773578858904035
ceiling_growth_gt25,36,036,52,Z,4,1,0.0,0.139374372090409,0.13487842460362162
ceiling_growth_gt25,36,072,56,V,4,1,0.0,0.1930861561891783,0.18685757050565643
ceiling_growth_gt25,36,075,49,J,3,1,0.0,0.18727492318628683,0.1812337966318905
ceiling_growth_gt25,36,075,23,S,2,1,1.0,0.2651129773627502,0.28881901035104857
ceiling_growth_gt25,36,012,31,A,4,1,0.0,0.0009335369171797847,0.0009034228230772111
ceiling_growth_gt25,36,080,92,S,4,1,0.0,0.15097147381817438,0.14610142627565265
ceiling_growth_gt25,36,083,54,J,4,1,0.0,0.15235316675763036,0.14743854847512614
ceiling_growth_gt25,36,1601,54,U,1,1,1.0,0.4244413091879779,0.44300771856901083
ceiling_growth_gt25,36,1133,56,J,1,1,1.0,0.18708569927148933,0.21330874123047355
ceiling_growth_gt25,36,047,54,Y,1,1,1.0,0.34847277431208074,0.3694897815923362
ceiling_growth_gt25,36,1601,61,J,2,1,1.0,0.7161454945279242,0.7253020914786363
ceiling_growth_gt25,36,014,22,Y,0,1,0.0,0.16877725573372598,0.16333282812941224
ceiling_growth_gt25,36,024,72,J,3,1,0.0,0.11926929454929522,0.11542189795093086
ceiling_growth_gt25,36,089,54,R,1,1,1.0,0.2719863036391414,0.2954706164249755
ceiling_growth_gt25,36,019,45,K,1,1,1.0,0.30943839051474853,0.3317145714658857
ceiling_growth_gt25,36,015,33,Y,3,1,0.0,0.07008382069128397,0.06782305228188772
ceiling_growth_gt25,36,014,56,Y,0,1,0.0,0.21957255579462637,0.212489570123832
ceiling_growth_gt25,36,012,11,K,3,1,1.0,0.0999981624984642,0.1290304798372234
ceiling_growth_gt25,36,071,51,Y,0,1,0.0,0.2691330907666692,0.26045137816129277
ceiling_growth_gt25,36,012,56,Y,0,1,1.0,0.28923507866244613,0.3121629793507543
ceiling_growth_gt25,36,072,72,M,3,1,1.0,0.2672206994751308,0.29085874142754586
ceiling_growth_gt25,36,1601,54,U,0,1,1.0,0.4244413091879779,0.44300771856901083
ceiling_growth_gt25,36,420,48,J,1,1,1.0,0.21000159205979874,0.23548541167077297
ceiling_growth_gt25,36,089,54,V,2,1,0.0,0.2278546204725236,0.22050447142502283
ceiling_growth_gt25,36,097,32,S,4,1,0.0,0.07608291900868093,0.07362863129872348
ceiling_growth_gt25,36,034,48,Y,0,1,0.0,0.15189168325188668,0.1469919515340839
ceiling_growth_gt25,36,005,54,Z,1,1,1.0,0.231903529338522,0.256680834843731
ceiling_growth_gt25,36,028,54,J,3,1,0.0,0.07513598116895744,0.07271223984092655
ceiling_growth_gt25,36,047,51,U,4,1,0.0,0.20029830835491874,0.19383707260153427
ceiling_growth_gt25,36,1601,54,K,4,1,0.0,0.33451026374859943,0.32371961007928973
ceiling_growth_gt25,36,012,56,Y,1,1,1.0,0.28923507866244613,0.3121629793507543
ceiling_growth_gt25,36,072,51,J,2,1,0.0,0.21983899826742628,0.21274741767815447
ceiling_growth_gt25,36,1601,54,U,2,1,1.0,0.4244413091879779,0.44300771856901083
ceiling_growth_gt25,36,1601,51,J,2,1,0.0,0.2644970496024423,0.25596488671204093
ceiling_growth_gt25,36,015,48,J,1,1,0.0,0.2823241508745409,0.2732169202011686
ceiling_growth_gt25,36,070,33,Y,4,1,1.0,0.31878372128103516,0.34075843994938887
ceiling_growth_gt25,36,012,52,J,4,1,0.0,0.08395989890532393,0.08125151506966832
ceiling_growth_gt25,36,069,51,J,0,1,1.0,0.32347735901638913,0.3453006700158604
ceiling_growth_gt25,36,068,54,Y,0,1,0.0,0.11188703993747012,0.10827778058464851
ceiling_growth_gt25,36,013,61,J,0,1,0.0,0.21241487246900922,0.2055627798087186
ceiling_growth_gt25,36,019,31,J,1,1,0.0,0.21933864489324198,0.21226320473539548
ceiling_growth_gt25,36,097,21,U,2,1,0.0,0.07311498053756636,0.07075643277829002
ceiling_growth_gt25,36,071,54,Z,1,1,0.0,0.3645721472001209,0.3528117553549557
ceiling_growth_gt25,36,075,53,J,4,1,0.0,0.2615749148821016,0.2531370144020338
ceiling_growth_gt25,36,097,51,V,4,1,0.0,0.14248320276348722,0.13788697041627795
ceiling_growth_gt25,36,028,49,J,3,1,0.0,0.08574758358872044,0.08298153250521333
ceiling_growth_gt25,36,050,81,J,3,1,1.0,0.28172495148549614,0.3048951143408027
ceiling_growth_gt25,36,075,56,Z,0,1,0.0,0.2860125288991052,0.27678631828945666
ceiling_growth_gt25,36,339,54,Y,0,1,1.0,0.26071543601715536,0.2845633251778923
ceiling_growth_gt25,36,019,31,J,0,1,0.0,0.21933864489324198,0.21226320473539548
ceiling_growth_gt25,36,3300,31,J,0,1,1.0,0.41861985271499064,0.43737405101450705
ceiling_growth_gt25,36,1601,61,V,0,1,1.0,0.5823679797240452,0.5958399803781083
ceiling_growth_gt25,36,070,62,J,3,1,0.0,0.1554253407176002,0.1504116200492905
ceiling_growth_gt25,36,012,51,Z,4,1,1.0,0.11478886929746286,0.14334406706206085
ceiling_growth_gt25,36,072,56,S,0,1,1.0,0.22534422070530732,0.25033311681158776
ceiling_growth_gt25,36,072,52,B,4,1,0.0,0.15952344136343757,0.1543775239001009
ceiling_growth_gt25,36,028,81,J,4,1,0.0,0.08047209748902376,0.0778762233764746
ceiling_growth_gt25,36,075,56,Y,0,1,0.0,0.332576929188294,0.321848641149962
ceiling_growth_gt25,36,027,45,J,4,1,0.0,0.16996396032764227,0.1644812519299764
ceiling_growth_gt25,36,069,23,Y,0,1,0.0,0.14758287126913391,0.1428221334862586
ceiling_growth_gt25,36,047,23,Z,0,1,1.0,0.219121954936449,0.24431156929333775
ceiling_growth_gt25,36,097,54,M,4,1,1.0,0.26237752113441754,0.2861717946462105
ceiling_growth_gt25,36,015,54,U,4,1,1.0,0.2977552487611809,0.3204083052527557
ceiling_growth_gt25,36,089,49,Y,4,1,0.0,0.20721347651812327,0.20052917082399027
ceiling_growth_gt25,36,070,54,B,2,1,0.0,0.19803851182125756,0.19165017273024923
ceiling_growth_gt25,36,485,62,S,4,1,0.0,0.23193127904469993,0.22444962488196765
ceiling_growth_gt25,36,072,51,B,4,1,0.0,0.2088556755191127,0.20211839566365744
ceiling_growth_gt25,36,049,51,J,2,1,0.0,0.0865901800478297,0.08379694843338358
ceiling_growth_gt25,36,019,23,Y,3,1,0.0,0.1574651310312136,0.152385610675368
ceiling_growth_gt25,36,068,56,Y,4,1,0.0,0.18116026563921234,0.17531638610246356
ceiling_growth_gt25,36,075,56,K,0,1,1.0,0.3322109271826298,0.3537525101767385
ceiling_growth_gt25,36,089,56,M,4,1,0.0,0.23315600153339142,0.2256348401936046
ceiling_growth_gt25,36,005,56,B,4,1,0.0,0.18130833560177734,0.17545967961462322
ceiling_growth_gt25,36,073,33,J,1,1,0.0,0.24815002331637717,0.24014518385455855
ceiling_growth_gt25,36,020,62,J,3,1,0.0,0.1817670476788302,0.17590359452790022
ceiling_growth_gt25,36,036,56,Z,0,1,1.0,0.281926870053506,0.3050905194066187
ceiling_growth_gt25,36,036,62,K,2,1,1.0,0.5285717427758716,0.5437791059121339
ceiling_growth_gt25,36,086,54,Y,1,1,0.0,0.184219054280224,0.17827650414215226
ceiling_growth_gt25,36,012,31,L,3,1,0.0,0.0011960941751365992,0.0011575104920676768
ceiling_growth_gt25,36,080,32,J,1,1,0.0,0.14625361526135644,0.1415357567045385
ceiling_growth_gt25,36,097,81,Z,1,1,1.0,0.20735301503309836,0.23292227261267584
ceiling_growth_gt25,36,097,33,S,0,1,0.0,0.3478264868629594,0.33660627760931555
ceiling_growth_gt25,36,013,81,J,2,1,1.0,0.16685509872316978,0.19373074069984172
ceiling_growth_gt25,36,068,48,Y,3,1,1.0,0.19937161657886626,0.22519833862470928
ceiling_growth_gt25,36,020,54,U,2,1,0.0,0.22986051935405044,0.22244566389101655
ceiling_growth_gt25,36,080,54,L,4,1,0.0,0.14495749750733924,0.1402814492006509
ceiling_growth_gt25,36,072,22,J,0,1,0.0,0.1373674078407379,0.13293620113619797
ceiling_growth_gt25,36,036,45,J,4,1,0.0,0.14767694699032594,0.14291317450676705
ceiling_growth_gt25,36,047,54,Z,0,1,0.0,0.3381072191213354,0.3272005346335504
ceiling_growth_gt25,36,069,52,J,3,1,1.0,0.23326881395682847,0.2580020780227372
ceiling_growth_gt25,36,097,54,R,0,1,1.0,0.2664906439235239,0.2901522360550231
ceiling_growth_gt25,36,014,22,Y,4,1,0.0,0.16877725573372598,0.16333282812941224
ceiling_growth_gt25,36,1601,33,J,3,1,0.0,0.24809520247369737,0.24009213142615873
ceiling_growth_gt25,36,012,42,L,1,1,0.0,0.002146889005172893,0.0020776345211350575
ceiling_growth_gt25,36,1601,52,J,1,1,1.0,0.5013509414997269,0.5174363949997357
ceiling_growth_gt25,36,093,54,J,0,1,0.0,0.1871547566294459,0.1811175064155928
ceiling_growth_gt25,36,080,61,S,3,1,0.0,0.1771821239513027,0.1714665715657768
ceiling_growth_gt25,36,019,31,J,4,1,0.0,0.21933864489324198,0.21226320473539548
ceiling_growth_gt25,36,089,53,J,4,1,0.0,0.17144118037693193,0.16591081971961155
ceiling_growth_gt25,36,015,81,K,3,1,0.0,0.1725896164336669,0.16702220945193572
ceiling_growth_gt25,36,1602,52,Y,3,1,0.0,0.12543331265273408,0.12138707676071041
ceiling_growth_gt25,36,069,33,U,4,1,1.0,0.1991050157788653,0.22494033785051482
ceiling_growth_gt25,36,069,56,Z,4,1,0.0,0.3695495077185286,0.3576285558566406
ceiling_growth_gt25,36,091,54,S,2,1,0.0,0.12838596871614366,0.12424448585433258
ceiling_growth_gt25,36,097,48,K,4,1,0.0,0.1778220546237794,0.17208585931333492
ceiling_growth_gt25,36,080,62,J,4,1,0.0,0.15584152136069615,0.15081437551035112
ceiling_growth_gt25,36,070,51,R,4,1,0.0,0.174386589493821,0.16876121563918162
ceiling_growth_gt25,36,097,56,R,1,1,1.0,0.37279924080416105,0.39303152335886554
ceiling_growth_gt25,36,089,92,J,0,1,1.0,0.22017993447240652,0.2453354204571676
ceiling_growth_gt25,36,1601,33,J,4,1,0.0,0.24809520247369737,0.24009213142615873
ceiling_growth_gt25,36,027,52,J,3,1,0.0,0.16996396032764227,0.1644812519299764
ceiling_growth_gt25,36,068,53,J,1,1,0.0,0.13589607027293493,0.1315123260705822
ceiling_growth_gt25,36,047,61,J,3,1,1.0,0.27397372428262634,0.29739392672512227
ceiling_growth_gt25,36,072,54,K,4,1,0.0,0.26184743026578183,0.25340073896688564
ceiling_growth_gt25,36,019,51,Y,3,1,1.0,0.45254626342010723,0.4702060613742973
ceiling_growth_gt25,36,019,48,Z,4,1,1.0,0.314397731890802,0.33651393408787295
ceiling_growth_gt25,36,036,48,K,4,1,1.0,0.4032154261593732,0.42246654144455476
ceiling_growth_gt25,36,097,33,V,1,1,1.0,0.3591424918064168,0.3798153146513711
ceiling_growth_gt25,36,524,92,Y,1,1,1.0,0.17268887303392888,0.19937632874251182
ceiling_growth_gt25,36,088,54,J,2,1,0.0,0.2066917039618062,0.2000242296404576
ceiling_growth_gt25,36,070,51,U,4,1,0.0,0.174386589493821,0.16876121563918162
ceiling_growth_gt25,36,050,54,Z,1,1,1.0,0.293549212483259,0.31633794756444417
ceiling_growth_gt25,36,080,61,S,2,1,0.0,0.1771821239513027,0.1714665715657768
ceiling_growth_gt25,36,024,51,J,1,1,0.0,0.1352288461013359,0.13086662525935733
ceiling_growth_gt25,36,068,81,J,1,1,0.0,0.1880821518870024,0.1820149856970991
ceiling_growth_gt25,36,014,62,J,0,1,1.0,0.3138776338977839,0.3360106134494683
ceiling_growth_gt25,36,070,31,J,2,1,0.0,0.1740618239898464,0.16844692644178683
ceiling_growth_gt25,36,019,49,Z,1,1,1.0,0.46530642969113956,0.4825546093785221
ceiling_growth_gt25,36,049,32,J,3,1,0.0,0.09812352348812335,0.09495824853689357
ceiling_growth_gt25,36,097,61,B,4,1,0.0,0.137822713939882,0.13337681994182127
ceiling_growth_gt25,36,091,56,J,4,1,0.0,0.1700124996780504,0.1645282254948875
ceiling_growth_gt25,36,013,62,J,4,1,0.0,0.1468156032243219,0.14207961602353733
ceiling_growth_gt25,36,097,61,B,1,1,0.0,0.137822713939882,0.13337681994182127
ceiling_growth_gt25,36,012,48,J,4,1,0.0,0.13924567286076497,0.13475387696203062
ceiling_growth_gt25,36,075,61,Y,1,1,0.0,0.1607946250996627,0.15560770170935098
ceiling_growth_gt25,36,075,62,Y,4,1,0.0,0.3581684496030684,0.3466146286481307
ceiling_growth_gt25,36,028,51,J,2,1,1.0,0.060208353769195574,0.09052421332502798
ceiling_growth_gt25,36,9553,51,J,3,1,0.0,0.13649994188612943,0.13209671795431882
ceiling_growth_gt25,36,073,51,J,2,1,0.0,0.24815002331637717,0.24014518385455855
ceiling_growth_gt25,36,069,49,J,4,1,0.0,0.24141467512637463,0.23362710496100772
ceiling_growth_gt25,36,049,33,J,1,1,0.0,0.0865901800478297,0.08379694843338358
ceiling_growth_gt25,36,080,32,J,0,1,0.0,0.14625361526135644,0.1415357567045385
ceiling_growth_gt25,36,069,32,J,3,1,0.0,0.22026378833038782,0.21315850483585919
ceiling_growth_gt25,36,014,49,S,4,1,0.0,0.1340926189587906,0.1297670506052812
ceiling_growth_gt25,36,031,54,Y,4,1,0.0,0.08209513398005464,0.07944690385166578
ceiling_growth_gt25,36,014,54,K,1,1,0.0,0.15013169334133034,0.14528873549161
ceiling_growth_gt25,36,024,42,J,3,1,0.0,0.09969939397426801,0.0964832844912271
ceiling_growth_gt25,36,075,44,J,1,1,0.0,0.22590328475161,0.2186160820176871
ceiling_growth_gt25,36,080,42,J,0,1,0.0,0.12955337545642645,0.12537423431267075
ceiling_growth_gt25,36,014,61,J,3,1,1.0,0.33371587181710893,0.3552089082101054
ceiling_growth_gt25,36,339,54,Y,4,1,0.0,0.26071543601715536,0.25230526066176323
ceiling_growth_gt25,36,049,56,Z,3,1,0.0,0.08449525633699512,0.08176960290676946
ceiling_growth_gt25,36,080,61,J,0,1,0.0,0.1680798894452155,0.16265795752762793
ceiling_growth_gt25,36,514,54,J,3,1,0.0,0.26823649211832273,0.2595837020499897
ceiling_growth_gt25,36,024,49,J,3,1,0.0,0.1270881973137131,0.1229885780455288
ceiling_growth_gt25,36,097,52,S,4,1,0.0,0.11677633018160297,0.11300935178864803
ceiling_growth_gt25,36,097,33,L,3,1,1.0,0.42861793883385707,0.4470496182263133
ceiling_growth_gt25,36,069,54,B,3,1,1.0,0.2048484616298854,0.2304985112547278
ceiling_growth_gt25,36,097,32,V,4,1,0.0,0.07608291900868093,0.07362863129872348
ceiling_growth_gt25,36,036,54,K,2,1,0.0,0.13078576511047474,0.12656686946174975
ceiling_growth_gt25,36,097,81,R,2,1,0.0,0.18178375745352088,0.17591976527760084
ceiling_growth_gt25,36,080,54,T,2,1,0.0,0.1855337835065005,0.17954882274822628
ceiling_growth_gt25,36,036,23,U,4,1,1.0,0.10841124477268946,0.13717217236066723
ceiling_growth_gt25,36,014,52,J,0,1,0.0,0.12608175144396647,0.12201459817158045
ceiling_growth_gt25,36,097,92,S,2,1,0.0,0.29389849756174974,0.28441790086620944
ceiling_growth_gt25,36,019,51,Y,1,1,1.0,0.45254626342010723,0.4702060613742973
ceiling_growth_gt25,36,029,56,J,3,1,1.0,0.3005439143718962,0.3231070139082866
ceiling_growth_gt25,36,070,48,Y,1,1,0.0,0.21723322494802072,0.21022570156260068
ceiling_growth_gt25,36,034,56,J,3,1,0.0,0.15189168325188668,0.1469919515340839
ceiling_growth_gt25,36,097,81,V,4,1,1.0,0.20106959033512564,0.22684153903399257
ceiling_growth_gt25,36,068,54,Y,3,1,0.0,0.11188703993747012,0.10827778058464851
ceiling_growth_gt25,36,019,49,J,1,1,1.0,0.5124852741301567,0.528211555609829
ceiling_growth_gt25,36,075,54,R,0,1,1.0,0.26619377163885766,0.28986494029566867
ceiling_growth_gt25,36,047,92,J,4,1,0.0,0.09463165939881675,0.09157902522466137
ceiling_growth_gt25,36,097,62,Z,1,1,0.0,0.15096463873895094,0.14609481168285576
ceiling_growth_gt25,36,070,72,J,2,1,0.0,0.28205267532556627,0.2729542019279674
ceiling_growth_gt25,36,3300,23,U,3,1,0.0,0.5222487491697769,0.5054020153255906
ceiling_growth_gt25,36,070,92,Y,3,1,1.0,0.24644026023582202,0.27074863893789225
ceiling_growth_gt25,36,014,23,K,1,1,0.0,0.1242363589033851,0.12022873442263074
ceiling_growth_gt25,36,089,62,J,0,1,1.0,0.23198805537693193,0.2567626342357406
ceiling_growth_gt25,36,024,56,J,1,1,1.0,0.15725357783065405,0.18443894628772975
ceiling_growth_gt25,36,075,52,J,0,1,1.0,0.49524814028489306,0.511530458340219
ceiling_growth_gt25,36,091,48,J,4,1,0.0,0.13842225263798386,0.13395701868191986
ceiling_growth_gt25,36,581,51,J,3,1,1.0,0.1793333669109743,0.20580648410739447
ceiling_growth_gt25,36,091,81,J,1,1,1.0,0.18394387017160696,0.21026826145639382
ceiling_growth_gt25,36,420,56,J,0,1,0.0,0.1465260457538674,0.14179939911664588
ceiling_growth_gt25,36,019,81,B,0,1,0.0,0.2809636859288421,0.27190034122146006
ceiling_growth_gt25,36,083,42,J,1,1,1.0,0.21536722955781798,0.24067796408821093
ceiling_growth_gt25,36,014,61,Y,0,1,0.0,0.24789180565819738,0.23989529579825553
ceiling_growth_gt25,36,020,56,Z,4,1,0.0,0.21785110727924098,0.21082365220571708
ceiling_growth_gt25,36,069,48,Y,3,1,1.0,0.3224810693861908,0.3443365187608298
ceiling_growth_gt25,36,097,51,Y,2,1,0.0,0.15477083673337438,0.14977822909681393
ceiling_growth_gt25,36,424,51,J,0,1,0.0,0.09509353795569646,0.09202600447325464
ceiling_growth_gt25,36,065,51,J,3,1,1.0,0.21945488533424182,0.2446337600008792
ceiling_growth_gt25,36,075,53,J,2,1,0.0,0.2615749148821016,0.2531370144020338
ceiling_growth_gt25,36,034,81,J,3,1,1.0,0.21536722955781798,0.24067796408821093
ceiling_growth_gt25,36,1601,21,J,0,1,0.0,0.3797080371993922,0.3674593908381215
ceiling_growth_gt25,36,070,45,K,4,1,0.0,0.1853674567126481,0.17938786133482074
ceiling_growth_gt25,36,097,92,S,4,1,0.0,0.29389849756174974,0.28441790086620944
ceiling_growth_gt25,36,581,56,J,1,1,0.0,0.10238835666400478,0.0990855064490369
ceiling_growth_gt25,36,075,56,Z,1,1,1.0,0.2860125288991052,0.3090443828055857
ceiling_growth_gt25,36,097,72,Z,1,1,0.0,0.16662095618619374,0.1612460866318004
ceiling_growth_gt25,36,097,56,T,4,1,0.0,0.20980510465254376,0.2030371980508488
ceiling_growth_gt25,36,015,32,J,1,1,0.0,0.13335967283751937,0.1290577479072768
ceiling_growth_gt25,36,015,54,R,4,1,0.0,0.2943122083187146,0.28481826611488503
ceiling_growth_gt25,36,068,49,Y,4,1,0.0,0.14390333649846815,0.13926129338561435
ceiling_growth_gt25,36,072,54,S,1,1,0.0,0.32198303604542294,0.3115964864955706
ceiling_growth_gt25,36,097,49,U,3,1,0.0,0.26022786155669564,0.25183341440970547
ceiling_growth_gt25,36,072,52,J,4,1,0.0,0.15453833382083015,0.14955322627822273
ceiling_growth_gt25,36,075,52,J,2,1,1.0,0.49524814028489306,0.511530458340219
ceiling_growth_gt25,36,3300,48,J,3,1,1.0,0.41861985271499064,0.43737405101450705
ceiling_growth_gt25,36,097,62,S,2,1,0.0,0.1304331469000657,0.12622562603232163
ceiling_growth_gt25,36,1601,54,A,1,1,1.0,0.3453009174179091,0.3664202426624927
ceiling_growth_gt25,36,012,31,Z,4,1,0.0,0.0012346778582055218,0.0011948495401988921
ceiling_growth_gt25,36,072,51,J,1,1,1.0,0.21983899826742628,0.2450054821942835
ceiling_growth_gt25,36,047,53,J,1,1,0.0,0.24321519490440524,0.23536954345587605
ceiling_growth_gt25,36,014,72,L,1,1,1.0,0.2616248910777859,0.2854434429785025
ceiling_growth_gt25,36,091,61,J,0,1,0.0,0.16299588169745455,0.1577379500297947
ceiling_growth_gt25,36,097,92,T,1,1,1.0,0.3356371587734191,0.3570682181678249
ceiling_growth_gt25,36,070,42,Y,4,1,0.0,0.14999884709006236,0.14516017460328617
ceiling_growth_gt25,36,070,62,Z,3,1,1.0,0.2155899887373164,0.24089353748772555
ceiling_growth_gt25,36,080,33,V,3,1,0.0,0.2355453661895872,0.22794712857056826
ceiling_growth_gt25,36,075,48,U,2,1,0.0,0.30390282853610856,0.29409951148655666
ceiling_growth_gt25,36,097,71,U,3,1,0.0,0.06650793587924388,0.06436251859281665
ceiling_growth_gt25,36,1602,52,J,2,1,0.0,0.1529650116400703,0.14803065642587449
ceiling_growth_gt25,36,071,52,J,2,1,0.0,0.32335150068420637,0.3129208071137481
ceiling_growth_gt25,36,005,54,J,4,1,0.0,0.1934065440466932,0.18716762327099343
ceiling_growth_gt25,36,9566,54,Y,4,1,0.0,0.11814651685404715,0.11433533889101337
ceiling_growth_gt25,36,019,52,K,3,1,1.0,0.3193467136233201,0.34130327124837434
ceiling_growth_gt25,36,014,31,J,0,1,0.0,0.2221998328887524,0.21503209634395393
ceiling_growth_gt25,36,072,56,Y,2,1,1.0,0.24955221380826648,0.2737602069112256
ceiling_growth_gt25,36,070,49,J,4,1,0.0,0.2528920017658614,0.24473419525728524
ceiling_growth_gt25,36,014,23,Y,4,1,0.0,0.1516039726876543,0.14671352195579448
ceiling_growth_gt25,36,036,62,M,3,1,0.0,0.48781580066584196,0.4720798070959761
ceiling_growth_gt25,36,075,51,K,4,1,0.0,0.28389095909960405,0.2747331862254233
ceiling_growth_gt25,36,080,33,S,4,1,0.0,0.21088553929247714,0.20408277996046176
ceiling_growth_gt25,36,581,56,J,3,1,0.0,0.10238835666400478,0.0990855064490369
ceiling_growth_gt25,36,047,23,R,4,1,0.0,0.18686389042031998,0.18083602298740645
ceiling_growth_gt25,36,014,56,R,4,1,0.0,0.19755434078713474,0.19118162011658202
ceiling_growth_gt25,36,069,51,Y,4,1,0.0,0.2636731597038534,0.2551675739069549
ceiling_growth_gt25,36,012,22,J,1,1,0.0,0.06645356937841615,0.06430990585008015
ceiling_growth_gt25,36,028,81,J,3,1,0.0,0.08047209748902376,0.0778762233764746
ceiling_growth_gt25,36,089,48,U,3,1,1.0,0.27900346388417124,0.3022614166621012
ceiling_growth_gt25,36,075,71,J,1,1,0.0,0.19972910737397248,0.193286232942554
ceiling_growth_gt25,36,029,54,Y,1,1,0.0,0.32505330153376555,0.3145677111617086
ceiling_growth_gt25,36,005,23,J,3,1,1.0,0.24478388190770867,0.26914569216875034
ceiling_growth_gt25,36,083,54,Z,3,1,1.0,0.18836420321880631,0.21454600311497385
ceiling_growth_gt25,36,012,31,T,1,1,0.0,0.0009814106052402865,0.0009497521986196321
ceiling_growth_gt25,36,075,51,Y,2,1,0.0,0.2512979418484032,0.24319155662748695
ceiling_growth_gt25,36,012,31,L,0,1,0.0,0.0011960941751365992,0.0011575104920676768
ceiling_growth_gt25,36,075,33,T,4,1,0.0,0.10571659828248806,0.10230638543466586
ceiling_growth_gt25,36,075,49,Y,3,1,0.0,0.2235216825126649,0.21631130565741766
ceiling_growth_gt25,36,029,51,Y,2,1,0.0,0.27540028571154573,0.2665164055273023
ceiling_growth_gt25,36,9553,48,J,1,1,0.0,0.13649994188612943,0.13209671795431882
ceiling_growth_gt25,36,019,61,J,1,1,0.0,0.37634721053641434,0.3642069779384655
ceiling_growth_gt25,36,014,23,Y,1,1,1.0,0.1516039726876543,0.17897158647192352
ceiling_growth_gt25,36,049,54,J,2,1,0.0,0.09127292538498502,0.08832863746934033
ceiling_growth_gt25,36,071,54,J,3,1,0.0,0.3250394673455397,0.31455432323761906
ceiling_growth_gt25,36,019,44,J,2,1,0.0,0.20741501730195647,0.20072421029221593
ceiling_growth_gt25,36,050,56,J,3,1,0.0,0.22034713086172963,0.21323915889844802
ceiling_growth_gt25,36,028,48,J,4,1,0.0,0.08574758358872044,0.08298153250521333
ceiling_growth_gt25,36,086,51,U,1,1,0.0,0.20439890875375813,0.19780539556815302
ceiling_growth_gt25,36,050,54,Z,2,1,0.0,0.293549212483259,0.28407988304831516
ceiling_growth_gt25,36,020,62,J,1,1,1.0,0.1817670476788302,0.20816165904402925
ceiling_growth_gt25,36,1602,33,J,0,1,0.0,0.1614099218065685,0.15620315013538888
ceiling_growth_gt25,36,013,51,Y,4,1,0.0,0.19584602308869364,0.18952840944067126
ceiling_growth_gt25,36,070,56,S,0,1,0.0,0.27634838810462886,0.2674339239722215
ceiling_growth_gt25,36,031,33,J,2,1,0.0,0.08353770214432536,0.08084293755902455
ceiling_growth_gt25,36,080,56,J,0,1,0.0,0.07133480239191627,0.06903367973411252
ceiling_growth_gt25,36,012,33,J,4,1,0.0,0.07842896352163127,0.07589899695641736
ceiling_growth_gt25,36,036,56,M,1,1,0.0,0.23559957134728046,0.22799958517478755
ceiling_growth_gt25,36,012,61,J,3,1,0.0,0.16433523482764914,0.15903409822030562
ceiling_growth_gt25,36,1602,54,Y,2,1,1.0,0.26238848902092615,0.2861824087299285
ceiling_growth_gt25,36,070,53,J,3,1,1.0,0.3684581594700909,0.3888304769065396
ceiling_growth_gt25,36,089,32,R,4,1,1.0,0.2767210659271946,0.3000526444456722
ceiling_growth_gt25,36,070,22,J,3,1,1.0,0.24086781175205,0.2653559468568225
ceiling_growth_gt25,36,069,61,U,1,1,0.0,0.23963875769192988,0.2319084751857386
ceiling_growth_gt25,36,097,23,M,2,1,0.0,0.07707389483704316,0.07458764016488048
ceiling_growth_gt25,36,083,72,J,3,1,0.0,0.15189168325188668,0.1469919515340839
ceiling_growth_gt25,36,069,11,J,3,1,0.0,0.23326881395682847,0.2257440135066082
ceiling_growth_gt25,36,069,54,B,0,1,0.0,0.2048484616298854,0.19824044673859878
ceiling_growth_gt25,36,068,33,Y,1,1,0.0,0.09916551692626976,0.09596662928348687
ceiling_growth_gt25,36,012,52,J,0,1,1.0,0.08395989890532393,0.11350957958579735
ceiling_growth_gt25,36,019,31,J,2,1,0.0,0.21933864489324198,0.21226320473539548
ceiling_growth_gt25,36,069,71,J,1,1,0.0,0.18404502132340517,0.17810808515168242
ceiling_growth_gt25,36,019,92,J,2,1,0.0,0.23283330899594834,0.22532255709285323
ceiling_growth_gt25,36,019,81,J,4,1,0.0,0.2855845371704148,0.2763721327455627
ceiling_growth_gt25,36,080,56,J,1,1,0.0,0.07133480239191627,0.06903367973411252
ceiling_growth_gt25,36,034,51,J,3,1,0.0,0.20309365977056942,0.19654225139087364
ceiling_growth_gt25,36,070,81,Y,3,1,0.0,0.20807545757495075,0.20136334604027492
ceiling_growth_gt25,36,070,23,K,0,1,0.0,0.10688835279070592,0.10344034141036057
ceiling_growth_gt25,36,075,45,J,3,1,0.0,0.2188438071031222,0.21178432945463438
ceiling_growth_gt25,36,019,62,Z,4,1,1.0,0.31249472880464196,0.3346723181980406
ceiling_growth_gt25,36,005,54,J,3,1,0.0,0.1934065440466932,0.18716762327099343
ceiling_growth_gt25,36,014,33,U,3,1,1.0,0.08302200008836383,0.11260193556938435
ceiling_growth_gt25,36,029,54,Z,4,1,0.0,0.30240871124427676,0.29265359152671944
ceiling_growth_gt25,36,073,61,J,3,1,0.0,0.16947604539048047,0.16400907618433594
ceiling_growth_gt25,36,036,54,M,2,1,0.0,0.13078576511047474,0.12656686946174975
ceiling_growth_gt25,36,024,54,J,2,1,0.0,0.13966784137855173,0.13516242714053392
ceiling_growth_gt25,36,070,54,T,4,1,0.0,0.2510373791206324,0.2429393991489991
ceiling_growth_gt25,36,070,44,J,3,1,0.0,0.15104014991400955,0.14616788701355762
ceiling_growth_gt25,36,097,56,S,3,1,0.0,0.18486865748323603,0.17890515240313162
ceiling_growth_gt25,36,1133,61,J,2,1,0.0,0.12361015296555802,0.11962272867634648
ceiling_growth_gt25,36,070,72,Y,1,1,0.0,0.2423515207389079,0.23453372974733022
ceiling_growth_gt25,36,097,48,Y,0,1,1.0,0.2570941538739773,0.28105885858771995
ceiling_growth_gt25,36,097,33,S,1,1,0.0,0.3478264868629594,0.33660627760931555
ceiling_growth_gt25,36,013,32,J,3,1,0.0,0.14420721742386958,0.13955537170051893
ceiling_growth_gt25,36,015,51,Y,4,1,1.0,0.26971206856913665,0.2932697437765839
ceiling_growth_gt25,36,1125,54,J,1,1,0.0,0.18634467825738227,0.1803335596039183
ceiling_growth_gt25,36,031,56,Z,2,1,1.0,0.15623218657303076,0.18345050313519104
ceiling_growth_gt25,36,070,42,K,4,1,0.0,0.14999884709006236,0.14516017460328617
ceiling_growth_gt25,36,083,56,J,3,1,0.0,0.15189168325188668,0.1469919515340839
ceiling_growth_gt25,36,012,53,J,1,1,0.0,0.02073956442824542,0.020070546220882664
ceiling_growth_gt25,36,347,54,J,4,1,0.0,0.19182548011231573,0.18563756139901522
ceiling_growth_gt25,36,091,54,Y,0,1,1.0,0.15402167551861,0.18131129888897743
ceiling_growth_gt25,36,019,54,U,0,1,1.0,0.4243491863084966,0.44291856739531926
ceiling_growth_gt25,36,070,81,Y,2,1,1.0,0.20807545757495075,0.23362141055640395
ceiling_growth_gt25,36,070,23,Y,3,1,0.0,0.10688835279070592,0.10344034141036057
ceiling_growth_gt25,36,070,81,Y,1,1,0.0,0.20807545757495075,0.20136334604027492
ceiling_growth_gt25,36,9553,62,J,2,1,0.0,0.1089704367723983,0.10545526139264352
ceiling_growth_gt25,36,029,51,Y,3,1,1.0,0.27540028571154573,0.2987744700434314
ceiling_growth_gt25,36,097,81,Y,0,1,0.0,0.2041280084396342,0.19754323397383955
ceiling_growth_gt25,36,019,22,J,1,1,0.0,0.20698405999721448,0.200307154836014
ceiling_growth_gt25,36,031,61,Z,0,1,1.0,0.18033826586187274,0.20677896696310263
ceiling_growth_gt25,36,3302,81,J,2,1,0.0,0.19306831670739158,0.1868403064910241
ceiling_growth_gt25,36,069,54,R,0,1,1.0,0.28317287342954744,0.30629632912536847
ceiling_growth_gt25,36,514,51,J,4,1,1.0,0.44963068133985196,0.467384530328889
ceiling_growth_gt25,36,019,81,J,0,1,1.0,0.2855845371704148,0.3086301972616918
ceiling_growth_gt25,36,3302,54,Z,3,1,0.0,0.2256789084152604,0.21839894362767134
ceiling_growth_gt25,36,3302,33,J,1,1,0.0,0.18119009019121418,0.17534524857214276
ceiling_growth_gt25,36,1601,52,Z,1,1,0.0,0.437096285015803,0.42299640485400286
ceiling_growth_gt25,36,093,54,J,1,1,1.0,0.1871547566294459,0.21337557093172183
ceiling_growth_gt25,36,073,54,J,4,1,1.0,0.39298644959689544,0.41256753186796336
ceiling_growth_gt25,36,036,53,M,0,1,0.0,0.16959610533440542,0.16412526322684395
ceiling_growth_gt25,36,014,54,B,2,1,0.0,0.16154521410232117,0.15633407816353662
ceiling_growth_gt25,36,073,56,J,2,1,1.0,0.3405575970374066,0.3618299326168451
ceiling_growth_gt25,36,036,92,J,3,1,0.0,0.11046106188319488,0.10689780182244665
ceiling_growth_gt25,36,339,56,Y,3,1,0.0,0.15454696293158665,0.14956157703056772
ceiling_growth_gt25,36,031,33,J,1,1,0.0,0.08353770214432536,0.08084293755902455
ceiling_growth_gt25,36,089,56,Y,1,1,1.0,0.28410655687597597,0.3071998937509445
ceiling_growth_gt25,36,014,92,Y,3,1,1.0,0.2315245205286437,0.25631405212449393
ceiling_growth_gt25,36,070,92,J,4,1,0.0,0.2012014565851661,0.19471108701790268
ceiling_growth_gt25,36,036,23,M,4,1,0.0,0.09376107656016386,0.09073652570338439
ceiling_growth_gt25,36,024,54,J,0,1,0.0,0.13966784137855173,0.13516242714053392
ceiling_growth_gt25,36,089,92,Z,4,1,0.0,0.19502444848764544,0.1887333372461085
ceiling_growth_gt25,36,097,61,Z,4,1,0.0,0.137822713939882,0.13337681994182127
ceiling_growth_gt25,36,097,31,A,4,1,0.0,0.09505915787962137,0.09199273343189164
ceiling_growth_gt25,36,019,49,Y,4,1,1.0,0.46530642969113956,0.4825546093785221
ceiling_growth_gt25,36,089,23,U,3,1,0.0,0.15204681981425777,0.1471420836912172
ceiling_growth_gt25,36,019,49,J,3,1,1.0,0.5124852741301567,0.528211555609829
ceiling_growth_gt25,36,089,21,J,3,1,0.0,0.20721347651812327,0.20052917082399027
ceiling_growth_gt25,36,070,53,Y,2,1,0.0,0.27307269933761363,0.2642639025847874
ceiling_growth_gt25,36,089,56,Z,4,1,0.0,0.25711987648547296,0.24882568692142545
ceiling_growth_gt25,36,093,54,J,2,1,0.0,0.1871547566294459,0.1811175064155928
ceiling_growth_gt25,36,069,48,J,0,1,0.0,0.35706936073742657,0.3455509942620257
ceiling_growth_gt25,36,015,54,L,4,1,0.0,0.2943122083187146,0.28481826611488503
ceiling_growth_gt25,36,014,52,J,3,1,0.0,0.12608175144396647,0.12201459817158045
ceiling_growth_gt25,36,075,71,L,0,1,0.0,0.21261485623680945,0.20575631248723497
ceiling_growth_gt25,36,075,71,J,0,1,0.0,0.19972910737397248,0.193286232942554
ceiling_growth_gt25,36,069,33,V,4,1,1.0,0.1991050157788653,0.22494033785051482
ceiling_growth_gt25,36,029,54,J,4,1,0.0,0.26880774332824603,0.2601365258015284
ceiling_growth_gt25,36,9553,54,Z,3,1,0.0,0.22052286968709386,0.21340922872944568
ceiling_growth_gt25,36,015,52,Z,0,1,0.0,0.1604201683664645,0.1552453242256108
ceiling_growth_gt25,36,069,56,Y,4,1,0.0,0.4416009925506968,0.4273557992426098
ceiling_growth_gt25,36,072,62,J,4,1,1.0,0.281862366109421,0.30502809623492355
ceiling_growth_gt25,36,581,56,J,0,1,0.0,0.10238835666400478,0.0990855064490369
ceiling_growth_gt25,36,014,53,J,1,1,0.0,0.15035725834830072,0.14550702420803296
ceiling_growth_gt25,36,068,51,Y,4,1,1.0,0.1802729249145534,0.20671573378827748
ceiling_growth_gt25,36,070,72,K,4,1,0.0,0.234778035715817,0.22720455069272616
ceiling_growth_gt25,36,070,72,K,3,1,0.0,0.234778035715817,0.22720455069272616
ceiling_growth_gt25,36,089,21,U,3,1,1.0,0.2394715410342523,0.2640047171299216
ceiling_growth_gt25,36,019,42,S,1,1,0.0,0.16688437548887175,0.16150100853761784
ceiling_growth_gt25,36,060,54,J,4,1,1.0,0.25053135890857925,0.27470776668572183
ceiling_growth_gt25,36,9553,51,J,2,1,0.0,0.13649994188612943,0.13209671795431882
ceiling_growth_gt25,36,088,51,J,4,1,0.0,0.10186924681345082,0.09858314207753305
ceiling_growth_gt25,36,031,51,J,3,1,0.0,0.13991626201131535,0.13540283420449872
ceiling_growth_gt25,36,070,56,U,2,1,1.0,0.3285802551317613,0.35023895657912385
ceiling_growth_gt25,36,070,81,Z,1,1,0.0,0.20937795073220086,0.20262382328922665
ceiling_growth_gt25,36,075,48,U,4,1,1.0,0.30390282853610856,0.32635757600268567
ceiling_growth_gt25,36,089,22,Z,3,1,0.0,0.16180255180274497,0.1565831146478177
ceiling_growth_gt25,36,069,42,K,4,1,1.0,0.19574115659152247,0.22168499024986046
ceiling_growth_gt25,36,581,33,J,1,1,0.0,0.1265737437219955,0.12249071973096338
ceiling_growth_gt25,36,097,62,U,3,1,0.0,0.17874241651672873,0.1729765321129633
ceiling_growth_gt25,36,070,62,Y,4,1,0.0,0.18333192422118738,0.17741799118179424
ceiling_growth_gt25,36,070,54,Z,0,1,0.0,0.21065609985654346,0.20386074179665495
ceiling_growth_gt25,36,075,32,U,2,1,0.0,0.22736388825425957,0.2200295692783157
ceiling_growth_gt25,36,075,54,A,3,1,1.0,0.2717758678780475,0.2952669689142395
ceiling_growth_gt25,36,019,49,L,3,1,1.0,0.49771210061894927,0.5139149360828541
ceiling_growth_gt25,36,097,54,L,2,1,0.0,0.21407664104243773,0.20717094294429458
ceiling_growth_gt25,36,072,23,J,0,1,0.0,0.23145448749218778,0.22398821370211722
ceiling_growth_gt25,36,524,56,J,3,1,1.0,0.17268887303392888,0.19937632874251182
ceiling_growth_gt25,36,036,48,M,3,1,0.0,0.3839643108741917,0.37157836536212097
ceiling_growth_gt25,36,012,31,A,0,1,0.0,0.0009335369171797847,0.0009034228230772111
ceiling_growth_gt25,36,420,51,J,2,1,0.0,0.1465260457538674,0.14179939911664588
ceiling_growth_gt25,36,097,56,R,0,1,1.0,0.37279924080416105,0.39303152335886554
ceiling_growth_gt25,36,015,81,Z,1,1,1.0,0.1837244303971293,0.21005590038431868
ceiling_growth_gt25,36,524,54,Z,0,1,0.0,0.08186303076208719,0.07922228783427793
ceiling_growth_gt25,36,019,56,U,3,1,0.0,0.4786113901896069,0.46317231308671636
ceiling_growth_gt25,36,024,72,J,2,1,0.0,0.11926929454929522,0.11542189795093086
ceiling_growth_gt25,36,072,31,J,0,1,0.0,0.18010711121678438,0.17429720440333973
ceiling_growth_gt25,36,1601,61,U,2,1,1.0,0.6727862110053846,0.68334149452134
ceiling_growth_gt25,36,019,56,Z,4,1,0.0,0.5318196816611658,0.5146642080591927
ceiling_growth_gt25,36,049,61,U,4,1,0.0,0.09812352348812335,0.09495824853689357
ceiling_growth_gt25,36,036,56,Z,4,1,1.0,0.281926870053506,0.3050905194066187
ceiling_growth_gt25,36,075,48,J,4,1,1.0,0.3154379562692786,0.3375206028412374
ceiling_growth_gt25,36,083,54,J,2,1,0.0,0.15235316675763036,0.14743854847512614
ceiling_growth_gt25,36,015,56,Z,2,1,0.0,0.23665482128111512,0.2290207947881759
ceiling_growth_gt25,36,088,61,J,4,1,0.0,0.11543767927143386,0.11171388316590375
ceiling_growth_gt25,36,071,48,J,0,1,0.0,0.2726424593983726,0.2638475413532638
ceiling_growth_gt25,36,581,54,Y,0,1,0.0,0.15419131385130533,0.14921740050126323
ceiling_growth_gt25,36,031,81,J,1,1,0.0,0.109529141209001,0.10599594310548484
ceiling_growth_gt25,36,014,42,J,2,1,0.0,0.11182737670872654,0.10822004197618698
ceiling_growth_gt25,36,089,53,J,3,1,0.0,0.17144118037693193,0.16591081971961155
ceiling_growth_gt25,36,012,54,S,3,1,0.0,0.23765462904086387,0.22998835068470697
ceiling_growth_gt25,36,020,22,Y,3,1,0.0,0.14567634997247947,0.14097711287659304
ceiling_growth_gt25,36,089,51,J,0,1,0.0,0.24368030090263404,0.23581964603480715
ceiling_growth_gt25,36,014,48,K,4,1,0.0,0.27128564877129385,0.2625344988109295
ceiling_growth_gt25,36,012,81,J,1,1,1.0,0.19556927133062596,0.2215186496747993
ceiling_growth_gt25,36,068,56,L,4,1,0.0,0.14991026563921234,0.1450744506185926
ceiling_growth_gt25,36,015,61,J,3,1,0.0,0.11932181253883313,0.115472721811774
ceiling_growth_gt25,36,089,56,Z,1,1,1.0,0.25711987648547296,0.2810837514375545
ceiling_growth_gt25,36,1133,54,Y,1,1,0.0,0.11560832559135538,0.11187902476582778
ceiling_growth_gt25,36,031,54,U,2,1,0.0,0.08209513398005464,0.07944690385166578
ceiling_growth_gt25,36,075,52,U,3,1,1.0,0.4346202275811204,0.45285828475592294
ceiling_growth_gt25,36,3300,33,J,0,1,0.0,0.29523674607189104,0.28571298006957196
ceiling_growth_gt25,36,097,51,S,3,1,0.0,0.13803060267712824,0.13357800259076927
ceiling_growth_gt25,36,091,51,J,0,1,1.0,0.1429421317277075,0.17058915973649114
ceiling_growth_gt25,36,514,71,J,3,1,0.0,0.28946681687516024,0.2801291776211228
ceiling_growth_gt25,36,012,54,Y,0,1,1.0,0.2600765517161326,0.28394505004787024
ceiling_growth_gt25,36,1601,81,J,3,1,0.0,0.3797080371993922,0.3674593908381215
ceiling_growth_gt25,36,581,52,J,4,1,0.0,0.1265737437219955,0.12249071973096338
ceiling_growth_gt25,36,075,54,K,0,1,0.0,0.23203287200685854,0.2245479406517986
ceiling_growth_gt25,36,020,32,J,1,1,0.0,0.17139958781482909,0.16587056885306042
ceiling_growth_gt25,36,075,61,Y,3,1,0.0,0.1607946250996627,0.15560770170935098
ceiling_growth_gt25,36,070,81,Y,4,1,0.0,0.20807545757495075,0.20136334604027492
ceiling_growth_gt25,36,339,54,J,3,1,0.0,0.23831287347222066,0.23062536142472967
ceiling_growth_gt25,36,013,61,Y,1,1,0.0,0.21905283723366575,0.21198661667774105
ceiling_growth_gt25,36,014,61,J,4,1,0.0,0.33371587181710893,0.32295084369397636
ceiling_growth_gt25,36,069,81,Y,3,1,0.0,0.23465492796630513,0.22708541416094047
ceiling_growth_gt25,36,089,92,J,3,1,0.0,0.22017993447240652,0.21307735594103858
ceiling_growth_gt25,36,013,48,Y,0,1,1.0,0.1692735191643868,0.19607114757843885
ceiling_growth_gt25,36,069,49,Z,1,1,1.0,0.25698981545710853,0.28095788592623405
ceiling_growth_gt25,36,031,54,Y,3,1,0.0,0.08209513398005464,0.07944690385166578
ceiling_growth_gt25,36,1601,54,B,4,1,0.0,0.3130428529017801,0.3029446963565614
ceiling_growth_gt25,36,069,53,J,4,1,0.0,0.26894227419983524,0.26026671696758247
ceiling_growth_gt25,36,1125,56,J,2,1,1.0,0.2498202245633136,0.27401957215804545
ceiling_growth_gt25,36,097,71,U,2,1,0.0,0.06650793587924388,0.06436251859281665
ceiling_growth_gt25,36,086,56,J,0,1,0.0,0.19043272506337822,0.1842897339323015
ceiling_growth_gt25,36,068,51,J,4,1,0.0,0.13495472565738692,0.13060134741037444
ceiling_growth_gt25,36,031,72,J,2,1,0.0,0.109529141209001,0.10599594310548484
ceiling_growth_gt25,36,014,71,J,1,1,0.0,0.21131674026073285,0.20450007122006406
ceiling_growth_gt25,36,029,51,J,4,1,0.0,0.2520261013796601,0.24389622714160653
ceiling_growth_gt25,36,069,48,J,1,1,0.0,0.35706936073742657,0.3455509942620257
ceiling_growth_gt25,36,581,56,Z,1,1,0.0,0.10238835666400478,0.0990855064490369
ceiling_growth_gt25,36,073,33,J,2,1,0.0,0.24815002331637717,0.24014518385455855
ceiling_growth_gt25,36,031,51,J,1,1,1.0,0.13991626201131535,0.16766089872062775
ceiling_growth_gt25,36,091,54,Y,2,1,0.0,0.15402167551861,0.1490532343728484
ceiling_growth_gt25,36,1601,92,J,0,1,0.0,0.3797080371993922,0.3674593908381215
ceiling_growth_gt25,36,013,51,Z,4,1,0.0,0.19584602308869364,0.18952840944067126
ceiling_growth_gt25,36,013,51,R,4,1,1.0,0.22810408760482268,0.2530039557466026
ceiling_growth_gt25,36,028,56,J,0,1,1.0,0.14669349141245763,0.17421950781850737
ceiling_growth_gt25,36,075,56,L,0,1,1.0,0.3322109271826298,0.3537525101767385
ceiling_growth_gt25,36,047,56,Z,4,1,0.0,0.3393095752155157,0.32836410504727326
ceiling_growth_gt25,36,070,32,J,4,1,1.0,0.11244647135165045,0.1410772303403069
ceiling_growth_gt25,36,070,61,U,4,1,0.0,0.15490503328340338,0.14990809672587424
ceiling_growth_gt25,36,024,54,Z,4,1,1.0,0.1688248622832263,0.1956369634998964
ceiling_growth_gt25,36,073,53,J,3,1,0.0,0.264417922867815,0.2558883124527242
ceiling_growth_gt25,36,097,42,U,4,1,0.0,0.04401536077771293,0.042595510430044774
ceiling_growth_gt25,36,347,54,Z,2,1,1.0,0.22408354462844476,0.24911310770494655
ceiling_growth_gt25,36,083,54,J,3,1,0.0,0.15235316675763036,0.14743854847512614
ceiling_growth_gt25,36,036,23,K,4,1,0.0,0.0796503171847117,0.07708095211423714
ceiling_growth_gt25,36,014,51,U,2,1,0.0,0.16998295245133538,0.16449963140451812
ceiling_growth_gt25,36,075,32,U,1,1,0.0,0.22736388825425957,0.2200295692783157
ceiling_growth_gt25,36,089,51,U,3,1,0.0,0.23337331090034288,0.22584513958097696
ceiling_growth_gt25,36,013,42,J,4,1,0.0,0.13167113486121693,0.12742367889795186
ceiling_growth_gt25,36,027,42,J,2,1,0.0,0.16996396032764227,0.1644812519299764
ceiling_growth_gt25,36,3302,51,J,2,1,0.0,0.19306831670739158,0.1868403064910241
ceiling_growth_gt25,36,031,56,Y,2,1,0.0,0.12397412205690171,0.11997495682925972
ceiling_growth_gt25,36,1601,61,L,3,1,0.0,0.6024569093918271,0.5830228155404777
ceiling_growth_gt25,36,091,54,Z,4,1,1.0,0.19489803023852315,0.22086906152115143
ceiling_growth_gt25,36,086,48,J,4,1,0.0,0.21398934098123365,0.20708645901409709
ceiling_growth_gt25,36,514,23,J,0,1,1.0,0.3164950702291891,0.33854361635082814
ceiling_growth_gt25,36,012,53,J,2,1,0.0,0.02073956442824542,0.020070546220882664
ceiling_growth_gt25,36,097,54,V,1,1,1.0,0.33958335870819356,0.36088712133050993
ceiling_growth_gt25,36,012,62,J,0,1,0.0,0.02494790476488211,0.0241431336434343
ceiling_growth_gt25,36,019,21,J,0,1,0.0,0.24657058140168805,0.23861669167905297
ceiling_growth_gt25,36,049,81,J,0,1,1.0,0.15263350202352205,0.1799679051840536
ceiling_growth_gt25,36,071,51,J,1,1,0.0,0.27479781805196307,0.26593337230835135
ceiling_growth_gt25,36,089,33,U,4,1,0.0,0.10476985774759955,0.10139018491703182
ceiling_growth_gt25,36,068,49,J,4,1,0.0,0.1560286694700718,0.15099548658394044
ceiling_growth_gt25,36,097,56,Y,1,1,1.0,0.22834691835280124,0.25323895324464635
ceiling_growth_gt25,36,075,49,J,2,1,0.0,0.18727492318628683,0.1812337966318905
ceiling_growth_gt25,36,097,21,U,4,1,0.0,0.07311498053756636,0.07075643277829002
ceiling_growth_gt25,36,9566,48,J,1,1,0.0,0.11814651685404715,0.11433533889101337
ceiling_growth_gt25,36,1602,54,Z,3,1,1.0,0.27835107899121775,0.30163007644311396
ceiling_growth_gt25,36,013,56,Z,2,1,1.0,0.2311447078935317,0.25594649150986937
ceiling_growth_gt25,36,071,56,Y,0,1,0.0,0.2481149654184054,0.24011125685652135
ceiling_growth_gt25,36,050,56,Y,4,1,0.0,0.25159713086172963,0.243481094382319
ceiling_growth_gt25,36,014,22,Y,3,1,0.0,0.16877725573372598,0.16333282812941224
ceiling_growth_gt25,36,097,71,U,4,1,0.0,0.06650793587924388,0.06436251859281665
ceiling_growth_gt25,36,015,32,J,4,1,0.0,0.13335967283751937,0.1290577479072768
ceiling_growth_gt25,36,014,81,U,4,1,0.0,0.11388029162680842,0.11020673383239524
ceiling_growth_gt25,36,013,62,J,3,1,0.0,0.1468156032243219,0.14207961602353733
ceiling_growth_gt25,36,581,54,Z,1,1,1.0,0.1864493783674344,0.21269294680719458
ceiling_growth_gt25,36,013,33,Y,4,1,0.0,0.16348948784253842,0.15821563339600492
ceiling_growth_gt25,36,581,61,B,4,1,0.0,0.1265737437219955,0.12249071973096338
ceiling_growth_gt25,36,1602,56,J,1,1,1.0,0.24490911319732897,0.2692668837393506
ceiling_growth_gt25,36,031,48,J,3,1,0.0,0.16333740693540036,0.158068458324581
ceiling_growth_gt25,36,012,22,J,4,1,0.0,0.06645356937841615,0.06430990585008015
ceiling_growth_gt25,36,015,49,J,0,1,0.0,0.14156453792485987,0.13699793992728374
ceiling_growth_gt25,36,097,42,S,1,1,0.0,0.04539084080201646,0.04392662013098367
ceiling_growth_gt25,36,069,49,J,3,1,0.0,0.24141467512637463,0.23362710496100772
ceiling_growth_gt25,36,1601,62,J,3,1,0.0,0.47821130533734024,0.46278513419742606
ceiling_growth_gt25,36,485,53,J,3,1,1.0,0.3588978885484053,0.3795786018210374
ceiling_growth_gt25,36,072,81,Z,1,1,1.0,0.411957996805344,0.43092709368259097
ceiling_growth_gt25,36,012,54,S,2,1,0.0,0.23765462904086387,0.22998835068470697
ceiling_growth_gt25,36,015,56,K,4,1,0.0,0.2238549191550592,0.21663379273070243
ceiling_growth_gt25,36,072,32,J,3,1,1.0,0.1956768336745811,0.22162274226572365
ceiling_growth_gt25,36,070,33,K,4,1,0.0,0.2851176297921031,0.2759202868955836
ceiling_growth_gt25,36,1125,81,T,1,1,0.0,0.18634467825738227,0.1803335596039183
ceiling_growth_gt25,36,073,42,J,3,1,0.0,0.2911897372598441,0.2817965199288814
ceiling_growth_gt25,36,097,31,U,4,1,0.0,0.0920885591958832,0.08911796051214503
ceiling_growth_gt25,36,1100,92,J,4,1,1.0,0.21000159205979874,0.23548541167077297
ceiling_growth_gt25,36,1601,53,J,4,1,0.0,0.3929287637728338,0.3802536423608069
ceiling_growth_gt25,36,013,54,U,0,1,0.0,0.22242872238143221,0.21525360230461182
ceiling_growth_gt25,36,047,53,J,4,1,1.0,0.24321519490440524,0.2676276079720051
ceiling_growth_gt25,36,097,42,S,4,1,0.0,0.04539084080201646,0.04392662013098367
ceiling_growth_gt25,36,015,72,J,1,1,0.0,0.1604201683664645,0.1552453242256108
ceiling_growth_gt25,36,013,11,K,0,1,0.0,0.1515515904251065,0.14666282944365144
ceiling_growth_gt25,36,072,51,J,0,1,0.0,0.21983899826742628,0.21274741767815447
ceiling_growth_gt25,36,097,51,U,0,1,0.0,0.26212689610305645,0.2536711897771514
ceiling_growth_gt25,36,014,56,U,4,1,1.0,0.22981240530326377,0.25465716642251335
ceiling_growth_gt25,36,339,23,J,4,1,0.0,0.17513178213579383,0.16948236980883274
ceiling_growth_gt25,36,019,54,R,0,1,1.0,0.48695849625426935,0.503508222181551
ceiling_growth_gt25,36,014,72,R,4,1,0.0,0.2293668265616569,0.2219678966725712
ceiling_growth_gt25,36,581,51,J,4,1,0.0,0.1793333669109743,0.17354841959126543
ceiling_growth_gt25,36,097,61,Z,3,1,0.0,0.137822713939882,0.13337681994182127
ceiling_growth_gt25,36,072,92,U,3,1,0.0,0.21983370153206083,0.21274229180522017
ceiling_growth_gt25,36,070,11,J,4,1,1.0,0.26716756949901804,0.29080732532163034
ceiling_growth_gt25,36,072,22,U,4,1,0.0,0.15509223465889763,0.1500892593473203
ceiling_growth_gt25,36,097,49,Z,2,1,0.0,0.21431270771300584,0.2073993945609734
ceiling_growth_gt25,36,1601,61,V,1,1,0.0,0.5823679797240452,0.5635819158619791
ceiling_growth_gt25,36,014,56,K,1,1,0.0,0.22263076763753678,0.2154491299718098
ceiling_growth_gt25,36,9553,48,J,2,1,0.0,0.13649994188612943,0.13209671795431882
ceiling_growth_gt25,36,097,33,Z,1,1,0.0,0.07854205818505956,0.07600844340489635
ceiling_growth_gt25,36,072,11,M,3,1,1.0,0.23697876399125986,0.2615923522496063
ceiling_growth_gt25,36,080,81,J,2,1,0.0,0.15584152136069615,0.15081437551035112
ceiling_growth_gt25,36,1601,54,S,4,1,1.0,0.33451026374859943,0.3559776745954188
ceiling_growth_gt25,36,072,56,J,3,1,0.0,0.1518624096057506,0.14696362219911346
ceiling_growth_gt25,36,069,56,Y,3,1,1.0,0.4416009925506968,0.4596138637587388
ceiling_growth_gt25,36,024,56,J,3,1,0.0,0.15725357783065405,0.15218088177160072
ceiling_growth_gt25,36,071,52,Y,2,1,1.0,0.3224157038733507,0.34427326181292
ceiling_growth_gt25,36,097,61,T,4,1,0.0,0.1422686079379427,0.13767929800446066
ceiling_growth_gt25,36,019,54,Z,1,1,0.0,0.5653296587677225,0.547093218162312
ceiling_growth_gt25,36,031,48,J,2,1,1.0,0.16333740693540036,0.19032652284071003
ceiling_growth_gt25,36,047,54,Z,4,1,1.0,0.3381072191213354,0.3594585991496794
ceiling_growth_gt25,36,047,32,K,2,1,0.0,0.1313311058036625,0.12709461851967338
ceiling_growth_gt25,36,097,33,R,0,1,0.0,0.23822507924451763,0.23054039926888803
ceiling_growth_gt25,36,069,56,Y,2,1,1.0,0.4416009925506968,0.4596138637587388
ceiling_growth_gt25,36,015,54,B,0,1,0.0,0.2943122083187146,0.28481826611488503
ceiling_growth_gt25,36,072,92,J,2,1,1.0,0.24366253819641612,0.26806052083524146
ceiling_growth_gt25,36,097,52,L,4,1,0.0,0.11677633018160297,0.11300935178864803
ceiling_growth_gt25,36,012,56,L,0,1,0.0,0.2340491134580089,0.22649914205613766
ceiling_growth_gt25,36,1601,56,U,1,1,0.0,0.4427856231802977,0.42850221598093324
ceiling_growth_gt25,36,080,51,S,4,1,1.0,0.2300320396096987,0.25486971575132134
ceiling_growth_gt25,36,049,56,R,4,1,0.0,0.08449525633699512,0.08176960290676946
ceiling_growth_gt25,36,097,23,B,0,1,1.0,0.11927697804182293,0.14768739810498993
ceiling_growth_gt25,36,088,51,J,2,1,0.0,0.10186924681345082,0.09858314207753305
ceiling_growth_gt25,36,050,54,Z,3,1,1.0,0.293549212483259,0.31633794756444417
ceiling_growth_gt25,36,080,31,J,0,1,1.0,0.21931706766662742,0.24450038806447813
ceiling_growth_gt25,36,014,62,K,3,1,0.0,0.2317051814099008,0.22423082071925884
ceiling_growth_gt25,36,1601,62,Y,4,1,1.0,0.4936374764772544,0.509971751429601
ceiling_growth_gt25,36,1601,23,U,4,1,1.0,0.29790950670367733,0.32055758713259097
ceiling_growth_gt25,36,097,92,Y,3,1,0.0,0.30337909425729004,0.29359267186189364
ceiling_growth_gt25,36,089,56,R,3,1,0.0,0.24050610995518426,0.2327478483437267
ceiling_growth_gt25,36,097,62,S,4,1,0.0,0.1304331469000657,0.12622562603232163
ceiling_growth_gt25,36,097,23,M,3,1,0.0,0.07707389483704316,0.07458764016488048
ceiling_growth_gt25,36,1602,54,R,4,1,1.0,0.26238848902092615,0.2861824087299285
ceiling_growth_gt25,36,014,44,J,4,1,0.0,0.20128318427422662,0.19479017832989673
ceiling_growth_gt25,36,015,92,J,2,1,1.0,0.25092363634934317,0.27508739001549337
ceiling_growth_gt25,36,086,53,J,2,1,0.0,0.6538483148061446,0.6327564336833658
ceiling_growth_gt25,36,072,21,J,3,1,0.0,0.16902630261653298,0.16357384124180613
ceiling_growth_gt25,36,015,48,Y,0,1,0.0,0.19997033726467844,0.19351968122388236
ceiling_growth_gt25,36,091,72,Y,3,1,0.0,0.14288748659404785,0.13827821283294953
ceiling_growth_gt25,36,3300,71,J,3,1,1.0,0.2982422779102309,0.3208796237840944
ceiling_growth_gt25,36,097,23,K,4,1,0.0,0.08429957247801596,0.08158023143033803
ceiling_growth_gt25,36,036,52,J,0,1,0.0,0.1270766333765494,0.1229773871385962
ceiling_growth_gt25,36,014,48,K,0,1,0.0,0.27128564877129385,0.2625344988109295
ceiling_growth_gt25,36,020,44,J,2,1,0.0,0.1426979561686794,0.13809479629227037
ceiling_growth_gt25,36,097,56,Z,1,1,1.0,0.291776617895246,0.3146225334470123
ceiling_growth_gt25,36,072,51,U,2,1,1.0,0.24111374003524172,0.2655939419695888
ceiling_growth_gt25,36,036,81,K,4,1,0.0,0.23738184934330284,0.22972437033222856
ceiling_growth_gt25,36,069,32,J,1,1,0.0,0.22026378833038782,0.21315850483585919
ceiling_growth_gt25,36,069,81,L,3,1,0.0,0.2099663772555408,0.20319326831181367
ceiling_growth_gt25,36,045,54,J,3,1,1.0,0.7610046733122062,0.7687141999795545
ceiling_growth_gt25,36,072,56,U,2,1,1.0,0.19013502004439353,0.21625969681715504
ceiling_growth_gt25,36,070,22,J,1,1,0.0,0.24086781175205,0.23309788234069354
ceiling_growth_gt25,36,097,56,K,1,1,1.0,0.3553673222165489,0.3761619247256925
ceiling_growth_gt25,36,047,22,K,4,1,0.0,0.11203948231807613,0.10842530546910593
ceiling_growth_gt25,36,014,32,K,1,1,0.0,0.12607316061025217,0.12200628446153436
ceiling_growth_gt25,36,1601,54,M,4,1,0.0,0.3130428529017801,0.3029446963565614
ceiling_growth_gt25,36,097,48,M,4,1,1.0,0.2347651154167863,0.25945011169366416
ceiling_growth_gt25,36,068,23,S,2,1,0.0,0.16646926858860728,0.1610992921825232
ceiling_growth_gt25,36,014,72,J,2,1,1.0,0.30637489767913223,0.3287499009798054
ceiling_growth_gt25,36,075,54,T,3,1,1.0,0.22375086507032454,0.24879115974547536
ceiling_growth_gt25,36,097,56,Z,4,1,0.0,0.291776617895246,0.28236446893088324
ceiling_growth_gt25,36,029,42,J,0,1,1.0,0.3005439143718962,0.3231070139082866
ceiling_growth_gt25,36,047,54,B,1,1,1.0,0.3499378815035724,0.3709076272615217
ceiling_growth_gt25,36,034,33,J,1,1,0.0,0.15189168325188668,0.1469919515340839
ceiling_growth_gt25,36,514,42,J,1,1,0.0,0.255443168977988,0.24720306675289164
ceiling_growth_gt25,36,080,51,J,2,1,0.0,0.1927295467000178,0.18651246454840434
ceiling_growth_gt25,36,031,54,U,0,1,0.0,0.08209513398005464,0.07944690385166578
ceiling_growth_gt25,36,073,56,B,4,1,0.0,0.2980129258785296,0.28839960568889966
ceiling_growth_gt25,36,031,61,J,3,1,0.0,0.16442606593288397,0.15912199928988774
ceiling_growth_gt25,36,013,11,J,1,1,0.0,0.1515515904251065,0.14666282944365144
ceiling_growth_gt25,36,020,49,U,4,1,1.0,0.24383755117986353,0.2682298882385776
ceiling_growth_gt25,36,1601,56,V,1,1,1.0,0.5805492394683575,0.5940799091629265
ceiling_growth_gt25,36,3302,56,J,1,1,0.0,0.18119009019121418,0.17534524857214276
ceiling_growth_gt25,36,068,54,J,2,1,1.0,0.18767233113588833,0.21387644948634352
ceiling_growth_gt25,36,524,42,J,0,1,0.0,0.10249414744688053,0.09918788462601341
ceiling_growth_gt25,36,072,56,Z,0,1,1.0,0.22534422070530732,0.25033311681158776
ceiling_growth_gt25,36,070,61,R,4,1,1.0,0.1871630977995324,0.21338364303180557
ceiling_growth_gt25,36,080,33,V,4,1,1.0,0.2355453661895872,0.2602051930866973
ceiling_growth_gt25,36,014,55,J,1,1,0.0,0.1340926189587906,0.1297670506052812
ceiling_growth_gt25,36,089,54,Z,0,1,1.0,0.25803828806790335,0.2819725368399065
ceiling_growth_gt25,36,060,54,Y,1,1,0.0,0.21834185683226695,0.21129857112800027
ceiling_growth_gt25,36,3300,51,J,0,1,0.0,0.35514430640905936,0.34368803846038004
ceiling_growth_gt25,36,1602,42,J,2,1,0.0,0.1614099218065685,0.15620315013538888
ceiling_growth_gt25,36,088,54,J,4,1,1.0,0.2066917039618062,0.23228229415658663
ceiling_growth_gt25,36,097,49,S,2,1,0.0,0.19127645759294246,0.1851062492834927
ceiling_growth_gt25,36,068,81,J,0,1,1.0,0.1880821518870024,0.21427305021322812
ceiling_growth_gt25,36,424,33,J,3,1,0.0,0.09509353795569646,0.09202600447325464
ceiling_growth_gt25,36,072,22,J,2,1,0.0,0.1373674078407379,0.13293620113619797
ceiling_growth_gt25,36,072,92,Z,2,1,0.0,0.24366253819641612,0.2358024563191124
ceiling_growth_gt25,36,071,54,L,1,1,1.0,0.3968302117162499,0.416287301660887
ceiling_growth_gt25,36,514,33,J,2,1,0.0,0.2801449885853298,0.27110805346967404
ceiling_growth_gt25,36,013,48,Y,4,1,0.0,0.1692735191643868,0.16381308306230982
ceiling_growth_gt25,36,031,33,Y,0,1,0.0,0.09431676048552864,0.09127428434083418
ceiling_growth_gt25,36,089,54,U,2,1,0.0,0.2612698646929646,0.2528418045415786
ceiling_growth_gt25,36,020,23,Y,1,1,0.0,0.12256391147796657,0.11861023691416119
ceiling_growth_gt25,36,019,54,B,4,1,1.0,0.48695849625426935,0.503508222181551
ceiling_growth_gt25,36,097,32,Y,2,1,0.0,0.07608291900868093,0.07362863129872348
ceiling_growth_gt25,36,019,92,J,4,1,0.0,0.23283330899594834,0.22532255709285323
ceiling_growth_gt25,36,047,53,J,0,1,0.0,0.24321519490440524,0.23536954345587605
ceiling_growth_gt25,36,070,53,S,3,1,0.0,0.2818814960904399,0.2727885446036515
ceiling_growth_gt25,36,072,21,J,0,1,0.0,0.16902630261653298,0.16357384124180613
ceiling_growth_gt25,36,073,52,J,2,1,0.0,0.264417922867815,0.2558883124527242
ceiling_growth_gt25,36,036,54,U,4,1,0.0,0.13078576511047474,0.12656686946174975
ceiling_growth_gt25,36,339,51,J,0,1,0.0,0.2249039478832987,0.21764898182254713
ceiling_growth_gt25,36,080,56,R,4,1,0.0,0.10355051960116876,0.10021018025919558
ceiling_growth_gt25,36,020,44,J,3,1,0.0,0.1426979561686794,0.13809479629227037
ceiling_growth_gt25,36,031,56,J,1,1,0.0,0.11812677521375496,0.11431623407782739
ceiling_growth_gt25,36,031,54,Y,0,1,0.0,0.08209513398005464,0.07944690385166578
ceiling_growth_gt25,36,072,54,Z,2,1,1.0,0.3262934352700157,0.34802590510001524
ceiling_growth_gt25,36,3300,56,J,3,1,1.0,0.39384148287022075,0.4133949834227943
ceiling_growth_gt25,36,089,92,Y,2,1,0.0,0.19502444848764544,0.1887333372461085
ceiling_growth_gt25,36,1601,54,S,2,1,0.0,0.33451026374859943,0.32371961007928973
ceiling_growth_gt25,36,097,61,M,1,1,0.0,0.1422686079379427,0.13767929800446066
ceiling_growth_gt25,36,050,51,J,1,1,0.0,0.17764823623583298,0.17191764797016093
ceiling_growth_gt25,36,036,23,U,2,1,0.0,0.10841124477268946,0.10491410784453818
ceiling_growth_gt25,36,097,22,S,3,1,0.0,0.24815594532671395,0.24015091483230383
ceiling_growth_gt25,36,024,56,L,4,1,0.0,0.14021360149168507,0.1356905820887275
ceiling_growth_gt25,36,080,54,S,1,1,1.0,0.24208878785511745,0.26653753663398466
ceiling_growth_gt25,36,020,81,J,4,1,0.0,0.21272339655799985,0.2058613515077418
ceiling_growth_gt25,36,097,33,Y,2,1,0.0,0.15173068987218055,0.146836151489207
ceiling_growth_gt25,36,075,44,U,1,1,0.0,0.22590328475161,0.2186160820176871
ceiling_growth_gt25,36,014,23,M,1,1,0.0,0.12035397268765431,0.11647158647192353
ceiling_growth_gt25,36,524,42,J,3,1,0.0,0.10249414744688053,0.09918788462601341
ceiling_growth_gt25,36,3302,33,J,0,1,0.0,0.18119009019121418,0.17534524857214276
ceiling_growth_gt25,36,019,72,J,4,1,0.0,0.2591991844137996,0.2508379204004512
ceiling_growth_gt25,36,072,23,U,3,1,1.0,0.276594911346118,0.29993055936721097
ceiling_growth_gt25,36,075,56,U,2,1,1.0,0.38644699304490604,0.40623902552732843
ceiling_growth_gt25,36,3302,56,J,0,1,0.0,0.18119009019121418,0.17534524857214276
ceiling_growth_gt25,36,075,71,J,4,1,0.0,0.19972910737397248,0.193286232942554
ceiling_growth_gt25,36,3300,23,U,2,1,1.0,0.5222487491697769,0.5376600798417196
ceiling_growth_gt25,36,029,54,J,1,1,0.0,0.26880774332824603,0.2601365258015284
ceiling_growth_gt25,36,069,54,L,3,1,0.0,0.2460605708582133,0.23812313308859354
ceiling_growth_gt25,36,014,56,K,3,1,1.0,0.22263076763753678,0.24770719448793882
ceiling_growth_gt25,36,050,21,Y,0,1,0.0,0.21824940517956484,0.21120910178667565
ceiling_growth_gt25,36,024,54,Z,2,1,0.0,0.1688248622832263,0.16337889898376737
ceiling_growth_gt25,36,014,44,J,2,1,1.0,0.20128318427422662,0.22704824284602576
ceiling_growth_gt25,36,075,56,Y,2,1,0.0,0.332576929188294,0.321848641149962
ceiling_growth_gt25,36,036,48,K,3,1,0.0,0.4032154261593732,0.3902084769284257
ceiling_growth_gt25,36,097,33,R,3,1,0.0,0.23822507924451763,0.23054039926888803
ceiling_growth_gt25,36,070,56,Y,3,1,0.0,0.32107871048370307,0.31072133272616426
ceiling_growth_gt25,36,075,11,U,2,1,1.0,0.24418860140875182,0.268569614266534
ceiling_growth_gt25,36,013,51,S,4,1,0.0,0.19584602308869364,0.18952840944067126
ceiling_growth_gt25,36,015,44,J,2,1,0.0,0.15055056816423085,0.14569409822344923
ceiling_growth_gt25,36,086,52,L,4,1,0.0,0.264472975325336,0.2559415890245187
ceiling_growth_gt25,36,080,92,J,2,1,0.0,0.15097147381817438,0.14610142627565265
ceiling_growth_gt25,36,019,56,Y,0,1,1.0,0.48601513973935834,0.5025952965219597
ceiling_growth_gt25,36,072,72,J,1,1,1.0,0.2672206994751308,0.29085874142754586
ceiling_growth_gt25,36,050,42,J,3,1,0.0,0.21824940517956484,0.21120910178667565
ceiling_growth_gt25,36,049,56,U,4,1,0.0,0.08449525633699512,0.08176960290676946
ceiling_growth_gt25,36,036,54,Z,3,1,0.0,0.1228593551037793,0.11889615010043157
ceiling_growth_gt25,36,089,49,J,1,1,1.0,0.2394715410342523,0.2640047171299216
ceiling_growth_gt25,36,091,61,M,3,1,0.0,0.17345884033450001,0.16786339387209678
ceiling_growth_gt25,36,581,53,J,4,1,0.0,0.1265737437219955,0.12249071973096338
ceiling_growth_gt25,36,097,51,S,4,1,0.0,0.13803060267712824,0.13357800259076927
ceiling_growth_gt25,36,068,56,L,3,1,0.0,0.14991026563921234,0.1450744506185926
ceiling_growth_gt25,36,019,33,Y,1,1,0.0,0.1297490873985056,0.12556363296629575
ceiling_growth_gt25,36,013,56,Y,0,1,1.0,0.2867002634490873,0.3097099323700845
ceiling_growth_gt25,36,097,32,M,2,1,0.0,0.07608291900868093,0.07362863129872348
ceiling_growth_gt25,36,097,42,U,3,1,0.0,0.04401536077771293,0.042595510430044774
ceiling_growth_gt25,36,070,56,Y,2,1,1.0,0.32107871048370307,0.3429793972422933
ceiling_growth_gt25,36,047,44,J,0,1,0.0,0.3083250361596852,0.2983790672513083
ceiling_growth_gt25,36,097,49,V,4,1,0.0,0.19127645759294246,0.1851062492834927
ceiling_growth_gt25,36,072,23,Y,4,1,0.0,0.2299236153039321,0.22250672448767622
ceiling_growth_gt25,36,339,54,J,2,1,0.0,0.23831287347222066,0.23062536142472967
ceiling_growth_gt25,36,029,54,Z,1,1,1.0,0.30240871124427676,0.3249116560428485
ceiling_growth_gt25,36,020,54,L,3,1,1.0,0.22726187669005696,0.2521889129258616
ceiling_growth_gt25,36,3302,54,Z,2,1,0.0,0.2256789084152604,0.21839894362767134
ceiling_growth_gt25,36,014,81,T,1,1,1.0,0.14613835614293744,0.17368228013832654
ceiling_growth_gt25,36,031,61,S,0,1,0.0,0.1480802013457437,0.14330342065717133
ceiling_growth_gt25,36,080,51,J,3,1,0.0,0.1927295467000178,0.18651246454840434
ceiling_growth_gt25,36,071,52,Y,0,1,0.0,0.3224157038733507,0.312015197296791
ceiling_growth_gt25,36,097,32,U,3,1,0.0,0.08611719203254124,0.08333921809600765
ceiling_growth_gt25,36,072,23,Z,0,1,1.0,0.2621816798200612,0.2859822707936076
ceiling_growth_gt25,36,091,56,K,4,1,0.0,0.1542072577114101,0.14923283004330012
ceiling_growth_gt25,36,075,21,J,1,1,0.0,0.23319048748553292,0.22566821369567702
ceiling_growth_gt25,36,091,54,K,2,1,1.0,0.16892699895589486,0.19573580544118857
ceiling_growth_gt25,36,080,54,Y,2,1,0.0,0.12839092636364333,0.12424928357771935
ceiling_growth_gt25,36,069,22,Y,0,1,1.0,0.252991948297595,0.27708898222347905
ceiling_growth_gt25,36,089,54,U,1,1,1.0,0.2612698646929646,0.2850998690577077
ceiling_growth_gt25,36,014,31,J,4,1,1.0,0.2221998328887524,0.24729016086008296
ceiling_growth_gt25,36,013,81,Z,4,1,0.0,0.15078077254602554,0.14591687665744407
ceiling_growth_gt25,36,071,51,J,2,1,0.0,0.27479781805196307,0.26593337230835135
ceiling_growth_gt25,36,075,81,S,4,1,0.0,0.16530979163658732,0.15997721771282644
ceiling_growth_gt25,36,070,56,Y,1,1,0.0,0.32107871048370307,0.31072133272616426
ceiling_growth_gt25,36,072,61,J,1,1,0.0,0.15056169699873206,0.14570486806328908
ceiling_growth_gt25,36,013,53,J,4,1,1.0,0.29614115718140627,0.3188462811432964
ceiling_growth_gt25,36,019,23,M,3,1,0.0,0.1574651310312136,0.152385610675368
ceiling_growth_gt25,36,014,92,K,0,1,1.0,0.2315245205286437,0.25631405212449393
ceiling_growth_gt25,36,3301,33,J,0,1,0.0,0.14221645617287132,0.1376288285543916
ceiling_growth_gt25,36,014,92,J,4,1,1.0,0.2120262528414157,0.23744476081427326
ceiling_growth_gt25,36,072,53,K,4,1,0.0,0.1926783053883584,0.1864628761822823
ceiling_growth_gt25,36,071,52,B,4,1,0.0,0.3224157038733507,0.312015197296791
ceiling_growth_gt25,36,019,81,Y,3,1,1.0,0.3132217504449711,0.33537588752739134
ceiling_growth_gt25,36,086,52,J,0,1,1.0,0.29452113154700754,0.3172785144003299
ceiling_growth_gt25,36,012,21,J,2,1,0.0,0.045710700081055544,0.04423616136876343
ceiling_growth_gt25,36,097,42,U,2,1,0.0,0.04401536077771293,0.042595510430044774
ceiling_growth_gt25,36,014,21,J,4,1,0.0,0.07798188122019148,0.07546633666470143
ceiling_growth_gt25,36,072,54,K,1,1,0.0,0.26184743026578183,0.25340073896688564
ceiling_growth_gt25,36,080,33,Y,2,1,0.0,0.21088553929247714,0.20408277996046176
ceiling_growth_gt25,36,020,51,Z,3,1,0.0,0.1055556881128288,0.10215066591564077
ceiling_growth_gt25,36,068,56,Y,2,1,1.0,0.18116026563921234,0.2075744506185926
ceiling_growth_gt25,36,020,56,Z,0,1,0.0,0.21785110727924098,0.21082365220571708
ceiling_growth_gt25,36,069,92,J,3,1,0.0,0.17272193895682847,0.1671502635066082
ceiling_growth_gt25,36,069,11,J,1,1,1.0,0.23326881395682847,0.2580020780227372
ceiling_growth_gt25,36,097,48,Y,1,1,1.0,0.2570941538739773,0.28105885858771995
ceiling_growth_gt25,36,036,23,M,2,1,0.0,0.09376107656016386,0.09073652570338439
ceiling_growth_gt25,36,014,33,K,4,1,0.0,0.05612019364245182,0.05430986481527596
ceiling_growth_gt25,36,097,56,K,0,1,1.0,0.3553673222165489,0.3761619247256925
ceiling_growth_gt25,36,3301,56,Z,4,1,1.0,0.1951808547234891,0.22114276263563462
ceiling_growth_gt25,36,097,42,K,1,1,1.0,0.07664084080201647,0.10642662013098368
ceiling_growth_gt25,36,097,62,K,3,1,0.0,0.14305570950329788,0.13844100919673988
ceiling_growth_gt25,36,015,48,Y,4,1,0.0,0.19997033726467844,0.19351968122388236
ceiling_growth_gt25,36,015,48,J,2,1,1.0,0.2823241508745409,0.30547498471729767
ceiling_growth_gt25,36,069,61,S,2,1,1.0,0.2773176908367596,0.30063002339041256
ceiling_growth_gt25,36,080,61,U,4,1,1.0,0.20575988587893215,0.23138053472154727
ceiling_growth_gt25,36,1601,61,R,3,1,0.0,0.5896329387270473,0.5706125213487554
ceiling_growth_gt25,36,097,51,B,1,1,0.0,0.14248320276348722,0.13788697041627795
ceiling_growth_gt25,36,069,52,J,2,1,0.0,0.23326881395682847,0.2257440135066082
ceiling_growth_gt25,36,097,62,M,4,1,0.0,0.14305570950329788,0.13844100919673988
ceiling_growth_gt25,36,097,33,L,0,1,0.0,0.42861793883385707,0.4147915537101843
ceiling_growth_gt25,36,097,81,Z,3,1,0.0,0.20735301503309836,0.2006642080965468
ceiling_growth_gt25,36,3300,56,J,1,1,0.0,0.39384148287022075,0.3811369189066653
ceiling_growth_gt25,36,089,48,U,4,1,1.0,0.27900346388417124,0.3022614166621012
ceiling_growth_gt25,36,086,48,J,3,1,0.0,0.21398934098123365,0.20708645901409709
ceiling_growth_gt25,36,075,81,Y,4,1,0.0,0.16530979163658732,0.15997721771282644
ceiling_growth_gt25,36,015,48,Y,1,1,0.0,0.19997033726467844,0.19351968122388236
ceiling_growth_gt25,36,069,61,Z,0,1,0.0,0.23963875769192988,0.2319084751857386
ceiling_growth_gt25,36,069,42,K,0,1,0.0,0.19574115659152247,0.18942692573373143
ceiling_growth_gt25,36,097,71,M,4,1,0.0,0.07079877045209833,0.06851493914719194
ceiling_growth_gt25,36,072,53,J,3,1,1.0,0.2113038626375488,0.2367456735202085
ceiling_growth_gt25,36,097,49,Y,2,1,1.0,0.21431270771300584,0.23965745907710242
ceiling_growth_gt25,36,072,54,K,3,1,1.0,0.26184743026578183,0.2856588034830147
ceiling_growth_gt25,36,339,44,J,3,1,0.0,0.17513178213579383,0.16948236980883274
ceiling_growth_gt25,36,013,42,J,3,1,1.0,0.13167113486121693,0.1596817434140809
ceiling_growth_gt25,36,097,48,U,2,1,0.0,0.2926883715723993,0.28324681119909606
ceiling_growth_gt25,36,070,52,J,0,1,0.0,0.2128555381947399,0.20598923051103862
ceiling_growth_gt25,36,089,32,J,2,1,0.0,0.24509580124980093,0.2371894850804525
ceiling_growth_gt25,36,068,54,U,2,1,1.0,0.08898290547371586,0.11837055368424115
ceiling_growth_gt25,36,339,51,J,2,1,1.0,0.2249039478832987,0.24990704633867616
ceiling_growth_gt25,36,070,62,J,2,1,0.0,0.1554253407176002,0.1504116200492905
ceiling_growth_gt25,36,049,56,J,4,1,0.0,0.07937433171051056,0.07681386939726828
ceiling_growth_gt25,36,047,23,Y,1,1,1.0,0.219121954936449,0.24431156929333775
ceiling_growth_gt25,36,031,32,J,2,1,0.0,0.109529141209001,0.10599594310548484
ceiling_growth_gt25,36,047,62,J,4,1,0.0,0.20360040244780167,0.19703264753013067
ceiling_growth_gt25,36,070,51,L,4,1,0.0,0.174386589493821,0.16876121563918162
ceiling_growth_gt25,36,031,51,Z,3,1,0.0,0.12119848091563619,0.11728885249900277
ceiling_growth_gt25,36,075,61,Y,4,1,0.0,0.1607946250996627,0.15560770170935098
ceiling_growth_gt25,36,075,52,M,4,1,1.0,0.47804610744599796,0.49488332978644967
ceiling_growth_gt25,36,047,33,Z,3,1,1.0,0.11128280603245147,0.1399511026120498
ceiling_growth_gt25,36,3300,54,J,2,1,0.0,0.5019049150217861,0.4857144338920511
ceiling_growth_gt25,36,068,42,J,3,1,0.0,0.10660908043452282,0.10317007783986079
ceiling_growth_gt25,36,089,54,Y,0,1,0.0,0.2546790035022124,0.24646355177633458
ceiling_growth_gt25,36,9553,23,J,1,1,0.0,0.145448429231422,0.14075654441750518
ceiling_growth_gt25,36,339,54,J,1,1,1.0,0.23831287347222066,0.2628834259408587
ceiling_growth_gt25,36,019,92,J,1,1,0.0,0.23283330899594834,0.22532255709285323
ceiling_growth_gt25,36,020,54,Y,1,1,0.0,0.19500381217392793,0.18871336661993024
ceiling_growth_gt25,36,097,33,B,0,1,0.0,0.062430866762483245,0.0604169678346612
ceiling_growth_gt25,36,091,61,K,3,1,0.0,0.17905428679690324,0.17327834206151926
ceiling_growth_gt25,36,070,56,S,4,1,0.0,0.27634838810462886,0.2674339239722215
ceiling_growth_gt25,36,080,54,Y,1,1,0.0,0.12839092636364333,0.12424928357771935
ceiling_growth_gt25,36,097,22,U,4,1,0.0,0.24815594532671395,0.24015091483230383
ceiling_growth_gt25,36,072,11,U,4,1,0.0,0.20472069947513083,0.198116805943675
ceiling_growth_gt25,36,070,53,Y,4,1,0.0,0.27307269933761363,0.2642639025847874
ceiling_growth_gt25,36,015,45,J,1,1,0.0,0.1258479851429979,0.12178837271903022
ceiling_growth_gt25,36,047,23,M,0,1,0.0,0.18102439384468497,0.17518489726904996
ceiling_growth_gt25,36,097,51,Z,0,1,0.0,0.14248320276348722,0.13788697041627795
ceiling_growth_gt25,36,047,62,J,3,1,0.0,0.20360040244780167,0.19703264753013067
ceiling_growth_gt25,36,047,31,J,3,1,0.0,0.06409708278147595,0.062029434949815436
ceiling_growth_gt25,36,485,54,S,4,1,1.0,0.2954068253506313,0.3181356374360948
ceiling_growth_gt25,36,097,23,M,4,1,0.0,0.07707389483704316,0.07458764016488048
ceiling_growth_gt25,36,024,61,J,0,1,0.0,0.17981616954929522,0.17401564795093086
ceiling_growth_gt25,36,072,92,U,2,1,0.0,0.21983370153206083,0.21274229180522017
ceiling_growth_gt25,36,075,32,S,3,1,0.0,0.17286531649930734,0.1672890159670716
ceiling_growth_gt25,36,1100,51,J,4,1,0.0,0.1465260457538674,0.14179939911664588
ceiling_growth_gt25,36,091,54,Z,3,1,1.0,0.19489803023852315,0.22086906152115143
ceiling_growth_gt25,36,3300,42,J,3,1,0.0,0.35514430640905936,0.34368803846038004
ceiling_growth_gt25,36,013,49,Z,2,1,1.0,0.2602838498118649,0.2841456611082564
ceiling_growth_gt25,36,075,56,U,0,1,1.0,0.38644699304490604,0.40623902552732843
ceiling_growth_gt25,36,073,81,J,3,1,1.0,0.32789346917374634,0.3495743250068513
ceiling_growth_gt25,36,013,54,Y,0,1,1.0,0.17495807198907776,0.20157232773136555
ceiling_growth_gt25,36,097,45,J,3,1,0.0,0.08054544120319565,0.07794720116438289
ceiling_growth_gt25,36,047,56,Z,1,1,0.0,0.3393095752155157,0.32836410504727326
ceiling_growth_gt25,36,086,54,U,4,1,0.0,0.17066321072994134,0.16515794586768517
ceiling_growth_gt25,36,097,22,Z,4,1,0.0,0.24815594532671395,0.24015091483230383
ceiling_growth_gt25,36,089,56,Y,0,1,0.0,0.28410655687597597,0.27494182923481547
ceiling_growth_gt25,36,069,22,J,1,1,0.0,0.2327039578217222,0.22519737853715052
ceiling_growth_gt25,36,1602,51,J,4,1,0.0,0.09694683428507019,0.09381951705006793
ceiling_growth_gt25,36,070,23,B,0,1,0.0,0.10688835279070592,0.10344034141036057
ceiling_growth_gt25,36,036,45,J,1,1,0.0,0.14767694699032594,0.14291317450676705
ceiling_growth_gt25,36,027,51,J,4,1,0.0,0.19665689089521127,0.1903131202211722
ceiling_growth_gt25,36,083,54,Z,4,1,0.0,0.18836420321880631,0.18228793859884482
ceiling_growth_gt25,36,1601,48,J,4,1,1.0,0.4431835835053235,0.4611454033922485
ceiling_growth_gt25,36,024,33,J,2,1,0.0,0.16383234851154893,0.15854743404343447
ceiling_growth_gt25,36,097,45,J,2,1,0.0,0.08054544120319565,0.07794720116438289
ceiling_growth_gt25,36,036,92,J,2,1,0.0,0.11046106188319488,0.10689780182244665
ceiling_growth_gt25,36,097,48,M,3,1,1.0,0.2347651154167863,0.25945011169366416
ceiling_growth_gt25,36,031,54,Z,3,1,0.0,0.07740398346690865,0.07490708077442772
ceiling_growth_gt25,36,080,51,J,1,1,0.0,0.1927295467000178,0.18651246454840434
ceiling_growth_gt25,36,097,23,T,4,1,0.0,0.08174503997868215,0.07910810320517628
ceiling_growth_gt25,36,424,54,Y,1,1,0.0,0.09509353795569646,0.09202600447325464
ceiling_growth_gt25,36,072,33,J,4,1,0.0,0.16695494035964667,0.16156929712223872
ceiling_growth_gt25,36,524,54,Y,0,1,0.0,0.048802960646628896,0.04722867159351183
ceiling_growth_gt25,36,089,81,J,0,1,0.0,0.1612082357263345,0.15600797005774306
ceiling_growth_gt25,36,080,22,S,1,1,1.0,0.21931706766662742,0.24450038806447813
ceiling_growth_gt25,36,031,51,J,4,1,0.0,0.13991626201131535,0.13540283420449872
ceiling_growth_gt25,36,9566,51,J,3,1,0.0,0.11814651685404715,0.11433533889101337
ceiling_growth_gt25,36,012,31,T,3,1,0.0,0.0009814106052402865,0.0009497521986196321
ceiling_growth_gt25,36,014,81,J,0,1,0.0,0.086104610742221,0.08332704265376227
ceiling_growth_gt25,36,012,31,T,0,1,0.0,0.0009814106052402865,0.0009497521986196321
ceiling_growth_gt25,36,075,81,U,4,1,0.0,0.16014386064794398,0.1549779296593006
ceiling_growth_gt25,36,1601,23,U,3,1,1.0,0.29790950670367733,0.32055758713259097
ceiling_growth_gt25,36,036,62,Z,4,1,0.0,0.5027657168593106,0.48654746792836506
ceiling_growth_gt25,36,014,62,J,3,1,1.0,0.3138776338977839,0.3360106134494683
ceiling_growth_gt25,36,1602,56,J,4,1,0.0,0.24490911319732897,0.23700881922322156
ceiling_growth_gt25,36,072,92,Z,1,1,1.0,0.24366253819641612,0.26806052083524146
ceiling_growth_gt25,36,068,56,U,3,1,0.0,0.15474608065983209,0.14975427160628912
ceiling_growth_gt25,36,047,56,K,0,1,1.0,0.3296150159236438,0.351240337990623
ceiling_growth_gt25,36,080,53,K,4,1,0.0,0.15584152136069615,0.15081437551035112
ceiling_growth_gt25,36,019,23,U,4,1,1.0,0.18972319554734263,0.21586115698129932
ceiling_growth_gt25,36,086,42,J,4,1,0.0,0.22801777852734992,0.22066236631679023
ceiling_growth_gt25,36,089,54,T,4,1,0.0,0.2278546204725236,0.22050447142502283
ceiling_growth_gt25,36,015,44,J,4,1,0.0,0.15055056816423085,0.14569409822344923
ceiling_growth_gt25,36,013,33,U,4,1,0.0,0.16348948784253842,0.15821563339600492
ceiling_growth_gt25,36,3300,54,S,0,1,0.0,0.39659473003036855,0.3838013516422921
ceiling_growth_gt25,36,020,54,V,4,1,1.0,0.22726187669005696,0.2521889129258616
ceiling_growth_gt25,36,075,48,J,1,1,0.0,0.3154379562692786,0.30526253832510836
ceiling_growth_gt25,36,012,42,M,3,1,0.0,0.002146889005172893,0.0020776345211350575
ceiling_growth_gt25,36,072,56,Y,0,1,1.0,0.24955221380826648,0.2737602069112256
ceiling_growth_gt25,36,069,92,J,1,1,0.0,0.17272193895682847,0.1671502635066082
ceiling_growth_gt25,36,050,56,Y,0,1,1.0,0.25159713086172963,0.275739158898448
ceiling_growth_gt25,36,019,21,J,4,1,0.0,0.24657058140168805,0.23861669167905297
ceiling_growth_gt25,36,072,42,J,3,1,0.0,0.14972572134890116,0.14489585936990435
ceiling_growth_gt25,36,075,31,J,3,1,0.0,0.1938547218629733,0.18760134373836126
ceiling_growth_gt25,36,070,48,Y,4,1,0.0,0.21723322494802072,0.21022570156260068
ceiling_growth_gt25,36,047,23,K,3,1,0.0,0.18686389042031998,0.18083602298740645
ceiling_growth_gt25,36,1601,54,K,3,1,1.0,0.33451026374859943,0.3559776745954188
ceiling_growth_gt25,36,047,48,J,2,1,0.0,0.1328547998946845,0.12856916118840434
ceiling_growth_gt25,36,091,44,J,3,1,0.0,0.14288748659404785,0.13827821283294953
ceiling_growth_gt25,36,097,23,T,0,1,0.0,0.08174503997868215,0.07910810320517628
ceiling_growth_gt25,36,091,54,U,1,1,1.0,0.17481052810903916,0.20142954333132823
ceiling_growth_gt25,36,097,33,T,2,1,0.0,0.06763343899269018,0.0654517151542163
ceiling_growth_gt25,36,9553,62,Z,4,1,0.0,0.15578413931367077,0.15075884449710072
ceiling_growth_gt25,36,045,92,J,2,1,1.0,0.7610046733122062,0.7687141999795545
ceiling_growth_gt25,36,581,54,J,0,1,0.0,0.16055363137195738,0.15537448197286197
ceiling_growth_gt25,36,091,48,K,3,1,0.0,0.13842225263798386,0.13395701868191986
ceiling_growth_gt25,36,050,92,Y,1,1,0.0,0.18693197716360235,0.1809019133841313
ceiling_growth_gt25,36,080,48,R,4,1,0.0,0.16107858604626255,0.15588250262541536
ceiling_growth_gt25,36,069,53,Y,3,1,1.0,0.27138643861271716,0.29489010188327464
ceiling_growth_gt25,36,097,62,Z,4,1,1.0,0.15096463873895094,0.1783528761989848
ceiling_growth_gt25,36,069,42,J,3,1,0.0,0.14566783746345857,0.14096887496463734
ceiling_growth_gt25,36,072,42,J,1,1,0.0,0.14972572134890116,0.14489585936990435
ceiling_growth_gt25,36,089,56,J,2,1,1.0,0.24561025883121185,0.2699454117721405
ceiling_growth_gt25,36,047,33,K,3,1,0.0,0.05832778540490465,0.0564462439402303
ceiling_growth_gt25,36,075,49,K,1,1,1.0,0.25577974702879397,0.279786851963349
ceiling_growth_gt25,36,097,54,M,2,1,1.0,0.26237752113441754,0.2861717946462105
ceiling_growth_gt25,36,036,32,M,4,1,0.0,0.2136706105456169,0.2067780102054357
ceiling_growth_gt25,36,031,71,J,3,1,0.0,0.109529141209001,0.10599594310548484
ceiling_growth_gt25,36,020,56,K,3,1,0.0,0.23478522827777926,0.22721151123656055
ceiling_growth_gt25,36,020,32,J,3,1,1.0,0.17139958781482909,0.19812863336918946
ceiling_growth_gt25,36,020,48,J,4,1,0.0,0.1426979561686794,0.13809479629227037
ceiling_growth_gt25,36,060,54,J,2,1,0.0,0.25053135890857925,0.2424497021695928
ceiling_growth_gt25,36,019,56,K,3,1,1.0,0.49267055698214945,0.5090360228859511
ceiling_growth_gt25,36,049,81,J,3,1,0.0,0.15263350202352205,0.14770984066792456
ceiling_growth_gt25,36,072,56,M,3,1,0.0,0.1930861561891783,0.18685757050565643
ceiling_growth_gt25,36,005,33,J,1,1,0.0,0.18130833560177734,0.17545967961462322
ceiling_growth_gt25,36,069,61,Y,0,1,0.0,0.23963875769192988,0.2319084751857386
ceiling_growth_gt25,36,047,45,J,1,1,0.0,0.23773889794341074,0.2300699012355588
ceiling_growth_gt25,36,047,52,J,1,1,0.0,0.19064192777951014,0.1844921881737195
ceiling_growth_gt25,36,019,61,U,3,1,1.0,0.430938021603318,0.4492948596161142
ceiling_growth_gt25,36,027,54,J,1,1,0.0,0.2780314578834456,0.269062701177528
ceiling_growth_gt25,36,013,22,K,3,1,0.0,0.1564403514065615,0.15139388845796276
ceiling_growth_gt25,36,014,56,Y,2,1,0.0,0.21957255579462637,0.212489570123832
ceiling_growth_gt25,36,036,22,S,1,1,0.0,0.0956626485250924,0.09257675663718619
ceiling_growth_gt25,36,485,53,J,4,1,1.0,0.3588978885484053,0.3795786018210374
ceiling_growth_gt25,36,524,53,J,4,1,0.0,0.10921332672799756,0.10569031618838474
ceiling_growth_gt25,36,089,33,L,4,1,0.0,0.10476985774759955,0.10139018491703182
ceiling_growth_gt25,36,047,53,J,3,1,1.0,0.24321519490440524,0.2676276079720051
ceiling_growth_gt25,36,020,62,J,2,1,0.0,0.1817670476788302,0.17590359452790022
ceiling_growth_gt25,36,072,61,S,4,1,0.0,0.1571582639661468,0.152088642547884
ceiling_growth_gt25,36,019,52,K,0,1,0.0,0.3193467136233201,0.3090452067322453
ceiling_growth_gt25,36,071,56,J,0,1,0.0,0.2561186739802894,0.24785678127124786
ceiling_growth_gt25,36,086,54,Z,1,1,1.0,0.25286708595843616,0.2769681477017124
ceiling_growth_gt25,36,012,61,J,4,1,1.0,0.16433523482764914,0.19129216273643465
ceiling_growth_gt25,36,3300,71,J,1,1,0.0,0.2982422779102309,0.2886215592679654
ceiling_growth_gt25,36,031,62,J,4,1,0.0,0.109529141209001,0.10599594310548484
ceiling_growth_gt25,36,072,81,L,1,1,0.0,0.3493705769352382,0.3381005583244241
ceiling_growth_gt25,36,047,61,Z,4,1,1.0,0.27706710806102974,0.30038752393002877
ceiling_growth_gt25,36,485,52,S,4,1,1.0,0.2954068253506313,0.3181356374360948
ceiling_growth_gt25,36,050,23,J,3,1,0.0,0.21824940517956484,0.21120910178667565
ceiling_growth_gt25,36,014,92,J,2,1,0.0,0.2120262528414157,0.20518669629814423
ceiling_growth_gt25,36,068,54,S,4,1,0.0,0.13354259605439983,0.12923477037522563
ceiling_growth_gt25,36,050,56,J,4,1,0.0,0.22034713086172963,0.21323915889844802
ceiling_growth_gt25,36,013,32,J,2,1,0.0,0.14420721742386958,0.13955537170051893
ceiling_growth_gt25,36,069,61,J,4,1,0.0,0.2818594996878331,0.2727672577624191
ceiling_growth_gt25,36,013,81,Y,2,1,0.0,0.14164254390687248,0.13707342958729593
ceiling_growth_gt25,36,012,44,J,1,1,0.0,0.02494790476488211,0.0241431336434343
ceiling_growth_gt25,36,075,54,R,2,1,0.0,0.26619377163885766,0.25760687577953967
ceiling_growth_gt25,36,097,23,K,3,1,0.0,0.08429957247801596,0.08158023143033803
ceiling_growth_gt25,36,072,54,R,3,1,0.0,0.18192774282787622,0.17605910596246085
ceiling_growth_gt25,36,024,51,L,4,1,0.0,0.12914410663707832,0.12497816771330159
ceiling_growth_gt25,36,014,56,Z,3,1,0.0,0.19138076763753678,0.18520719448793882
ceiling_growth_gt25,36,020,48,J,0,1,0.0,0.1426979561686794,0.13809479629227037
ceiling_growth_gt25,36,068,51,J,1,1,0.0,0.13495472565738692,0.13060134741037444
ceiling_growth_gt25,36,050,54,J,1,1,1.0,0.24900196844361183,0.27322771139704366
ceiling_growth_gt25,36,024,52,J,4,1,0.0,0.1270881973137131,0.1229885780455288
ceiling_growth_gt25,36,047,51,J,0,1,1.0,0.21416854788377862,0.23951794956494704
ceiling_growth_gt25,36,080,49,J,4,1,0.0,0.15584152136069615,0.15081437551035112
ceiling_growth_gt25,36,028,33,J,1,1,0.0,0.08574758358872044,0.08298153250521333
ceiling_growth_gt25,36,075,54,K,3,1,0.0,0.23203287200685854,0.2245479406517986
ceiling_growth_gt25,36,005,42,J,2,1,1.0,0.24478388190770867,0.26914569216875034
ceiling_growth_gt25,36,012,54,Y,4,1,0.0,0.2600765517161326,0.25168698553174124
ceiling_growth_gt25,36,015,71,J,2,1,0.0,0.15055056816423085,0.14569409822344923
ceiling_growth_gt25,36,060,33,J,2,1,0.0,0.19112332177399574,0.1849580533296733
ceiling_growth_gt25,36,015,51,Z,3,1,0.0,0.23745400405300762,0.22979419747065252
ceiling_growth_gt25,36,097,56,R,3,1,1.0,0.37279924080416105,0.39303152335886554
ceiling_growth_gt25,36,069,61,S,1,1,0.0,0.2773176908367596,0.2683719588742835
ceiling_growth_gt25,36,072,51,J,4,1,0.0,0.21983899826742628,0.21274741767815447
ceiling_growth_gt25,36,097,31,U,2,1,0.0,0.0920885591958832,0.08911796051214503
ceiling_growth_gt25,36,091,61,M,2,1,0.0,0.17345884033450001,0.16786339387209678
ceiling_growth_gt25,36,072,81,U,4,1,1.0,0.38162864145136727,0.40157610463035537
ceiling_growth_gt25,36,097,81,S,0,1,0.0,0.21411769957909216,0.20721067701202467
ceiling_growth_gt25,36,068,92,J,3,1,0.0,0.13589607027293493,0.1315123260705822
ceiling_growth_gt25,36,020,62,J,0,1,0.0,0.1817670476788302,0.17590359452790022
ceiling_growth_gt25,36,071,52,J,4,1,0.0,0.32335150068420637,0.3129208071137481
ceiling_growth_gt25,36,020,54,S,3,1,0.0,0.177797593452699,0.17206218721228936
ceiling_growth_gt25,36,047,23,M,2,1,0.0,0.18102439384468497,0.17518489726904996
ceiling_growth_gt25,36,013,61,J,2,1,0.0,0.21241487246900922,0.2055627798087186
ceiling_growth_gt25,36,069,81,U,0,1,0.0,0.2099663772555408,0.20319326831181367
ceiling_growth_gt25,36,9553,54,J,1,1,0.0,0.2928705124405381,0.2834230765553595
ceiling_growth_gt25,36,012,72,J,0,1,1.0,0.08842345107081342,0.11782914619756138
ceiling_growth_gt25,36,024,51,J,3,1,0.0,0.1352288461013359,0.13086662525935733
ceiling_growth_gt25,36,097,61,Y,4,1,0.0,0.1422686079379427,0.13767929800446066
ceiling_growth_gt25,36,3300,23,J,0,1,1.0,0.6019992852398726,0.6148380179740702
ceiling_growth_gt25,36,097,48,Y,4,1,0.0,0.2570941538739773,0.24880079407159095
ceiling_growth_gt25,36,020,54,U,3,1,1.0,0.22986051935405044,0.2547037284071456
ceiling_growth_gt25,36,091,51,J,1,1,0.0,0.1429421317277075,0.1383310952203621
ceiling_growth_gt25,36,014,56,Z,4,1,0.0,0.19138076763753678,0.18520719448793882
ceiling_growth_gt25,36,069,49,J,0,1,1.0,0.24141467512637463,0.26588516947713675
ceiling_growth_gt25,36,015,23,M,0,1,0.0,0.0968876115193619,0.09376220469615668
ceiling_growth_gt25,36,097,33,B,2,1,0.0,0.062430866762483245,0.0604169678346612
ceiling_growth_gt25,36,031,51,J,2,1,0.0,0.13991626201131535,0.13540283420449872
ceiling_growth_gt25,36,024,51,J,0,1,0.0,0.1352288461013359,0.13086662525935733
ceiling_growth_gt25,36,031,61,J,1,1,1.0,0.16442606593288397,0.19138006380601677
ceiling_growth_gt25,36,024,33,J,1,1,0.0,0.16383234851154893,0.15854743404343447
ceiling_growth_gt25,36,089,62,J,4,1,0.0,0.23198805537693193,0.22450456971961155
ceiling_growth_gt25,36,581,54,J,2,1,0.0,0.16055363137195738,0.15537448197286197
ceiling_growth_gt25,36,097,23,T,3,1,0.0,0.08174503997868215,0.07910810320517628
ceiling_growth_gt25,36,036,31,J,1,1,0.0,0.10538062280006533,0.10198124787103097
ceiling_growth_gt25,36,019,72,Y,3,1,1.0,0.29615289182648935,0.3188576372514413
ceiling_growth_gt25,36,1602,54,Z,2,1,0.0,0.27835107899121775,0.2693720119269849
ceiling_growth_gt25,36,031,51,Y,2,1,0.0,0.12119848091563619,0.11728885249900277
ceiling_growth_gt25,36,091,54,Y,3,1,0.0,0.15402167551861,0.1490532343728484
ceiling_growth_gt25,36,069,81,Y,1,1,1.0,0.23465492796630513,0.25934347867706947
ceiling_growth_gt25,36,075,54,M,4,1,0.0,0.2395178033619185,0.23179142260830823
ceiling_growth_gt25,36,075,62,T,4,1,1.0,0.4273703617483369,0.4458422855629067
ceiling_growth_gt25,36,091,54,B,4,1,0.0,0.13666893443976583,0.13226025913525724
ceiling_growth_gt25,36,013,61,J,3,1,1.0,0.21241487246900922,0.23782084432484762
ceiling_growth_gt25,36,015,71,J,3,1,0.0,0.15055056816423085,0.14569409822344923
ceiling_growth_gt25,36,050,52,J,2,1,0.0,0.2214067689777531,0.21426461513976108
ceiling_growth_gt25,36,070,33,U,1,1,0.0,0.25173816712853325,0.24361758109212894
ceiling_growth_gt25,36,070,31,J,1,1,0.0,0.1740618239898464,0.16844692644178683
ceiling_growth_gt25,36,071,56,Y,2,1,0.0,0.2481149654184054,0.24011125685652135
ceiling_growth_gt25,36,070,45,J,1,1,0.0,0.19134705209047545,0.1851745665391698
ceiling_growth_gt25,36,070,51,Y,4,1,0.0,0.16893700857213909,0.16348742765045718
ceiling_growth_gt25,36,075,51,S,0,1,0.0,0.4585517007826274,0.4437597104348007
ceiling_growth_gt25,36,015,81,J,0,1,0.0,0.11865536129814601,0.11482776899820582
ceiling_growth_gt25,36,1601,51,J,0,1,0.0,0.2644970496024423,0.25596488671204093
ceiling_growth_gt25,36,075,81,U,2,1,0.0,0.16014386064794398,0.1549779296593006
ceiling_growth_gt25,36,075,33,Y,4,1,0.0,0.10571659828248806,0.10230638543466586
ceiling_growth_gt25,36,047,31,J,2,1,0.0,0.06409708278147595,0.062029434949815436
ceiling_growth_gt25,36,073,54,Y,2,1,1.0,0.33705241900951466,0.35843782484791736
ceiling_growth_gt25,36,1133,54,M,0,1,0.0,0.11560832559135538,0.11187902476582778
ceiling_growth_gt25,36,097,54,A,4,1,1.0,0.2232527651151676,0.24830912753080733
ceiling_growth_gt25,36,080,42,J,2,1,0.0,0.12955337545642645,0.12537423431267075
ceiling_growth_gt25,36,070,31,J,0,1,0.0,0.1740618239898464,0.16844692644178683
ceiling_growth_gt25,36,073,51,J,0,1,0.0,0.24815002331637717,0.24014518385455855
ceiling_growth_gt25,36,020,49,J,0,1,1.0,0.244541831045022,0.26891144939840833
ceiling_growth_gt25,36,014,54,B,1,1,1.0,0.16154521410232117,0.18859214267966565
ceiling_growth_gt25,36,075,33,U,4,1,0.0,0.10571659828248806,0.10230638543466586
ceiling_growth_gt25,36,015,92,Z,4,1,1.0,0.2510428152331294,0.27520272441915744
ceiling_growth_gt25,36,075,92,Y,1,1,0.0,0.2839804568027367,0.2748197969058742
ceiling_growth_gt25,36,097,62,Z,2,1,0.0,0.15096463873895094,0.14609481168285576
ceiling_growth_gt25,36,069,44,J,1,1,0.0,0.16241254866096635,0.15717343418803195
ceiling_growth_gt25,36,015,62,J,3,1,0.0,0.23252261456620477,0.22502188506406912
ceiling_growth_gt25,36,015,31,J,1,1,0.0,0.13335967283751937,0.1290577479072768
ceiling_growth_gt25,36,013,81,S,4,1,0.0,0.15078077254602554,0.14591687665744407
ceiling_growth_gt25,36,097,33,A,1,1,0.0,0.06763343899269018,0.0654517151542163
ceiling_growth_gt25,36,027,51,J,1,1,1.0,0.19665689089521127,0.22257118473730123
ceiling_growth_gt25,36,034,51,J,0,1,1.0,0.20309365977056942,0.22880031590700267
ceiling_growth_gt25,36,088,51,J,1,1,0.0,0.10186924681345082,0.09858314207753305
ceiling_growth_gt25,36,091,54,L,3,1,0.0,0.13666893443976583,0.13226025913525724
ceiling_growth_gt25,36,036,32,K,0,1,0.0,0.2136706105456169,0.2067780102054357
ceiling_growth_gt25,36,014,54,B,4,1,0.0,0.16154521410232117,0.15633407816353662
ceiling_growth_gt25,36,014,23,M,3,1,0.0,0.12035397268765431,0.11647158647192353
ceiling_growth_gt25,36,028,23,J,2,1,0.0,0.06726810435000843,0.06509816550000816
ceiling_growth_gt25,36,015,61,J,0,1,0.0,0.11932181253883313,0.115472721811774
ceiling_growth_gt25,36,013,61,Y,4,1,1.0,0.21905283723366575,0.24424468119387008
ceiling_growth_gt25,36,086,54,Z,0,1,1.0,0.25286708595843616,0.2769681477017124
ceiling_growth_gt25,36,031,54,U,1,1,0.0,0.08209513398005464,0.07944690385166578
ceiling_growth_gt25,36,581,81,J,0,1,0.0,0.1265737437219955,0.12249071973096338
ceiling_growth_gt25,36,097,51,U,1,1,0.0,0.26212689610305645,0.2536711897771514
ceiling_growth_gt25,36,070,56,R,4,1,0.0,0.28526285223703624,0.27606082474551896
ceiling_growth_gt25,36,089,32,Y,0,1,1.0,0.2767210659271946,0.3000526444456722
ceiling_growth_gt25,36,097,33,V,2,1,1.0,0.3591424918064168,0.3798153146513711
ceiling_growth_gt25,36,014,48,Y,4,1,0.0,0.24726719023114954,0.2392908292559512
ceiling_growth_gt25,36,015,92,J,0,1,0.0,0.25092363634934317,0.24282932549936437
ceiling_growth_gt25,36,069,61,J,1,1,0.0,0.2818594996878331,0.2727672577624191
ceiling_growth_gt25,36,075,54,B,4,1,0.0,0.2395178033619185,0.23179142260830823
ceiling_growth_gt25,36,013,56,Y,4,1,0.0,0.2867002634490873,0.2774518678539554
ceiling_growth_gt25,36,1602,81,J,3,1,0.0,0.15147942857042215,0.14659299539073112
ceiling_growth_gt25,36,019,45,J,2,1,0.0,0.26851844081116266,0.2598565556237058
ceiling_growth_gt25,36,091,54,Y,4,1,0.0,0.15402167551861,0.1490532343728484
ceiling_growth_gt25,36,1100,54,J,2,1,0.0,0.1465260457538674,0.14179939911664588
ceiling_growth_gt25,36,070,45,K,1,1,0.0,0.1853674567126481,0.17938786133482074
ceiling_growth_gt25,36,070,54,T,0,1,0.0,0.2510373791206324,0.2429393991489991
ceiling_growth_gt25,36,097,54,V,2,1,0.0,0.33958335870819356,0.32862905681438087
ceiling_growth_gt25,36,036,22,S,3,1,0.0,0.0956626485250924,0.09257675663718619
ceiling_growth_gt25,36,019,22,J,2,1,0.0,0.20698405999721448,0.200307154836014
ceiling_growth_gt25,36,091,51,R,4,1,0.0,0.13836947729093968,0.1339059457654255
ceiling_growth_gt25,36,071,52,B,0,1,1.0,0.3224157038733507,0.34427326181292
ceiling_growth_gt25,36,019,45,J,0,1,0.0,0.26851844081116266,0.2598565556237058
ceiling_growth_gt25,36,097,54,M,1,1,1.0,0.26237752113441754,0.2861717946462105
ceiling_growth_gt25,36,091,51,U,4,1,0.0,0.13836947729093968,0.1339059457654255
ceiling_growth_gt25,36,069,48,J,3,1,0.0,0.35706936073742657,0.3455509942620257
ceiling_growth_gt25,36,097,81,U,2,1,0.0,0.22725971318364813,0.219928754693853
ceiling_growth_gt25,36,1125,51,J,3,1,1.0,0.2498202245633136,0.27401957215804545
ceiling_growth_gt25,36,015,54,U,2,1,0.0,0.2977552487611809,0.2881502407366267
ceiling_growth_gt25,36,013,53,J,0,1,1.0,0.29614115718140627,0.3188462811432964
ceiling_growth_gt25,36,050,92,J,0,1,0.0,0.19899210472254442,0.19257300457020426
ceiling_growth_gt25,36,024,61,J,4,1,1.0,0.17981616954929522,0.2062737124670599
ceiling_growth_gt25,36,086,72,J,0,1,0.0,0.22801777852734992,0.22066236631679023
ceiling_growth_gt25,36,024,44,J,3,1,0.0,0.1270881973137131,0.1229885780455288
ceiling_growth_gt25,36,047,62,J,1,1,0.0,0.20360040244780167,0.19703264753013067
ceiling_growth_gt25,36,080,48,J,3,1,1.0,0.1816192778010345,0.208018655936485
ceiling_growth_gt25,36,047,62,J,0,1,1.0,0.20360040244780167,0.2292907120462597
ceiling_growth_gt25,36,072,52,J,3,1,0.0,0.15453833382083015,0.14955322627822273
ceiling_growth_gt25,36,070,32,Y,1,1,0.0,0.14224028603367986,0.13765188971001277
ceiling_growth_gt25,36,036,23,L,3,1,1.0,0.11190838170084073,0.14055649842016846
ceiling_growth_gt25,36,020,54,S,1,1,0.0,0.177797593452699,0.17206218721228936
ceiling_growth_gt25,36,1602,81,J,0,1,0.0,0.15147942857042215,0.14659299539073112
ceiling_growth_gt25,36,097,54,M,3,1,0.0,0.26237752113441754,0.25391373013008145
ceiling_growth_gt25,36,031,23,J,0,1,0.0,0.08592449363416323,0.08315273577499667
ceiling_growth_gt25,36,036,56,Z,3,1,0.0,0.281926870053506,0.27283245489048963
ceiling_growth_gt25,36,012,54,S,0,1,0.0,0.23765462904086387,0.22998835068470697
ceiling_growth_gt25,36,060,51,Y,3,1,1.0,0.25459886807992704,0.2786440658838003
ceiling_growth_gt25,36,089,54,S,2,1,0.0,0.18111521114482643,0.1752727849788643
ceiling_growth_gt25,36,049,54,Y,0,1,0.0,0.09288905031369149,0.08989262933583048
ceiling_growth_gt25,36,524,54,J,1,1,0.0,0.08628668179572446,0.08350324044747529
ceiling_growth_gt25,36,070,51,Y,3,1,0.0,0.16893700857213909,0.16348742765045718
ceiling_growth_gt25,36,075,62,T,1,1,1.0,0.4273703617483369,0.4458422855629067
ceiling_growth_gt25,36,075,62,T,2,1,1.0,0.4273703617483369,0.4458422855629067
ceiling_growth_gt25,36,424,81,J,0,1,0.0,0.09509353795569646,0.09202600447325464
ceiling_growth_gt25,36,047,48,J,3,1,0.0,0.1328547998946845,0.12856916118840434
ceiling_growth_gt25,36,072,32,J,2,1,0.0,0.1956768336745811,0.18936467774959462
ceiling_growth_gt25,36,019,21,J,1,1,0.0,0.24657058140168805,0.23861669167905297
ceiling_growth_gt25,36,080,61,J,3,1,0.0,0.1680798894452155,0.16265795752762793
ceiling_growth_gt25,36,019,53,J,3,1,1.0,0.20741501730195647,0.23298227480834496
ceiling_growth_gt25,36,089,42,J,3,1,1.0,0.14033773736166572,0.16806877809193457
ceiling_growth_gt25,36,012,54,Z,0,1,1.0,0.3219209943801979,0.3437945106905141
ceiling_growth_gt25,36,524,54,K,1,1,1.0,0.11412109527821622,0.14269783414020926
ceiling_growth_gt25,36,097,33,A,3,1,0.0,0.06763343899269018,0.0654517151542163
ceiling_growth_gt25,36,014,52,Y,0,1,1.0,0.17460842904963955,0.20123396359642537
ceiling_growth_gt25,36,070,48,U,4,1,0.0,0.22424074833344074,0.21700717580655557
ceiling_growth_gt25,36,070,61,Y,0,1,1.0,0.1871630977995324,0.21338364303180557
ceiling_growth_gt25,36,075,31,J,2,1,0.0,0.1938547218629733,0.18760134373836126
ceiling_growth_gt25,36,036,11,J,2,1,1.0,0.22083370834348987,0.24596810484853857
ceiling_growth_gt25,36,097,51,Y,3,1,1.0,0.15477083673337438,0.18203629361294296
ceiling_growth_gt25,36,036,92,J,4,1,0.0,0.11046106188319488,0.10689780182244665
ceiling_growth_gt25,36,047,22,K,1,1,0.0,0.11203948231807613,0.10842530546910593
ceiling_growth_gt25,36,019,54,U,2,1,0.0,0.4243491863084966,0.41066050287919026
