GMPP ID Number,Project Name,AR Year,Quarter,Department,MPA RAG (Departmental RAG used if MPA RAG missing),Project - Start Date (Latest Approved Start Date),Project - End Date (Latest Approved End Date),FY Budget (£m) inc Non Gov,FY Forecast (£m) inc Non Gov,Budget Variance (£m),Budget Variance (%),TOTAL BUDGETED WHOLE LIFE COSTS including Non-Government Costs,Gov WLC,Non-Gov WLC,PROJECT CATEGORY,Project Length,Unique ID,Department Grouped,MPA RAG Grouped,Joiner,SRO,Description,source_workbook,snapshot_date,gmpp_id_norm,dca_source,wlc_source,end_source,project_key,name_norm,project_key_by_name,join_route,project_name,dca_published,wlc_baseline_gbp_m,end_date,_merge,matched
BIS_0001_1112-Q1,BIS Shared Services,AR 2013,1213-Q2,BEIS,Amber,2011-05-04 00:00:00,2013-04-30 00:00:00,11.26,11.41,,,15.54,,,,1.9904175222450375,"BIS_0001_1112-Q1,1213-Q2",BEIS,Amber,Joiner,,,2020/beis/BEIS_Government_Major_Projects_Portfolio_data_September_2019.xlsx,2012-09-30,BIS_0001_1112-Q1,Amber,15.54,2013-04-30,BEIS lineage::bis shared services,bis shared services,BEIS lineage::bis shared services,name,BIS Shared Services,Amber,15.54,2013-04-30,both,True
BIS_0005_1112-Q1,Further Education Fee Loans Programme,AR 2013,1213-Q2,BEIS,Amber/Green,2010-11-30 00:00:00,2016-04-01 00:00:00,5.452,5.452,,,576.593,,,,5.336071184120465,"BIS_0005_1112-Q1,1213-Q2",BEIS,Amber/Green,Joiner,,,2020/beis/BEIS_Government_Major_Projects_Portfolio_data_September_2019.xlsx,2012-09-30,BIS_0005_1112-Q1,Amber/Green,576.593,2016-04-01,BEIS lineage::further education 24 learning loans programme,further education fee loans programme,BEIS lineage::further education 24 learning loans programme,name,Further Education Fee Loans Programme,Amber/Green,576.593,2016-04-01,both,True
BIS_0008_1112-Q1,Student Loans Monetisation Feasibility Study,AR 2013,1213-Q2,BEIS,Amber/Red,2010-03-01 00:00:00,2014-12-31 00:00:00,0.12,0.12,,,6.22,,,,4.8350444900752905,"BIS_0008_1112-Q1,1213-Q2",BEIS,Amber/Red,Joiner,,,2020/beis/BEIS_Government_Major_Projects_Portfolio_data_September_2019.xlsx,2012-09-30,BIS_0008_1112-Q1,Amber/Red,6.22,2014-12-31,BIS_0008_1112-Q1,student loans monetisation feasibility study,BEIS lineage::student loans monetisation feasibility study,gmpp_id,,,,,left_only,False
BIS_0009_1112-Q1,The Francis Crick Institute (formerly UKCMRI),AR 2013,1213-Q2,BEIS,Amber/Green,2006-10-01 00:00:00,2017-12-21 00:00:00,58,58,,,753,,,,11.222450376454484,"BIS_0009_1112-Q1,1213-Q2",BEIS,Amber/Green,Joiner,,,2020/beis/BEIS_Government_Major_Projects_Portfolio_data_September_2019.xlsx,2012-09-30,BIS_0009_1112-Q1,Amber/Green,753.0,2017-12-21,BEIS lineage::the francis crick institute,the francis crick institute,BEIS lineage::the francis crick institute,name,The Francis Crick Institute (formerly UKCMRI),Amber/Green,753.0,2017-12-21,both,True
BIS_0011_1213-Q1,Core Systems Replacement,AR 2013,1213-Q2,BEIS,Amber,2012-03-01 00:00:00,2016-03-19 00:00:00,2.91,2.62,,,131.911,,,,4.049281314168378,"BIS_0011_1213-Q1,1213-Q2",BEIS,Amber,Joiner,,,2020/beis/BEIS_Government_Major_Projects_Portfolio_data_September_2019.xlsx,2012-09-30,BIS_0011_1213-Q1,Amber,131.911,2016-03-19,BEIS lineage::core systems replacement,core systems replacement,BEIS lineage::core systems replacement,name,Core Systems Replacement,Amber,131.911,2016-03-19,both,True
BIS_0002_1112-Q1,Business Improvement Programme,AR 2013,1213-Q2,BEIS,Green,2010-08-01 00:00:00,2013-03-14 00:00:00,50.1,50.1,,,206,,,,2.617385352498289,"BIS_0002_1112-Q1,1213-Q2",BEIS,Green,Joiner,,,2020/beis/BEIS_Government_Major_Projects_Portfolio_data_September_2019.xlsx,2012-09-30,BIS_0002_1112-Q1,Green,206.0,2013-03-14,BEIS lineage::business improvement programme,business improvement programme,BEIS lineage::business improvement programme,name,Business Improvement Programme,Green,206.0,2013-03-14,both,True
BIS_0003_1112-Q1,Technology and innovation centres,AR 2013,1213-Q2,BEIS,Amber/Green,2010-12-01 00:00:00,2013-04-01 00:00:00,60,60,,,476,,,,2.3326488706365502,"BIS_0003_1112-Q1,1213-Q2",BEIS,Amber/Green,Joiner,,,2020/beis/BEIS_Government_Major_Projects_Portfolio_data_September_2019.xlsx,2012-09-30,BIS_0003_1112-Q1,Amber/Green,476.0,2013-04-01,BEIS lineage::technology and innovation centres,technology and innovation centres,BEIS lineage::technology and innovation centres,name,Technology and innovation centres,Amber/Green,476.0,2013-04-01,both,True
BIS_0004_1112-Q1,FE Capital Investment Programme,AR 2013,1213-Q2,BEIS,Amber/Green,2010-05-31 00:00:00,2015-03-31 00:00:00,272.66,272.66,,,4578.42,,,,4.832306639288158,"BIS_0004_1112-Q1,1213-Q2",BEIS,Amber/Green,Joiner,,,2020/beis/BEIS_Government_Major_Projects_Portfolio_data_September_2019.xlsx,2012-09-30,BIS_0004_1112-Q1,Amber/Green,4578.42,2015-03-31,BEIS lineage::fe capital investment programme,fe capital investment programme,BEIS lineage::fe capital investment programme,name,FE Capital Investment Programme,Amber/Green,4578.42,2015-03-31,both,True
BIS_0006_1112-Q1,Green Investment Bank,AR 2013,1213-Q2,BEIS,Amber,2010-06-01 00:00:00,2012-09-01 00:00:00,799,329,,,1857,,,,2.2532511978097194,"BIS_0006_1112-Q1,1213-Q2",BEIS,Amber,Joiner,,,2020/beis/BEIS_Government_Major_Projects_Portfolio_data_September_2019.xlsx,2012-09-30,BIS_0006_1112-Q1,Amber,1857.0,2012-09-01,BEIS lineage::green investment bank,green investment bank,BEIS lineage::green investment bank,name,Green Investment Bank,Amber,1857.0,2012-09-01,both,True
BIS_0007_1112-Q1,HE Reform Programme,AR 2013,1213-Q2,BEIS,Amber,2011-06-30 00:00:00,2015-12-31 00:00:00,370,370,,,4600,,,,4.503764544832307,"BIS_0007_1112-Q1,1213-Q2",BEIS,Amber,Joiner,,,2020/beis/BEIS_Government_Major_Projects_Portfolio_data_September_2019.xlsx,2012-09-30,BIS_0007_1112-Q1,Amber,4600.0,2015-12-31,BEIS lineage::he reform programme,he reform programme,BEIS lineage::he reform programme,name,HE Reform Programme,Amber,4600.0,2015-12-31,both,True
CO_0001_1112-Q1,Electoral Registration Transformation Programme,AR 2013,1213-Q2,CO,Amber,2010-03-01 00:00:00,2016-01-01 00:00:00,5.9,5.9,,,218.227,,,,5.83709787816564,"CO_0001_1112-Q1,1213-Q2",CO,Amber,Joiner,,,2020/beis/BEIS_Government_Major_Projects_Portfolio_data_September_2019.xlsx,2012-09-30,CO_0001_1112-Q1,Amber,218.227,2016-01-01,CO::electoral registration transformation programme,electoral registration transformation programme,CO::electoral registration transformation programme,name,Electoral Registration Transformation Programme,Amber,218.227,2016-01-01,both,True
CO_0004_1112-Q1,National Citizen Service,AR 2013,1213-Q2,CO,Amber,2011-10-01 00:00:00,2014-12-31 00:00:00,59.86,59.86,,,324.06,,,,3.249828884325804,"CO_0004_1112-Q1,1213-Q2",CO,Amber,Joiner,,,2020/beis/BEIS_Government_Major_Projects_Portfolio_data_September_2019.xlsx,2012-09-30,CO_0004_1112-Q1,Amber,324.06,2014-12-31,CO::national citizen service,national citizen service,CO::national citizen service,name,National Citizen Service,Amber,324.06,2014-12-31,both,True
CO_0005_1112-Q1,National Cyber Security Programme,AR 2013,1213-Q2,CO,Amber,2011-04-01 00:00:00,2015-04-01 00:00:00,155,155,,,650,,,,4,"CO_0005_1112-Q1,1213-Q2",CO,Amber,Joiner,,,2020/beis/BEIS_Government_Major_Projects_Portfolio_data_September_2019.xlsx,2012-09-30,CO_0005_1112-Q1,Amber,650.0,2015-04-01,CO::national cyber security programme,national cyber security programme,CO::national cyber security programme,name,National Cyber Security Programme,Amber,650.0,2015-04-01,both,True
CO_0006_1112-Q2,Public Services Network Programme,AR 2013,1213-Q2,CO,Green,2011-08-31 00:00:00,2015-01-30 00:00:00,1.05,1.05,,,24.958,,,,3.4168377823408624,"CO_0006_1112-Q2,1213-Q2",CO,Green,Joiner,,,2020/beis/BEIS_Government_Major_Projects_Portfolio_data_September_2019.xlsx,2012-09-30,CO_0006_1112-Q2,Green,24.958,2015-01-30,CO::public services network programme,public services network programme,CO::public services network programme,name,Public Services Network Programme,Green,24.958,2015-01-30,both,True
CO_0002_1112-Q1,G-Cloud Programme (covers Data Centre Consolidation and Application Store),AR 2013,1213-Q2,CO,Amber/Red,2011-10-31 00:00:00,2015-06-30 00:00:00,0.58,0.58,,,0.58,,,,3.6632443531827517,"CO_0002_1112-Q1,1213-Q2",CO,Amber/Red,Joiner,,,2020/beis/BEIS_Government_Major_Projects_Portfolio_data_September_2019.xlsx,2012-09-30,CO_0002_1112-Q1,Amber/Red,0.58,2015-06-30,CO::g cloud programme,g cloud programme,CO::g cloud programme,name,G-Cloud Programme (covers Data Centre Consolidation and Application Store),Amber/Red,0.58,2015-06-30,both,True
DCLG_0005_1112-Q4,ICTRelet Project (formerly entitled ICTDesktop Refresh),AR 2013,1213-Q2,DCLG,Amber/Red,2011-11-16 00:00:00,2014-02-28 00:00:00,1.9,1.9,,,36.63,,,,2.2861054072553046,"DCLG_0005_1112-Q4,1213-Q2",DCLG,Amber/Red,Joiner,,,2020/beis/BEIS_Government_Major_Projects_Portfolio_data_September_2019.xlsx,2012-09-30,DCLG_0005_1112-Q4,Amber/Red,36.63,2014-02-28,,ictrelet project,,unmatched,,,,,left_only,False
DCLG_0006_1112-Q4,Enterprise Zones Programme,AR 2013,1213-Q2,DCLG,Amber,2011-03-23 00:00:00,2015-03-31 00:00:00,0,0,,,0,,,,4.0219028062970565,"DCLG_0006_1112-Q4,1213-Q2",DCLG,Amber,Joiner,,,2020/beis/BEIS_Government_Major_Projects_Portfolio_data_September_2019.xlsx,2012-09-30,DCLG_0006_1112-Q4,Amber,0.0,2015-03-31,DCLG/MHCLG::enterprise zones programme,enterprise zones programme,DCLG/MHCLG::enterprise zones programme,name,Enterprise Zones Programme,Amber,0.0,2015-03-31,both,True
DCLG_0004_1112-Q1,Reform of the Audit Commission,AR 2013,1213-Q2,DCLG,Amber,2011-06-30 00:00:00,2012-11-01 00:00:00,24.99,0.05,,,53.08,,,,1.3415468856947297,"DCLG_0004_1112-Q1,1213-Q2",DCLG,Amber,Joiner,,,2020/beis/BEIS_Government_Major_Projects_Portfolio_data_September_2019.xlsx,2012-09-30,DCLG_0004_1112-Q1,Amber,53.08,2012-11-01,DCLG/MHCLG::reform of the audit commission,reform of the audit commission,DCLG/MHCLG::reform of the audit commission,name,Reform of the Audit Commission,Amber,53.08,2012-11-01,both,True
DCLG_0001_1112-Q1,Housing Investment and Regulatory Reform Programme (HIRRP),AR 2013,1213-Q2,DCLG,Green,2011-11-01 00:00:00,2012-03-31 00:00:00,6.9,6.9,,,25.500000000000004,,,,0.4134154688569473,"DCLG_0001_1112-Q1,1213-Q2",DCLG,Green,Joiner,,,2020/beis/BEIS_Government_Major_Projects_Portfolio_data_September_2019.xlsx,2012-09-30,DCLG_0001_1112-Q1,Green,25.500000000000004,2012-03-31,DCLG/MHCLG::housing investment and regulatory reform programme,housing investment and regulatory reform programme,DCLG/MHCLG::housing investment and regulatory reform programme,name,Housing Investment and Regulatory Reform Programme (HIRRP),Green,25.5,2012-03-31,both,True
DCMS_0001_1112-Q1,Broadband Delivery Programme,AR 2013,1213-Q2,DCMS,Amber/Red,2011-05-01 00:00:00,2015-03-31 00:00:00,91,91,,,529,,,,3.915126625598905,"DCMS_0001_1112-Q1,1213-Q2",DCMS,Amber/Red,Joiner,,,2020/beis/BEIS_Government_Major_Projects_Portfolio_data_September_2019.xlsx,2012-09-30,DCMS_0001_1112-Q1,Amber/Red,529.0,2015-03-31,DCMS::broadband delivery programme,broadband delivery programme,DCMS::broadband delivery programme,name,Broadband Delivery Programme,Amber/Red,529.0,2015-03-31,both,True
DCMS_0004_1112-Q1,The Tate Modern Project,AR 2013,1213-Q2,DCMS,Exempt,2010-01-01 00:00:00,2015-05-01 00:00:00,5.339908640000001,5.339908640000001,,,214.997,,,,5.327857631759069,"DCMS_0004_1112-Q1,1213-Q2",DCMS,Exempt,Joiner,,,2020/beis/BEIS_Government_Major_Projects_Portfolio_data_September_2019.xlsx,2012-09-30,DCMS_0004_1112-Q1,EXEMPT,214.997,2015-05-01,DCMS::the tate modern project,the tate modern project,DCMS::the tate modern project,name,The Tate Modern Project,MISSING,214.997,2015-05-01,both,True
DCMS_0005_1112-Q1,World Conservation and Exhibitions Centre,AR 2013,1213-Q2,DCMS,Amber/Green,2008-03-31 00:00:00,2014-04-01 00:00:00,0,0,,,135,,,,6.0013689253935665,"DCMS_0005_1112-Q1,1213-Q2",DCMS,Amber/Green,Joiner,,,2020/beis/BEIS_Government_Major_Projects_Portfolio_data_September_2019.xlsx,2012-09-30,DCMS_0005_1112-Q1,Amber/Green,135.0,2014-04-01,DCMS::world conservation and exhibitions centre,world conservation and exhibitions centre,DCMS::world conservation and exhibitions centre,name,World Conservation and Exhibitions Centre,Amber/Green,135.0,2014-04-01,both,True
DCMS_0006_1112-Q4,Mobile Infrastructure Project,AR 2013,1213-Q2,DCMS,Amber,2011-10-03 00:00:00,2015-03-31 00:00:00,12.5,4.5,,,154.5,,,,3.490759753593429,"DCMS_0006_1112-Q4,1213-Q2",DCMS,Amber,Joiner,,,2020/beis/BEIS_Government_Major_Projects_Portfolio_data_September_2019.xlsx,2012-09-30,DCMS_0006_1112-Q4,Amber,154.5,2015-03-31,DCMS::mobile infrastructure project,mobile infrastructure project,DCMS::mobile infrastructure project,name,Mobile Infrastructure Project,Amber,154.5,2015-03-31,both,True
DCMS_0007_1112-Q4,Urban Broadband Fund - Super-connected City Initiative,AR 2013,1213-Q2,DCMS,Amber/Red,2012-06-26 00:00:00,2015-03-31 00:00:00,10,0,,,150,,,,2.759753593429158,"DCMS_0007_1112-Q4,1213-Q2",DCMS,Amber/Red,Joiner,,,2020/beis/BEIS_Government_Major_Projects_Portfolio_data_September_2019.xlsx,2012-09-30,DCMS_0007_1112-Q4,Amber/Red,150.0,2015-03-31,DCMS::urban broadband fund super connected city initiative,urban broadband fund super connected city initiative,DCMS::urban broadband fund super connected city initiative,name,Urban Broadband Fund - Super-connected City Initiative,Amber/Red,150.0,2015-03-31,both,True
DCMS_0003_1112-Q1,Spectrum Clearance and Awards Programme,AR 2013,1213-Q2,DCMS,Amber,2011-06-22 00:00:00,2014-12-31 00:00:00,116.4,101.9923,,,281.2,,,,3.5263518138261465,"DCMS_0003_1112-Q1,1213-Q2",DCMS,Amber,Joiner,,,2020/beis/BEIS_Government_Major_Projects_Portfolio_data_September_2019.xlsx,2012-09-30,DCMS_0003_1112-Q1,Amber,281.2,2014-12-31,DCMS::spectrum clearance and awards programme,spectrum clearance and awards programme,DCMS::spectrum clearance and awards programme,name,Spectrum Clearance and Awards Programme,Amber,281.2,2014-12-31,both,True
BIS_0010_1112-Q4,Urenco Future Options,AR 2013,1213-Q2,BEIS,Exempt,2010-02-01 00:00:00,2013-12-23 00:00:00,2.5,2.5,,,11.98,,,,3.890485968514716,"BIS_0010_1112-Q4,1213-Q2",BEIS,Exempt,Joiner,,,2020/beis/BEIS_Government_Major_Projects_Portfolio_data_September_2019.xlsx,2012-09-30,BIS_0010_1112-Q4,EXEMPT,11.98,2013-12-23,BEIS lineage::urenco future options,urenco future options,BEIS lineage::urenco future options,name,Urenco Future Options,MISSING,11.98,,both,True
DECC_0003_1112-Q1,Dounreay Parent Body Organisation (PBO),AR 2013,1213-Q2,BEIS,Green,2009-09-21 00:00:00,2025-12-31 00:00:00,150,154.7,,,1578,,,,16.27652292950034,"DECC_0003_1112-Q1,1213-Q2",BEIS,Green,Joiner,,,2020/beis/BEIS_Government_Major_Projects_Portfolio_data_September_2019.xlsx,2012-09-30,DECC_0003_1112-Q1,Green,1578.0,2025-12-31,BEIS lineage::dounreay parent body organisation delivery phase,dounreay parent body organisation,BEIS lineage::dounreay parent body organisation delivery phase,name,Dounreay Parent Body Organisation (PBO),Green,1578.0,2025-12-31,both,True
DECC_0004_1112-Q1,Electricity Market Reform Programme,AR 2013,1213-Q2,BEIS,Exempt,2010-12-10 00:00:00,2030-12-31 00:00:00,10.2,10.2,,,40.1,,,,20.057494866529773,"DECC_0004_1112-Q1,1213-Q2",BEIS,Exempt,Joiner,,,2020/beis/BEIS_Government_Major_Projects_Portfolio_data_September_2019.xlsx,2012-09-30,DECC_0004_1112-Q1,EXEMPT,40.1,2030-12-31,BEIS lineage::electricity market reform programme,electricity market reform programme,BEIS lineage::electricity market reform programme,name,Electricity Market Reform Programme,MISSING,40.1,2030-12-31,both,True
DECC_0005_1112-Q1,Geological Disposal Facility Programme (GDF),AR 2013,1213-Q2,BEIS,Exempt,2011-06-30 00:00:00,2040-12-31 00:00:00,22,22.2,,,11626.2,,,,29.505817932922657,"DECC_0005_1112-Q1,1213-Q2",BEIS,Exempt,Joiner,,,2020/beis/BEIS_Government_Major_Projects_Portfolio_data_September_2019.xlsx,2012-09-30,DECC_0005_1112-Q1,EXEMPT,11626.2,2040-12-31,DECC_0005_1112-Q1,geological disposal facility programme,DECC_0005_1112-Q1,gmpp_id,Geological Disposal Facility Programme (GDF),MISSING,11626.2,2040-12-31,both,True
DECC_0009_1112-Q1,Renewable Heat Incentive,AR 2013,1213-Q2,BEIS,Exempt,2008-11-30 00:00:00,2014-02-01 00:00:00,108,41,,,33149,,,,5.171800136892539,"DECC_0009_1112-Q1,1213-Q2",BEIS,Exempt,Joiner,,,2020/beis/BEIS_Government_Major_Projects_Portfolio_data_September_2019.xlsx,2012-09-30,DECC_0009_1112-Q1,EXEMPT,33149.0,2014-02-01,BEIS lineage::renewable heat incentive,renewable heat incentive,BEIS lineage::renewable heat incentive,name,Renewable Heat Incentive,MISSING,33149.0,2014-02-01,both,True
DECC_0010_1112-Q1,Smart Meters Programme,AR 2013,1213-Q2,BEIS,Exempt,2009-12-02 00:00:00,2019-09-23 00:00:00,20.1485,20.1485,,,17171.9455,,,,9.806981519507186,"DECC_0010_1112-Q1,1213-Q2",BEIS,Exempt,Joiner,,,2020/beis/BEIS_Government_Major_Projects_Portfolio_data_September_2019.xlsx,2012-09-30,DECC_0010_1112-Q1,EXEMPT,17171.9455,2019-09-23,DECC_0010_1112-Q1,smart meters programme,DECC_0010_1112-Q1,gmpp_id,Smart Meters Programme,MISSING,17171.9455,2019-09-23,both,True
DECC_0011_1112-Q3,Carbon Capture & Storage - Programme,AR 2013,1213-Q2,BEIS,Exempt,2011-10-25 00:00:00,2045-01-01 00:00:00,4.9,4.9,,,exempt,,,,33.18822724161533,"DECC_0011_1112-Q3,1213-Q2",BEIS,Exempt,Joiner,,,2020/beis/BEIS_Government_Major_Projects_Portfolio_data_September_2019.xlsx,2012-09-30,DECC_0011_1112-Q3,EXEMPT,,2045-01-01,BEIS lineage::carbon capture and storage programme,carbon capture and storage programme,BEIS lineage::carbon capture and storage programme,name,Carbon Capture & Storage - Programme,MISSING,,2045-01-01,both,True
DECC_0012_1213-Q1,FID Enabling,AR 2013,1213-Q2,BEIS,Exempt,2011-09-01 00:00:00,2013-11-30 00:00:00,11.6,11,,,20.919999999999998,,,,2.2477754962354553,"DECC_0012_1213-Q1,1213-Q2",BEIS,Exempt,Joiner,,,2020/beis/BEIS_Government_Major_Projects_Portfolio_data_September_2019.xlsx,2012-09-30,DECC_0012_1213-Q1,EXEMPT,20.919999999999998,2013-11-30,BEIS lineage::fid enabling,fid enabling,BEIS lineage::fid enabling,name,FID Enabling,MISSING,20.92,2013-11-30,both,True
DECC_0013_1213-Q1,Magnox & RSRL PBO Competition,AR 2013,1213-Q2,BEIS,Exempt,2012-04-20 00:00:00,2028-06-30 00:00:00,740,740,,,7603,,,,16.194387405886378,"DECC_0013_1213-Q1,1213-Q2",BEIS,Exempt,Joiner,,,2020/beis/BEIS_Government_Major_Projects_Portfolio_data_September_2019.xlsx,2012-09-30,DECC_0013_1213-Q1,EXEMPT,7603.0,2028-06-30,DECC_0013_1213-Q1,magnox and rsrl pbo competition,DECC_0013_1213-Q1,gmpp_id,Magnox & RSRL PBO Competition,MISSING,7603.0,2028-06-30,both,True
DECC_0008_1112-Q1,Plutonium Management,AR 2013,1213-Q2,BEIS,Exempt,2011-05-23 00:00:00,2110-03-31 00:00:00,exempt,exempt,,,exempt,,,,98.85284052019165,"DECC_0008_1112-Q1,1213-Q2",BEIS,Exempt,Joiner,,,2020/beis/BEIS_Government_Major_Projects_Portfolio_data_September_2019.xlsx,2012-09-30,DECC_0008_1112-Q1,EXEMPT,,2110-03-31,BEIS lineage::plutonium management,plutonium management,BEIS lineage::plutonium management,name,Plutonium Management,MISSING,,2110-03-31,both,True
DECC_0007_1112-Q1,New Nuclear Programme,AR 2013,1213-Q2,BEIS,Exempt,2008-01-31 00:00:00,2019-12-31 00:00:00,2,2,,,40.79,,,,11.915126625598905,"DECC_0007_1112-Q1,1213-Q2",BEIS,Exempt,Joiner,,,2020/beis/BEIS_Government_Major_Projects_Portfolio_data_September_2019.xlsx,2012-09-30,DECC_0007_1112-Q1,EXEMPT,40.79,2019-12-31,BEIS lineage::new nuclear programme,new nuclear programme,BEIS lineage::new nuclear programme,name,New Nuclear Programme,MISSING,40.79,2019-12-31,both,True
DECC_0006_1112-Q1,Green Deal,AR 2013,1213-Q2,BEIS,Exempt,2010-05-20 00:00:00,2030-12-31 00:00:00,66.5,66.5,,,10304.2,,,,20.61601642710472,"DECC_0006_1112-Q1,1213-Q2",BEIS,Exempt,Joiner,,,2020/beis/BEIS_Government_Major_Projects_Portfolio_data_September_2019.xlsx,2012-09-30,DECC_0006_1112-Q1,EXEMPT,10304.2,2030-12-31,BEIS lineage::green deal,green deal,BEIS lineage::green deal,name,Green Deal,MISSING,10304.2,2030-12-31,both,True
DEFRA_0001_1112-Q1,CAP Delivery Programme (formerly the Future Options Programme),AR 2013,1213-Q2,DEFRA,Amber,2011-01-01 00:00:00,2015-03-01 00:00:00,8.53,8.53,,,13.03,,,,4.161533196440794,"DEFRA_0001_1112-Q1,1213-Q2",DEFRA,Amber,Joiner,,,2020/beis/BEIS_Government_Major_Projects_Portfolio_data_September_2019.xlsx,2012-09-30,DEFRA_0001_1112-Q1,Amber,13.03,2015-03-01,,cap delivery programme,,unmatched,,,,,left_only,False
DEFRA_0002_1112-Q1,Covent Garden Market Authority (CGMA) Redevelopment - Project Chrysalis,AR 2013,1213-Q2,DEFRA,Amber,2008-09-29 00:00:00,2018-12-01 00:00:00,0,0,,,0,,,,10.171115674195756,"DEFRA_0002_1112-Q1,1213-Q2",DEFRA,Amber,Joiner,,,2020/beis/BEIS_Government_Major_Projects_Portfolio_data_September_2019.xlsx,2012-09-30,DEFRA_0002_1112-Q1,Amber,0.0,2018-12-01,,covent garden market authority redevelopment project chrysalis,,unmatched,,,,,left_only,False
DEFRA_0003_1112-Q1,New Waterways Charity,AR 2013,1213-Q2,DEFRA,Green,2009-06-01 00:00:00,2012-08-31 00:00:00,39,39,,,873.72,,,,3.249828884325804,"DEFRA_0003_1112-Q1,1213-Q2",DEFRA,Green,Joiner,,,2020/beis/BEIS_Government_Major_Projects_Portfolio_data_September_2019.xlsx,2012-09-30,DEFRA_0003_1112-Q1,Green,873.72,2012-08-31,,new waterways charity,,unmatched,,,,,left_only,False
DEFRA_0004_1112-Q1,Thames Estuary 2100 (TE2100) Plan,AR 2013,1213-Q2,DEFRA,Amber,2010-04-01 00:00:00,2024-03-31 00:00:00,35,32,,,3082,,,,13.998631074606434,"DEFRA_0004_1112-Q1,1213-Q2",DEFRA,Amber,Joiner,,,2020/beis/BEIS_Government_Major_Projects_Portfolio_data_September_2019.xlsx,2012-09-30,DEFRA_0004_1112-Q1,Amber,3082.0,2024-03-31,,thames estuary 2100 plan,,unmatched,,,,,left_only,False
DFE_0003_1112-Q4,Priority School Building Programme,AR 2013,1213-Q2,DFE,Amber,2011-07-19 00:00:00,2044-08-01 00:00:00,4.5,4.58,,,397,,,,33.03764544832307,"DFE_0003_1112-Q4,1213-Q2",DFE,Amber,Joiner,,,2020/beis/BEIS_Government_Major_Projects_Portfolio_data_September_2019.xlsx,2012-09-30,DFE_0003_1112-Q4,Amber,397.0,2044-08-01,DFE_0008_1617-Q1,priority school building programme,DFE_0008_1617-Q1,name,Priority School Building Programme,Amber,397.0,2044-08-01,both,True
DFE_0001_1112-Q1,Building Schools for the Future (BSF),AR 2013,1213-Q2,DFE,Amber/Green,2011-07-12 00:00:00,2017-07-02 00:00:00,677,677,,,6302,,,,5.973990417522245,"DFE_0001_1112-Q1,1213-Q2",DFE,Amber/Green,Joiner,,,2020/beis/BEIS_Government_Major_Projects_Portfolio_data_September_2019.xlsx,2012-09-30,DFE_0001_1112-Q1,Amber/Green,6302.0,2017-07-02,DFE::building schools for the future,building schools for the future,DFE::building schools for the future,name,Building Schools for the Future (BSF),Amber/Green,6302.0,2017-07-02,both,True
DFID_0001_1112-Q1,St Helena Airport,AR 2013,1213-Q2,DFID,Amber/Green,2005-03-15 00:00:00,2026-08-31 00:00:00,70.08999999999999,69.77,,,423.46999999999997,,,,21.462012320328544,"DFID_0001_1112-Q1,1213-Q2",DFID,Amber/Green,Joiner,,,2020/beis/BEIS_Government_Major_Projects_Portfolio_data_September_2019.xlsx,2012-09-30,DFID_0001_1112-Q1,Amber/Green,423.46999999999997,2026-08-31,DFID_0001_1112-Q1,st helena airport,DFID_0001_1112-Q1,gmpp_id,St Helena Airport,Amber/Green,423.47,2026-08-31,both,True
DFT_0001_1112-Q1,Crossrail,AR 2013,1213-Q2,DFT,Amber/Green,2008-07-22 00:00:00,2019-12-31 00:00:00,1206.5,1206.5,,,14510.98,,,,11.441478439425051,"DFT_0001_1112-Q1,1213-Q2",DFT,Amber/Green,Joiner,,,2020/beis/BEIS_Government_Major_Projects_Portfolio_data_September_2019.xlsx,2012-09-30,DFT_0001_1112-Q1,Amber/Green,14510.98,2019-12-31,DFT_0001_1112-Q1,crossrail,DFT_0001_1112-Q1,gmpp_id,Crossrail,Amber/Green,14510.98,2019-12-31,both,True
DFT_0015_1112-Q1,Shared Services Futures Project,AR 2013,1213-Q2,DFT,Amber/Red,2010-12-10 00:00:00,2014-12-31 00:00:00,0.5,0.5,,,3.2,,,,4.057494866529774,"DFT_0015_1112-Q1,1213-Q2",DFT,Amber/Red,Joiner,,,2020/beis/BEIS_Government_Major_Projects_Portfolio_data_September_2019.xlsx,2012-09-30,DFT_0015_1112-Q1,Amber/Red,3.2,2014-12-31,DFT::shared services futures project,shared services futures project,DFT::shared services futures project,name,Shared Services Futures Project,Amber/Red,3.2,2014-12-31,both,True
DFT_0004_1112-Q1,High Speed Rail Programme,AR 2013,1213-Q2,DFT,Amber/Red,2011-02-28 00:00:00,2033-12-31 00:00:00,306.8,209,,,1117.9,,,,22.83915126625599,"DFT_0004_1112-Q1,1213-Q2",DFT,Amber/Red,Joiner,,,2020/beis/BEIS_Government_Major_Projects_Portfolio_data_September_2019.xlsx,2012-09-30,DFT_0004_1112-Q1,Amber/Red,1117.9,2033-12-31,DFT_0004_1112-Q1,high speed rail programme,DFT_0004_1112-Q1,gmpp_id,High Speed Rail Programme,Amber/Red,1117.9,2033-12-31,both,True
DFT_0006_1112-Q1,"M25 DBFO (Design, Build, Finance and Operate)",AR 2013,1213-Q2,DFT,Green,2009-05-31 00:00:00,2013-07-31 00:00:00,99.609003,74.773,,,990.749003,,,,4.167008898015058,"DFT_0006_1112-Q1,1213-Q2",DFT,Green,Joiner,,,2020/beis/BEIS_Government_Major_Projects_Portfolio_data_September_2019.xlsx,2012-09-30,DFT_0006_1112-Q1,Green,990.749003,2013-07-31,DFT::m25 dbfo,m25 dbfo,DFT::m25 dbfo,name,"M25 DBFO (Design, Build, Finance and Operate)",Green,990.749003,2013-07-31,both,True
DFT_0007_1112-Q1,Managed Motorways,AR 2013,1213-Q2,DFT,Amber/Green,2011-10-31 00:00:00,2017-09-30 00:00:00,219.18759187742262,245.449,,,1431.267160116308,,,,5.916495550992471,"DFT_0007_1112-Q1,1213-Q2",DFT,Amber/Green,Joiner,,,2020/beis/BEIS_Government_Major_Projects_Portfolio_data_September_2019.xlsx,2012-09-30,DFT_0007_1112-Q1,Amber/Green,1431.267160116308,2017-09-30,DFT::managed motorways,managed motorways,DFT::managed motorways,name,Managed Motorways,Amber/Green,1431.26716,2017-09-30,both,True
DFT_0008_1112-Q1,Olympics Transport Programme,AR 2013,1213-Q2,DFT,Green,2007-09-13 00:00:00,2012-12-31 00:00:00,24.607,24.862,,,34.488,,,,5.300479123887748,"DFT_0008_1112-Q1,1213-Q2",DFT,Green,Joiner,,,2020/beis/BEIS_Government_Major_Projects_Portfolio_data_September_2019.xlsx,2012-09-30,DFT_0008_1112-Q1,Green,34.488,2012-12-31,DFT::olympics transport programme,olympics transport programme,DFT::olympics transport programme,name,Olympics Transport Programme,Green,34.488,2012-12-31,both,True
DFT_0011_1112-Q1,Rail ReFranchising Management Programme - GA Long,AR 2013,1213-Q2,DFT,Amber/Green,2012-07-19 00:00:00,2015-01-31 00:00:00,0,0,,,0,,,,2.535249828884326,"DFT_0011_1112-Q1,1213-Q2",DFT,Amber/Green,Joiner,,,2020/beis/BEIS_Government_Major_Projects_Portfolio_data_September_2019.xlsx,2012-09-30,DFT_0011_1112-Q1,Amber/Green,0.0,2015-01-31,DFT::rail refranchising management programme ga long,rail refranchising management programme ga long,DFT::rail refranchising management programme ga long,name,Rail Refranchising Management Programme - GA Long,Amber/Green,,2015-01-31,both,True
DFT_0012_1112-Q1,Rail ReFranchising Management Programme - Greater Anglia Short,AR 2013,1213-Q2,DFT,Green,2010-06-01 00:00:00,2013-02-28 00:00:00,-144.7,-154.9,,,-396.7769230769231,,,,2.746064339493498,"DFT_0012_1112-Q1,1213-Q2",DFT,Green,Joiner,,,2020/beis/BEIS_Government_Major_Projects_Portfolio_data_September_2019.xlsx,2012-09-30,DFT_0012_1112-Q1,Green,-396.7769230769231,2013-02-28,DFT::rail refranchising management programme greater anglia short,rail refranchising management programme greater anglia short,DFT::rail refranchising management programme greater anglia short,name,Rail Refranchising Management Programme - Greater Anglia Short,Green,-396.7769231,2013-02-28,both,True
DFT_0013_1112-Q1,Rail ReFranchising Management Programme - West Coast,AR 2013,1213-Q2,DFT,Red,2010-09-22 00:00:00,2014-04-08 00:00:00,0,0,,,0,,,,3.542778918548939,"DFT_0013_1112-Q1,1213-Q2",DFT,Red,Joiner,,,2020/beis/BEIS_Government_Major_Projects_Portfolio_data_September_2019.xlsx,2012-09-30,DFT_0013_1112-Q1,Red,0.0,2014-04-08,DFT::rail refranchising management programme west coast,rail refranchising management programme west coast,DFT::rail refranchising management programme west coast,name,Rail Refranchising Management Programme - West Coast,Red,,2014-04-08,both,True
DFT_0017_1213-Q1,Great Western refranchising,AR 2013,1213-Q2,DFT,Amber,2011-07-21 00:00:00,2015-01-16 00:00:00,0,0,,,0,,,,3.490759753593429,"DFT_0017_1213-Q1,1213-Q2",DFT,Amber,Joiner,,,2020/beis/BEIS_Government_Major_Projects_Portfolio_data_September_2019.xlsx,2012-09-30,DFT_0017_1213-Q1,Amber,0.0,2015-01-16,,great western refranchising,,unmatched,,,,,left_only,False
DFT_0018_1213-Q1,"Thameslink, Southern and Great Northern refranchising project",AR 2013,1213-Q2,DFT,Amber/Red,2011-10-30 00:00:00,2015-02-27 00:00:00,0,0,,,0,,,,3.3292265571526354,"DFT_0018_1213-Q1,1213-Q2",DFT,Amber/Red,Joiner,,,2020/beis/BEIS_Government_Major_Projects_Portfolio_data_September_2019.xlsx,2012-09-30,DFT_0018_1213-Q1,Amber/Red,0.0,2015-02-27,,thameslink southern and great northern refranchising project,,unmatched,,,,,left_only,False
DFT_0010_1112-Q1,Rail ReFranchising Management Programme - East Coast,AR 2013,1213-Q2,DFT,Amber,2009-07-20 00:00:00,2013-05-31 00:00:00,0,0,,,0,,,,3.863107460643395,"DFT_0010_1112-Q1,1213-Q2",DFT,Amber,Joiner,,,2020/beis/BEIS_Government_Major_Projects_Portfolio_data_September_2019.xlsx,2012-09-30,DFT_0010_1112-Q1,Amber,0.0,2013-05-31,DFT::rail refranchising management programme east coast,rail refranchising management programme east coast,DFT::rail refranchising management programme east coast,name,Rail Refranchising Management Programme - East Coast,Amber,,2013-05-31,both,True
DFT_0002_1112-Q1,DVLA ICTContract Procurement,AR 2013,1213-Q2,DFT,Amber,2011-03-01 00:00:00,2015-09-30 00:00:00,6.96,3.463,,,102.06,,,,4.583162217659138,"DFT_0002_1112-Q1,1213-Q2",DFT,Amber,Joiner,,,2020/beis/BEIS_Government_Major_Projects_Portfolio_data_September_2019.xlsx,2012-09-30,DFT_0002_1112-Q1,Amber,102.06,2015-09-30,,dvla ictcontract procurement,,unmatched,,,,,left_only,False
DFT_0005_1112-Q1,Intercity Express Programme (IEP),AR 2013,1213-Q2,DFT,Amber/Green,2005-06-01 00:00:00,2019-12-31 00:00:00,5.86,5.86,,,1288.68,,,,14.581793292265571,"DFT_0005_1112-Q1,1213-Q2",DFT,Amber/Green,Joiner,,,2020/beis/BEIS_Government_Major_Projects_Portfolio_data_September_2019.xlsx,2012-09-30,DFT_0005_1112-Q1,Amber/Green,1288.68,2019-12-31,DFT_0005_1112-Q1,intercity express programme,DFT_0005_1112-Q1,gmpp_id,Intercity Express Programme (IEP),Amber/Green,1288.68,2019-12-31,both,True
DFT_0009_1112-Q1,Periodic Review 2013 (HLOS),AR 2013,1213-Q2,DFT,Green,2011-08-31 00:00:00,2012-07-31 00:00:00,0,0,,,18566.787712694208,,,,0.917180013689254,"DFT_0009_1112-Q1,1213-Q2",DFT,Green,Joiner,,,2020/beis/BEIS_Government_Major_Projects_Portfolio_data_September_2019.xlsx,2012-09-30,DFT_0009_1112-Q1,Green,18566.787712694208,2012-07-31,DFT::periodic review 2013,periodic review 2013,DFT::periodic review 2013,name,Periodic Review 2013 (HLOS),Green,18566.78771,2012-07-31,both,True
DFT_0014_1112-Q1,Search & Rescue Helicopters (SARH),AR 2013,1213-Q2,DFT,Amber,2011-02-08 00:00:00,2017-09-08 00:00:00,37,37,,,3286,,,,6.581793292265571,"DFT_0014_1112-Q1,1213-Q2",DFT,Amber,Joiner,,,2020/beis/BEIS_Government_Major_Projects_Portfolio_data_September_2019.xlsx,2012-09-30,DFT_0014_1112-Q1,Amber,3286.0,2017-09-08,DFT::search and rescue helicopters,search and rescue helicopters,DFT::search and rescue helicopters,name,Search & Rescue Helicopters (SARH),Amber,3286.0,2017-09-08,both,True
DH_0008_1112-Q1,Electronic Prescription Service (EPS) Release 2,AR 2013,1213-Q2,DH,Amber/Green,2003-11-28 00:00:00,2014-03-31 00:00:00,8.85,10.26,,,36.379999999999995,,,,10.338124572210814,"DH_0008_1112-Q1,1213-Q2",DH,Amber/Green,Joiner,,,2020/beis/BEIS_Government_Major_Projects_Portfolio_data_September_2019.xlsx,2012-09-30,DH_0008_1112-Q1,Amber/Green,36.379999999999995,2014-03-31,DOH_0008_1112-Q1,electronic prescription service release 2,DOH_0008_1112-Q1,name,Electronic Prescription Service (EPS) Release 2,Amber/Green,36.38,2014-03-31,both,True
DFT_0016_1112-Q1,Thameslink,AR 2013,1213-Q2,DFT,Amber/Green,2005-07-01 00:00:00,2018-12-01 00:00:00,28.826,26.827,,,5638.255999999999,,,,13.418206707734429,"DFT_0016_1112-Q1,1213-Q2",DFT,Amber/Green,Joiner,,,2020/beis/BEIS_Government_Major_Projects_Portfolio_data_September_2019.xlsx,2012-09-30,DFT_0016_1112-Q1,Amber/Green,5638.255999999999,2018-12-01,DFT_0016_1112-Q1,thameslink,DFT_0016_1112-Q1,gmpp_id,Thameslink,Amber/Green,5638.256,2018-12-01,both,True
DH_0015_1112-Q1,NME Programme for IT,AR 2013,1213-Q2,DH,Amber,2004-04-01 00:00:00,2016-07-31 00:00:00,273.0531331344505,405.74820789401673,,,5636.192320609403,,,,12.331279945242985,"DH_0015_1112-Q1,1213-Q2",DH,Amber,Joiner,,,2020/beis/BEIS_Government_Major_Projects_Portfolio_data_September_2019.xlsx,2012-09-30,DH_0015_1112-Q1,Amber,5636.192320609403,2016-07-31,DH/DHSC::nme programme for it,nme programme for it,DH/DHSC::nme programme for it,name,NME Programme for IT,Amber,5636.192321,2016-07-31,both,True
DH_0018_1112-Q1,Pre-Pandemic Vaccine,AR 2013,1213-Q2,DH,Amber/Green,2011-10-01 00:00:00,2014-07-01 00:00:00,0,0,,,0,,,,2.74880219028063,"DH_0018_1112-Q1,1213-Q2",DH,Amber/Green,Joiner,,,2020/beis/BEIS_Government_Major_Projects_Portfolio_data_September_2019.xlsx,2012-09-30,DH_0018_1112-Q1,Amber/Green,0.0,2014-07-01,DH/DHSC::pre pandemic vaccine,pre pandemic vaccine,DH/DHSC::pre pandemic vaccine,name,Pre-Pandemic Vaccine,Amber/Green,,2014-07-01,both,True
DH_0003_1112-Q1,"Brighton & Sussex University Hospitals NHS Trust (3Ts Programme - The development of a leading teaching, trauma and tertiary care centre)",AR 2013,1213-Q2,DH,Amber/Green,2012-05-31 00:00:00,2021-12-24 00:00:00,26.8,54.38,,,500.8,,,,9.566050650239562,"DH_0003_1112-Q1,1213-Q2",DH,Amber/Green,Joiner,,,2020/beis/BEIS_Government_Major_Projects_Portfolio_data_September_2019.xlsx,2012-09-30,DH_0003_1112-Q1,Amber/Green,500.8,2021-12-24,DH/DHSC::brighton and sussex university hospitals nhs trust,brighton and sussex university hospitals nhs trust,DH/DHSC::brighton and sussex university hospitals nhs trust,name,"Brighton & Sussex University Hospitals NHS Trust (3Ts Programme - The development of a leading teaching, trauma and tertiary care centre)",Amber/Green,500.8,2021-12-24,both,True
DH_0004_1112-Q1,Broadmoor Redevelopment Programme,AR 2013,1213-Q2,DH,Amber/Green,2011-08-01 00:00:00,2018-11-01 00:00:00,16.219,16.219,,,256.246,,,,7.252566735112937,"DH_0004_1112-Q1,1213-Q2",DH,Amber/Green,Joiner,,,2020/beis/BEIS_Government_Major_Projects_Portfolio_data_September_2019.xlsx,2012-09-30,DH_0004_1112-Q1,Amber/Green,256.246,2018-11-01,DH/DHSC::broadmoor redevelopment programme,broadmoor redevelopment programme,DH/DHSC::broadmoor redevelopment programme,name,Broadmoor Redevelopment Programme,Amber/Green,256.246,2018-11-01,both,True
DH_0022_1112-Q1,Summary Care Record (SCR),AR 2013,1213-Q2,DH,Amber/Green,2006-04-01 00:00:00,2016-03-31 00:00:00,24.869999999999997,24.169999999999998,,,51.10000000000001,,,,9.998631074606434,"DH_0022_1112-Q1,1213-Q2",DH,Amber/Green,Joiner,,,2020/beis/BEIS_Government_Major_Projects_Portfolio_data_September_2019.xlsx,2012-09-30,DH_0022_1112-Q1,Amber/Green,51.10000000000001,2016-03-31,DH/DHSC::summary care record,summary care record,DH/DHSC::summary care record,name,Summary Care Record (SCR),Amber/Green,51.1,2016-03-31,both,True
DH_0023_1112-Q2,London Programme for IT,AR 2013,1213-Q2,DH,Amber/Red,2003-12-18 00:00:00,2015-10-19 00:00:00,163.35000000000002,174.67000000000002,,,627.5899999999999,,,,11.835728952772074,"DH_0023_1112-Q2,1213-Q2",DH,Amber/Red,Joiner,,,2020/beis/BEIS_Government_Major_Projects_Portfolio_data_September_2019.xlsx,2012-09-30,DH_0023_1112-Q2,Amber/Red,627.5899999999999,2015-10-19,DH/DHSC::london programme for it,london programme for it,DH/DHSC::london programme for it,name,London Programme for IT,Amber/Red,627.59,2015-10-19,both,True
DH_0026_1112-Q2,Southern Programme for IT,AR 2013,1213-Q2,DH,Amber/Green,2004-01-26 00:00:00,2015-10-31 00:00:00,102.39,78.94999999999999,,,634.0600000000001,,,,11.761806981519507,"DH_0026_1112-Q2,1213-Q2",DH,Amber/Green,Joiner,,,2020/beis/BEIS_Government_Major_Projects_Portfolio_data_September_2019.xlsx,2012-09-30,DH_0026_1112-Q2,Amber/Green,634.0600000000001,2015-10-31,DH/DHSC::southern programme for it,southern programme for it,DH/DHSC::southern programme for it,name,Southern Programme for IT,Amber/Green,634.06,2015-10-31,both,True
DH_0014_1112-Q1,NHSmail service refresh,AR 2013,1213-Q2,DH,Amber/Green,2004-10-31 00:00:00,2013-06-30 00:00:00,7.9,22.83,,,96.05000000000001,,,,8.66255989048597,"DH_0014_1112-Q1,1213-Q2",DH,Amber/Green,Joiner,,,2020/beis/BEIS_Government_Major_Projects_Portfolio_data_September_2019.xlsx,2012-09-30,DH_0014_1112-Q1,Amber/Green,96.05000000000001,2013-06-30,DH/DHSC::nhsmail service refresh,nhsmail service refresh,DH/DHSC::nhsmail service refresh,name,NHSmail service refresh,Amber/Green,96.05,2013-06-30,both,True
DH_0010_1112-Q1,Health and Care Modernisation Transition Programme,AR 2013,1213-Q2,DH,Amber/Red,2011-10-01 00:00:00,2013-04-01 00:00:00,699.3,699.3,,,1563.9,,,,1.5003422313483916,"DH_0010_1112-Q1,1213-Q2",DH,Amber/Red,Joiner,,,2020/beis/BEIS_Government_Major_Projects_Portfolio_data_September_2019.xlsx,2012-09-30,DH_0010_1112-Q1,Amber/Red,1563.9,2013-04-01,DH/DHSC::health and care modernisation transition programme,health and care modernisation transition programme,DH/DHSC::health and care modernisation transition programme,name,Health and Care Modernisation Transition Programme,Amber/Red,1563.9,2013-04-01,both,True
DH_0012_1112-Q1,IMS3,AR 2013,1213-Q2,DH,Green,2011-05-16 00:00:00,2013-03-29 00:00:00,70.11,55.4,,,139.38,,,,1.8699520876112252,"DH_0012_1112-Q1,1213-Q2",DH,Green,Joiner,,,2020/beis/BEIS_Government_Major_Projects_Portfolio_data_September_2019.xlsx,2012-09-30,DH_0012_1112-Q1,Green,139.38,2013-03-29,DH/DHSC::ims3,ims3,DH/DHSC::ims3,name,IMS3,Green,139.38,2013-03-29,both,True
DH_0005_1112-Q1,CAB Variation,AR 2013,1213-Q2,DH,Amber/Green,2011-10-01 00:00:00,2013-12-15 00:00:00,30.09,29.09556348,,,54.24,,,,2.206707734428474,"DH_0005_1112-Q1,1213-Q2",DH,Amber/Green,Joiner,,,2020/beis/BEIS_Government_Major_Projects_Portfolio_data_September_2019.xlsx,2012-09-30,DH_0005_1112-Q1,Amber/Green,54.24,2013-12-15,DH/DHSC::cab variation,cab variation,DH/DHSC::cab variation,name,CAB Variation,Amber/Green,54.24,2013-12-15,both,True
DH_0024_1112-Q2,N3 Extension,AR 2013,1213-Q2,DH,Amber,2004-02-19 00:00:00,2014-03-31 00:00:00,114.314,120.34,,,371.89,,,,10.11088295687885,"DH_0024_1112-Q2,1213-Q2",DH,Amber,Joiner,,,2020/beis/BEIS_Government_Major_Projects_Portfolio_data_September_2019.xlsx,2012-09-30,DH_0024_1112-Q2,Amber,371.89,2014-03-31,DH/DHSC::n3 extension,n3 extension,DH/DHSC::n3 extension,name,N3 Extension,Amber,371.89,2014-03-31,both,True
DH_0006_1112-Q1,E &N Herts. NHS Trust - LIFT scheme - new QEII hospital in Welwyn Garden City,AR 2013,1213-Q2,DH,Amber/Green,2011-03-23 00:00:00,2014-04-01 00:00:00,0,0,,,70.25,,,,3.025325119780972,"DH_0006_1112-Q1,1213-Q2",DH,Amber/Green,Joiner,,,2020/beis/BEIS_Government_Major_Projects_Portfolio_data_September_2019.xlsx,2012-09-30,DH_0006_1112-Q1,Amber/Green,70.25,2014-04-01,DH/DHSC::e and n herts nhs trust lift scheme new qeii hospital in welwyn garden city,e and n herts nhs trust lift scheme new qeii hospital in welwyn garden city,DH/DHSC::e and n herts nhs trust lift scheme new qeii hospital in welwyn garden city,name,E &N Herts. NHS Trust - LIFT scheme - new QEII hospital in Welwyn Garden City,Amber/Green,70.25,2014-04-01,both,True
DH_0016_1112-Q1,Pandemic Vaccine Sleeping Contract,AR 2013,1213-Q2,DH,Green,2010-04-01 00:00:00,2012-06-01 00:00:00,0,0,,,0,,,,2.1683778234086244,"DH_0016_1112-Q1,1213-Q2",DH,Green,Joiner,,,2020/beis/BEIS_Government_Major_Projects_Portfolio_data_September_2019.xlsx,2012-09-30,DH_0016_1112-Q1,Green,0.0,2012-06-01,DH/DHSC::pandemic vaccine sleeping contract,pandemic vaccine sleeping contract,DH/DHSC::pandemic vaccine sleeping contract,name,Pandemic Vaccine Sleeping Contract,Green,,2012-06-01,both,True
DWP_0003_1112-Q1,Child Maintenance Group Change,AR 2013,1213-Q2,DWP,Amber/Red,2009-08-01 00:00:00,2014-01-29 00:00:00,72.5,87.35,,,1203.3899999999999,,,,4.4955509924709105,"DWP_0003_1112-Q1,1213-Q2",DWP,Amber/Red,Joiner,,,2020/beis/BEIS_Government_Major_Projects_Portfolio_data_September_2019.xlsx,2012-09-30,DWP_0003_1112-Q1,Amber/Red,1203.3899999999999,2014-01-29,DWP::child maintenance group change,child maintenance group change,DWP::child maintenance group change,name,Child Maintenance Group Change,Amber/Red,1203.39,2014-01-29,both,True
DWP_0005_1112-Q1,Enabling Retirement Savings Programme,AR 2013,1213-Q2,DWP,Amber,2007-05-18 00:00:00,2018-10-01 00:00:00,112,98.8,,,1004.3,,,,11.373032169746748,"DWP_0005_1112-Q1,1213-Q2",DWP,Amber,Joiner,,,2020/beis/BEIS_Government_Major_Projects_Portfolio_data_September_2019.xlsx,2012-09-30,DWP_0005_1112-Q1,Amber,1004.3,2018-10-01,DWP_0005_1112-Q1,enabling retirement savings programme,DWP::enabling retirement savings programme,gmpp_id,,,,,left_only,False
DWP_0009_1112-Q1,Universal Credit Programme,AR 2013,1213-Q2,DWP,Amber/Red,2011-11-17 00:00:00,2017-12-31 00:00:00,386.5,378.99,,,12845.38,,,,6.121834360027378,"DWP_0009_1112-Q1,1213-Q2",DWP,Amber/Red,Joiner,,,2020/beis/BEIS_Government_Major_Projects_Portfolio_data_September_2019.xlsx,2012-09-30,DWP_0009_1112-Q1,Amber/Red,12845.38,2017-12-31,DWP_0009_1112-Q1,universal credit programme,DWP_0009_1112-Q1,gmpp_id,Universal Credit Programme,Amber/Red,12845.38,2017-12-31,both,True
DWP_0011_1112-Q2,Personal Independence Payment Implementation,AR 2013,1213-Q2,DWP,Amber/Red,2011-10-31 00:00:00,2016-03-31 00:00:00,139.43,126.72,,,2771.379,,,,4.41615331964408,"DWP_0011_1112-Q2,1213-Q2",DWP,Amber/Red,Joiner,,,2020/beis/BEIS_Government_Major_Projects_Portfolio_data_September_2019.xlsx,2012-09-30,DWP_0011_1112-Q2,Amber/Red,2771.379,2016-03-31,DWP::personal independence payment implementation,personal independence payment implementation,DWP::personal independence payment implementation,name,Personal Independence Payment Implementation,Amber/Red,2771.379,2016-03-31,both,True
DWP_0016_1213-Q2,Fraud and Error Programme,AR 2013,1213-Q2,DWP,Amber/Red,2012-04-02 00:00:00,2015-03-01 00:00:00,156.3,128.65,,,770.3,,,,2.9103353867214237,"DWP_0016_1213-Q2,1213-Q2",DWP,Amber/Red,Joiner,,,2020/beis/BEIS_Government_Major_Projects_Portfolio_data_September_2019.xlsx,2012-09-30,DWP_0016_1213-Q2,Amber/Red,770.3,2015-03-01,DWP_0016_1213-Q2,fraud and error programme,DWP_0016_1213-Q2,gmpp_id,Fraud and Error Programme,Amber/Red,770.3,2015-03-01,both,True
DWP_0010_1112-Q1,Work Programme,AR 2013,1213-Q2,DWP,Amber,2010-11-25 00:00:00,2011-10-18 00:00:00,735.6999999999999,777,,,5626.7,,,,0.8952772073921971,"DWP_0010_1112-Q1,1213-Q2",DWP,Amber,Joiner,,,2020/beis/BEIS_Government_Major_Projects_Portfolio_data_September_2019.xlsx,2012-09-30,DWP_0010_1112-Q1,Amber,5626.7,2011-10-18,DWP::work programme,work programme,DWP::work programme,name,Work Programme,Amber,5626.7,2011-10-18,both,True
DWP_0007_1112-Q1,Incapacity Benefit Reassessment,AR 2013,1213-Q2,DWP,Green,2009-07-09 00:00:00,2012-03-23 00:00:00,143.6,140.99,,,891.8,,,,2.704996577686516,"DWP_0007_1112-Q1,1213-Q2",DWP,Green,Joiner,,,2020/beis/BEIS_Government_Major_Projects_Portfolio_data_September_2019.xlsx,2012-09-30,DWP_0007_1112-Q1,Green,891.8,2012-03-23,DWP::incapacity benefit reassessment,incapacity benefit reassessment,DWP::incapacity benefit reassessment,name,Incapacity Benefit Reassessment,Green,891.8,2012-03-23,both,True
DWP_0002_1112-Q1,Central Payment System,AR 2013,1213-Q2,DWP,Green,2008-09-01 00:00:00,2012-06-21 00:00:00,23.5,22.314999999999998,,,284.90000000000003,,,,3.802874743326489,"DWP_0002_1112-Q1,1213-Q2",DWP,Green,Joiner,,,2020/beis/BEIS_Government_Major_Projects_Portfolio_data_September_2019.xlsx,2012-09-30,DWP_0002_1112-Q1,Green,284.90000000000003,2012-06-21,DWP::central payment system,central payment system,DWP::central payment system,name,Central Payment System,Green,284.9,2012-06-21,both,True
DWP_0012_1112-Q4,Benefit Cap,AR 2013,1213-Q2,DWP,Amber/Red,2012-04-19 00:00:00,2013-07-31 00:00:00,28.53,27,,,49.029999999999994,,,,1.2813141683778233,"DWP_0012_1112-Q4,1213-Q2",DWP,Amber/Red,Joiner,,,2020/beis/BEIS_Government_Major_Projects_Portfolio_data_September_2019.xlsx,2012-09-30,DWP_0012_1112-Q4,Amber/Red,49.029999999999994,2013-07-31,DWP::benefit cap,benefit cap,DWP::benefit cap,name,Benefit Cap,Amber/Red,49.03,2013-07-31,both,True
DWP_0015_1112-Q4,Youth Contract,AR 2013,1213-Q2,DWP,Green,2012-01-19 00:00:00,2012-06-21 00:00:00,139.97,182.04,,,741.93,,,,0.4216290212183436,"DWP_0015_1112-Q4,1213-Q2",DWP,Green,Joiner,,,2020/beis/BEIS_Government_Major_Projects_Portfolio_data_September_2019.xlsx,2012-09-30,DWP_0015_1112-Q4,Green,741.93,2012-06-21,DWP::youth contract,youth contract,DWP::youth contract,name,Youth Contract,Green,741.93,2012-06-21,both,True
DWP_0013_1112-Q4,Specialist Disability Employment Programme,AR 2013,1213-Q2,DWP,Amber,2012-02-16 00:00:00,2014-07-31 00:00:00,33.52,35.629999999999995,,,202.97999999999996,,,,2.4531143052703626,"DWP_0013_1112-Q4,1213-Q2",DWP,Amber,Joiner,,,2020/beis/BEIS_Government_Major_Projects_Portfolio_data_September_2019.xlsx,2012-09-30,DWP_0013_1112-Q4,Amber,202.97999999999996,2014-07-31,DWP::specialist disability employment programme,specialist disability employment programme,DWP::specialist disability employment programme,name,Specialist Disability Employment Programme,Amber,202.98,2014-07-31,both,True
DWP_0014_1112-Q4,State Pension Reform - Single Tier,AR 2013,1213-Q2,DWP,Amber/Green,2012-02-27 00:00:00,2017-10-31 00:00:00,2.7,1.12,,,114.16000000000001,,,,5.675564681724846,"DWP_0014_1112-Q4,1213-Q2",DWP,Amber/Green,Joiner,,,2020/beis/BEIS_Government_Major_Projects_Portfolio_data_September_2019.xlsx,2012-09-30,DWP_0014_1112-Q4,Amber/Green,114.16000000000001,2017-10-31,DWP::state pension reform single tier,state pension reform single tier,DWP::state pension reform single tier,name,State Pension Reform - Single Tier,Amber/Green,114.16,2017-10-31,both,True
DH_0007_1112-Q1,E & N Herts NHS Trust - Lister Hospital ('Our Changing Hospitals' Phase 4 Programme),AR 2013,1213-Q2,DH,Amber/Red,2011-08-04 00:00:00,2014-01-17 00:00:00,28.43,21.493,,,201.51999999999998,,,,2.455852156057495,"DH_0007_1112-Q1,1213-Q2",DH,Amber/Red,Joiner,,,2020/beis/BEIS_Government_Major_Projects_Portfolio_data_September_2019.xlsx,2012-09-30,DH_0007_1112-Q1,Amber/Red,201.51999999999998,2014-01-17,DH/DHSC::e and n herts nhs trust lister hospital,e and n herts nhs trust lister hospital,DH/DHSC::e and n herts nhs trust lister hospital,name,E & N Herts NHS Trust - Lister Hospital ('Our Changing Hospitals' Phase 4 Programme),Amber/Red,201.52,2014-01-17,both,True
FCO_0004_1112-Q1,Prism and Firecrest Re-procurement Programme,AR 2013,1213-Q2,FCO,Amber,2011-01-01 00:00:00,2013-11-30 00:00:00,0,0,,,0,,,,2.9130732375085557,"FCO_0004_1112-Q1,1213-Q2",FCO,Amber,Joiner,,,2020/beis/BEIS_Government_Major_Projects_Portfolio_data_September_2019.xlsx,2012-09-30,FCO_0004_1112-Q1,Amber,0.0,2013-11-30,FCO/FCDO::prism and firecrest re procurement programme,prism and firecrest re procurement programme,FCO/FCDO::prism and firecrest re procurement programme,name,Prism and Firecrest Re-procurement Programme,Amber,,2013-11-30,both,True
DH_0013_1112-Q1,Mersey Care NHS LIFT scheme (TIME - To Improve Mental health Environments),AR 2013,1213-Q2,DH,Amber/Green,2011-08-30 00:00:00,2015-01-20 00:00:00,0,0,,,208.79999999999998,,,,3.3921971252566734,"DH_0013_1112-Q1,1213-Q2",DH,Amber/Green,Joiner,,,2020/beis/BEIS_Government_Major_Projects_Portfolio_data_September_2019.xlsx,2012-09-30,DH_0013_1112-Q1,Amber/Green,208.79999999999998,2015-01-20,DH/DHSC::mersey care nhs lift scheme,mersey care nhs lift scheme,DH/DHSC::mersey care nhs lift scheme,name,Mersey Care NHS LIFT scheme (TIME - To Improve Mental health Environments),Amber/Green,208.8,2015-01-20,both,True
FCO_0002_1112-Q1,Echo,AR 2013,1213-Q2,FCO,Amber/Green,2009-06-09 00:00:00,2012-12-31 00:00:00,29.96,32.07,,,179.19,,,,3.561943874058864,"FCO_0002_1112-Q1,1213-Q2",FCO,Amber/Green,Joiner,,,2020/beis/BEIS_Government_Major_Projects_Portfolio_data_September_2019.xlsx,2012-09-30,FCO_0002_1112-Q1,Amber/Green,179.19,2012-12-31,FCO/FCDO::echo,echo,FCO/FCDO::echo,name,Echo,Amber/Green,179.0,2012-12-31,both,True
FCO_0003_1112-Q1,JAKARTA: New Embassy ,AR 2013,1213-Q2,FCO,Amber/Green,2004-04-01 00:00:00,2014-09-01 00:00:00,11.059999999999999,11.059999999999999,,,29.45,,,,10.417522245037645,"FCO_0003_1112-Q1,1213-Q2",FCO,Amber/Green,Joiner,,,2020/beis/BEIS_Government_Major_Projects_Portfolio_data_September_2019.xlsx,2012-09-30,FCO_0003_1112-Q1,Amber/Green,29.45,2014-09-01,FCO/FCDO::jakarta new embassy,jakarta new embassy,FCO/FCDO::jakarta new embassy,name,JAKARTA: New Embassy,Amber/Green,29.0,2014-09-01,both,True
FCO_0005_1112-Q1,TEL AVIV: Embassy Upgrade ,AR 2013,1213-Q2,FCO,Green,2009-10-28 00:00:00,2013-11-01 00:00:00,3.8200000000000003,2.62,,,21.500000000000004,,,,4.010951403148528,"FCO_0005_1112-Q1,1213-Q2",FCO,Green,Joiner,,,2020/beis/BEIS_Government_Major_Projects_Portfolio_data_September_2019.xlsx,2012-09-30,FCO_0005_1112-Q1,Green,21.500000000000004,2013-11-01,FCO/FCDO::tel aviv embassy upgrade,tel aviv embassy upgrade,FCO/FCDO::tel aviv embassy upgrade,name,TEL AVIV: Embassy Upgrade,Green,22.0,2013-11-01,both,True
HMRC_0002_1112-Q1,Debt Management & Banking (DMB) Staff Reinvestment,AR 2013,1213-Q2,HMRC,Amber/Green,2011-04-01 00:00:00,2015-04-01 00:00:00,11.257,11.27,,,56.413999999999994,,,,4,"HMRC_0002_1112-Q1,1213-Q2",HMRC,Amber/Green,Joiner,,,2020/beis/BEIS_Government_Major_Projects_Portfolio_data_September_2019.xlsx,2012-09-30,HMRC_0002_1112-Q1,Amber/Green,56.413999999999994,2015-04-01,HMRC::debt management and banking staff reinvestment,debt management and banking staff reinvestment,HMRC::debt management and banking staff reinvestment,name,Debt Management & Banking (DMB) Staff Reinvestment,Amber/Green,56.41,2015-04-01,both,True
HMRC_0004_1112-Q1,One Click,AR 2013,1213-Q2,HMRC,Amber/Red,2010-03-24 00:00:00,2013-04-10 00:00:00,10.014,26.04,,,113.17999999999999,,,,3.047227926078029,"HMRC_0004_1112-Q1,1213-Q2",HMRC,Amber/Red,Joiner,,,2020/beis/BEIS_Government_Major_Projects_Portfolio_data_September_2019.xlsx,2012-09-30,HMRC_0004_1112-Q1,Amber/Red,113.17999999999999,2013-04-10,HMRC::one click,one click,HMRC::one click,name,One Click,Amber/Red,113.18,2013-04-10,both,True
HMRC_0006_1112-Q1,Real Time Information (RTI),AR 2013,1213-Q2,HMRC,Amber,2010-07-05 00:00:00,2014-10-31 00:00:00,28.32,28.32,,,241.1,,,,4.323066392881588,"HMRC_0006_1112-Q1,1213-Q2",HMRC,Amber,Joiner,,,2020/beis/BEIS_Government_Major_Projects_Portfolio_data_September_2019.xlsx,2012-09-30,HMRC_0006_1112-Q1,Amber,241.1,2014-10-31,HMRC::real time information,real time information,HMRC::real time information,name,Real Time Information (RTI),Amber,241.1,2014-10-31,both,True
HMRC_0007_1112-Q2,Expanding the use of Debt Collection Agencies,AR 2013,1213-Q2,HMRC,Amber/Green,2011-04-01 00:00:00,2015-03-31 00:00:00,20.145,18.695,,,70.67800000000001,,,,3.997262149212868,"HMRC_0007_1112-Q2,1213-Q2",HMRC,Amber/Green,Joiner,,,2020/beis/BEIS_Government_Major_Projects_Portfolio_data_September_2019.xlsx,2012-09-30,HMRC_0007_1112-Q2,Amber/Green,70.67800000000001,2015-03-31,HMRC::expanding the use of debt collection agencies,expanding the use of debt collection agencies,HMRC::expanding the use of debt collection agencies,name,Expanding the use of Debt Collection Agencies,Amber/Green,70.68,2015-03-31,both,True
HMRC_0008_1112-Q2,Organised Crime,AR 2013,1213-Q2,HMRC,Amber/Green,2011-04-01 00:00:00,2012-07-02 00:00:00,25.419999999999998,25.209999999999997,,,82.73,,,,1.2539356605065024,"HMRC_0008_1112-Q2,1213-Q2",HMRC,Amber/Green,Joiner,,,2020/beis/BEIS_Government_Major_Projects_Portfolio_data_September_2019.xlsx,2012-09-30,HMRC_0008_1112-Q2,Amber/Green,82.73,2012-07-02,HMRC::organised crime,organised crime,HMRC::organised crime,name,Organised Crime,Amber/Green,82.73,2012-07-02,both,True
HMRC_0009_1112-Q2,Volume Crime,AR 2013,1213-Q2,HMRC,Amber/Green,2011-04-01 00:00:00,2013-03-31 00:00:00,11.201,11.08,,,42.038,,,,1.998631074606434,"HMRC_0009_1112-Q2,1213-Q2",HMRC,Amber/Green,Joiner,,,2020/beis/BEIS_Government_Major_Projects_Portfolio_data_September_2019.xlsx,2012-09-30,HMRC_0009_1112-Q2,Amber/Green,42.038,2013-03-31,HMRC::volume crime,volume crime,HMRC::volume crime,name,Volume Crime,Amber/Green,42.04,2013-03-31,both,True
HMRC_0003_1112-Q1,Electronic Exchange of Social Security Information (EESSI) Programme,AR 2013,1213-Q2,HMRC,Amber/Green,2009-12-02 00:00:00,2014-05-31 00:00:00,0.12000000000000001,0.12000000000000001,,,5.288,,,,4.492813141683778,"HMRC_0003_1112-Q1,1213-Q2",HMRC,Amber/Green,Joiner,,,2020/beis/BEIS_Government_Major_Projects_Portfolio_data_September_2019.xlsx,2012-09-30,HMRC_0003_1112-Q1,Amber/Green,5.288,2014-05-31,HMRC::electronic exchange of social security information programme,electronic exchange of social security information programme,HMRC::electronic exchange of social security information programme,name,Electronic Exchange of Social Security Information (EESSI) Programme,Amber/Green,5.29,2014-05-31,both,True
HMRC_0010_1112-Q2,Wider Coverage Project,AR 2013,1213-Q2,HMRC,Amber,2011-09-14 00:00:00,2015-06-30 00:00:00,104.738,103.772621,,,552.592,,,,3.79192334017796,"HMRC_0010_1112-Q2,1213-Q2",HMRC,Amber,Joiner,,,2020/beis/BEIS_Government_Major_Projects_Portfolio_data_September_2019.xlsx,2012-09-30,HMRC_0010_1112-Q2,Amber,552.592,2015-06-30,HMRC::wider coverage project,wider coverage project,HMRC::wider coverage project,name,Wider Coverage Project,Amber,552.59,2015-06-30,both,True
HMRC_0005_1112-Q1,Open Cases Programme,AR 2013,1213-Q2,HMRC,Green,2010-10-31 00:00:00,2012-10-31 00:00:00,19.43,19.43,,,57.28,,,,2.001368925393566,"HMRC_0005_1112-Q1,1213-Q2",HMRC,Green,Joiner,,,2020/beis/BEIS_Government_Major_Projects_Portfolio_data_September_2019.xlsx,2012-09-30,HMRC_0005_1112-Q1,Green,57.28,2012-10-31,HMRC::open cases programme,open cases programme,HMRC::open cases programme,name,Open Cases Programme,Green,57.28,2012-10-31,both,True
HMT_0001_1112-Q1,Equitable Life Payment Scheme,AR 2013,1213-Q2,HMT,Amber/Red,2010-05-01 00:00:00,2014-04-01 00:00:00,0,0,,,0,,,,3.917864476386037,"HMT_0001_1112-Q1,1213-Q2",HMT,Amber/Red,Joiner,,,2020/beis/BEIS_Government_Major_Projects_Portfolio_data_September_2019.xlsx,2012-09-30,HMT_0001_1112-Q1,Amber/Red,0.0,2014-04-01,HMT::equitable life payment scheme,equitable life payment scheme,HMT::equitable life payment scheme,name,Equitable Life Payment Scheme,Amber/Red,59173700.0,2014-04-01,both,True
HMT_0002_1112-Q1,Project OSCAR,AR 2013,1213-Q2,HMT,Amber,2011-08-24 00:00:00,2013-02-07 00:00:00,4.71,4.668,,,19.56,,,,1.45927446954141,"HMT_0002_1112-Q1,1213-Q2",HMT,Amber,Joiner,,,2020/beis/BEIS_Government_Major_Projects_Portfolio_data_September_2019.xlsx,2012-09-30,HMT_0002_1112-Q1,Amber,19.56,2013-02-07,HMT::project oscar,project oscar,HMT::project oscar,name,Project OSCAR,Amber,19.56,2013-02-07,both,True
HO_0007_1112-Q1,SOCA Information Systems and Operating Technology (ISOT) Programme,AR 2013,1213-Q2,HO,Amber/Red,2008-04-01 00:00:00,2013-09-30 00:00:00,43.71,44.54,,,398.6,,,,5.49760438056126,"HO_0007_1112-Q1,1213-Q2",HO,Amber/Red,Joiner,,,2020/beis/BEIS_Government_Major_Projects_Portfolio_data_September_2019.xlsx,2012-09-30,HO_0007_1112-Q1,Amber/Red,398.6,2013-09-30,HO::soca information systems and operating technology programme,soca information systems and operating technology programme,HO::soca information systems and operating technology programme,name,SOCA Information Systems and Operating Technology (ISOT) Programme,Amber/Red,398.6,2013-09-30,both,True
HO_0008_1112-Q1,Schengen Information Systems (SIS) II Programme ,AR 2013,1213-Q2,HO,Amber,2006-04-01 00:00:00,2015-03-31 00:00:00,11.855,14.48,,,168.16500000000002,,,,8.996577686516085,"HO_0008_1112-Q1,1213-Q2",HO,Amber,Joiner,,,2020/beis/BEIS_Government_Major_Projects_Portfolio_data_September_2019.xlsx,2012-09-30,HO_0008_1112-Q1,Amber,168.16500000000002,2015-03-31,HO::schengen information systems 2 programme,schengen information systems ii programme,HO::schengen information systems 2 programme,name,Schengen Information Systems (SIS) II Programme,Amber,168.17,2015-03-31,both,True
HO_0009_1112-Q1,Transforming the Customer Experience (Formerly A&E),AR 2013,1213-Q2,HO,Red,2007-05-14 00:00:00,2012-03-31 00:00:00,46.72,50.01,,,424.29,,,,4.8815879534565365,"HO_0009_1112-Q1,1213-Q2",HO,Red,Joiner,,,2020/beis/BEIS_Government_Major_Projects_Portfolio_data_September_2019.xlsx,2012-09-30,HO_0009_1112-Q1,Red,424.29,2012-03-31,HO::transforming the customer experience,transforming the customer experience,HO::transforming the customer experience,name,Transforming the Customer Experience,Red,424.29,2012-03-31,both,True
HO_0011_1112-Q2,SIG Disclosure & Barring Service Programme (formerly Convergence Programme),AR 2013,1213-Q2,HO,Amber,2010-12-29 00:00:00,2015-10-01 00:00:00,127.43,5.92,,,709.77,,,,4.75564681724846,"HO_0011_1112-Q2,1213-Q2",HO,Amber,Joiner,,,2020/beis/BEIS_Government_Major_Projects_Portfolio_data_September_2019.xlsx,2012-09-30,HO_0011_1112-Q2,Amber,709.77,2015-10-01,HO::sig disclosure and barring service programme,sig disclosure and barring service programme,HO::sig disclosure and barring service programme,name,SIG Disclosure & Barring Service Programme (formerly Convergence Programme),Amber,709.77,2015-10-01,both,True
HO_0012_1112-Q3,Communications Capabilities Development programme,AR 2013,1213-Q2,HO,Amber,00:00:00,00:00:00,0,0,,,0,,,,0,"HO_0012_1112-Q3,1213-Q2",HO,Amber,Joiner,,,2020/beis/BEIS_Government_Major_Projects_Portfolio_data_September_2019.xlsx,2012-09-30,HO_0012_1112-Q3,Amber,0.0,,HO::communications capabilities development programme,communications capabilities development programme,HO::communications capabilities development programme,name,Communications Capabilities Development programme,Amber,,,both,True
HO_0016_1213-Q1,Emergency Services Mobile Communications Programme (ESMCP),AR 2013,1213-Q2,HO,Exempt,2011-06-01 00:00:00,2020-12-31 00:00:00,0,0,,,0,,,,9.585215605749486,"HO_0016_1213-Q1,1213-Q2",HO,Exempt,Joiner,,,2020/beis/BEIS_Government_Major_Projects_Portfolio_data_September_2019.xlsx,2012-09-30,HO_0016_1213-Q1,EXEMPT,0.0,2020-12-31,HO_0016_1213-Q1,emergency services mobile communications programme,HO_0016_1213-Q1,gmpp_id,Emergency Services Mobile Communications Programme (ESMCP),MISSING,,2020-12-31,both,True
HO_0023_1213-Q1,Next Generation Outsourced Visa Services Contract (P098),AR 2013,1213-Q2,HO,Amber/Green,2011-12-09 00:00:00,2014-07-01 00:00:00,0,0,,,0,,,,2.5598904859685145,"HO_0023_1213-Q1,1213-Q2",HO,Amber/Green,Joiner,,,2020/beis/BEIS_Government_Major_Projects_Portfolio_data_September_2019.xlsx,2012-09-30,HO_0023_1213-Q1,Amber/Green,0.0,2014-07-01,HO::next generation outsourced visa services contract,next generation outsourced visa services contract,HO::next generation outsourced visa services contract,name,Next Generation Outsourced Visa Services Contract,Amber/Green,,2014-07-01,both,True
HO_0025_1213-Q2,Harmondsworth and Colnbrook Retender (P110),AR 2013,1213-Q2,HO,Green,2012-02-26 00:00:00,2014-08-31 00:00:00,0,0,,,0,,,,2.510609171800137,"HO_0025_1213-Q2,1213-Q2",HO,Green,Joiner,,,2020/beis/BEIS_Government_Major_Projects_Portfolio_data_September_2019.xlsx,2012-09-30,HO_0025_1213-Q2,Green,0.0,2014-08-31,HO::harmondsworth and colnbrook retender,harmondsworth and colnbrook retender,HO::harmondsworth and colnbrook retender,name,Harmondsworth and Colnbrook Retender,Green,,2014-08-31,both,True
HO_0004_1112-Q1,Immigration and Asylum Biometric System (IABS),AR 2013,1213-Q2,HO,Amber/Green,2006-10-01 00:00:00,2012-12-31 00:00:00,24.69,27.700000250000002,,,367.14887713829097,,,,6.250513347022587,"HO_0004_1112-Q1,1213-Q2",HO,Amber/Green,Joiner,,,2020/beis/BEIS_Government_Major_Projects_Portfolio_data_September_2019.xlsx,2012-09-30,HO_0004_1112-Q1,Amber/Green,367.14887713829097,2012-12-31,HO::immigration and asylum biometric system,immigration and asylum biometric system,HO::immigration and asylum biometric system,name,Immigration and Asylum Biometric System (IABS),Amber/Green,367.15,2012-12-31,both,True
HO_0019_1213-Q1,IMPACT,AR 2013,1213-Q2,HO,Amber,2004-04-01 00:00:00,2012-03-31 00:00:00,5.93,5.93,,,184.84,,,,7.997262149212868,"HO_0019_1213-Q1,1213-Q2",HO,Amber,Joiner,,,2020/beis/BEIS_Government_Major_Projects_Portfolio_data_September_2019.xlsx,2012-09-30,HO_0019_1213-Q1,Amber,184.84,2012-03-31,HO::pnd,impact,HO::pnd,name,IMPACT,Amber,184.84,2012-03-31,both,True
HO_0001_1112-Q1,Commercial and Operating Managers Procuring Asylum Support Services (COMPASS),AR 2013,1213-Q2,HO,Amber/Green,2009-07-01 00:00:00,2011-09-30 00:00:00,54.38,54.354092310000006,,,686.7,,,,2.2477754962354553,"HO_0001_1112-Q1,1213-Q2",HO,Amber/Green,Joiner,,,2020/beis/BEIS_Government_Major_Projects_Portfolio_data_September_2019.xlsx,2012-09-30,HO_0001_1112-Q1,Amber/Green,686.7,2011-09-30,HO::commercial and operating managers procuring asylum support services,commercial and operating managers procuring asylum support services,HO::commercial and operating managers procuring asylum support services,name,Commercial and Operating Managers Procuring Asylum Support Services (COMPASS),Amber/Green,686.7,2011-09-30,both,True
HO_0026_1213-Q2,National Crime Agency (NCA),AR 2013,1213-Q2,HO,Amber,2011-06-08 00:00:00,2013-10-01 00:00:00,424.84999999999997,424.84999999999997,,,1687.2900000000002,,,,2.316221765913758,"HO_0026_1213-Q2,1213-Q2",HO,Amber,Joiner,,,2020/beis/BEIS_Government_Major_Projects_Portfolio_data_September_2019.xlsx,2012-09-30,HO_0026_1213-Q2,Amber,1687.2900000000002,2013-10-01,HO::national crime agency,national crime agency,HO::national crime agency,name,National Crime Agency (NCA),Amber,1687.29,2013-10-01,both,True
HO_0003_1112-Q1,eBorders,AR 2013,1213-Q2,HO,Amber,2011-10-26 00:00:00,2014-08-01 00:00:00,0,0,,,0,,,,2.7652292950034223,"HO_0003_1112-Q1,1213-Q2",HO,Amber,Joiner,,,2020/beis/BEIS_Government_Major_Projects_Portfolio_data_September_2019.xlsx,2012-09-30,HO_0003_1112-Q1,Amber,0.0,2014-08-01,HO::eborders,eborders,HO::eborders,name,eBorders,Amber,,2014-08-01,both,True
HO_0005_1112-Q1,Immigration Case Work (ICW),AR 2013,1213-Q2,HO,Amber/Red,2007-06-25 00:00:00,2013-07-30 00:00:00,59.968498,59.968528160000005,,,374,,,,6.09719370294319,"HO_0005_1112-Q1,1213-Q2",HO,Amber/Red,Joiner,,,2020/beis/BEIS_Government_Major_Projects_Portfolio_data_September_2019.xlsx,2012-09-30,HO_0005_1112-Q1,Amber/Red,374.0,2013-07-30,HO::immigration case work,immigration case work,HO::immigration case work,name,Immigration Case Work (ICW),Amber/Red,374.0,2013-07-30,both,True
HO_0014_1213-Q1,SOCA Catalyst,AR 2013,1213-Q2,HO,Amber/Green,2010-06-01 00:00:00,2012-09-30 00:00:00,6.738,6.738,,,216.696,,,,2.3326488706365502,"HO_0014_1213-Q1,1213-Q2",HO,Amber/Green,Joiner,,,2020/beis/BEIS_Government_Major_Projects_Portfolio_data_September_2019.xlsx,2012-09-30,HO_0014_1213-Q1,Amber/Green,216.696,2012-09-30,HO::soca catalyst,soca catalyst,HO::soca catalyst,name,SOCA Catalyst,Amber/Green,216.7,2012-09-30,both,True
HO_0015_1213-Q1,College of Policing project (formerly Police Professional Body Project),AR 2013,1213-Q2,HO,Amber,2011-10-01 00:00:00,2012-12-30 00:00:00,56.1,56.1,,,202.8,,,,1.2484599589322383,"HO_0015_1213-Q1,1213-Q2",HO,Amber,Joiner,,,2020/beis/BEIS_Government_Major_Projects_Portfolio_data_September_2019.xlsx,2012-09-30,HO_0015_1213-Q1,Amber,202.8,2012-12-30,HO::college of policing project,college of policing project,HO::college of policing project,name,College of Policing project (formerly Police Professional Body Project),Amber,202.8,2012-12-30,both,True
HO_0017_1213-Q1,Escorting and Travel,AR 2013,1213-Q2,HO,Green,2008-07-01 00:00:00,2011-06-01 00:00:00,74.884383,79.17,,,283.564383,,,,2.915811088295688,"HO_0017_1213-Q1,1213-Q2",HO,Green,Joiner,,,2020/beis/BEIS_Government_Major_Projects_Portfolio_data_September_2019.xlsx,2012-09-30,HO_0017_1213-Q1,Green,283.564383,2011-06-01,HO::escorting and travel,escorting and travel,HO::escorting and travel,name,Escorting and Travel,Green,283.56,2011-06-01,both,True
HO_0018_1213-Q1,Extend and Blend,AR 2013,1213-Q2,HO,Green,2009-10-01 00:00:00,2012-04-30 00:00:00,69.98,66.23,,,503.29999999999995,,,,2.5790554414784395,"HO_0018_1213-Q1,1213-Q2",HO,Green,Joiner,,,2020/beis/BEIS_Government_Major_Projects_Portfolio_data_September_2019.xlsx,2012-09-30,HO_0018_1213-Q1,Green,503.29999999999995,2012-04-30,HO::extend and blend,extend and blend,HO::extend and blend,name,Extend and Blend,Green,503.3,2012-04-30,both,True
HO_0022_1213-Q1,New Passport Programme,AR 2013,1213-Q2,HO,Green,2008-03-01 00:00:00,2012-11-01 00:00:00,45.709999999999994,45.269999999999996,,,455.95000000000005,,,,4.670773442847365,"HO_0022_1213-Q1,1213-Q2",HO,Green,Joiner,,,2020/beis/BEIS_Government_Major_Projects_Portfolio_data_September_2019.xlsx,2012-09-30,HO_0022_1213-Q1,Green,455.95000000000005,2012-11-01,HO::new passport programme,new passport programme,HO::new passport programme,name,New Passport Programme,Green,455.95,2012-11-01,both,True
HO_0024_1213-Q1,Police ICTCompany Programme,AR 2013,1213-Q2,HO,Amber,2011-09-01 00:00:00,2012-08-31 00:00:00,0,0,,,0,,,,0.999315537303217,"HO_0024_1213-Q1,1213-Q2",HO,Amber,Joiner,,,2020/beis/BEIS_Government_Major_Projects_Portfolio_data_September_2019.xlsx,2012-09-30,HO_0024_1213-Q1,Amber,0.0,2012-08-31,,police ictcompany programme,,unmatched,,,,,left_only,False
MOD_0001_1112-Q1,A400M,AR 2013,1213-Q2,MOD,Amber,2000-05-17 00:00:00,2046-12-31 00:00:00,189.76999999999998,189.76999999999998,,,0,,,,46.62286105407255,"MOD_0001_1112-Q1,1213-Q2",MOD,Amber,Joiner,,,2020/beis/BEIS_Government_Major_Projects_Portfolio_data_September_2019.xlsx,2012-09-30,MOD_0001_1112-Q1,Amber,0.0,2046-12-31,MOD_0001_1112-Q1,a400m,MOD_0001_1112-Q1,gmpp_id,A400M,Amber,,2046-12-31,both,True
MOD_0004_1112-Q1,Airseeker,AR 2013,1213-Q2,MOD,Amber/Green,2010-03-18 00:00:00,2018-04-01 00:00:00,110.492,128.87800000000001,,,1271.121,,,,8.038329911019849,"MOD_0004_1112-Q1,1213-Q2",MOD,Amber/Green,Joiner,,,2020/beis/BEIS_Government_Major_Projects_Portfolio_data_September_2019.xlsx,2012-09-30,MOD_0004_1112-Q1,Amber/Green,1271.121,2018-04-01,MOD::airseeker,airseeker,MOD::airseeker,name,Airseeker,Amber/Green,1271.121,2018-04-01,both,True
MOD_0009_1112-Q1,BORONA,AR 2013,1213-Q2,MOD,Amber,2006-08-01 00:00:00,2019-03-01 00:00:00,31.17,30.39,,,1151.3,,,,12.580424366872005,"MOD_0009_1112-Q1,1213-Q2",MOD,Amber,Joiner,,,2020/beis/BEIS_Government_Major_Projects_Portfolio_data_September_2019.xlsx,2012-09-30,MOD_0009_1112-Q1,Amber,1151.3,2019-03-01,MOD::borona,borona,MOD::borona,name,BORONA,Amber,1151.3,2019-03-01,both,True
MOD_0017_1112-Q1,CROWSNEST,AR 2013,1213-Q2,MOD,Exempt,2013-03-31 00:00:00,2022-09-30 00:00:00,3.5,2,,,0,,,,9.500342231348391,"MOD_0017_1112-Q1,1213-Q2",MOD,Exempt,Joiner,,,2020/beis/BEIS_Government_Major_Projects_Portfolio_data_September_2019.xlsx,2012-09-30,MOD_0017_1112-Q1,EXEMPT,0.0,2022-09-30,MOD_0017_1112-Q1,crowsnest,MOD_0017_1112-Q1,gmpp_id,CROWSNEST,MISSING,,2022-09-30,both,True
MOD_0019_1112-Q1,Defence Information Infrastructure,AR 2013,1213-Q2,MOD,Amber/Red,2001-09-01 00:00:00,2015-03-31 00:00:00,850.24,831.4,,,7331.719999999999,,,,13.57700205338809,"MOD_0019_1112-Q1,1213-Q2",MOD,Amber/Red,Joiner,,,2020/beis/BEIS_Government_Major_Projects_Portfolio_data_September_2019.xlsx,2012-09-30,MOD_0019_1112-Q1,Amber/Red,7331.719999999999,2015-03-31,MOD::defence information infrastructure,defence information infrastructure,MOD::defence information infrastructure,name,Defence Information Infrastructure,Amber/Red,7331.72,2015-03-31,both,True
MOD_0033_1112-Q1,MARSHALL,AR 2013,1213-Q2,MOD,Exempt,2006-04-01 00:00:00,2035-03-31 00:00:00,2.019,1.13,,,0,,,,28.996577686516083,"MOD_0033_1112-Q1,1213-Q2",MOD,Exempt,Joiner,,,2020/beis/BEIS_Government_Major_Projects_Portfolio_data_September_2019.xlsx,2012-09-30,MOD_0033_1112-Q1,EXEMPT,0.0,2035-03-31,MOD_0033_1112-Q1,marshall,MOD_0033_1112-Q1,gmpp_id,MARSHALL,MISSING,,2035-03-31,both,True
MOD_0035_1112-Q1,Merlin Capability Sustainment Programme (MCSP),AR 2013,1213-Q2,MOD,Green,2003-06-01 00:00:00,2016-10-01 00:00:00,87.9,87.9,,,796.44,,,,13.336071184120465,"MOD_0035_1112-Q1,1213-Q2",MOD,Green,Joiner,,,2020/beis/BEIS_Government_Major_Projects_Portfolio_data_September_2019.xlsx,2012-09-30,MOD_0035_1112-Q1,Green,796.44,2016-10-01,MOD::merlin capability sustainment programme,merlin capability sustainment programme,MOD::merlin capability sustainment programme,name,Merlin Capability Sustainment Programme (MCSP),Green,796.44,2016-10-01,both,True
MOD_0036_1112-Q1,Military Afloat Reach and Sustainability,AR 2013,1213-Q2,MOD,Green,2005-07-25 00:00:00,2019-06-30 00:00:00,52.3,52.3,,,1860.203,,,,13.930184804928132,"MOD_0036_1112-Q1,1213-Q2",MOD,Green,Joiner,,,2020/beis/BEIS_Government_Major_Projects_Portfolio_data_September_2019.xlsx,2012-09-30,MOD_0036_1112-Q1,Green,1860.203,2019-06-30,MOD_0036_1112-Q1,military afloat reach and sustainability,MOD::military afloat reach and sustainability,gmpp_id,,,,,left_only,False
MOD_0038_1112-Q1,Nuclear Warhead Capability Sustainment Programme,AR 2013,1213-Q2,MOD,Exempt,2008-04-01 00:00:00,2025-04-30 00:00:00,906.277,907.611,,,12139.3,,,,17.078713210130047,"MOD_0038_1112-Q1,1213-Q2",MOD,Exempt,Joiner,,,2020/beis/BEIS_Government_Major_Projects_Portfolio_data_September_2019.xlsx,2012-09-30,MOD_0038_1112-Q1,EXEMPT,12139.3,2025-04-30,MOD_0038_1112-Q1,nuclear warhead capability sustainment programme,MOD_0038_1112-Q1,gmpp_id,Nuclear Warhead Capability Sustainment Programme,MISSING,12139.3,2025-04-30,both,True
MOD_0040_1112-Q1,Puma Helicopter Life Extension Programme,AR 2013,1213-Q2,MOD,Amber,2009-09-30 00:00:00,2014-10-31 00:00:00,97.82,89.8,,,279.279,,,,5.084188911704312,"MOD_0040_1112-Q1,1213-Q2",MOD,Amber,Joiner,,,2020/beis/BEIS_Government_Major_Projects_Portfolio_data_September_2019.xlsx,2012-09-30,MOD_0040_1112-Q1,Amber,279.279,2014-10-31,MOD::puma helicopter life extension programme,puma helicopter life extension programme,MOD::puma helicopter life extension programme,name,Puma Helicopter Life Extension Programme,Amber,279.279,2014-10-31,both,True
MOD_0042_1112-Q1,QEC Aircraft Carriers,AR 2013,1213-Q2,MOD,Red,1998-12-01 00:00:00,2018-12-01 00:00:00,657.723,658.5,,,0,,,,20,"MOD_0042_1112-Q1,1213-Q2",MOD,Red,Joiner,,,2020/beis/BEIS_Government_Major_Projects_Portfolio_data_September_2019.xlsx,2012-09-30,MOD_0042_1112-Q1,Red,0.0,2018-12-01,MOD_0042_1112-Q1,qec aircraft carriers,MOD::qec aircraft carriers,gmpp_id,,,,,left_only,False
MOD_0047_1112-Q1,Spearfish Upgrade (SFU),AR 2013,1213-Q2,MOD,Exempt,2010-04-30 00:00:00,2022-12-31 00:00:00,23,23,,,0,,,,12.670773442847365,"MOD_0047_1112-Q1,1213-Q2",MOD,Exempt,Joiner,,,2020/beis/BEIS_Government_Major_Projects_Portfolio_data_September_2019.xlsx,2012-09-30,MOD_0047_1112-Q1,EXEMPT,0.0,2022-12-31,MOD_0047_1112-Q1,spearfish upgrade,MOD_0047_1112-Q1,gmpp_id,Spearfish Upgrade (SFU),MISSING,,2022-12-31,both,True
MOD_0055_1112-Q1,Type 26 Global Combat Ship (T26 GCS) (P900005700),AR 2013,1213-Q2,MOD,Exempt,2008-07-21 00:00:00,00:00:00,62.94,57.8,,,0,,,,-108.55578370978782,"MOD_0055_1112-Q1,1213-Q2",MOD,Exempt,Joiner,,,2020/beis/BEIS_Government_Major_Projects_Portfolio_data_September_2019.xlsx,2012-09-30,MOD_0055_1112-Q1,EXEMPT,0.0,,MOD_0055_1112-Q1,type 26 global combat ship,MOD_0055_1112-Q1,gmpp_id,Type 26 Global Combat Ship (T26 GCS) (P900005700),MISSING,,,both,True
MOD_0057_1112-Q1,Typhoon,AR 2013,1213-Q2,MOD,Amber/Green,2003-06-01 00:00:00,2018-04-10 00:00:00,827.7930000000001,863.68,,,18251.975898183882,,,,14.858316221765914,"MOD_0057_1112-Q1,1213-Q2",MOD,Amber/Green,Joiner,,,2020/beis/BEIS_Government_Major_Projects_Portfolio_data_September_2019.xlsx,2012-09-30,MOD_0057_1112-Q1,Amber/Green,18251.975898183882,2018-04-10,MOD::typhoon,typhoon,MOD::typhoon,name,Typhoon,Amber/Green,18251.976,2018-04-10,both,True
MOD_0061_1112-Q1,WATCHKEEPER,AR 2013,1213-Q2,MOD,Red,1998-03-01 00:00:00,2040-12-31 00:00:00,91.375,59.159000000000006,,,1079.076,,,,42.836413415468854,"MOD_0061_1112-Q1,1213-Q2",MOD,Red,Joiner,,,2020/beis/BEIS_Government_Major_Projects_Portfolio_data_September_2019.xlsx,2012-09-30,MOD_0061_1112-Q1,Red,1079.076,2040-12-31,MOD_0061_1112-Q1,watchkeeper,MOD_0061_1112-Q1,gmpp_id,WATCHKEEPER,Red,1079.076,2040-12-31,both,True
MOD_0062_1112-Q1,Wildcat,AR 2013,1213-Q2,MOD,Amber,2001-12-01 00:00:00,2046-03-31 00:00:00,209.02,203.88,,,1661.3680000000002,,,,44.328542094455855,"MOD_0062_1112-Q1,1213-Q2",MOD,Amber,Joiner,,,2020/beis/BEIS_Government_Major_Projects_Portfolio_data_September_2019.xlsx,2012-09-30,MOD_0062_1112-Q1,Amber,1661.3680000000002,2046-03-31,MOD::wildcat programme,wildcat,MOD::wildcat programme,name,Wildcat,Amber,1661.368,2046-03-31,both,True
MOD_0065_1112-Q2,Chinook (incl. project Julius),AR 2013,1213-Q2,MOD,Amber,2008-04-01 00:00:00,2017-03-31 00:00:00,139.98,153,,,1185.51,,,,8.996577686516085,"MOD_0065_1112-Q2,1213-Q2",MOD,Amber,Joiner,,,2020/beis/BEIS_Government_Major_Projects_Portfolio_data_September_2019.xlsx,2012-09-30,MOD_0065_1112-Q2,Amber,1185.51,2017-03-31,MOD::chinook,chinook,MOD::chinook,name,Chinook (incl. project Julius),Amber,1185.51,2017-03-31,both,True
MOD_0067_1112-Q2,Defence Core Network Services,AR 2013,1213-Q2,MOD,Red,2009-12-01 00:00:00,2020-03-01 00:00:00,18,13.79,,,5051.049999999999,,,,10.247775496235455,"MOD_0067_1112-Q2,1213-Q2",MOD,Red,Joiner,,,2020/beis/BEIS_Government_Major_Projects_Portfolio_data_September_2019.xlsx,2012-09-30,MOD_0067_1112-Q2,Red,5051.049999999999,2020-03-01,MOD::defence core network services,defence core network services,MOD::defence core network services,name,Defence Core Network Services,Red,5051.05,2020-03-01,both,True
MOD_0069_1112-Q2,Logistics Commodities Services Transformation,AR 2013,1213-Q2,MOD,Amber,2011-08-01 00:00:00,2018-02-01 00:00:00,8.36,8.36,,,2056.19,,,,6.505133470225872,"MOD_0069_1112-Q2,1213-Q2",MOD,Amber,Joiner,,,2020/beis/BEIS_Government_Major_Projects_Portfolio_data_September_2019.xlsx,2012-09-30,MOD_0069_1112-Q2,Amber,2056.19,2018-02-01,MOD::logistics commodities services transformation,logistics commodities services transformation,MOD::logistics commodities services transformation,name,Logistics Commodities Services Transformation,Amber,2056.19,2018-02-01,both,True
MOD_0070_1112-Q2,New Employment Model,AR 2013,1213-Q2,MOD,Amber,2011-05-03 00:00:00,2021-10-01 00:00:00,0,0,,,0,,,,10.414784394250514,"MOD_0070_1112-Q2,1213-Q2",MOD,Amber,Joiner,,,2020/beis/BEIS_Government_Major_Projects_Portfolio_data_September_2019.xlsx,2012-09-30,MOD_0070_1112-Q2,Amber,0.0,2021-10-01,MOD::new employment model,new employment model,MOD::new employment model,name,New Employment Model,Amber,0.0,2021-10-01,both,True
MOD_0071_1112-Q2,Submarine Enterprise Performance Programme,AR 2013,1213-Q2,MOD,Amber,2010-05-01 00:00:00,2014-03-01 00:00:00,0,0,,,0,,,,3.8329911019849416,"MOD_0071_1112-Q2,1213-Q2",MOD,Amber,Joiner,,,2020/beis/BEIS_Government_Major_Projects_Portfolio_data_September_2019.xlsx,2012-09-30,MOD_0071_1112-Q2,Amber,0.0,2014-03-01,MOD::submarine enterprise performance programme,submarine enterprise performance programme,MOD::submarine enterprise performance programme,name,Submarine Enterprise Performance Programme,Amber,0.0,2014-03-01,both,True
MOD_0076_1213-Q1,Astute Boats 1-7,AR 2013,1213-Q2,MOD,Amber,1997-03-17 00:00:00,2024-03-31 00:00:00,557.298,553.26,,,9947.224,,,,27.039014373716633,"MOD_0076_1213-Q1,1213-Q2",MOD,Amber,Joiner,,,2020/beis/BEIS_Government_Major_Projects_Portfolio_data_September_2019.xlsx,2012-09-30,MOD_0076_1213-Q1,Amber,9947.224,2024-03-31,MOD_0076_1213-Q1,astute boats 1 7,MOD_0076_1213-Q1,gmpp_id,Astute Boats 1-7,Amber,9947.224,2024-03-31,both,True
MOD_0077_1213-Q1,Complex Weapons,AR 2013,1213-Q2,MOD,Amber,2008-06-11 00:00:00,00:00:00,254.72,254.72,,,3624.05,,,,-108.44626967830253,"MOD_0077_1213-Q1,1213-Q2",MOD,Amber,Joiner,,,2020/beis/BEIS_Government_Major_Projects_Portfolio_data_September_2019.xlsx,2012-09-30,MOD_0077_1213-Q1,Amber,3624.05,,MOD_0077_1213-Q1,complex weapons,MOD_0077_1213-Q1,gmpp_id,Complex Weapons,Amber,3624.05,,both,True
MOD_0078_1213-Q1,Core Production Capability,AR 2013,1213-Q2,MOD,Green,2012-04-01 00:00:00,2023-03-19 00:00:00,115,75,,,0,,,,10.962354551676933,"MOD_0078_1213-Q1,1213-Q2",MOD,Green,Joiner,,,2020/beis/BEIS_Government_Major_Projects_Portfolio_data_September_2019.xlsx,2012-09-30,MOD_0078_1213-Q1,Green,0.0,2023-03-19,MOD_0078_1213-Q1,core production capability,MOD_0078_1213-Q1,gmpp_id,Core Production Capability,Green,,2023-03-19,both,True
MOD_0079_1213-Q1,Joint Combat Aircraft,AR 2013,1213-Q2,MOD,Amber/Green,2001-10-01 00:00:00,2050-03-31 00:00:00,192.497,163.30200000000002,,,15979.16026685794,,,,48.49555099247091,"MOD_0079_1213-Q1,1213-Q2",MOD,Amber/Green,Joiner,,,2020/beis/BEIS_Government_Major_Projects_Portfolio_data_September_2019.xlsx,2012-09-30,MOD_0079_1213-Q1,Amber/Green,15979.16026685794,2050-03-31,MOD_0079_1213-Q1,joint combat aircraft,MOD::joint combat aircraft,gmpp_id,,,,,left_only,False
MOD_0080_1213-Q1,"Successor SSBN 1, 2 & 3",AR 2013,1213-Q2,MOD,Exempt,2011-04-14 00:00:00,00:00:00,410.28,413.283,,,0,,,,-111.28542094455852,"MOD_0080_1213-Q1,1213-Q2",MOD,Exempt,Joiner,,,2020/beis/BEIS_Government_Major_Projects_Portfolio_data_September_2019.xlsx,2012-09-30,MOD_0080_1213-Q1,EXEMPT,0.0,,MOD_0080_1213-Q1,successor ssbn 1 2 and 3,,gmpp_id,Successor SSBN,MISSING,,,both,True
MOD_0081_1213-Q2,Future Reserves 2020,AR 2013,1213-Q2,MOD,Amber,2011-09-01 00:00:00,2018-03-01 00:00:00,0,0,,,0,,,,6.496919917864476,"MOD_0081_1213-Q2,1213-Q2",MOD,Amber,Joiner,,,2020/beis/BEIS_Government_Major_Projects_Portfolio_data_September_2019.xlsx,2012-09-30,MOD_0081_1213-Q2,Amber,0.0,2018-03-01,MOD::future reserves 2020,future reserves 2020,MOD::future reserves 2020,name,Future Reserves 2020,Amber,0.0,2018-03-01,both,True
MOD_0056_1112-Q1,Type 45 Destroyers,AR 2013,1213-Q2,MOD,Green,2000-08-15 00:00:00,2014-07-31 00:00:00,252.23877305084994,146.86,,,0,,,,13.957563312799453,"MOD_0056_1112-Q1,1213-Q2",MOD,Green,Joiner,,,2020/beis/BEIS_Government_Major_Projects_Portfolio_data_September_2019.xlsx,2012-09-30,MOD_0056_1112-Q1,Green,0.0,2014-07-31,MOD::type 45 destroyers,type 45 destroyers,MOD::type 45 destroyers,name,Type 45 Destroyers,Green,,2014-07-31,both,True
MOD_0020_1112-Q1,Defence Infrastructure Transformation Programme,AR 2013,1213-Q2,MOD,Amber,2011-01-11 00:00:00,2015-03-01 00:00:00,37.86,37.86,,,124.55,GMPP ID Number,,,4.134154688569473,"MOD_0020_1112-Q1,1213-Q2",MOD,Amber,Joiner,,,2020/beis/BEIS_Government_Major_Projects_Portfolio_data_September_2019.xlsx,2012-09-30,MOD_0020_1112-Q1,Amber,124.55,2015-03-01,MOD::defence infrastructure transformation programme,defence infrastructure transformation programme,MOD::defence infrastructure transformation programme,name,Defence Infrastructure Transformation Programme,Amber,124.55,2015-03-01,both,True
MOD_0016_1112-Q1,Corporate Services Transformation Programme,AR 2013,1213-Q2,MOD,Amber/Green,2010-07-01 00:00:00,2016-12-01 00:00:00,7.4,9.01,,,38.4,,,,6.420260095824777,"MOD_0016_1112-Q1,1213-Q2",MOD,Amber/Green,Joiner,,,2020/beis/BEIS_Government_Major_Projects_Portfolio_data_September_2019.xlsx,2012-09-30,MOD_0016_1112-Q1,Amber/Green,38.4,2016-12-01,MOD::corporate services transformation programme,corporate services transformation programme,MOD::corporate services transformation programme,name,Corporate Services Transformation Programme,Amber/Green,38.4,2016-12-01,both,True
MOD_0008_1112-Q1,Beyond Visual Range Air-to-Air Missile (Meteor),AR 2013,1213-Q2,MOD,Green,1995-10-20 00:00:00,2019-12-01 00:00:00,60.87,60.87,,,1185.3400000000001,,,,24.11498973305955,"MOD_0008_1112-Q1,1213-Q2",MOD,Green,Joiner,,,2020/beis/BEIS_Government_Major_Projects_Portfolio_data_September_2019.xlsx,2012-09-30,MOD_0008_1112-Q1,Green,1185.3400000000001,2019-12-01,MOD::beyond visual range air to air missile,beyond visual range air to air missile,MOD::beyond visual range air to air missile,name,Beyond Visual Range Air-to-Air Missile (Meteor),Green,1185.34,2019-12-01,both,True
MOD_0013_1112-Q1,CIPHER,AR 2013,1213-Q2,MOD,Exempt,2007-07-10 00:00:00,2031-07-31 00:00:00,0,0,,,0,,,,24.057494866529773,"MOD_0013_1112-Q1,1213-Q2",MOD,Exempt,Joiner,,,2020/beis/BEIS_Government_Major_Projects_Portfolio_data_September_2019.xlsx,2012-09-30,MOD_0013_1112-Q1,EXEMPT,0.0,2031-07-31,MOD::cipher,cipher,MOD::cipher,name,CIPHER,MISSING,,2031-07-31,both,True
MOD_0023_1112-Q1,Falcon -  02 (Increments A & C  amalgamated at 1/4/11),AR 2013,1213-Q2,MOD,Green,1998-01-01 00:00:00,2035-03-31 00:00:00,29.02,29.02,,,1467.0439999999999,,,,37.242984257357975,"MOD_0023_1112-Q1,1213-Q2",MOD,Green,Joiner,,,2020/beis/BEIS_Government_Major_Projects_Portfolio_data_September_2019.xlsx,2012-09-30,MOD_0023_1112-Q1,Green,1467.0439999999999,2035-03-31,MOD::falcon 02,falcon 02,MOD::falcon 02,name,Falcon - 02 (Increments A & C amalgamated at 1/4/11),Green,1467.044,2035-03-31,both,True
MOD_0048_1112-Q1,Specialist Vehicles - Recce Block 1,AR 2013,1213-Q2,MOD,Green,2009-12-16 00:00:00,00:00:00,147.291,132.78,,,0,,,,-109.96030116358658,"MOD_0048_1112-Q1,1213-Q2",MOD,Green,Joiner,,,2020/beis/BEIS_Government_Major_Projects_Portfolio_data_September_2019.xlsx,2012-09-30,MOD_0048_1112-Q1,Green,0.0,,MOD::specialist vehicles recce block 1,specialist vehicles recce block 1,MOD::specialist vehicles recce block 1,name,Specialist Vehicles - Recce Block 1,Green,,,both,True
MOD_0060_1112-Q1,Warrior Capability Sustainment Programme,AR 2013,1213-Q2,MOD,Green,2011-10-31 00:00:00,2022-03-01 00:00:00,49.00724977675138,66.51,,,1667.041643143665,,,,10.33264887063655,"MOD_0060_1112-Q1,1213-Q2",MOD,Green,Joiner,,,2020/beis/BEIS_Government_Major_Projects_Portfolio_data_September_2019.xlsx,2012-09-30,MOD_0060_1112-Q1,Green,1667.041643143665,2022-03-01,MOD::warrior capability sustainment programme,warrior capability sustainment programme,MOD::warrior capability sustainment programme,name,Warrior Capability Sustainment Programme,Green,1667.042,2022-03-01,both,True
MOD_0022_1112-Q1,End Crypto Units (ECU),AR 2013,1213-Q2,MOD,Exempt,2007-08-31 00:00:00,2040-08-31 00:00:00,0,0,,,0,,,,33.002053388090346,"MOD_0022_1112-Q1,1213-Q2",MOD,Exempt,Joiner,,,2020/beis/BEIS_Government_Major_Projects_Portfolio_data_September_2019.xlsx,2012-09-30,MOD_0022_1112-Q1,EXEMPT,0.0,2040-08-31,MOD::end crypto units,end crypto units,MOD::end crypto units,name,End Crypto Units (ECU),MISSING,,2040-08-31,both,True
MOJ_0002_1112-Q1,Court Estates Reform,AR 2013,1213-Q2,MOJ,Green,2010-05-10 00:00:00,2014-09-30 00:00:00,9.56,14.26,,,45.44,,,,4.39151266255989,"MOJ_0002_1112-Q1,1213-Q2",MOJ,Green,Joiner,,,2020/beis/BEIS_Government_Major_Projects_Portfolio_data_September_2019.xlsx,2012-09-30,MOJ_0002_1112-Q1,Green,45.44,2014-09-30,MOJ::court estates reform,court estates reform,MOJ::court estates reform,name,Court Estates Reform,Green,45.44,2014-09-30,both,True
MOJ_0003_1112-Q1,Electronic Monitoring,AR 2013,1213-Q2,MOJ,Amber,2011-05-10 00:00:00,2013-09-30 00:00:00,0.99,0.99,,,891.96,,,,2.3928815879534566,"MOJ_0003_1112-Q1,1213-Q2",MOJ,Amber,Joiner,,,2020/beis/BEIS_Government_Major_Projects_Portfolio_data_September_2019.xlsx,2012-09-30,MOJ_0003_1112-Q1,Amber,891.96,2013-09-30,MOJ_0003_1112-Q1,electronic monitoring,MOJ_0003_1112-Q1,gmpp_id,Electronic Monitoring,Amber,891.96,2013-09-30,both,True
MOJ_0004_1112-Q1,Future IT Sourcing Programme (FITS),AR 2013,1213-Q2,MOJ,Amber,2011-03-01 00:00:00,2014-12-31 00:00:00,22.1,22.1,,,138.5,,,,3.8357289527720737,"MOJ_0004_1112-Q1,1213-Q2",MOJ,Amber,Joiner,,,2020/beis/BEIS_Government_Major_Projects_Portfolio_data_September_2019.xlsx,2012-09-30,MOJ_0004_1112-Q1,Amber,138.5,2014-12-31,MOJ_0004_1112-Q1,future it sourcing programme,MOJ_0004_1112-Q1,gmpp_id,Future IT Sourcing Programme (FITS),Amber,138.5,2014-12-31,both,True
MOJ_0005_1112-Q1,Court Fines Compliance & Enforcement Project,AR 2013,1213-Q2,MOJ,Amber,2010-08-31 00:00:00,2014-02-01 00:00:00,4.5,2.5,,,8.6,,,,3.4223134839151266,"MOJ_0005_1112-Q1,1213-Q2",MOJ,Amber,Joiner,,,2020/beis/BEIS_Government_Major_Projects_Portfolio_data_September_2019.xlsx,2012-09-30,MOJ_0005_1112-Q1,Amber,8.6,2014-02-01,MOJ::court fines compliance and enforcement project,court fines compliance and enforcement project,MOJ::court fines compliance and enforcement project,name,Court Fines Compliance & Enforcement Project,Amber,8.6,2014-02-01,both,True
MOJ_0006_1112-Q1,Integrated Delivery Programme,AR 2013,1213-Q2,MOJ,Amber/Green,2009-07-01 00:00:00,2013-10-30 00:00:00,13.59,13.59,,,73.89,,,,4.331279945242985,"MOJ_0006_1112-Q1,1213-Q2",MOJ,Amber/Green,Joiner,,,2020/beis/BEIS_Government_Major_Projects_Portfolio_data_September_2019.xlsx,2012-09-30,MOJ_0006_1112-Q1,Amber/Green,73.89,2013-10-30,MOJ_0006_1112-Q1,integrated delivery programme,MOJ_0006_1112-Q1,gmpp_id,Integrated Delivery Programme,Amber/Green,73.89,2013-10-30,both,True
MOJ_0007_1112-Q1,Legal Aid Reform Implementation,AR 2013,1213-Q2,MOJ,Amber/Green,2011-04-01 00:00:00,2013-10-31 00:00:00,9.623,9.623,,,19.857999999999997,,,,2.5845311430527036,"MOJ_0007_1112-Q1,1213-Q2",MOJ,Amber/Green,Joiner,,,2020/beis/BEIS_Government_Major_Projects_Portfolio_data_September_2019.xlsx,2012-09-30,MOJ_0007_1112-Q1,Amber/Green,19.857999999999997,2013-10-31,MOJ::legal aid reform implementation,legal aid reform implementation,MOJ::legal aid reform implementation,name,Legal Aid Reform Implementation,Amber/Green,19.86,2013-10-31,both,True
MOJ_0008_1112-Q1,MoJ Shared Services,AR 2013,1213-Q2,MOJ,Red,2009-07-01 00:00:00,2013-06-07 00:00:00,42.94,58.94,,,127.09,,,,3.9342915811088295,"MOJ_0008_1112-Q1,1213-Q2",MOJ,Red,Joiner,,,2020/beis/BEIS_Government_Major_Projects_Portfolio_data_September_2019.xlsx,2012-09-30,MOJ_0008_1112-Q1,Red,127.09,2013-06-07,MOJ_0008_1112-Q1,moj shared services,MOJ::moj shared services,gmpp_id,,,,,left_only,False
MOJ_0015_1112-Q2,Quantum Re-compete Project,AR 2013,1213-Q2,MOJ,Amber,2011-07-18 00:00:00,2012-11-30 00:00:00,103.73,103.73,,,156.97,,,,1.3716632443531827,"MOJ_0015_1112-Q2,1213-Q2",MOJ,Amber,Joiner,,,2020/beis/BEIS_Government_Major_Projects_Portfolio_data_September_2019.xlsx,2012-09-30,MOJ_0015_1112-Q2,Amber,156.97,2012-11-30,MOJ_0015_1112-Q2,quantum re compete project,MOJ::quantum re compete project,gmpp_id,,,,,left_only,False
MOJ_0018_1112-Q2,Prison Competitions Phase Two,AR 2013,1213-Q2,MOJ,Amber,2011-07-13 00:00:00,2014-01-31 00:00:00,4.31,4.31,,,2403.99,,,,2.5544147843942504,"MOJ_0018_1112-Q2,1213-Q2",MOJ,Amber,Joiner,,,2020/beis/BEIS_Government_Major_Projects_Portfolio_data_September_2019.xlsx,2012-09-30,MOJ_0018_1112-Q2,Amber,2403.99,2014-01-31,MOJ::prison competitions phase two,prison competitions phase two,MOJ::prison competitions phase two,name,Prison Competitions Phase Two,Amber,2403.99,2014-01-31,both,True
MOJ_0021_1213-Q2,NOMS Organisational Restructure Programme,AR 2013,1213-Q2,MOJ,Green,2010-11-01 00:00:00,2013-10-31 00:00:00,4.031267,4.031267,,,37.9815611225068,,,,2.9979466119096507,"MOJ_0021_1213-Q2,1213-Q2",MOJ,Green,Joiner,,,2020/beis/BEIS_Government_Major_Projects_Portfolio_data_September_2019.xlsx,2012-09-30,MOJ_0021_1213-Q2,Green,37.9815611225068,2013-10-31,MOJ::noms organisational restructure programme,noms organisational restructure programme,MOJ::noms organisational restructure programme,name,NOMS Organisational Restructure Programme,Green,37.98,2013-10-31,both,True
MOJ_0020_1213-Q2,National Offender Management Information Systems (NOMIS) Programme,AR 2013,1213-Q2,MOJ,Amber,2008-01-08 00:00:00,2013-10-31 00:00:00,8,40,,,444,,,,5.812457221081451,"MOJ_0020_1213-Q2,1213-Q2",MOJ,Amber,Joiner,,,2020/beis/BEIS_Government_Major_Projects_Portfolio_data_September_2019.xlsx,2012-09-30,MOJ_0020_1213-Q2,Amber,444.0,2013-10-31,MOJ::national offender management information systems programme,national offender management information systems programme,MOJ::national offender management information systems programme,name,National Offender Management Information Systems (NOMIS) Programme,Amber,444.0,2013-10-31,both,True
MOJ_0009_1112-Q1,Prison Competitions Phase One,AR 2013,1213-Q2,MOJ,Amber/Green,2009-04-01 00:00:00,2012-05-31 00:00:00,59.63,59.63,,,878.7049999999999,,,,3.164955509924709,"MOJ_0009_1112-Q1,1213-Q2",MOJ,Amber/Green,Joiner,,,2020/beis/BEIS_Government_Major_Projects_Portfolio_data_September_2019.xlsx,2012-09-30,MOJ_0009_1112-Q1,Amber/Green,878.7049999999999,2012-05-31,MOJ::prison competitions phase one,prison competitions phase one,MOJ::prison competitions phase one,name,Prison Competitions Phase One,Amber/Green,878.71,2012-05-31,both,True
MOJ_0010_1112-Q1,Prison Escort and Custody Services Re-competition,AR 2013,1213-Q2,MOJ,Green,2009-07-01 00:00:00,2012-02-28 00:00:00,136.776315,136.776315,,,1029.206878,,,,2.6611909650924024,"MOJ_0010_1112-Q1,1213-Q2",MOJ,Green,Joiner,,,2020/beis/BEIS_Government_Major_Projects_Portfolio_data_September_2019.xlsx,2012-09-30,MOJ_0010_1112-Q1,Green,1029.206878,2012-02-28,MOJ::prison escort and custody services re competition,prison escort and custody services re competition,MOJ::prison escort and custody services re competition,name,Prison Escort and Custody Services Re-competition,Green,1029.21,2012-02-28,both,True
MOJ_0011_1112-Q1,Property Services and Works,AR 2013,1213-Q2,MOJ,Amber/Green,2010-02-01 00:00:00,2015-09-01 00:00:00,155,155,,,966,,,,5.579739904175223,"MOJ_0011_1112-Q1,1213-Q2",MOJ,Amber/Green,Joiner,,,2020/beis/BEIS_Government_Major_Projects_Portfolio_data_September_2019.xlsx,2012-09-30,MOJ_0011_1112-Q1,Amber/Green,966.0,2015-09-01,MOJ::property services and works,property services and works,MOJ::property services and works,name,Property Services and Works,Amber/Green,966.0,2015-09-01,both,True
MOJ_0013_1112-Q2,Capacity Management Portfolio (CMP),AR 2013,1213-Q2,MOJ,Amber/Green,2011-07-01 00:00:00,2013-07-31 00:00:00,2.3128661258499137,3.24,,,15.042414702124784,,,,2.083504449007529,"MOJ_0013_1112-Q2,1213-Q2",MOJ,Amber/Green,Joiner,,,2020/beis/BEIS_Government_Major_Projects_Portfolio_data_September_2019.xlsx,2012-09-30,MOJ_0013_1112-Q2,Amber/Green,15.042414702124784,2013-07-31,MOJ::capacity management portfolio,capacity management portfolio,MOJ::capacity management portfolio,name,Capacity Management Portfolio (CMP),Amber/Green,15.04,2013-07-31,both,True
MOJ_0014_1112-Q2,Community Payback,AR 2013,1213-Q2,MOJ,Amber/Green,2010-10-01 00:00:00,2012-12-31 00:00:00,6.85,6.85,,,43.26233460773502,,,,2.2505133470225873,"MOJ_0014_1112-Q2,1213-Q2",MOJ,Amber/Green,Joiner,,,2020/beis/BEIS_Government_Major_Projects_Portfolio_data_September_2019.xlsx,2012-09-30,MOJ_0014_1112-Q2,Amber/Green,43.26233460773502,2012-12-31,MOJ::community payback,community payback,MOJ::community payback,name,Community Payback,Amber/Green,43.26,2012-12-31,both,True
MOJ_0017_1112-Q2,Payment by Results Pilot Programme,AR 2013,1213-Q2,MOJ,Amber/Red,2011-04-01 00:00:00,2015-12-31 00:00:00,7.63,7.63,,,119.03,,,,4.7501711156741955,"MOJ_0017_1112-Q2,1213-Q2",MOJ,Amber/Red,Joiner,,,2020/beis/BEIS_Government_Major_Projects_Portfolio_data_September_2019.xlsx,2012-09-30,MOJ_0017_1112-Q2,Amber/Red,119.03,2015-12-31,MOJ::payment by results pilot programme,payment by results pilot programme,MOJ::payment by results pilot programme,name,Payment by Results Pilot Programme,Amber/Red,119.03,2015-12-31,both,True
MOJ_0019_1112-Q4,STC Re-tendering Programme,AR 2013,1213-Q2,MOJ,Amber,2011-03-15 00:00:00,2015-07-13 00:00:00,0.55,0.55,,,336.15999999999997,,,,4.328542094455853,"MOJ_0019_1112-Q4,1213-Q2",MOJ,Amber,Joiner,,,2020/beis/BEIS_Government_Major_Projects_Portfolio_data_September_2019.xlsx,2012-09-30,MOJ_0019_1112-Q4,Amber,336.15999999999997,2015-07-13,MOJ::stc re tendering programme,stc re tendering programme,MOJ::stc re tendering programme,name,STC Re-tendering Programme,Amber,336.16,2015-07-13,both,True
HMT_0003_1112-Q1,Yoda Project (Outsourced Services Retender Project),AR 2013,1213-Q2,NS&I,Amber/Red,2009-04-05 00:00:00,2014-04-01 00:00:00,2.501,2.501,,,0,,,,4.988364134154689,"HMT_0003_1112-Q1,1213-Q2",NS&I,Amber/Red,Joiner,,,2020/beis/BEIS_Government_Major_Projects_Portfolio_data_September_2019.xlsx,2012-09-30,HMT_0003_1112-Q1,Amber/Red,0.0,2014-04-01,,yoda project,,unmatched,,,,,left_only,False
ONS_0001_1112-Q1,2011 Census,AR 2013,1213-Q2,ONS,Amber/Green,2002-09-01 00:00:00,2014-03-31 00:00:00,21.98,21.939999999999998,,,482.45,,,,11.578370978781656,"ONS_0001_1112-Q1,1213-Q2",ONS,Amber/Green,Joiner,,,2020/beis/BEIS_Government_Major_Projects_Portfolio_data_September_2019.xlsx,2012-09-30,ONS_0001_1112-Q1,Amber/Green,482.45,2014-03-31,,2011 census,,unmatched,,,,,left_only,False
ONS_0002_1112-Q1,Beyond 2011 Programme,AR 2013,1213-Q2,ONS,Amber/Green,2011-04-01 00:00:00,2015-03-31 00:00:00,5,5.75,,,25,,,,3.997262149212868,"ONS_0002_1112-Q1,1213-Q2",ONS,Amber/Green,Joiner,,,2020/beis/BEIS_Government_Major_Projects_Portfolio_data_September_2019.xlsx,2012-09-30,ONS_0002_1112-Q1,Amber/Green,25.0,2015-03-31,ONS_0002_1112-Q1,beyond 2011 programme,,gmpp_id,,,,,left_only,False
ONS_0003_1112-Q4,Web Data Access (WDA) Project,AR 2013,1213-Q2,ONS,Red,2011-04-01 00:00:00,2013-03-31 00:00:00,6.359,7.068,,,13.548,,,,1.998631074606434,"ONS_0003_1112-Q4,1213-Q2",ONS,Red,Joiner,,,2020/beis/BEIS_Government_Major_Projects_Portfolio_data_September_2019.xlsx,2012-09-30,ONS_0003_1112-Q4,Red,13.548,2013-03-31,,web data access project,,unmatched,,,,,left_only,False
ONS_0004_1213-Q2,Electronic Data Collection (EDC),AR 2013,1213-Q2,ONS,Amber/Green,2012-04-02 00:00:00,2014-03-31 00:00:00,0,0,,,0,,,,1.9931553730321698,"ONS_0004_1213-Q2,1213-Q2",ONS,Amber/Green,Joiner,,,2020/beis/BEIS_Government_Major_Projects_Portfolio_data_September_2019.xlsx,2012-09-30,ONS_0004_1213-Q2,Amber/Green,0.0,2014-03-31,,electronic data collection,,unmatched,,,,,left_only,False
ONS_0005_1213-Q2,European Systems of Accounting 2010 (ESA 10),AR 2013,1213-Q2,ONS,Red,2011-02-05 00:00:00,2020-06-30 00:00:00,0,0,,,0,,,,9.399041752224504,"ONS_0005_1213-Q2,1213-Q2",ONS,Red,Joiner,,,2020/beis/BEIS_Government_Major_Projects_Portfolio_data_September_2019.xlsx,2012-09-30,ONS_0005_1213-Q2,Red,0.0,2020-06-30,,european systems of accounting 2010,,unmatched,,,,,left_only,False
DH_0017_1112-Q1,HPA Chrysalis,AR 2013,1213-Q2,DH,Amber,2013-11-30 00:00:00,2019-05-17 00:00:00,91.02000000000001,5.9,,,6237.56,,,,5.45927446954141,"DH_0017_1112-Q1,1213-Q2",DH,Amber,Joiner,,,2020/beis/BEIS_Government_Major_Projects_Portfolio_data_September_2019.xlsx,2012-09-30,DH_0017_1112-Q1,Amber,6237.56,2019-05-17,DH_0017_1112-Q1,hpa chrysalis,DH/DHSC::hpa chrysalis,gmpp_id,,,,,left_only,False
DH_0019_1112-Q1,PFI - Royal Liverpool and Broadgreen ('World Class Hospitals; World Class Services - Renewing the Royal Liverpool University Hospital'),AR 2013,1213-Q2,DH,Amber/Green,2010-06-01 00:00:00,2016-11-01 00:00:00,7.9,7.9,,,1117.7,,,,6.420260095824777,"DH_0019_1112-Q1,1213-Q2",DH,Amber/Green,Joiner,,,2020/beis/BEIS_Government_Major_Projects_Portfolio_data_September_2019.xlsx,2012-09-30,DH_0019_1112-Q1,Amber/Green,1117.7,2016-11-01,DH/DHSC::pfi royal liverpool and broadgreen,pfi royal liverpool and broadgreen,DH/DHSC::pfi royal liverpool and broadgreen,name,PFI - Royal Liverpool and Broadgreen ('World Class Hospitals; World Class Services - Renewing the Royal Liverpool University Hospital'),Amber/Green,1117.7,2016-11-01,both,True
DH_0020_1112-Q1,Royal National Orthopaedic Hospital NHS Trust PFI Project,AR 2013,1213-Q2,DH,Green,2010-04-09 00:00:00,2016-11-28 00:00:00,0,0,,,309.93,,,,6.639288158795345,"DH_0020_1112-Q1,1213-Q2",DH,Green,Joiner,,,2020/beis/BEIS_Government_Major_Projects_Portfolio_data_September_2019.xlsx,2012-09-30,DH_0020_1112-Q1,Green,309.93,2016-11-28,DH/DHSC::royal national orthopaedic hospital nhs trust pfi project,royal national orthopaedic hospital nhs trust pfi project,DH/DHSC::royal national orthopaedic hospital nhs trust pfi project,name,Royal National Orthopaedic Hospital NHS Trust PFI Project,Green,309.93,2016-11-28,both,True
DH_0021_1112-Q1,Sandwell and West Birmingham Hospitals NHS Trust - The Midland Metropolitan Hospital Project,AR 2013,1213-Q2,DH,Amber/Green,2013-03-31 00:00:00,2019-04-01 00:00:00,0,0,,,1116,,,,6.0013689253935665,"DH_0021_1112-Q1,1213-Q2",DH,Amber/Green,Joiner,,,2020/beis/BEIS_Government_Major_Projects_Portfolio_data_September_2019.xlsx,2012-09-30,DH_0021_1112-Q1,Amber/Green,1116.0,2019-04-01,DH/DHSC::sandwell and west birmingham hospitals nhs trust the midland metropolitan hospital project,sandwell and west birmingham hospitals nhs trust the midland metropolitan hospital project,DH/DHSC::sandwell and west birmingham hospitals nhs trust the midland metropolitan hospital project,name,Sandwell and West Birmingham Hospitals NHS Trust - The Midland Metropolitan Hospital Project,Amber/Green,1116.0,2019-04-01,both,True
FCO_0001_1112-Q1,ABUJA: New Office and Residence,AR 2013,1213-Q2,FCO,Amber,2010-12-01 00:00:00,2017-12-01 00:00:00,0.95,0.95,,,39,,,,7.000684462696783,"FCO_0001_1112-Q1,1213-Q2",FCO,Amber,Joiner,,,2020/beis/BEIS_Government_Major_Projects_Portfolio_data_September_2019.xlsx,2012-09-30,FCO_0001_1112-Q1,Amber,39.0,2017-12-01,FCO/FCDO::abuja new office and residence,abuja new office and residence,FCO/FCDO::abuja new office and residence,name,ABUJA: New Office and Residence,Amber,39.0,2017-12-01,both,True
FCO_0006_1213-Q2,UKERP,AR 2013,1213-Q2,FCO,Amber,2011-06-01 00:00:00,2016-08-01 00:00:00,1.44,1.44,,,78.78999999999999,,,,5.169062286105407,"FCO_0006_1213-Q2,1213-Q2",FCO,Amber,Joiner,,,2020/beis/BEIS_Government_Major_Projects_Portfolio_data_September_2019.xlsx,2012-09-30,FCO_0006_1213-Q2,Amber,78.78999999999999,2016-08-01,FCO/FCDO::ukerp,ukerp,FCO/FCDO::ukerp,name,UKERP,Amber,79.0,2016-08-01,both,True
BIS_0001_1112-Q1,BIS Shared Services,AR 2014,1314-Q2,BEIS,Amber,2011-05-04 00:00:00,2014-04-01 00:00:00,3.7849999999999997,3.7849999999999997,0,0,19.27,,,Government Transformation and Service Delivery,2.9103353867214237,"BIS_0001_1112-Q1,1314-Q2",BEIS,Amber,Not new,,,2020/beis/BEIS_Government_Major_Projects_Portfolio_data_September_2019.xlsx,2013-09-30,BIS_0001_1112-Q1,Amber,19.27,2014-04-01,BEIS lineage::bis shared services,bis shared services,BEIS lineage::bis shared services,name,BIS Shared Services,Amber,19.27,2014-04-01,both,True
BIS_0005_1112-Q1,Further Education 24+ Learning Loans Programme,AR 2014,1314-Q2,BEIS,Amber/Red,2010-11-30 00:00:00,2013-10-31 00:00:00,83.65,84.604,0.9539999999999935,0.011404662283323293,572.291,,,Government Transformation and Service Delivery,2.91854893908282,"BIS_0005_1112-Q1,1314-Q2",BEIS,Amber/Red,Not new,,,2020/beis/BEIS_Government_Major_Projects_Portfolio_data_September_2019.xlsx,2013-09-30,BIS_0005_1112-Q1,Amber/Red,572.291,2013-10-31,BEIS lineage::further education 24 learning loans programme,further education 24 learning loans programme,BEIS lineage::further education 24 learning loans programme,name,Further Education 24+ Learning Loans Programme,Amber/Red,572.291,2013-10-31,both,True
BIS_0008_1112-Q1,ICR Monetisation,AR 2014,1314-Q2,DFE,Amber/Red,2010-03-01 00:00:00,2018-12-31 00:00:00,5.5,5.5,0,0,28.610000000000007,,,Government Transformation and Service Delivery,8.83504449007529,"BIS_0008_1112-Q1,1314-Q2",DFE,Amber/Red,Not new,,,2020/beis/BEIS_Government_Major_Projects_Portfolio_data_September_2019.xlsx,2013-09-30,BIS_0008_1112-Q1,Amber/Red,28.610000000000007,2018-12-31,BIS_0008_1112-Q1,icr monetisation,BEIS lineage::icr monetisation,gmpp_id,,,,,left_only,False
BIS_0009_1112-Q1,The Francis Crick Institute (formerly UKCMRI),AR 2014,1314-Q2,BEIS,Amber/Green,2006-10-01 00:00:00,2017-12-21 00:00:00,112,112,0,0,753,,,Infrastructure and Construction,11.222450376454484,"BIS_0009_1112-Q1,1314-Q2",BEIS,Amber/Green,Not new,,,2020/beis/BEIS_Government_Major_Projects_Portfolio_data_September_2019.xlsx,2013-09-30,BIS_0009_1112-Q1,Amber/Green,753.0,2017-12-21,BEIS lineage::the francis crick institute,the francis crick institute,BEIS lineage::the francis crick institute,name,The Francis Crick Institute (formerly UKCMRI),Amber/Green,753.0,2017-12-21,both,True
BIS_0011_1213-Q1,SLC Transformation Programme,AR 2014,1314-Q2,BEIS,Amber,2012-03-01 00:00:00,2016-03-19 00:00:00,19.86,19.86,0,0,139.13,,,Government Transformation and Service Delivery,4.049281314168378,"BIS_0011_1213-Q1,1314-Q2",BEIS,Amber,Not new,,,2020/beis/BEIS_Government_Major_Projects_Portfolio_data_September_2019.xlsx,2013-09-30,BIS_0011_1213-Q1,Amber,139.13,2016-03-19,BEIS lineage::slc transformation programme,slc transformation programme,BEIS lineage::slc transformation programme,name,SLC Transformation Programme,Amber,139.13,2016-03-19,both,True
BIS_0003_1112-Q1,Catapult Centres,AR 2014,1314-Q2,BEIS,Amber/Green,2010-12-01 00:00:00,2013-04-01 00:00:00,127,127,0,0,757,,,Infrastructure and Construction,2.3326488706365502,"BIS_0003_1112-Q1,1314-Q2",BEIS,Amber/Green,Not new,,,2020/beis/BEIS_Government_Major_Projects_Portfolio_data_September_2019.xlsx,2013-09-30,BIS_0003_1112-Q1,Amber/Green,757.0,2013-04-01,BEIS lineage::catapult centres,catapult centres,BEIS lineage::catapult centres,name,Catapult Centres,Amber/Green,757.0,2013-04-01,both,True
BIS_0004_1112-Q1,FE Capital Investment Programme,AR 2014,1314-Q2,BEIS,Amber/Green,2010-05-31 00:00:00,2015-09-01 00:00:00,450.37,450.37,0,0,5609.46,,,,5.253935660506502,"BIS_0004_1112-Q1,1314-Q2",BEIS,Amber/Green,Not new,,,2020/beis/BEIS_Government_Major_Projects_Portfolio_data_September_2019.xlsx,2013-09-30,BIS_0004_1112-Q1,Amber/Green,5609.46,2015-09-01,BEIS lineage::fe capital investment programme,fe capital investment programme,BEIS lineage::fe capital investment programme,name,FE Capital Investment Programme,Amber/Green,5609.46,2015-09-01,both,True
BIS_0006_1112-Q1,Green Investment Bank,AR 2014,1314-Q2,BEIS,Green,2010-06-01 00:00:00,2012-09-01 00:00:00,0,0,0,0,278,,,Government Transformation and Service Delivery,2.2532511978097194,"BIS_0006_1112-Q1,1314-Q2",BEIS,Green,Not new,,,2020/beis/BEIS_Government_Major_Projects_Portfolio_data_September_2019.xlsx,2013-09-30,BIS_0006_1112-Q1,Green,278.0,2012-09-01,BEIS lineage::green investment bank,green investment bank,BEIS lineage::green investment bank,name,Green Investment Bank,Green,278.0,2012-09-01,both,True
BIS_0007_1112-Q1,HE Reform Programme,AR 2014,1314-Q2,BEIS,Amber/Green,2011-06-30 00:00:00,2015-12-31 00:00:00,970,1180,210,0.21649484536082475,4600,,,Government Transformation and Service Delivery,4.503764544832307,"BIS_0007_1112-Q1,1314-Q2",BEIS,Amber/Green,Not new,,,2020/beis/BEIS_Government_Major_Projects_Portfolio_data_September_2019.xlsx,2013-09-30,BIS_0007_1112-Q1,Amber/Green,4600.0,2015-12-31,BEIS lineage::he reform programme,he reform programme,BEIS lineage::he reform programme,name,HE Reform Programme,Amber/Green,4600.0,2015-12-31,both,True
CO_0001_1112-Q1,Electoral Registration Transformation Programme,AR 2014,1314-Q2,CO,Amber,2010-02-01 00:00:00,2016-01-01 00:00:00,26.05,26.05,0,0,170.92,,,Government Transformation and Service Delivery,5.9137577002053385,"CO_0001_1112-Q1,1314-Q2",CO,Amber,Not new,,,2020/beis/BEIS_Government_Major_Projects_Portfolio_data_September_2019.xlsx,2013-09-30,CO_0001_1112-Q1,Amber,170.92,2016-01-01,CO::electoral registration transformation programme,electoral registration transformation programme,CO::electoral registration transformation programme,name,Electoral Registration Transformation Programme,Amber,170.92,2016-01-01,both,True
CO_0004_1112-Q1,National Citizen Service,AR 2014,1314-Q2,CO,Amber,2011-10-01 00:00:00,2014-12-31 00:00:00,104.85,104.85,0,0,325.4,,,Government Transformation and Service Delivery,3.249828884325804,"CO_0004_1112-Q1,1314-Q2",CO,Amber,Not new,,,2020/beis/BEIS_Government_Major_Projects_Portfolio_data_September_2019.xlsx,2013-09-30,CO_0004_1112-Q1,Amber,325.4,2014-12-31,CO::national citizen service,national citizen service,CO::national citizen service,name,National Citizen Service,Amber,325.4,2014-12-31,both,True
CO_0005_1112-Q1,National Cyber Security Programme,AR 2014,1314-Q2,CO,Amber/Green,2011-04-01 00:00:00,2016-04-01 00:00:00,180,179.9,-0.1,-0.0006,860,,,ICT,5.002053388090349,"CO_0005_1112-Q1,1314-Q2",CO,Amber/Green,Not new,,,2020/beis/BEIS_Government_Major_Projects_Portfolio_data_September_2019.xlsx,2013-09-30,CO_0005_1112-Q1,Amber/Green,860.0,2016-04-01,CO::national cyber security programme,national cyber security programme,CO::national cyber security programme,name,National Cyber Security Programme,Amber/Green,860.0,2016-04-01,both,True
CO_0006_1112-Q2,Public Services Network Programme,AR 2014,1314-Q2,CO,Amber,2012-08-16 00:00:00,2015-10-13 00:00:00,0,0,0,0,27.28508537,,,ICT,3.156741957563313,"CO_0006_1112-Q2,1314-Q2",CO,Amber,Not new,,,2020/beis/BEIS_Government_Major_Projects_Portfolio_data_September_2019.xlsx,2013-09-30,CO_0006_1112-Q2,Amber,27.28508537,2015-10-13,CO::public services network programme,public services network programme,CO::public services network programme,name,Public Services Network Programme,Amber,27.28508537,2015-10-13,both,True
CO_0002_1112-Q1,G-Cloud Programme (covers Data Centre Consolidation and Application Store),AR 2014,1314-Q2,CO,Amber/Red,,,1,0,-1,-1,6,,,,0,"CO_0002_1112-Q1,1314-Q2",CO,Amber/Red,Not new,,,2020/beis/BEIS_Government_Major_Projects_Portfolio_data_September_2019.xlsx,2013-09-30,CO_0002_1112-Q1,Amber/Red,6.0,,CO::g cloud programme,g cloud programme,CO::g cloud programme,name,G-Cloud Programme (covers Data Centre Consolidation and Application Store),Amber/Red,6.0,,both,True
DCLG_0005_1112-Q4,CONNECT Project (formerly ICTRelet Project),AR 2014,1314-Q2,DCLG,Amber/Green,2011-11-16 00:00:00,2014-02-28 00:00:00,4.83,4.83,0,0,24.6,,,ICT,2.2861054072553046,"DCLG_0005_1112-Q4,1314-Q2",DCLG,Amber/Green,Not new,,,2020/beis/BEIS_Government_Major_Projects_Portfolio_data_September_2019.xlsx,2013-09-30,DCLG_0005_1112-Q4,Amber/Green,24.6,2014-02-28,DCLG/MHCLG::connect project,connect project,DCLG/MHCLG::connect project,name,CONNECT Project (formerly ICT Relet Project),Amber/Green,24.6,2014-02-28,both,True
DCLG_0006_1112-Q4,Enterprise Zones Programme,AR 2014,1314-Q2,DCLG,Amber/Green,2011-03-23 00:00:00,2038-03-31 00:00:00,111,0,-111,-1,211,,,Government Transformation and Service Delivery,27.02258726899384,"DCLG_0006_1112-Q4,1314-Q2",DCLG,Amber/Green,Not new,,,2020/beis/BEIS_Government_Major_Projects_Portfolio_data_September_2019.xlsx,2013-09-30,DCLG_0006_1112-Q4,Amber/Green,211.0,2038-03-31,DCLG/MHCLG::enterprise zones programme,enterprise zones programme,DCLG/MHCLG::enterprise zones programme,name,Enterprise Zones Programme,Amber/Green,211.0,2038-03-31,both,True
DCLG_0004_1112-Q1,The Future of Local Audit,AR 2014,1314-Q2,DCLG,Amber,2011-06-30 00:00:00,2012-11-01 00:00:00,0,0,0,0,45.08,,,Government Transformation and Service Delivery,1.3415468856947297,"DCLG_0004_1112-Q1,1314-Q2",DCLG,Amber,Not new,,,2020/beis/BEIS_Government_Major_Projects_Portfolio_data_September_2019.xlsx,2013-09-30,DCLG_0004_1112-Q1,Amber,45.08,2012-11-01,DCLG/MHCLG::the future of local audit,the future of local audit,DCLG/MHCLG::the future of local audit,name,The Future of Local Audit,Amber,45.08,2012-11-01,both,True
DCMS_0001_1112-Q1,Broadband Delivery Programme,AR 2014,1314-Q2,DCMS,Amber,2010-12-06 00:00:00,2016-12-31 00:00:00,99.5,99.5,0,0,529,,,Infrastructure and Construction,6.069815195071868,"DCMS_0001_1112-Q1,1314-Q2",DCMS,Amber,Not new,,,2020/beis/BEIS_Government_Major_Projects_Portfolio_data_September_2019.xlsx,2013-09-30,DCMS_0001_1112-Q1,Amber,529.0,2016-12-31,DCMS::broadband delivery programme,broadband delivery programme,DCMS::broadband delivery programme,name,Broadband Delivery Programme,Amber,529.0,2016-12-31,both,True
DCMS_0004_1112-Q1,The Tate Modern Project,AR 2014,1314-Q2,DCMS,Amber/Red,2010-01-01 00:00:00,2015-05-01 00:00:00,-2.7,-2.7,0,0,215,,,Infrastructure and Construction,5.327857631759069,"DCMS_0004_1112-Q1,1314-Q2",DCMS,Amber/Red,Not new,,,2020/beis/BEIS_Government_Major_Projects_Portfolio_data_September_2019.xlsx,2013-09-30,DCMS_0004_1112-Q1,Amber/Red,215.0,2015-05-01,DCMS::the tate modern project,the tate modern project,DCMS::the tate modern project,name,The Tate Modern Project,Amber/Red,215.0,2015-05-01,both,True
DCMS_0005_1112-Q1,World Conservation and Exhibitions Centre,AR 2014,1314-Q2,DCMS,Amber/Green,2008-03-31 00:00:00,2014-04-01 00:00:00,0,0,0,0,135,,,Infrastructure and Construction,6.0013689253935665,"DCMS_0005_1112-Q1,1314-Q2",DCMS,Amber/Green,Not new,,,2020/beis/BEIS_Government_Major_Projects_Portfolio_data_September_2019.xlsx,2013-09-30,DCMS_0005_1112-Q1,Amber/Green,135.0,2014-04-01,DCMS::world conservation and exhibitions centre,world conservation and exhibitions centre,DCMS::world conservation and exhibitions centre,name,World Conservation and Exhibitions Centre,Amber/Green,135.0,2014-04-01,both,True
DCMS_0006_1112-Q4,Mobile Infrastructure Project,AR 2014,1314-Q2,DCMS,Amber/Green,2011-10-01 00:00:00,2015-03-31 00:00:00,71,14,-57,-0.8028169014084507,155,,,ICT,3.4962354551676933,"DCMS_0006_1112-Q4,1314-Q2",DCMS,Amber/Green,Not new,,,2020/beis/BEIS_Government_Major_Projects_Portfolio_data_September_2019.xlsx,2013-09-30,DCMS_0006_1112-Q4,Amber/Green,155.0,2015-03-31,DCMS::mobile infrastructure project,mobile infrastructure project,DCMS::mobile infrastructure project,name,Mobile Infrastructure Project,Amber/Green,155.0,2015-03-31,both,True
DCMS_0007_1112-Q4,Urban Broadband Fund - Super-connected City Initiative,AR 2014,1314-Q2,DCMS,Amber/Red,2012-12-05 00:00:00,2015-03-31 00:00:00,23,30,7,0.30434782608695654,150,,,Infrastructure and Construction,2.316221765913758,"DCMS_0007_1112-Q4,1314-Q2",DCMS,Amber/Red,Not new,,,2020/beis/BEIS_Government_Major_Projects_Portfolio_data_September_2019.xlsx,2013-09-30,DCMS_0007_1112-Q4,Amber/Red,150.0,2015-03-31,DCMS::urban broadband fund super connected city initiative,urban broadband fund super connected city initiative,DCMS::urban broadband fund super connected city initiative,name,Urban Broadband Fund - Super-connected City Initiative,Amber/Red,150.0,2015-03-31,both,True
DCMS_0003_1112-Q1,Spectrum Clearance and Awards Programme,AR 2014,1314-Q2,DCMS,Amber/Green,2011-06-22 00:00:00,2014-12-31 00:00:00,86.16,55.03,-31.129999999999995,-0.3613045496750232,247.43299999999996,,,ICT,3.5263518138261465,"DCMS_0003_1112-Q1,1314-Q2",DCMS,Amber/Green,Not new,,,2020/beis/BEIS_Government_Major_Projects_Portfolio_data_September_2019.xlsx,2013-09-30,DCMS_0003_1112-Q1,Amber/Green,247.43299999999996,2014-12-31,DCMS::spectrum clearance and awards programme,spectrum clearance and awards programme,DCMS::spectrum clearance and awards programme,name,Spectrum Clearance and Awards Programme,Amber/Green,247.433,2014-12-31,both,True
BIS_0010_1112-Q4,Urenco Future Options,AR 2014,1314-Q2,BEIS,Exempt,2010-02-01 00:00:00,Data exempt under section 27 and section 43 of the Freedom of Information Act (2000),5.889,4.092,-1.7970000000000006,-0.30514518593988804,18.416,,,,0,"BIS_0010_1112-Q4,1314-Q2",BEIS,Exempt,Not new,,,2020/beis/BEIS_Government_Major_Projects_Portfolio_data_September_2019.xlsx,2013-09-30,BIS_0010_1112-Q4,EXEMPT,18.416,,BEIS lineage::urenco future options,urenco future options,BEIS lineage::urenco future options,name,Urenco Future Options,EXEMPT,18.416,,both,True
DECC_0003_1112-Q1,Dounreay Parent Body Organisation (PBO) - Delivery Phase,AR 2014,1314-Q2,BEIS,Green,2009-09-21 00:00:00,2025-12-31 00:00:00,150,158.3,8.3,0.0553,1578,,,Infrastructure and Construction,16.27652292950034,"DECC_0003_1112-Q1,1314-Q2",BEIS,Green,Not new,,,2020/beis/BEIS_Government_Major_Projects_Portfolio_data_September_2019.xlsx,2013-09-30,DECC_0003_1112-Q1,Green,1578.0,2025-12-31,BEIS lineage::dounreay parent body organisation delivery phase,dounreay parent body organisation delivery phase,BEIS lineage::dounreay parent body organisation delivery phase,name,Dounreay Parent Body Organisation (PBO) - Delivery Phase,Green,1578.0,2025-12-31,both,True
DECC_0004_1112-Q1,Electricity Market Reform Programme,AR 2014,1314-Q2,BEIS,Exempt,2010-12-10 00:00:00,2030-12-31 00:00:00,20.41,20.41,0,0,66.15,,,Government Transformation and Service Delivery,20.057494866529773,"DECC_0004_1112-Q1,1314-Q2",BEIS,Exempt,Not new,,,2020/beis/BEIS_Government_Major_Projects_Portfolio_data_September_2019.xlsx,2013-09-30,DECC_0004_1112-Q1,EXEMPT,66.15,2030-12-31,BEIS lineage::electricity market reform programme,electricity market reform programme,BEIS lineage::electricity market reform programme,name,Electricity Market Reform Programme,EXEMPT,66.15,2030-12-31,both,True
DECC_0005_1112-Q1,Geological Disposal Facility Programme (GDF),AR 2014,1314-Q2,BEIS,Amber,2008-06-30 00:00:00,2040-12-31 00:00:00,24,23.74,-0.26,-0.0108,11626.4,,,Infrastructure and Construction,32.50376454483231,"DECC_0005_1112-Q1,1314-Q2",BEIS,Amber,Not new,,,2020/beis/BEIS_Government_Major_Projects_Portfolio_data_September_2019.xlsx,2013-09-30,DECC_0005_1112-Q1,Amber,11626.4,2040-12-31,DECC_0005_1112-Q1,geological disposal facility programme,DECC_0005_1112-Q1,gmpp_id,Geological Disposal Facility Programme (GDF),Amber,11626.4,2040-12-31,both,True
DECC_0009_1112-Q1,Renewable Heat Incentive,AR 2014,1314-Q2,BEIS,Amber,2008-11-30 00:00:00,2014-09-10 00:00:00,219,80.1,-138.9,-0.6342,48261.8,,,Government Transformation and Service Delivery,5.776865160848733,"DECC_0009_1112-Q1,1314-Q2",BEIS,Amber,Not new,,,2020/beis/BEIS_Government_Major_Projects_Portfolio_data_September_2019.xlsx,2013-09-30,DECC_0009_1112-Q1,Amber,48261.8,2014-09-10,BEIS lineage::renewable heat incentive,renewable heat incentive,BEIS lineage::renewable heat incentive,name,Renewable Heat Incentive,Amber,48261.8,2014-09-10,both,True
DECC_0010_1112-Q1,Smart Meters Implementation Programme,AR 2014,1314-Q2,BEIS,Amber,2009-12-02 00:00:00,2020-09-30 00:00:00,15.609,18.609,3,0.1922,17184.647,,,Government Transformation and Service Delivery,10.82819986310746,"DECC_0010_1112-Q1,1314-Q2",BEIS,Amber,Not new,,,2020/beis/BEIS_Government_Major_Projects_Portfolio_data_September_2019.xlsx,2013-09-30,DECC_0010_1112-Q1,Amber,17184.647,2020-09-30,DECC_0010_1112-Q1,smart meters implementation programme,DECC_0010_1112-Q1,gmpp_id,Smart Meters Implementation Programme,Amber,17184.647,2020-09-30,both,True
DECC_0011_1112-Q3,Carbon Capture & Storage Commercialisation Programme,AR 2014,1314-Q2,BEIS,Amber,2011-10-25 00:00:00,2050-03-31 00:00:00,36.6,36.56,-0.04,-0.0011,Data exempt under Section 43(2) of the Freedom of Information Act (2000),,,Infrastructure and Construction,38.431211498973305,"DECC_0011_1112-Q3,1314-Q2",BEIS,Amber,Not new,,,2020/beis/BEIS_Government_Major_Projects_Portfolio_data_September_2019.xlsx,2013-09-30,DECC_0011_1112-Q3,Amber,,2050-03-31,BEIS lineage::carbon capture and storage commercialisation programme,carbon capture and storage commercialisation programme,BEIS lineage::carbon capture and storage commercialisation programme,name,Carbon Capture & Storage Commercialisation Programme,Amber,,2050-03-31,both,True
DECC_0012_1213-Q1,FID Enabling for Hinkley Point C,AR 2014,1314-Q2,BEIS,Exempt,2011-09-01 00:00:00,2015-02-01 00:00:00,3.971,6.7278,2.7568,0.6942,13.6898,,,Infrastructure and Construction,3.4195756331279945,"DECC_0012_1213-Q1,1314-Q2",BEIS,Exempt,Not new,,,2020/beis/BEIS_Government_Major_Projects_Portfolio_data_September_2019.xlsx,2013-09-30,DECC_0012_1213-Q1,EXEMPT,13.6898,2015-02-01,BEIS lineage::fid enabling for hinkley point c,fid enabling for hinkley point c,BEIS lineage::fid enabling for hinkley point c,name,FID Enabling for Hinkley Point C,EXEMPT,13.6898,2015-02-01,both,True
DECC_0013_1213-Q1,Magnox & Research Sites Restoration Ltd  Parent Body Organisations  Competition,AR 2014,1314-Q2,BEIS,Amber/Green,2012-04-03 00:00:00,2028-09-01 00:00:00,0,0,0,0,5716,,,,16.413415468856947,"DECC_0013_1213-Q1,1314-Q2",BEIS,Amber/Green,Not new,,,2020/beis/BEIS_Government_Major_Projects_Portfolio_data_September_2019.xlsx,2013-09-30,DECC_0013_1213-Q1,Amber/Green,5716.0,2028-09-01,DECC_0013_1213-Q1,magnox and research sites restoration ltd parent body organisations competition,BEIS lineage::magnox and research sites restoration ltd parent body organisations competition,gmpp_id,,,,,left_only,False
DECC_0007_1112-Q1,New Nuclear Programme,AR 2014,1314-Q2,BEIS,Exempt,2008-01-31 00:00:00,2019-03-31 00:00:00,1.38,1.38,0,0,31.292,,,,11.162217659137577,"DECC_0007_1112-Q1,1314-Q2",BEIS,Exempt,Not new,,,2020/beis/BEIS_Government_Major_Projects_Portfolio_data_September_2019.xlsx,2013-09-30,DECC_0007_1112-Q1,EXEMPT,31.292,2019-03-31,BEIS lineage::new nuclear programme,new nuclear programme,BEIS lineage::new nuclear programme,name,New Nuclear Programme,EXEMPT,31.292,2019-03-31,both,True
DECC_0006_1112-Q1,Green Deal,AR 2014,1314-Q2,BEIS,Exempt,2010-05-20 00:00:00,2030-12-31 00:00:00,200,200,0,0,10311.92,,,Government Transformation and Service Delivery,20.61601642710472,"DECC_0006_1112-Q1,1314-Q2",DECC,Exempt,Not new,,,2020/beis/BEIS_Government_Major_Projects_Portfolio_data_September_2019.xlsx,2013-09-30,DECC_0006_1112-Q1,EXEMPT,10311.92,2030-12-31,BEIS lineage::green deal,green deal,BEIS lineage::green deal,name,Green Deal,EXEMPT,10311.92,2030-12-31,both,True
DEFRA_0001_1112-Q1,CAP Delivery Programme (formerly the Future Options Programme),AR 2014,1314-Q2,DEFRA,Amber,2011-01-01 00:00:00,2016-12-01 00:00:00,23,23,0,0,154.78,,,,5.916495550992471,"DEFRA_0001_1112-Q1,1314-Q2",DEFRA,Amber,Not new,,,2020/beis/BEIS_Government_Major_Projects_Portfolio_data_September_2019.xlsx,2013-09-30,DEFRA_0001_1112-Q1,Amber,154.78,2016-12-01,,cap delivery programme,,unmatched,,,,,left_only,False
DECC_0014_1314-Q1,FID Enabling for Renewables,AR 2014,1314-Q2,BEIS,Exempt,2012-12-17 00:00:00,2013-12-31 00:00:00,1.858,2.839,0.981,0.528,3.6919,,,Infrastructure and Construction,1.0376454483230664,"DECC_0014_1314-Q1,1314-Q2",BEIS,Exempt,Joiner,,,2020/beis/BEIS_Government_Major_Projects_Portfolio_data_September_2019.xlsx,2013-09-30,DECC_0014_1314-Q1,EXEMPT,3.6919,2013-12-31,BEIS lineage::fid enabling for renewables,fid enabling for renewables,BEIS lineage::fid enabling for renewables,name,FID Enabling for Renewables,EXEMPT,3.6919,2013-12-31,both,True
DEFRA_0004_1112-Q1,Thames Estuary Programme Phase 1 (TEP1),AR 2014,1314-Q2,DEFRA,Amber/Green,2010-04-01 00:00:00,2025-12-31 00:00:00,2.04,2.3,0.26,0.1275,318.74,,,Infrastructure and Construction,15.75085557837098,"DEFRA_0004_1112-Q1,1314-Q2",DEFRA,Amber/Green,Not new,,,2020/beis/BEIS_Government_Major_Projects_Portfolio_data_September_2019.xlsx,2013-09-30,DEFRA_0004_1112-Q1,Amber/Green,318.74,2025-12-31,,thames estuary programme phase 1,,unmatched,,,,,left_only,False
DFE_0003_1112-Q4,Priority School Building Programme,AR 2014,1314-Q2,DFE,Amber,2011-07-19 00:00:00,2017-12-31 00:00:00,110.53,110.53,0,0,3889.76,,,Infrastructure and Construction,6.453114305270363,"DFE_0003_1112-Q4,1314-Q2",DFE,Amber,Not new,,,2020/beis/BEIS_Government_Major_Projects_Portfolio_data_September_2019.xlsx,2013-09-30,DFE_0003_1112-Q4,Amber,3889.76,2017-12-31,DFE_0008_1617-Q1,priority school building programme,DFE_0008_1617-Q1,name,Priority School Building Programme,Amber,3889.76,2017-12-31,both,True
DEFRA_0005_1213-Q3,Thames Tideway Tunnel,AR 2014,1314-Q2,DEFRA,Amber/Red,2010-09-07 00:00:00,2023-03-31 00:00:00,3.13,3.13,0,0,4217.88,,,Infrastructure and Construction,12.56125941136208,"DEFRA_0005_1213-Q3,1314-Q2",DEFRA,Amber/Red,Joiner,,,2020/beis/BEIS_Government_Major_Projects_Portfolio_data_September_2019.xlsx,2013-09-30,DEFRA_0005_1213-Q3,Amber/Red,4217.88,2023-03-31,,thames tideway tunnel,,unmatched,,,,,left_only,False
DFE_0001_1112-Q1,Building Schools for the Future (BSF),AR 2014,1314-Q2,DFE,Amber/Green,2004-04-01 00:00:00,2017-07-02 00:00:00,335,350,15,0.0448,6302,,,Infrastructure and Construction,13.25119780971937,"DFE_0001_1112-Q1,1314-Q2",DFE,Amber/Green,Not new,,,2020/beis/BEIS_Government_Major_Projects_Portfolio_data_September_2019.xlsx,2013-09-30,DFE_0001_1112-Q1,Amber/Green,6302.0,2017-07-02,DFE::building schools for the future,building schools for the future,DFE::building schools for the future,name,Building Schools for the Future (BSF),Amber/Green,6302.0,2017-07-02,both,True
DFID_0001_1112-Q1,St Helena Airport,AR 2014,1314-Q2,DFID,Amber,2005-03-15 00:00:00,2026-08-31 00:00:00,53.25,60.63,7.380000000000003,0.1385915492957747,445.11,,,Infrastructure and Construction,21.462012320328544,"DFID_0001_1112-Q1,1314-Q2",DFID,Amber,Not new,,,2020/beis/BEIS_Government_Major_Projects_Portfolio_data_September_2019.xlsx,2013-09-30,DFID_0001_1112-Q1,Amber,445.11,2026-08-31,DFID_0001_1112-Q1,st helena airport,DFID_0001_1112-Q1,gmpp_id,St Helena Airport,Amber,445.11,2026-08-31,both,True
DFT_0001_1112-Q1,Crossrail,AR 2014,1314-Q2,DFT,Amber/Green,2008-07-22 00:00:00,2019-12-31 00:00:00,1200,1199.1,-0.900000000000091,-0.0007500000000000758,14518.98,,,Infrastructure and Construction,11.441478439425051,"DFT_0001_1112-Q1,1314-Q2",DFT,Amber/Green,Not new,,,2020/beis/BEIS_Government_Major_Projects_Portfolio_data_September_2019.xlsx,2013-09-30,DFT_0001_1112-Q1,Amber/Green,14518.98,2019-12-31,DFT_0001_1112-Q1,crossrail,DFT_0001_1112-Q1,gmpp_id,Crossrail,Amber/Green,14518.98,2019-12-31,both,True
DFT_0015_1112-Q1,Shared Services Implementation Programme,AR 2014,1314-Q2,DFT,Amber,2010-12-10 00:00:00,2015-06-01 00:00:00,35.4,31.22,-4.18,-0.11807909604519774,222.27,,,ICT,4.473648186173854,"DFT_0015_1112-Q1,1314-Q2",DFT,Amber,Not new,,,2020/beis/BEIS_Government_Major_Projects_Portfolio_data_September_2019.xlsx,2013-09-30,DFT_0015_1112-Q1,Amber,222.27,2015-06-01,DFT::shared services implementation programme,shared services implementation programme,DFT::shared services implementation programme,name,Shared Services Implementation Programme,Amber,222.27,2015-06-01,both,True
DFT_0004_1112-Q1,High Speed Rail Programme,AR 2014,1314-Q2,DFT,Amber/Red,2011-02-28 00:00:00,2033-12-31 00:00:00,347.6,347.6,0,0,42600,,,Infrastructure and Construction,22.83915126625599,"DFT_0004_1112-Q1,1314-Q2",DFT,Amber/Red,Not new,,,2020/beis/BEIS_Government_Major_Projects_Portfolio_data_September_2019.xlsx,2013-09-30,DFT_0004_1112-Q1,Amber/Red,42600.0,2033-12-31,DFT_0004_1112-Q1,high speed rail programme,DFT_0004_1112-Q1,gmpp_id,High Speed Rail Programme,Amber/Red,42600.0,2033-12-31,both,True
DFT_0018_1213-Q1,"Thameslink, Southern, Great Northern Franchise Competition",AR 2014,1314-Q2,DFT,Amber,2013-03-26 00:00:00,2014-09-14 00:00:00,Exempt under Section 43(2) of the Freedom of Information Act (2000),Exempt under Section 43(2) of the Freedom of Information Act (2000),Exempt under Section 43(2) of the Freedom of Information Act (2000),Exempt under Section 43(2) of the Freedom of Information Act (2000),Exempt under Section 43(2) of the Freedom of Information Act (2000),,,,1.4702258726899384,"DFT_0018_1213-Q1,1314-Q2",DFT,Amber,Not new,,,2020/beis/BEIS_Government_Major_Projects_Portfolio_data_September_2019.xlsx,2013-09-30,DFT_0018_1213-Q1,Amber,,2014-09-14,DFT::thameslink southern great northern franchise competition,thameslink southern great northern franchise competition,DFT::thameslink southern great northern franchise competition,name,"Thameslink, Southern, Great Northern Franchise Competition",Amber,,2014-09-14,both,True
DFT_0010_1112-Q1,"London, North East and Scotland Franchise Competition",AR 2014,1314-Q2,DFT,Amber,2013-03-26 00:00:00,2015-02-06 00:00:00,Exempt under Section 43(2) of the Freedom of Information Act (2000),Exempt under Section 43(2) of the Freedom of Information Act (2000),Exempt under Section 43(2) of the Freedom of Information Act (2000),Exempt under Section 43(2) of the Freedom of Information Act (2000),Exempt under Section 43(2) of the Freedom of Information Act (2000),,,,1.8672142368240932,"DFT_0010_1112-Q1,1314-Q2",DFT,Amber,Not new,,,2020/beis/BEIS_Government_Major_Projects_Portfolio_data_September_2019.xlsx,2013-09-30,DFT_0010_1112-Q1,Amber,,2015-02-06,DFT::london north east and scotland franchise competition,london north east and scotland franchise competition,DFT::london north east and scotland franchise competition,name,"London, North East and Scotland Franchise Competition",Amber,,2015-02-06,both,True
DFT_0002_1112-Q1,ICTContract Let Procurement Programme (CLPP),AR 2014,1314-Q2,DFT,Amber,2011-03-01 00:00:00,2015-12-30 00:00:00,8.994,8.994,0,0,79.77002199999998,,,,4.832306639288158,"DFT_0002_1112-Q1,1314-Q2",DFT,Amber,Not new,,,2020/beis/BEIS_Government_Major_Projects_Portfolio_data_September_2019.xlsx,2013-09-30,DFT_0002_1112-Q1,Amber,79.77002199999998,2015-12-30,,ictcontract let procurement programme,,unmatched,,,,,left_only,False
DFT_0005_1112-Q1,Intercity Express Programme (IEP),AR 2014,1314-Q2,DFT,Amber/Green,2005-06-01 00:00:00,2019-12-31 00:00:00,6,5.38,-0.6200000000000001,-0.10333333333333335,1308.35,,,Infrastructure and Construction,14.581793292265571,"DFT_0005_1112-Q1,1314-Q2",DFT,Amber/Green,Not new,,,2020/beis/BEIS_Government_Major_Projects_Portfolio_data_September_2019.xlsx,2013-09-30,DFT_0005_1112-Q1,Amber/Green,1308.35,2019-12-31,DFT_0005_1112-Q1,intercity express programme,DFT_0005_1112-Q1,gmpp_id,Intercity Express Programme (IEP),Amber/Green,1308.35,2019-12-31,both,True
DFT_0009_1112-Q1,Periodic Review 2013 (Rail Investment Strategy - HLOS & SOFA),AR 2014,1314-Q2,DFT,Amber/Green,2011-08-31 00:00:00,2012-07-31 00:00:00,0,0,0,0,16840.61,,,Infrastructure and Construction,0.917180013689254,"DFT_0009_1112-Q1,1314-Q2",DFT,Amber/Green,Not new,,,2020/beis/BEIS_Government_Major_Projects_Portfolio_data_September_2019.xlsx,2013-09-30,DFT_0009_1112-Q1,Amber/Green,16840.61,2012-07-31,DFT::periodic review 2013,periodic review 2013,DFT::periodic review 2013,name,Periodic Review 2013 (Rail Investment Strategy - HLOS & SOFA),Amber/Green,16840.61,2012-07-31,both,True
DFT_0014_1112-Q1,Search & Rescue Helicopters (SARH),AR 2014,1314-Q2,DFT,Amber/Green,2011-02-08 00:00:00,2017-09-08 00:00:00,0,0,0,0,1923,,,Infrastructure and Construction,6.581793292265571,"DFT_0014_1112-Q1,1314-Q2",DFT,Amber/Green,Not new,,,2020/beis/BEIS_Government_Major_Projects_Portfolio_data_September_2019.xlsx,2013-09-30,DFT_0014_1112-Q1,Amber/Green,1923.0,2017-09-08,DFT::search and rescue helicopters,search and rescue helicopters,DFT::search and rescue helicopters,name,Search & Rescue Helicopters (SARH),Amber/Green,1923.0,2017-09-08,both,True
DH_0008_1112-Q1,Electronic Prescription Service (EPS) Release 2,AR 2014,1314-Q2,DH,Amber/Red,2003-11-28 00:00:00,2014-03-31 00:00:00,5.86,5.8,-0.06,-0.0102,36.38,,,Government Transformation and Service Delivery,10.338124572210814,"DH_0008_1112-Q1,1314-Q2",DH,Amber/Red,Not new,,,2020/beis/BEIS_Government_Major_Projects_Portfolio_data_September_2019.xlsx,2013-09-30,DH_0008_1112-Q1,Amber/Red,36.38,2014-03-31,DOH_0008_1112-Q1,electronic prescription service release 2,DOH_0008_1112-Q1,name,Electronic Prescription Service (EPS) Release 2,Amber/Red,36.38,2014-03-31,both,True
DFT_0016_1112-Q1,Thameslink,AR 2014,1314-Q2,DFT,Amber/Green,2005-07-01 00:00:00,2018-12-31 00:00:00,43.04,43.04,0,0,4796.04,,,Infrastructure and Construction,13.500342231348391,"DFT_0016_1112-Q1,1314-Q2",DFT,Amber/Green,Not new,,,2020/beis/BEIS_Government_Major_Projects_Portfolio_data_September_2019.xlsx,2013-09-30,DFT_0016_1112-Q1,Amber/Green,4796.04,2018-12-31,DFT_0016_1112-Q1,thameslink,DFT_0016_1112-Q1,gmpp_id,Thameslink,Amber/Green,4796.04,2018-12-31,both,True
DH_0015_1112-Q1,NME Programme For IT,AR 2014,1314-Q2,DH,Amber,2004-04-01 00:00:00,2016-07-31 00:00:00,297.3503299,224.6237504,-72.72657956,-0.2446,5636.192321,,,,12.331279945242985,"DH_0015_1112-Q1,1314-Q2",DH,Amber,Not new,,,2020/beis/BEIS_Government_Major_Projects_Portfolio_data_September_2019.xlsx,2013-09-30,DH_0015_1112-Q1,Amber,5636.192321,2016-07-31,DH/DHSC::nme programme for it,nme programme for it,DH/DHSC::nme programme for it,name,NME Programme For IT,Amber,5636.192321,2016-07-31,both,True
DFT_0020_1314-Q2,A14 Cambridge to Huntingdon Improvement Scheme,AR 2014,1314-Q2,DFT,Amber,2012-09-01 00:00:00,2020-03-12 00:00:00,5.878,5.878,0,0,1519.318,,,Infrastructure and Construction,7.526351813826146,"DFT_0020_1314-Q2,1314-Q2",DFT,Amber,Joiner,,,2020/beis/BEIS_Government_Major_Projects_Portfolio_data_September_2019.xlsx,2013-09-30,DFT_0020_1314-Q2,Amber,1519.318,2020-03-12,DFT_0020_1314-Q2,a14 cambridge to huntingdon improvement scheme,DFT_0020_1314-Q2,gmpp_id,A14 Cambridge to Huntingdon Improvement Scheme,Amber,1519.318,2020-03-12,both,True
DH_0018_1112-Q1,Pre-Pandemic Vaccine,AR 2014,1314-Q2,DH,Green,2011-10-01 00:00:00,2014-07-01 00:00:00,Exempt under section 43 of the FoI Act (2000),Exempt under section 43 of the FoI Act (2000),Exempt under section 43 of the FoI Act (2000),,259,,,Government Transformation and Service Delivery,2.74880219028063,"DH_0018_1112-Q1,1314-Q2",DH,Green,Not new,,,2020/beis/BEIS_Government_Major_Projects_Portfolio_data_September_2019.xlsx,2013-09-30,DH_0018_1112-Q1,Green,259.0,2014-07-01,DH/DHSC::pre pandemic vaccine,pre pandemic vaccine,DH/DHSC::pre pandemic vaccine,name,Pre-Pandemic Vaccine,Green,,2014-07-01,both,True
DH_0003_1112-Q1,"Brighton & Sussex University Hospitals NHS Trust (3Ts Programme - The development of a leading teaching, trauma and tertiary care centre)",AR 2014,1314-Q2,DH,No DCA,2012-01-27 00:00:00,2021-12-24 00:00:00,79.85,22.99,-56.86,-0.7121,500.8,,,Infrastructure and Construction,9.908281998631075,"DH_0003_1112-Q1,1314-Q2",DH,No DCA,Not new,,,2020/beis/BEIS_Government_Major_Projects_Portfolio_data_September_2019.xlsx,2013-09-30,DH_0003_1112-Q1,NOT_RATED,500.8,2021-12-24,DH/DHSC::brighton and sussex university hospitals nhs trust,brighton and sussex university hospitals nhs trust,DH/DHSC::brighton and sussex university hospitals nhs trust,name,"Brighton & Sussex University Hospitals NHS Trust (3Ts Programme - The development of a leading teaching, trauma and tertiary care centre)",NOT_RATED,500.8,2021-12-24,both,True
DH_0004_1112-Q1,Broadmoor Redevelopment Programme,AR 2014,1314-Q2,DH,No DCA,2010-03-01 00:00:00,2018-11-01 00:00:00,16.073,16.073,0,0,287.426,,,Infrastructure and Construction,8.670773442847365,"DH_0004_1112-Q1,1314-Q2",DH,No DCA,Not new,,,2020/beis/BEIS_Government_Major_Projects_Portfolio_data_September_2019.xlsx,2013-09-30,DH_0004_1112-Q1,NOT_RATED,287.426,2018-11-01,DH/DHSC::broadmoor redevelopment programme,broadmoor redevelopment programme,DH/DHSC::broadmoor redevelopment programme,name,Broadmoor Redevelopment Programme,NOT_RATED,287.426,2018-11-01,both,True
DH_0022_1112-Q1,Summary Care Record (SCR),AR 2014,1314-Q2,DH,Amber/Green,2006-04-01 00:00:00,2016-03-31 00:00:00,14.486,15.34893777,0.862937768,0.0596,51.1072,,,ICT,9.998631074606434,"DH_0022_1112-Q1,1314-Q2",DH,Amber/Green,Not new,,,2020/beis/BEIS_Government_Major_Projects_Portfolio_data_September_2019.xlsx,2013-09-30,DH_0022_1112-Q1,Amber/Green,51.1072,2016-03-31,DH/DHSC::summary care record,summary care record,DH/DHSC::summary care record,name,Summary Care Record (SCR),Amber/Green,51.1072,2016-03-31,both,True
DH_0023_1112-Q2,London Programme for IT,AR 2014,1314-Q2,DH,Amber/Green,2003-12-18 00:00:00,2015-10-30 00:00:00,149.58,188.15,38.57,0.2579,628.2,,,,11.865845311430528,"DH_0023_1112-Q2,1314-Q2",DH,Amber/Green,Not new,,,2020/beis/BEIS_Government_Major_Projects_Portfolio_data_September_2019.xlsx,2013-09-30,DH_0023_1112-Q2,Amber/Green,628.2,2015-10-30,DH/DHSC::london programme for it,london programme for it,DH/DHSC::london programme for it,name,London Programme for IT,Amber/Green,628.2,2015-10-30,both,True
DH_0026_1112-Q2,Southern Programme for IT,AR 2014,1314-Q2,DH,Amber/Green,2004-01-26 00:00:00,2015-10-31 00:00:00,75.98,47.47,-28.51,-0.3752,634.06,,,,11.761806981519507,"DH_0026_1112-Q2,1314-Q2",DH,Amber/Green,Not new,,,2020/beis/BEIS_Government_Major_Projects_Portfolio_data_September_2019.xlsx,2013-09-30,DH_0026_1112-Q2,Amber/Green,634.06,2015-10-31,DH/DHSC::southern programme for it,southern programme for it,DH/DHSC::southern programme for it,name,Southern Programme for IT,Amber/Green,634.06,2015-10-31,both,True
DH_0014_1112-Q1,NHSmail Service,AR 2014,1314-Q2,DH,Green,2004-10-31 00:00:00,2014-06-30 00:00:00,22.8,20.66,-2.14,-0.0939,235.45,,,ICT,9.661875427789186,"DH_0014_1112-Q1,1314-Q2",DH,Green,Not new,,,2020/beis/BEIS_Government_Major_Projects_Portfolio_data_September_2019.xlsx,2013-09-30,DH_0014_1112-Q1,Green,235.45,2014-06-30,DH/DHSC::nhsmail service,nhsmail service,DH/DHSC::nhsmail service,name,NHSmail Service,Green,235.45,2014-06-30,both,True
DH_0010_1112-Q1,Health and Care Modernisation Transition Programme,AR 2014,1314-Q2,DH,Amber/Red,2011-10-01 00:00:00,2013-04-01 00:00:00,364.5,328.7,-35.8,-0.0982,1485.2,,,Government Transformation and Service Delivery,1.5003422313483916,"DH_0010_1112-Q1,1314-Q2",DH,Amber/Red,Not new,,,2020/beis/BEIS_Government_Major_Projects_Portfolio_data_September_2019.xlsx,2013-09-30,DH_0010_1112-Q1,Amber/Red,1485.2,2013-04-01,DH/DHSC::health and care modernisation transition programme,health and care modernisation transition programme,DH/DHSC::health and care modernisation transition programme,name,Health and Care Modernisation Transition Programme,Amber/Red,1485.2,2013-04-01,both,True
DH_0012_1112-Q1,IMS3,AR 2014,1314-Q2,DH,Amber/Green,2011-05-16 00:00:00,2013-03-29 00:00:00,14.3,22.99,8.69,0.6077,139.38,,,Government Transformation and Service Delivery,1.8699520876112252,"DH_0012_1112-Q1,1314-Q2",DH,Amber/Green,Not new,,,2020/beis/BEIS_Government_Major_Projects_Portfolio_data_September_2019.xlsx,2013-09-30,DH_0012_1112-Q1,Amber/Green,139.38,2013-03-29,DH/DHSC::ims3,ims3,DH/DHSC::ims3,name,IMS3,Amber/Green,139.38,2013-03-29,both,True
DH_0005_1112-Q1,CAB Variation,AR 2014,1314-Q2,DH,Amber/Red,2011-10-01 00:00:00,2013-12-15 00:00:00,15.75,16.13,0.38,0.0241,54.24,,,,2.206707734428474,"DH_0005_1112-Q1,1314-Q2",DH,Amber/Red,Not new,,,2020/beis/BEIS_Government_Major_Projects_Portfolio_data_September_2019.xlsx,2013-09-30,DH_0005_1112-Q1,Amber/Red,54.24,2013-12-15,DH/DHSC::cab variation,cab variation,DH/DHSC::cab variation,name,CAB Variation,Amber/Red,54.24,2013-12-15,both,True
DH_0024_1112-Q2,N3 Extension,AR 2014,1314-Q2,DH,Red,2004-02-19 00:00:00,2014-03-31 00:00:00,125.33,99.23,-26.1,-0.2083,371.88,,,,10.11088295687885,"DH_0024_1112-Q2,1314-Q2",DH,Red,Not new,,,2020/beis/BEIS_Government_Major_Projects_Portfolio_data_September_2019.xlsx,2013-09-30,DH_0024_1112-Q2,Red,371.88,2014-03-31,DH/DHSC::n3 extension,n3 extension,DH/DHSC::n3 extension,name,N3 Extension,Red,371.88,2014-03-31,both,True
DH_0006_1112-Q1,E&N Herts NHS Trust - LIFT scheme - new QEII hospital in Welwyn Garden City,AR 2014,1314-Q2,DH,No DCA,2011-03-23 00:00:00,2014-04-01 00:00:00,0,0,0,No departmental narrative,67.44,,,Infrastructure and Construction,3.025325119780972,"DH_0006_1112-Q1,1314-Q2",DH,No DCA,Not new,,,2020/beis/BEIS_Government_Major_Projects_Portfolio_data_September_2019.xlsx,2013-09-30,DH_0006_1112-Q1,NOT_RATED,67.44,2014-04-01,DH/DHSC::e and n herts nhs trust lift scheme new qeii hospital in welwyn garden city,e and n herts nhs trust lift scheme new qeii hospital in welwyn garden city,DH/DHSC::e and n herts nhs trust lift scheme new qeii hospital in welwyn garden city,name,E&N Herts NHS Trust - LIFT scheme - new QEII hospital in Welwyn Garden City,NOT_RATED,67.44,2014-04-01,both,True
DWP_0003_1112-Q1,Child Maintenance Group Change,AR 2014,1314-Q2,DWP,Amber/Green,2009-08-01 00:00:00,2014-10-27 00:00:00,77.97,66.12599999999999,-35.93400000000001,-0.3520870076425633,1218.33,,,Government Transformation and Service Delivery,5.23750855578371,"DWP_0003_1112-Q1,1314-Q2",DWP,Amber/Green,Not new,,,2020/beis/BEIS_Government_Major_Projects_Portfolio_data_September_2019.xlsx,2013-09-30,DWP_0003_1112-Q1,Amber/Green,1218.33,2014-10-27,DWP::child maintenance group change,child maintenance group change,DWP::child maintenance group change,name,Child Maintenance Group Change,Amber/Green,1218.33,2014-10-27,both,True
DWP_0005_1112-Q1,Automatic Enrolment Programme (originally called Enabling Retirement Savings Programme),AR 2014,1314-Q2,DWP,Amber,2007-05-01 00:00:00,2018-10-31 00:00:00,106,94.30000000000001,-11.699999999999989,-0.11037735849056593,995.4,,,Government Transformation and Service Delivery,11.501711156741958,"DWP_0005_1112-Q1,1314-Q2",DWP,Amber,Not new,,,2020/beis/BEIS_Government_Major_Projects_Portfolio_data_September_2019.xlsx,2013-09-30,DWP_0005_1112-Q1,Amber,995.4,2018-10-31,DWP_0005_1112-Q1,automatic enrolment programme,DWP_0005_1112-Q1,gmpp_id,Automatic Enrolment Programme (originally called Enabling Retirement Savings Programme),Amber,995.4,2018-10-31,both,True
DWP_0009_1112-Q1,Universal Credit Programme,AR 2014,1314-Q2,DWP,Reset,2011-11-17 00:00:00,Reset,571.52,201.403,-370.11699999999996,-0.647601133818589,Reset,,,Government Transformation and Service Delivery,0,"DWP_0009_1112-Q1,1314-Q2",DWP,Reset,Not new,,,2020/beis/BEIS_Government_Major_Projects_Portfolio_data_September_2019.xlsx,2013-09-30,DWP_0009_1112-Q1,RESET,,,DWP_0009_1112-Q1,universal credit programme,DWP_0009_1112-Q1,gmpp_id,Universal Credit Programme,RESET,,,both,True
DWP_0011_1112-Q2,Personal Independence Payment Implementation,AR 2014,1314-Q2,DWP,Amber/Red,2011-10-31 00:00:00,2016-03-31 00:00:00,191.21,179.45,-11.76000000000002,-0.06150305946341728,2518.5699999999997,,,Government Transformation and Service Delivery,4.41615331964408,"DWP_0011_1112-Q2,1314-Q2",DWP,Amber/Red,Not new,,,2020/beis/BEIS_Government_Major_Projects_Portfolio_data_September_2019.xlsx,2013-09-30,DWP_0011_1112-Q2,Amber/Red,2518.5699999999997,2016-03-31,DWP::personal independence payment implementation,personal independence payment implementation,DWP::personal independence payment implementation,name,Personal Independence Payment Implementation,Amber/Red,2518.57,2016-03-31,both,True
DWP_0016_1213-Q2,"Fraud, Error and Debt Programme",AR 2014,1314-Q2,DWP,Amber/Red,2012-04-02 00:00:00,2015-03-31 00:00:00,120.6,61.825,-58.77499999999999,-0.48735489220563843,770.3,,,Government Transformation and Service Delivery,2.9924709103353866,"DWP_0016_1213-Q2,1314-Q2",DWP,Amber/Red,Not new,,,2020/beis/BEIS_Government_Major_Projects_Portfolio_data_September_2019.xlsx,2013-09-30,DWP_0016_1213-Q2,Amber/Red,770.3,2015-03-31,DWP_0016_1213-Q2,fraud error and debt programme,DWP_0016_1213-Q2,gmpp_id,"Fraud, Error and Debt Programme",Amber/Red,770.3,2015-03-31,both,True
DWP_0010_1112-Q1,Work Programme,AR 2014,1314-Q2,DWP,Amber,2010-11-25 00:00:00,2011-10-18 00:00:00,800.3,1002,201.70000000000005,0.2520304885667875,5626.7,,,,0.8952772073921971,"DWP_0010_1112-Q1,1314-Q2",DWP,Amber,Not new,,,2020/beis/BEIS_Government_Major_Projects_Portfolio_data_September_2019.xlsx,2013-09-30,DWP_0010_1112-Q1,Amber,5626.7,2011-10-18,DWP::work programme,work programme,DWP::work programme,name,Work Programme,Amber,5626.7,2011-10-18,both,True
DWP_0007_1112-Q1,Incapacity Benefit Reassessment,AR 2014,1314-Q2,DWP,Green,2009-07-09 00:00:00,2012-03-23 00:00:00,142,142.79,0.789999999999992,0.005563380281690085,891.8,,,,2.704996577686516,"DWP_0007_1112-Q1,1314-Q2",DWP,Green,Not new,,,2020/beis/BEIS_Government_Major_Projects_Portfolio_data_September_2019.xlsx,2013-09-30,DWP_0007_1112-Q1,Green,891.8,2012-03-23,DWP::incapacity benefit reassessment,incapacity benefit reassessment,DWP::incapacity benefit reassessment,name,Incapacity Benefit Reassessment,Green,891.8,2012-03-23,both,True
DWP_0002_1112-Q1,Central Payment System,AR 2014,1314-Q2,DWP,Green,2008-09-01 00:00:00,2012-06-21 00:00:00,17.5,17.6,0.10000000000000142,0.005714285714285796,284.90000000000003,,,,3.802874743326489,"DWP_0002_1112-Q1,1314-Q2",DWP,Green,Not new,,,2020/beis/BEIS_Government_Major_Projects_Portfolio_data_September_2019.xlsx,2013-09-30,DWP_0002_1112-Q1,Green,284.90000000000003,2012-06-21,DWP::central payment system,central payment system,DWP::central payment system,name,Central Payment System,Green,284.9,2012-06-21,both,True
DWP_0012_1112-Q4,Benefit Cap,AR 2014,1314-Q2,DWP,Amber/Green,2012-04-19 00:00:00,2013-12-19 00:00:00,25.407,14.629999999999999,-10.777000000000001,-0.424174440114929,46.306999999999995,,,Government Transformation and Service Delivery,1.6673511293634498,"DWP_0012_1112-Q4,1314-Q2",DWP,Amber/Green,Not new,,,2020/beis/BEIS_Government_Major_Projects_Portfolio_data_September_2019.xlsx,2013-09-30,DWP_0012_1112-Q4,Amber/Green,46.306999999999995,2013-12-19,DWP::benefit cap,benefit cap,DWP::benefit cap,name,Benefit Cap,Amber/Green,46.307,2013-12-19,both,True
DWP_0015_1112-Q4,Youth Contract,AR 2014,1314-Q2,DWP,Amber/Green,2012-01-19 00:00:00,2012-06-21 00:00:00,259.4,250.61,-8.789999999999964,-0.033885890516576575,741.93,,,,0.4216290212183436,"DWP_0015_1112-Q4,1314-Q2",DWP,Amber/Green,Not new,,,2020/beis/BEIS_Government_Major_Projects_Portfolio_data_September_2019.xlsx,2013-09-30,DWP_0015_1112-Q4,Amber/Green,741.93,2012-06-21,DWP::youth contract,youth contract,DWP::youth contract,name,Youth Contract,Amber/Green,741.93,2012-06-21,both,True
DWP_0013_1112-Q4,Specialist Disability Employment Programme,AR 2014,1314-Q2,DWP,Amber,2012-02-16 00:00:00,2014-07-31 00:00:00,32.14,7.13,-25.01,-0.7781580584940884,213.34,,,Government Transformation and Service Delivery,2.4531143052703626,"DWP_0013_1112-Q4,1314-Q2",DWP,Amber,Not new,,,2020/beis/BEIS_Government_Major_Projects_Portfolio_data_September_2019.xlsx,2013-09-30,DWP_0013_1112-Q4,Amber,213.34,2014-07-31,DWP::specialist disability employment programme,specialist disability employment programme,DWP::specialist disability employment programme,name,Specialist Disability Employment Programme,Amber,213.34,2014-07-31,both,True
DWP_0014_1112-Q4,State Pension Reform - Single Tier,AR 2014,1314-Q2,DWP,Amber/Red,2012-02-27 00:00:00,2017-10-31 00:00:00,14,8.87,-5.130000000000001,-0.3664285714285715,114.16000000000001,,,Government Transformation and Service Delivery,5.675564681724846,"DWP_0014_1112-Q4,1314-Q2",DWP,Amber/Red,Not new,,,2020/beis/BEIS_Government_Major_Projects_Portfolio_data_September_2019.xlsx,2013-09-30,DWP_0014_1112-Q4,Amber/Red,114.16000000000001,2017-10-31,DWP::state pension reform single tier,state pension reform single tier,DWP::state pension reform single tier,name,State Pension Reform - Single Tier,Amber/Red,114.16,2017-10-31,both,True
DH_0007_1112-Q1,E&N Herts NHS Trust - Lister Hospital ('Our Changing Hospitals' Phase 4 Programme),AR 2014,1314-Q2,DH,No DCA,2011-08-04 00:00:00,2014-03-17 00:00:00,14.12,41.33,27.21,1.9271,212.03,,,Infrastructure and Construction,2.617385352498289,"DH_0007_1112-Q1,1314-Q2",DH,No DCA,Not new,,,2020/beis/BEIS_Government_Major_Projects_Portfolio_data_September_2019.xlsx,2013-09-30,DH_0007_1112-Q1,NOT_RATED,212.03,2014-03-17,DH/DHSC::e and n herts nhs trust lister hospital,e and n herts nhs trust lister hospital,DH/DHSC::e and n herts nhs trust lister hospital,name,E&N Herts NHS Trust - Lister Hospital ('Our Changing Hospitals' Phase 4 Programme),NOT_RATED,212.03,2014-03-17,both,True
FCO_0004_1112-Q1,ICTRe-procurement,AR 2014,1314-Q2,FCO,Amber,2011-01-01 00:00:00,2013-11-30 00:00:00,43.699999999999996,45.2,1.500000000000007,0.03432494279176218,242.89999999999998,,,ICT,2.9130732375085557,"FCO_0004_1112-Q1,1314-Q2",FCO,Amber,Not new,,,2020/beis/BEIS_Government_Major_Projects_Portfolio_data_September_2019.xlsx,2013-09-30,FCO_0004_1112-Q1,Amber,242.89999999999998,2013-11-30,,ictre procurement,,unmatched,,,,,left_only,False
DH_0013_1112-Q1,Mersey Care NHS LIFT scheme (TIME - To Improve Mental Health Environments),AR 2014,1314-Q2,DH,No DCA,2011-08-30 00:00:00,2015-01-20 00:00:00,0,0,0,No departmental narrative,208.8,,,Infrastructure and Construction,3.3921971252566734,"DH_0013_1112-Q1,1314-Q2",DH,No DCA,Not new,,,2020/beis/BEIS_Government_Major_Projects_Portfolio_data_September_2019.xlsx,2013-09-30,DH_0013_1112-Q1,NOT_RATED,208.8,2015-01-20,DH/DHSC::mersey care nhs lift scheme,mersey care nhs lift scheme,DH/DHSC::mersey care nhs lift scheme,name,Mersey Care NHS LIFT scheme (TIME - To Improve Mental Health Environments),NOT_RATED,208.8,2015-01-20,both,True
FCO_0002_1112-Q1,Echo,AR 2014,1314-Q2,FCO,Amber/Green,2009-06-09 00:00:00,2012-12-31 00:00:00,22.82,22.82,0,0,182.85000000000002,,,ICT,3.561943874058864,"FCO_0002_1112-Q1,1314-Q2",FCO,Amber/Green,Not new,,,2020/beis/BEIS_Government_Major_Projects_Portfolio_data_September_2019.xlsx,2013-09-30,FCO_0002_1112-Q1,Amber/Green,182.85000000000002,2012-12-31,FCO/FCDO::echo,echo,FCO/FCDO::echo,name,Echo,Amber/Green,182.85,2012-12-31,both,True
FCO_0003_1112-Q1,JAKARTA: New Embassy,AR 2014,1314-Q2,FCO,Amber/Green,2004-04-01 00:00:00,2014-09-01 00:00:00,5.640000000000001,2.44,-3.2000000000000006,-0.5673758865248227,29.45,,,Infrastructure and Construction,10.417522245037645,"FCO_0003_1112-Q1,1314-Q2",FCO,Amber/Green,Not new,,,2020/beis/BEIS_Government_Major_Projects_Portfolio_data_September_2019.xlsx,2013-09-30,FCO_0003_1112-Q1,Amber/Green,29.45,2014-09-01,FCO/FCDO::jakarta new embassy,jakarta new embassy,FCO/FCDO::jakarta new embassy,name,JAKARTA: New Embassy,Amber/Green,29.45,2014-09-01,both,True
HMRC_0002_1112-Q1,Debt Staff Reinvestment,AR 2014,1314-Q2,HMRC,Amber/Green,2011-04-01 00:00:00,2015-04-01 00:00:00,16.89,16.89,0,0,56.418,,,Government Transformation and Service Delivery,4,"HMRC_0002_1112-Q1,1314-Q2",HMRC,Amber/Green,Not new,,,2020/beis/BEIS_Government_Major_Projects_Portfolio_data_September_2019.xlsx,2013-09-30,HMRC_0002_1112-Q1,Amber/Green,56.418,2015-04-01,HMRC::debt management and banking staff reinvestment,debt staff reinvestment,HMRC::debt management and banking staff reinvestment,name,Debt Staff Reinvestment,Amber/Green,56.418,2015-04-01,both,True
HMRC_0004_1112-Q1,One Click,AR 2014,1314-Q2,HMRC,Amber/Green,2010-03-24 00:00:00,2013-07-01 00:00:00,8.779,9.020000000000001,0.24100000000000144,0.027451873789725644,111.062,,,Government Transformation and Service Delivery,3.271731690622861,"HMRC_0004_1112-Q1,1314-Q2",HMRC,Amber/Green,Not new,,,2020/beis/BEIS_Government_Major_Projects_Portfolio_data_September_2019.xlsx,2013-09-30,HMRC_0004_1112-Q1,Amber/Green,111.062,2013-07-01,HMRC::one click,one click,HMRC::one click,name,One Click,Amber/Green,111.062,2013-07-01,both,True
HMRC_0006_1112-Q1,Real Time Information (RTI),AR 2014,1314-Q2,HMRC,Amber,2010-07-05 00:00:00,2014-10-31 00:00:00,74.87,72.45,-2.4200000000000017,-0.03232269266728999,333.02,,,ICT,4.323066392881588,"HMRC_0006_1112-Q1,1314-Q2",HMRC,Amber,Not new,,,2020/beis/BEIS_Government_Major_Projects_Portfolio_data_September_2019.xlsx,2013-09-30,HMRC_0006_1112-Q1,Amber,333.02,2014-10-31,HMRC::real time information,real time information,HMRC::real time information,name,Real Time Information (RTI),Amber,333.02,2014-10-31,both,True
HMRC_0007_1112-Q2,Expanding the use of Debt Collection Agencies,AR 2014,1314-Q2,HMRC,Amber/Green,2011-04-01 00:00:00,2015-03-31 00:00:00,15.22,14.86,-0.3600000000000012,-0.023653088042050012,70.683,,,Government Transformation and Service Delivery,3.997262149212868,"HMRC_0007_1112-Q2,1314-Q2",HMRC,Amber/Green,Not new,,,2020/beis/BEIS_Government_Major_Projects_Portfolio_data_September_2019.xlsx,2013-09-30,HMRC_0007_1112-Q2,Amber/Green,70.683,2015-03-31,HMRC::expanding the use of debt collection agencies,expanding the use of debt collection agencies,HMRC::expanding the use of debt collection agencies,name,Expanding the use of Debt Collection Agencies,Amber/Green,70.683,2015-03-31,both,True
HMRC_0008_1112-Q2,Organised Crime,AR 2014,1314-Q2,HMRC,Amber,2011-04-01 00:00:00,2013-10-31 00:00:00,25.3,25.51,0.21000000000000085,0.00830039525691703,82.708,,,Government Transformation and Service Delivery,2.5845311430527036,"HMRC_0008_1112-Q2,1314-Q2",HMRC,Amber,Not new,,,2020/beis/BEIS_Government_Major_Projects_Portfolio_data_September_2019.xlsx,2013-09-30,HMRC_0008_1112-Q2,Amber,82.708,2013-10-31,HMRC::organised crime,organised crime,HMRC::organised crime,name,Organised Crime,Amber,82.708,2013-10-31,both,True
HMRC_0009_1112-Q2,Volume Crime,AR 2014,1314-Q2,HMRC,Green,2011-04-01 00:00:00,2013-05-29 00:00:00,11.13,11.37,0.23999999999999844,0.021563342318059158,42.05,,,Government Transformation and Service Delivery,2.1601642710472277,"HMRC_0009_1112-Q2,1314-Q2",HMRC,Green,Not new,,,2020/beis/BEIS_Government_Major_Projects_Portfolio_data_September_2019.xlsx,2013-09-30,HMRC_0009_1112-Q2,Green,42.05,2013-05-29,HMRC::volume crime,volume crime,HMRC::volume crime,name,Volume Crime,Green,42.05,2013-05-29,both,True
HMRC_0010_1112-Q2,Wider Coverage Project,AR 2014,1314-Q2,HMRC,Amber/Green,2011-09-14 00:00:00,2015-06-30 00:00:00,174.42,172.12,-2.299999999999983,-0.013186561174177176,552.254,,,ICT,3.79192334017796,"HMRC_0010_1112-Q2,1314-Q2",HMRC,Amber/Green,Not new,,,2020/beis/BEIS_Government_Major_Projects_Portfolio_data_September_2019.xlsx,2013-09-30,HMRC_0010_1112-Q2,Amber/Green,552.254,2015-06-30,HMRC::wider coverage project,wider coverage project,HMRC::wider coverage project,name,Wider Coverage Project,Amber/Green,552.254,2015-06-30,both,True
HMT_0001_1112-Q1,Equitable Life Payment Scheme,AR 2014,1314-Q2,HMT,Amber,2010-05-01 00:00:00,2014-07-01 00:00:00,0,0,0,0,0,,,Government Transformation and Service Delivery,4.167008898015058,"HMT_0001_1112-Q1,1314-Q2",HMT,Amber,Not new,,,2020/beis/BEIS_Government_Major_Projects_Portfolio_data_September_2019.xlsx,2013-09-30,HMT_0001_1112-Q1,Amber,0.0,2014-07-01,HMT::equitable life payment scheme,equitable life payment scheme,HMT::equitable life payment scheme,name,Equitable Life Payment Scheme,Amber,0.0,2014-07-01,both,True
HO_0007_1112-Q1,ISOT Programme,AR 2014,1314-Q2,NCA,Red,2008-04-01 00:00:00,2013-09-30 00:00:00,41.97,38.11,-3.8599999999999994,-0.09197045508696687,398.65,,,,5.49760438056126,"HO_0007_1112-Q1,1314-Q2",NCA,Red,Not new,,,2020/beis/BEIS_Government_Major_Projects_Portfolio_data_September_2019.xlsx,2013-09-30,HO_0007_1112-Q1,Red,398.65,2013-09-30,,isot programme,,unmatched,,,,,left_only,False
HO_0008_1112-Q1,Schengen Information Systems (SIS) II Programme,AR 2014,1314-Q2,HO,Amber,2006-04-01 00:00:00,2015-03-31 00:00:00,13.98,14.67,0.6899999999999995,0.04935622317596563,173.18,,,,8.996577686516085,"HO_0008_1112-Q1,1314-Q2",HO,Amber,Not new,,,2020/beis/BEIS_Government_Major_Projects_Portfolio_data_September_2019.xlsx,2013-09-30,HO_0008_1112-Q1,Amber,173.18,2015-03-31,HO::schengen information systems 2 programme,schengen information systems ii programme,HO::schengen information systems 2 programme,name,Schengen Information Systems (SIS) II Programme,Amber,173.18,2015-03-31,both,True
HO_0009_1112-Q1,Transforming the Customer Experience (Formerly A&E),AR 2014,1314-Q2,HO,Amber,2007-05-14 00:00:00,2014-11-01 00:00:00,11.348236545463422,13.560396618236105,2.212160072772683,0.1949,202.05769141454925,,,ICT,7.468856947296373,"HO_0009_1112-Q1,1314-Q2",HO,Amber,Not new,,,2020/beis/BEIS_Government_Major_Projects_Portfolio_data_September_2019.xlsx,2013-09-30,HO_0009_1112-Q1,Amber,202.05769141454925,2014-11-01,HO::transforming the customer experience,transforming the customer experience,HO::transforming the customer experience,name,Transforming the Customer Experience (Formerly A&E),Amber,202.06,2014-11-01,both,True
HO_0011_1112-Q2,Disclosure & Barring Programme (formerly SIG Convergence Programme),AR 2014,1314-Q2,HO,Amber/Red,2010-12-29 00:00:00,2015-10-01 00:00:00,130.57,161.5,30.930000000000007,0.236884429807766,645.67,,,,4.75564681724846,"HO_0011_1112-Q2,1314-Q2",HO,Amber/Red,Not new,,,2020/beis/BEIS_Government_Major_Projects_Portfolio_data_September_2019.xlsx,2013-09-30,HO_0011_1112-Q2,Amber/Red,645.67,2015-10-01,DISCLOSURE AND BARRING SERVICE::disclosure and barring programme,disclosure and barring programme,DISCLOSURE AND BARRING SERVICE::disclosure and barring programme,name,Disclosure & Barring Programme (formerly SIG Convergence Programme),Amber/Red,645.67,2015-10-01,both,True
HO_0012_1112-Q3,Communications Capabilities Development programme,AR 2014,1314-Q2,HO,Amber/Red,2006-04-01 00:00:00,2020-04-01 00:00:00,Exempt under Section 24 of the Freedom of Information Act (2000),Exempt under Section 24 of the Freedom of Information Act (2000),Exempt under Section 24 of the Freedom of Information Act (2000),Exempt under Section 24 of the Freedom of Information Act (2000),Exempt under Section 24 of the Freedom of Information Act (2000),,,ICT,14.001368925393566,"HO_0012_1112-Q3,1314-Q2",HO,Amber/Red,Not new,,,2020/beis/BEIS_Government_Major_Projects_Portfolio_data_September_2019.xlsx,2013-09-30,HO_0012_1112-Q3,Amber/Red,,2020-04-01,HO::communications capabilities development programme,communications capabilities development programme,HO::communications capabilities development programme,name,Communications Capabilities Development programme,Amber/Red,,2020-04-01,both,True
HO_0016_1213-Q1,Emergency Services Mobile Communications Programme (ESMCP),AR 2014,1314-Q2,HO,Amber/Red,2011-06-01 00:00:00,2020-12-31 00:00:00,6.82,10.24,3.42,0.501466275659824,16.75,,,ICT,9.585215605749486,"HO_0016_1213-Q1,1314-Q2",HO,Amber/Red,Not new,,,2020/beis/BEIS_Government_Major_Projects_Portfolio_data_September_2019.xlsx,2013-09-30,HO_0016_1213-Q1,Amber/Red,16.75,2020-12-31,HO_0016_1213-Q1,emergency services mobile communications programme,HO_0016_1213-Q1,gmpp_id,Emergency Services Mobile Communications Programme (ESMCP),Amber/Red,16.75,2020-12-31,both,True
HO_0023_1213-Q1,Next Generation Outsourced Visa (NGOV) Services Contract ,AR 2014,1314-Q2,HO,Amber/Green,2011-12-09 00:00:00,2014-07-01 00:00:00,1.54,1.54,0,0.0006497725795970694,595.69,,,,2.5598904859685145,"HO_0023_1213-Q1,1314-Q2",HO,Amber/Green,Not new,,,2020/beis/BEIS_Government_Major_Projects_Portfolio_data_September_2019.xlsx,2013-09-30,HO_0023_1213-Q1,Amber/Green,595.69,2014-07-01,HO::next generation outsourced visa services contract,next generation outsourced visa services contract,HO::next generation outsourced visa services contract,name,Next Generation Outsourced Visa (NGOV) Services Contract,Amber/Green,595.69,2014-07-01,both,True
HO_0025_1213-Q2,Harmondsworth and Colnbrook Retender ,AR 2014,1314-Q2,HO,Amber/Green,2012-03-01 00:00:00,2014-08-31 00:00:00,0.04,0.04,0,0,183.52,,,,2.4996577686516086,"HO_0025_1213-Q2,1314-Q2",HO,Amber/Green,Not new,,,2020/beis/BEIS_Government_Major_Projects_Portfolio_data_September_2019.xlsx,2013-09-30,HO_0025_1213-Q2,Amber/Green,183.52,2014-08-31,HO::harmondsworth and colnbrook retender,harmondsworth and colnbrook retender,HO::harmondsworth and colnbrook retender,name,Harmondsworth and Colnbrook Retender,Amber/Green,183.52,2014-08-31,both,True
HO_0004_1112-Q1,Immigration and Asylum Biometric System (IABS),AR 2014,1314-Q2,HO,Green,2006-10-01 00:00:00,2012-12-31 00:00:00,20.89,21.61,0.72,0.03441098449085052,368.49,,,ICT,6.250513347022587,"HO_0004_1112-Q1,1314-Q2",HO,Green,Not new,,,2020/beis/BEIS_Government_Major_Projects_Portfolio_data_September_2019.xlsx,2013-09-30,HO_0004_1112-Q1,Green,368.49,2012-12-31,HO::immigration and asylum biometric system,immigration and asylum biometric system,HO::immigration and asylum biometric system,name,Immigration and Asylum Biometric System (IABS),Green,368.49,2012-12-31,both,True
HO_0019_1213-Q1,PND (IMPACT),AR 2014,1314-Q2,HO,Amber/Red,2004-04-01 00:00:00,2013-04-30 00:00:00,4.9,4.9,0,0,188.49,,,,9.078713210130047,"HO_0019_1213-Q1,1314-Q2",HO,Amber/Red,Not new,,,2020/beis/BEIS_Government_Major_Projects_Portfolio_data_September_2019.xlsx,2013-09-30,HO_0019_1213-Q1,Amber/Red,188.49,2013-04-30,HO::pnd,pnd,HO::pnd,name,PND (IMPACT),Amber/Red,188.49,2013-04-30,both,True
HO_0001_1112-Q1,Commercial and Operating Managers Procuring Asylum Support Services (COMPASS),AR 2014,1314-Q2,HO,Amber/Green,2009-07-01 00:00:00,2012-09-30 00:00:00,94.92,97.8,2.8799999999999955,0.0303413400758533,686.73,,,Government Transformation and Service Delivery,3.249828884325804,"HO_0001_1112-Q1,1314-Q2",HO,Amber/Green,Not new,,,2020/beis/BEIS_Government_Major_Projects_Portfolio_data_September_2019.xlsx,2013-09-30,HO_0001_1112-Q1,Amber/Green,686.73,2012-09-30,HO::commercial and operating managers procuring asylum support services,commercial and operating managers procuring asylum support services,HO::commercial and operating managers procuring asylum support services,name,Commercial and Operating Managers Procuring Asylum Support Services (COMPASS),Amber/Green,686.73,2012-09-30,both,True
HO_0026_1213-Q2,National Crime Agency (NCA),AR 2014,1314-Q2,HO,Amber/Green,2011-06-08 00:00:00,2014-03-31 00:00:00,417.7,417.7,0,0,1697.8,,,,2.811772758384668,"HO_0026_1213-Q2,1314-Q2",HO,Amber/Green,Not new,,,2020/beis/BEIS_Government_Major_Projects_Portfolio_data_September_2019.xlsx,2013-09-30,HO_0026_1213-Q2,Amber/Green,1697.8,2014-03-31,HO::national crime agency,national crime agency,HO::national crime agency,name,National Crime Agency (NCA),Amber/Green,1697.8,2014-03-31,both,True
HO_0024_1213-Q1,Police ICTCompany Programme,AR 2014,1314-Q2,HO,Exempt,2011-09-01 00:00:00,Data exempt under section 43 of the Freedom of Information Act (2000),Data exempt under section 43 of the Freedom of Information Act (2000),Data exempt under section 43 of the Freedom of Information Act (2000),,,Data exempt under section 43 of the Freedom of Information Act (2000),,,,0,"HO_0024_1213-Q1,1314-Q2",HO,Exempt,Not new,,,2020/beis/BEIS_Government_Major_Projects_Portfolio_data_September_2019.xlsx,2013-09-30,HO_0024_1213-Q1,EXEMPT,,,,police ictcompany programme,,unmatched,,,,,left_only,False
MOD_0001_1112-Q1,A400M,AR 2014,1314-Q2,MOD,Amber/Green,2000-05-17 00:00:00,2022-03-31 00:00:00,149,149,0,0,Exempt under Section 43 of the Freedom of Information Act (2000),,,Military Capability,21.869952087611225,"MOD_0001_1112-Q1,1314-Q2",MOD,Amber/Green,Not new,,,2020/beis/BEIS_Government_Major_Projects_Portfolio_data_September_2019.xlsx,2013-09-30,MOD_0001_1112-Q1,Amber/Green,,2022-03-31,MOD_0001_1112-Q1,a400m,MOD_0001_1112-Q1,gmpp_id,A400M,Amber/Green,,2022-03-31,both,True
MOD_0004_1112-Q1,Airseeker,AR 2014,1314-Q2,MOD,Amber,2010-03-18 00:00:00,2018-04-01 00:00:00,141.57,150.19,8.619999999999976,0.06088860634315162,1219.4,,,Military Capability,8.038329911019849,"MOD_0004_1112-Q1,1314-Q2",MOD,Amber,Not new,,,2020/beis/BEIS_Government_Major_Projects_Portfolio_data_September_2019.xlsx,2013-09-30,MOD_0004_1112-Q1,Amber,1219.4,2018-04-01,MOD::airseeker,airseeker,MOD::airseeker,name,Airseeker,Amber,1219.4,2018-04-01,both,True
MOD_0009_1112-Q1,BORONA,AR 2014,1314-Q2,MOD,Amber,2006-08-31 00:00:00,2019-03-31 00:00:00,117.91,96.76,-21.15,-0.17937409888898306,1609.49,,,Government Transformation and Service Delivery,12.580424366872005,"MOD_0009_1112-Q1,1314-Q2",MOD,Amber,Not new,,,2020/beis/BEIS_Government_Major_Projects_Portfolio_data_September_2019.xlsx,2013-09-30,MOD_0009_1112-Q1,Amber,1609.49,2019-03-31,MOD::borona,borona,MOD::borona,name,BORONA,Amber,1609.49,2019-03-31,both,True
MOD_0017_1112-Q1,CROWSNEST programme,AR 2014,1314-Q2,MOD,Exempt,2013-03-31 00:00:00,2022-09-30 00:00:00,2,3.51,1.51,0.755,Exempt under Section 43 of the Freedom of Information Act (2000),,,Military Capability,9.500342231348391,"MOD_0017_1112-Q1,1314-Q2",MOD,Exempt,Not new,,,2020/beis/BEIS_Government_Major_Projects_Portfolio_data_September_2019.xlsx,2013-09-30,MOD_0017_1112-Q1,EXEMPT,,2022-09-30,MOD_0017_1112-Q1,crowsnest programme,MOD_0017_1112-Q1,gmpp_id,CROWSNEST programme,EXEMPT,,2022-09-30,both,True
MOD_0019_1112-Q1,Defence Information Infrastructure,AR 2014,1314-Q2,MOD,Amber/Red,2001-09-03 00:00:00,2015-03-21 00:00:00,777.49,794.8,17.309999999999945,0.02226395194793495,7349.97,,,ICT,13.544147843942506,"MOD_0019_1112-Q1,1314-Q2",MOD,Amber/Red,Not new,,,2020/beis/BEIS_Government_Major_Projects_Portfolio_data_September_2019.xlsx,2013-09-30,MOD_0019_1112-Q1,Amber/Red,7349.97,2015-03-21,MOD::defence information infrastructure,defence information infrastructure,MOD::defence information infrastructure,name,Defence Information Infrastructure,Amber/Red,7349.97,2015-03-21,both,True
MOD_0033_1112-Q1,MARSHALL,AR 2014,1314-Q2,MOD,Exempt,2006-04-03 00:00:00,2020-10-04 00:00:00,1.31,1.48,0.17,0.12977099236641215,Exempt under Section 43 of the Freedom of Information Act (2000),,,Military Capability,14.505133470225873,"MOD_0033_1112-Q1,1314-Q2",MOD,Exempt,Not new,,,2020/beis/BEIS_Government_Major_Projects_Portfolio_data_September_2019.xlsx,2013-09-30,MOD_0033_1112-Q1,EXEMPT,,2020-10-04,MOD_0033_1112-Q1,marshall,MOD_0033_1112-Q1,gmpp_id,MARSHALL,EXEMPT,,2020-10-04,both,True
MOD_0035_1112-Q1,Merlin Programme,AR 2014,1314-Q2,MOD,Amber/Green,2003-06-01 00:00:00,2016-03-31 00:00:00,79.1,101.19,22.09,0.27926675094816694,755.44,,,Military Capability,12.83230663928816,"MOD_0035_1112-Q1,1314-Q2",MOD,Amber/Green,Not new,,,2020/beis/BEIS_Government_Major_Projects_Portfolio_data_September_2019.xlsx,2013-09-30,MOD_0035_1112-Q1,Amber/Green,755.44,2016-03-31,MOD::merlin programme,merlin programme,MOD::merlin programme,name,Merlin Programme,Amber/Green,755.44,2016-03-31,both,True
MOD_0036_1112-Q1,Maritime Sustainment Programme,AR 2014,1314-Q2,MOD,Green,2005-07-25 00:00:00,2018-04-30 00:00:00,57.3,57.3,0,0,1664.03,,,Military Capability,12.763860369609857,"MOD_0036_1112-Q1,1314-Q2",MOD,Green,Not new,,,2020/beis/BEIS_Government_Major_Projects_Portfolio_data_September_2019.xlsx,2013-09-30,MOD_0036_1112-Q1,Green,1664.03,2018-04-30,MOD_0036_1112-Q1,maritime sustainment programme,MOD_0036_1112-Q1,gmpp_id,Maritime Sustainment Programme,Green,1664.03,2018-04-30,both,True
MOD_0038_1112-Q1,Nuclear Warhead Capability Sustainment Programme,AR 2014,1314-Q2,MOD,Exempt,2008-04-01 00:00:00,2025-04-30 00:00:00,911.74,863.11,-48.63,-0.05333757430846513,21883.89,,,Military Capability,17.078713210130047,"MOD_0038_1112-Q1,1314-Q2",MOD,Exempt,Not new,,,2020/beis/BEIS_Government_Major_Projects_Portfolio_data_September_2019.xlsx,2013-09-30,MOD_0038_1112-Q1,EXEMPT,21883.89,2025-04-30,MOD_0038_1112-Q1,nuclear warhead capability sustainment programme,MOD_0038_1112-Q1,gmpp_id,Nuclear Warhead Capability Sustainment Programme,EXEMPT,21883.89,2025-04-30,both,True
MOD_0040_1112-Q1,Puma Helicopter Life Extension Programme,AR 2014,1314-Q2,MOD,Amber/Green,2007-02-01 00:00:00,2015-12-31 00:00:00,33.39,30.03,-3.36,-0.10062893081761004,265.66,,,Military Capability,8.91170431211499,"MOD_0040_1112-Q1,1314-Q2",MOD,Amber/Green,Not new,,,2020/beis/BEIS_Government_Major_Projects_Portfolio_data_September_2019.xlsx,2013-09-30,MOD_0040_1112-Q1,Amber/Green,265.66,2015-12-31,MOD::puma helicopter life extension programme,puma helicopter life extension programme,MOD::puma helicopter life extension programme,name,Puma Helicopter Life Extension Programme,Amber/Green,265.66,2015-12-31,both,True
MOD_0042_1112-Q1,Queen Elizabeth Programme,AR 2014,1314-Q2,MOD,Red,1998-12-01 00:00:00,2023-03-31 00:00:00,781,781,0,0,6221.35,,,Military Capability,24.32854209445585,"MOD_0042_1112-Q1,1314-Q2",MOD,Red,Not new,,,2020/beis/BEIS_Government_Major_Projects_Portfolio_data_September_2019.xlsx,2013-09-30,MOD_0042_1112-Q1,Red,6221.35,2023-03-31,MOD_0042_1112-Q1,queen elizabeth programme,MOD_0042_1112-Q1,gmpp_id,Queen Elizabeth Programme,Red,6221.35,2023-03-31,both,True
MOD_0047_1112-Q1,Spearfish Upgrade (SFU) Programme,AR 2014,1314-Q2,MOD,Exempt,2008-04-01 00:00:00,2022-12-31 00:00:00,Exempt under Section 43(2) of the Freedom of Information Act (2000),Exempt under Section 43(2) of the Freedom of Information Act (2000),0,0,Exempt under Section 43(2) of the Freedom of Information Act (2000),,,,14.74880219028063,"MOD_0047_1112-Q1,1314-Q2",MOD,Exempt,Not new,,,2020/beis/BEIS_Government_Major_Projects_Portfolio_data_September_2019.xlsx,2013-09-30,MOD_0047_1112-Q1,EXEMPT,,2022-12-31,MOD_0047_1112-Q1,spearfish upgrade programme,MOD_0047_1112-Q1,gmpp_id,Spearfish Upgrade (SFU) Programme,EXEMPT,,2022-12-31,both,True
MOD_0055_1112-Q1,Type 26 Global Combat Ship (T26 GCS),AR 2014,1314-Q2,MOD,Exempt,2008-07-21 00:00:00,Exempt under Section 22 of the Freedom of Information Act (2000),87.35,82.42,-4.929999999999993,-0.05643961076130501,Exempt under Section 43 of the Freedom of Information Act (2000),,,,0,"MOD_0055_1112-Q1,1314-Q2",MOD,Exempt,Not new,,,2020/beis/BEIS_Government_Major_Projects_Portfolio_data_September_2019.xlsx,2013-09-30,MOD_0055_1112-Q1,EXEMPT,,,MOD_0055_1112-Q1,type 26 global combat ship,MOD_0055_1112-Q1,gmpp_id,Type 26 Global Combat Ship (T26 GCS),EXEMPT,,,both,True
MOD_0057_1112-Q1,Typhoon,AR 2014,1314-Q2,MOD,Amber/Green,1987-11-06 00:00:00,2024-03-30 00:00:00,1215.66,1215.57,-0.08999999999991815,-7.403385815106045e-05,20147.01,,,Military Capability,36.39698836413415,"MOD_0057_1112-Q1,1314-Q2",MOD,Amber/Green,Not new,,,2020/beis/BEIS_Government_Major_Projects_Portfolio_data_September_2019.xlsx,2013-09-30,MOD_0057_1112-Q1,Amber/Green,20147.01,2024-03-30,MOD::typhoon,typhoon,MOD::typhoon,name,Typhoon,Amber/Green,20147.01,2024-03-30,both,True
MOD_0061_1112-Q1,WATCHKEEPER,AR 2014,1314-Q2,MOD,Amber/Red,1998-03-01 00:00:00,2040-12-31 00:00:00,79.28,67.25,-12.03,-0.15174066599394553,1518.26,,,Military Capability,42.836413415468854,"MOD_0061_1112-Q1,1314-Q2",MOD,Amber/Red,Not new,,,2020/beis/BEIS_Government_Major_Projects_Portfolio_data_September_2019.xlsx,2013-09-30,MOD_0061_1112-Q1,Amber/Red,1518.26,2040-12-31,MOD_0061_1112-Q1,watchkeeper,MOD_0061_1112-Q1,gmpp_id,WATCHKEEPER,Amber/Red,1518.26,2040-12-31,both,True
MOD_0062_1112-Q1,Wildcat,AR 2014,1314-Q2,MOD,Amber/Red,2001-12-01 00:00:00,2016-05-31 00:00:00,175.57,175.57,0,0,1661.36,,,Military Capability,14.496919917864476,"MOD_0062_1112-Q1,1314-Q2",MOD,Amber/Red,Not new,,,2020/beis/BEIS_Government_Major_Projects_Portfolio_data_September_2019.xlsx,2013-09-30,MOD_0062_1112-Q1,Amber/Red,1661.36,2016-05-31,MOD::wildcat programme,wildcat,MOD::wildcat programme,name,Wildcat,Amber/Red,1661.36,2016-05-31,both,True
MOD_0065_1112-Q2,CHINOOK (incl Project Julius),AR 2014,1314-Q2,MOD,Amber,2008-04-01 00:00:00,2017-03-31 00:00:00,249.82,247.23,-2.59,-0.010367464574493649,1053.87,,,Military Capability,8.996577686516085,"MOD_0065_1112-Q2,1314-Q2",MOD,Amber,Not new,,,2020/beis/BEIS_Government_Major_Projects_Portfolio_data_September_2019.xlsx,2013-09-30,MOD_0065_1112-Q2,Amber,1053.87,2017-03-31,MOD::chinook,chinook,MOD::chinook,name,CHINOOK (incl Project Julius),Amber,1053.87,2017-03-31,both,True
MOD_0067_1112-Q2,Defence Core Network Services,AR 2014,1314-Q2,MOD,Amber/Red,2009-12-01 00:00:00,2020-03-02 00:00:00,33.51,29.62,-3.89,-0.11608475082065046,5632.58,,,ICT,10.250513347022586,"MOD_0067_1112-Q2,1314-Q2",MOD,Amber/Red,Not new,,,2020/beis/BEIS_Government_Major_Projects_Portfolio_data_September_2019.xlsx,2013-09-30,MOD_0067_1112-Q2,Amber/Red,5632.58,2020-03-02,MOD::defence core network services,defence core network services,MOD::defence core network services,name,Defence Core Network Services,Amber/Red,5632.58,2020-03-02,both,True
MOD_0069_1112-Q2,Logistics Commodities Services Transformation,AR 2014,1314-Q2,MOD,Exempt,2011-08-01 00:00:00,2018-02-01 00:00:00,7.14,7.14,0,0,Exempt under Section 43 of the Freedom of Information Act (2000),,,Government Transformation and Service Delivery,6.505133470225872,"MOD_0069_1112-Q2,1314-Q2",MOD,Exempt,Not new,,,2020/beis/BEIS_Government_Major_Projects_Portfolio_data_September_2019.xlsx,2013-09-30,MOD_0069_1112-Q2,EXEMPT,,2018-02-01,MOD::logistics commodities services transformation,logistics commodities services transformation,MOD::logistics commodities services transformation,name,Logistics Commodities Services Transformation,EXEMPT,,2018-02-01,both,True
MOD_0070_1112-Q2,New Employment Model,AR 2014,1314-Q2,MOD,Amber/Green,2011-05-02 00:00:00,2021-10-01 00:00:00,16.69,17.58,0.889999999999997,0.05332534451767507,85.82,,,Government Transformation and Service Delivery,10.417522245037645,"MOD_0070_1112-Q2,1314-Q2",MOD,Amber/Green,Not new,,,2020/beis/BEIS_Government_Major_Projects_Portfolio_data_September_2019.xlsx,2013-09-30,MOD_0070_1112-Q2,Amber/Green,85.82,2021-10-01,MOD::new employment model,new employment model,MOD::new employment model,name,New Employment Model,Amber/Green,85.82,2021-10-01,both,True
MOD_0071_1112-Q2,Submarine Enterprise Performance Programme,AR 2014,1314-Q2,MOD,Amber,2010-05-31 00:00:00,2014-03-31 00:00:00,4.48,0.3,-4.18,-0.9330357142857143,12.42,,,Government Transformation and Service Delivery,3.8329911019849416,"MOD_0071_1112-Q2,1314-Q2",MOD,Amber,Not new,,,2020/beis/BEIS_Government_Major_Projects_Portfolio_data_September_2019.xlsx,2013-09-30,MOD_0071_1112-Q2,Amber,12.42,2014-03-31,MOD::submarine enterprise performance programme,submarine enterprise performance programme,MOD::submarine enterprise performance programme,name,Submarine Enterprise Performance Programme,Amber,12.42,2014-03-31,both,True
MOD_0076_1213-Q1,Astute Boats 1-7,AR 2014,1314-Q2,MOD,Amber,1997-03-17 00:00:00,2024-03-31 00:00:00,549.02,534,-15.02,-0.02735783760154454,9867.58,,,Military Capability,27.039014373716633,"MOD_0076_1213-Q1,1314-Q2",MOD,Amber,Not new,,,2020/beis/BEIS_Government_Major_Projects_Portfolio_data_September_2019.xlsx,2013-09-30,MOD_0076_1213-Q1,Amber,9867.58,2024-03-31,MOD_0076_1213-Q1,astute boats 1 7,MOD_0076_1213-Q1,gmpp_id,Astute Boats 1-7,Amber,9867.58,2024-03-31,both,True
MOD_0077_1213-Q1,Complex Weapons,AR 2014,1314-Q2,MOD,Amber,2008-03-31 00:00:00,00:00:00,450.09,389.59,-60.5,-0.134417560932258,15948.67,,,Military Capability,-108.24914442162903,"MOD_0077_1213-Q1,1314-Q2",MOD,Amber,Not new,,,2020/beis/BEIS_Government_Major_Projects_Portfolio_data_September_2019.xlsx,2013-09-30,MOD_0077_1213-Q1,Amber,15948.67,,MOD_0077_1213-Q1,complex weapons,MOD_0077_1213-Q1,gmpp_id,Complex Weapons,Amber,15948.67,,both,True
MOD_0078_1213-Q1,Core Production Capability,AR 2014,1314-Q2,MOD,Green,2012-04-01 00:00:00,2023-03-19 00:00:00,102.97,102.86,-0.10999999999999943,-0.0010682723123239723,1232.35,,,Military Capability,10.962354551676933,"MOD_0078_1213-Q1,1314-Q2",MOD,Green,Not new,,,2020/beis/BEIS_Government_Major_Projects_Portfolio_data_September_2019.xlsx,2013-09-30,MOD_0078_1213-Q1,Green,1232.35,2023-03-19,MOD_0078_1213-Q1,core production capability,MOD_0078_1213-Q1,gmpp_id,Core Production Capability,Green,1232.35,2023-03-19,both,True
MOD_0079_1213-Q1,Joint Combat Aircraft (Lightning),AR 2014,1314-Q2,MOD,Amber,2001-10-01 00:00:00,2050-03-31 00:00:00,137.14,141.89,4.750000000000028,0.03463613825288048,15291.29,,,,48.49555099247091,"MOD_0079_1213-Q1,1314-Q2",MOD,Amber,Not new,,,2020/beis/BEIS_Government_Major_Projects_Portfolio_data_September_2019.xlsx,2013-09-30,MOD_0079_1213-Q1,Amber,15291.29,2050-03-31,MOD_0079_1213-Q1,joint combat aircraft,MOD::joint combat aircraft,gmpp_id,,,,,left_only,False
MOD_0080_1213-Q1,Successor SSBN,AR 2014,1314-Q2,MOD,Amber/Green,2011-04-14 00:00:00,Exempt under Section 22 of the Freedom of Information Act (2000),472.46,507.4,34.94,0.07395335054819456,Exempt under Section 43 of the Freedom of Information Act (2000),,,,0,"MOD_0080_1213-Q1,1314-Q2",MOD,Amber/Green,Not new,,,2020/beis/BEIS_Government_Major_Projects_Portfolio_data_September_2019.xlsx,2013-09-30,MOD_0080_1213-Q1,Amber/Green,,,MOD_0080_1213-Q1,successor ssbn,MOD_0080_1213-Q1,gmpp_id,Successor SSBN,Amber/Green,,,both,True
MOD_0081_1213-Q2,Future Reserves 2020,AR 2014,1314-Q2,MOD,Amber/Red,2011-09-30 00:00:00,2018-03-31 00:00:00,144.24,144.24,0,0,1810.26,,,Government Transformation and Service Delivery,6.499657768651608,"MOD_0081_1213-Q2,1314-Q2",MOD,Amber/Red,Not new,,,2020/beis/BEIS_Government_Major_Projects_Portfolio_data_September_2019.xlsx,2013-09-30,MOD_0081_1213-Q2,Amber/Red,1810.26,2018-03-31,MOD::future reserves 2020,future reserves 2020,MOD::future reserves 2020,name,Future Reserves 2020,Amber/Red,1810.26,2018-03-31,both,True
MOD_0056_1112-Q1,Type 45 Destroyers,AR 2014,1314-Q2,MOD,Green,2000-08-15 00:00:00,2014-03-31 00:00:00,109.67,85.68,-23.99,-0.21874715054253666,5610.77,,,Military Capability,13.623545516769337,"MOD_0056_1112-Q1,1314-Q2",MOD,Green,Not new,,,2020/beis/BEIS_Government_Major_Projects_Portfolio_data_September_2019.xlsx,2013-09-30,MOD_0056_1112-Q1,Green,5610.77,2014-03-31,MOD::type 45 destroyers,type 45 destroyers,MOD::type 45 destroyers,name,Type 45 Destroyers,Green,5610.77,2014-03-31,both,True
MOD_0020_1112-Q1,Defence Infrastructure Transformation Programme,AR 2014,1314-Q2,MOD,Amber,2011-01-03 00:00:00,2015-03-31 00:00:00,23.62,23.62,0,0,125.71,,,,4.238193018480493,"MOD_0020_1112-Q1,1314-Q2",MOD,Amber,Not new,,,2020/beis/BEIS_Government_Major_Projects_Portfolio_data_September_2019.xlsx,2013-09-30,MOD_0020_1112-Q1,Amber,125.71,2015-03-31,MOD::defence infrastructure transformation programme,defence infrastructure transformation programme,MOD::defence infrastructure transformation programme,name,Defence Infrastructure Transformation Programme,Amber,125.71,2015-03-31,both,True
MOD_0016_1112-Q1,Corporate Services Transformation Programme,AR 2014,1314-Q2,MOD,Amber/Green,2010-07-02 00:00:00,2016-12-01 00:00:00,13.85,14.32,0.47000000000000064,0.03393501805054156,41.46,,,Government Transformation and Service Delivery,6.417522245037645,"MOD_0016_1112-Q1,1314-Q2",MOD,Amber/Green,Not new,,,2020/beis/BEIS_Government_Major_Projects_Portfolio_data_September_2019.xlsx,2013-09-30,MOD_0016_1112-Q1,Amber/Green,41.46,2016-12-01,MOD::corporate services transformation programme,corporate services transformation programme,MOD::corporate services transformation programme,name,Corporate Services Transformation Programme,Amber/Green,41.46,2016-12-01,both,True
MOD_0022_1112-Q1,End Crypto Units (ECU),AR 2014,1314-Q2,MOD,Exempt,2007-08-31 00:00:00,2040-08-31 00:00:00,27.81,27.35,-0.4600000000000044,-0.016540812657317668,188.43,,,,33.002053388090346,"MOD_0022_1112-Q1,1314-Q2",MOD,Exempt,Not new,,,2020/beis/BEIS_Government_Major_Projects_Portfolio_data_September_2019.xlsx,2013-09-30,MOD_0022_1112-Q1,EXEMPT,188.43,2040-08-31,MOD::end crypto units,end crypto units,MOD::end crypto units,name,End Crypto Units (ECU),EXEMPT,188.43,2040-08-31,both,True
MOJ_0002_1112-Q1,Court Estates Reform,AR 2014,1314-Q2,MOJ,Green,2010-05-10 00:00:00,2014-09-30 00:00:00,10.96,4.5169999999999995,-6.443000000000001,-0.5878649635036497,45.44,,,Government Transformation and Service Delivery,4.39151266255989,"MOJ_0002_1112-Q1,1314-Q2",MOJ,Green,Not new,,,2020/beis/BEIS_Government_Major_Projects_Portfolio_data_September_2019.xlsx,2013-09-30,MOJ_0002_1112-Q1,Green,45.44,2014-09-30,MOJ::court estates reform,court estates reform,MOJ::court estates reform,name,Court Estates Reform,Green,45.44,2014-09-30,both,True
MOJ_0003_1112-Q1,Electronic Monitoring,AR 2014,1314-Q2,MOJ,Amber/Red,2011-05-10 00:00:00,2013-09-30 00:00:00,100.541,33.421,-67.12,-0.6675883470425001,912.531,,,Government Transformation and Service Delivery,2.3928815879534566,"MOJ_0003_1112-Q1,1314-Q2",MOJ,Amber/Red,Not new,,,2020/beis/BEIS_Government_Major_Projects_Portfolio_data_September_2019.xlsx,2013-09-30,MOJ_0003_1112-Q1,Amber/Red,912.531,2013-09-30,MOJ_0003_1112-Q1,electronic monitoring,MOJ_0003_1112-Q1,gmpp_id,Electronic Monitoring,Amber/Red,912.531,2013-09-30,both,True
MOJ_0004_1112-Q1,Future IT Sourcing Programme (FITS),AR 2014,1314-Q2,MOJ,Amber,2011-03-01 00:00:00,2016-04-01 00:00:00,31.30000000001,31.30000000001,0,0,1375.30000000001,,,ICT,5.086926762491444,"MOJ_0004_1112-Q1,1314-Q2",MOJ,Amber,Not new,,,2020/beis/BEIS_Government_Major_Projects_Portfolio_data_September_2019.xlsx,2013-09-30,MOJ_0004_1112-Q1,Amber,1375.30000000001,2016-04-01,MOJ_0004_1112-Q1,future it sourcing programme,MOJ_0004_1112-Q1,gmpp_id,Future IT Sourcing Programme (FITS),Amber,1375.3,2016-04-01,both,True
MOJ_0005_1112-Q1,HMCTS Compliance & Enforcement Services Project,AR 2014,1314-Q2,MOJ,Amber,2010-08-31 00:00:00,2015-07-31 00:00:00,5.29,2.21,-3.08,-0.5822306238185255,12.190000000000001,,,Government Transformation and Service Delivery,4.914442162902122,"MOJ_0005_1112-Q1,1314-Q2",MOJ,Amber,Not new,,,2020/beis/BEIS_Government_Major_Projects_Portfolio_data_September_2019.xlsx,2013-09-30,MOJ_0005_1112-Q1,Amber,12.190000000000001,2015-07-31,MOJ::her majesty s courts and tribunals services compliance and enforcement services project,hmcts compliance and enforcement services project,MOJ::her majesty s courts and tribunals services compliance and enforcement services project,name,HMCTS Compliance & Enforcement Services Project,Amber,12.19,2015-07-31,both,True
MOJ_0006_1112-Q1,Integrated Delivery Programme,AR 2014,1314-Q2,MOJ,Amber,2009-07-01 00:00:00,2014-03-01 00:00:00,10.814,10.814,0,0,68.798,,,ICT,4.6652977412731005,"MOJ_0006_1112-Q1,1314-Q2",MOJ,Amber,Not new,,,2020/beis/BEIS_Government_Major_Projects_Portfolio_data_September_2019.xlsx,2013-09-30,MOJ_0006_1112-Q1,Amber,68.798,2014-03-01,MOJ_0006_1112-Q1,integrated delivery programme,MOJ_0006_1112-Q1,gmpp_id,Integrated Delivery Programme,Amber,68.798,2014-03-01,both,True
MOJ_0007_1112-Q1,Legal Aid Reform Implementation,AR 2014,1314-Q2,MOJ,Green,2011-04-01 00:00:00,2013-10-31 00:00:00,2.8028750069839994,2.8028750069839994,0,0,19.059817638458732,,,Government Transformation and Service Delivery,2.5845311430527036,"MOJ_0007_1112-Q1,1314-Q2",MOJ,Green,Not new,,,2020/beis/BEIS_Government_Major_Projects_Portfolio_data_September_2019.xlsx,2013-09-30,MOJ_0007_1112-Q1,Green,19.059817638458732,2013-10-31,MOJ::legal aid reform implementation,legal aid reform implementation,MOJ::legal aid reform implementation,name,Legal Aid Reform Implementation,Green,19.05981764,2013-10-31,both,True
MOJ_0008_1112-Q1,MoJ Shared Services,AR 2014,1314-Q2,MOJ,Amber/Red,2009-01-01 00:00:00,2015-07-07 00:00:00,31.3,14.236,-17.064,-0.5451757188498403,244.402,,,ICT,6.510609171800137,"MOJ_0008_1112-Q1,1314-Q2",MOJ,Amber/Red,Not new,,,2020/beis/BEIS_Government_Major_Projects_Portfolio_data_September_2019.xlsx,2013-09-30,MOJ_0008_1112-Q1,Amber/Red,244.402,2015-07-07,MOJ_0008_1112-Q1,moj shared services,MOJ::moj shared services,gmpp_id,,,,,left_only,False
MOJ_0015_1112-Q2,NOMS ICTS Services (NIS) Programme (formally part of Quantum Re-compete Project),AR 2014,1314-Q2,MOJ,Amber,2011-07-18 00:00:00,2014-11-30 00:00:00,88.7,88.7,0,0,248.82,,,ICT,3.370294318959617,"MOJ_0015_1112-Q2,1314-Q2",MOJ,Amber,Not new,,,2020/beis/BEIS_Government_Major_Projects_Portfolio_data_September_2019.xlsx,2013-09-30,MOJ_0015_1112-Q2,Amber,248.82,2014-11-30,MOJ_0015_1112-Q2,noms icts services programme,MOJ_0015_1112-Q2,gmpp_id,NOMS ICTS Services (NIS) Programme (formally part of Quantum Re-compete Project),Amber,248.82,2014-11-30,both,True
MOJ_0018_1112-Q2,Prison Competitions Phase 2,AR 2014,1314-Q2,MOJ,Amber,2011-07-13 00:00:00,2014-01-31 00:00:00,39.685876666666665,39.685876666666665,0,0,786.6930688666666,,,Government Transformation and Service Delivery,2.5544147843942504,"MOJ_0018_1112-Q2,1314-Q2",MOJ,Amber,Not new,,,2020/beis/BEIS_Government_Major_Projects_Portfolio_data_September_2019.xlsx,2013-09-30,MOJ_0018_1112-Q2,Amber,786.6930688666666,2014-01-31,MOJ::prison competitions phase two,prison competitions phase 2,MOJ::prison competitions phase two,name,Prison Competitions Phase 2,Amber,786.6930689,2014-01-31,both,True
MOJ_0021_1213-Q2,NOMS Organisational Restructure Programme,AR 2014,1314-Q2,MOJ,Green,2010-11-01 00:00:00,2013-10-30 00:00:00,0.61,0.450772,-0.15922799999999998,-0.26102950819672127,38.3744361225068,,,,2.9952087611225187,"MOJ_0021_1213-Q2,1314-Q2",MOJ,Green,Not new,,,2020/beis/BEIS_Government_Major_Projects_Portfolio_data_September_2019.xlsx,2013-09-30,MOJ_0021_1213-Q2,Green,38.3744361225068,2013-10-30,MOJ::noms organisational restructure programme,noms organisational restructure programme,MOJ::noms organisational restructure programme,name,NOMS Organisational Restructure Programme,Green,38.37443612,2013-10-30,both,True
MOJ_0020_1213-Q2,National Offender Management Information Systems (NOMIS) Programme,AR 2014,1314-Q2,MOJ,Amber/Green,2008-01-08 00:00:00,2013-10-31 00:00:00,20.93,17.9,-3.030000000000001,-0.14476827520305788,477.28,,,,5.812457221081451,"MOJ_0020_1213-Q2,1314-Q2",MOJ,Amber/Green,Not new,,,2020/beis/BEIS_Government_Major_Projects_Portfolio_data_September_2019.xlsx,2013-09-30,MOJ_0020_1213-Q2,Amber/Green,477.28,2013-10-31,MOJ::national offender management information systems programme,national offender management information systems programme,MOJ::national offender management information systems programme,name,National Offender Management Information Systems (NOMIS) Programme,Amber/Green,477.28,2013-10-31,both,True
HMT_0003_1112-Q1,Yoda Project (Outsourced Services Retender Project),AR 2014,1314-Q2,NS&I,Green,2009-04-05 00:00:00,2014-05-31 00:00:00,0.375,0.375,0,0,677.710288,,,Government Transformation and Service Delivery,5.152635181382615,"HMT_0003_1112-Q1,1314-Q2",NS&I,Green,Not new,,,2020/beis/BEIS_Government_Major_Projects_Portfolio_data_September_2019.xlsx,2013-09-30,HMT_0003_1112-Q1,Green,677.710288,2014-05-31,,yoda project,,unmatched,,,,,left_only,False
ONS_0001_1112-Q1,2011 Census,AR 2014,1314-Q2,ONS,Amber/Green,2002-09-01 00:00:00,2014-03-31 00:00:00,10.1,10.1,0,0,481.63200000000006,,,Government Transformation and Service Delivery,11.578370978781656,"ONS_0001_1112-Q1,1314-Q2",ONS,Amber/Green,Not new,,,2020/beis/BEIS_Government_Major_Projects_Portfolio_data_September_2019.xlsx,2013-09-30,ONS_0001_1112-Q1,Amber/Green,481.63200000000006,2014-03-31,,2011 census,,unmatched,,,,,left_only,False
ONS_0002_1112-Q1,Beyond 2011 Programme,AR 2014,1314-Q2,ONS,Amber/Green,2011-04-01 00:00:00,2015-03-31 00:00:00,8,7.52,-0.4800000000000004,-0.06000000000000005,25.1,,,Government Transformation and Service Delivery,3.997262149212868,"ONS_0002_1112-Q1,1314-Q2",ONS,Amber/Green,Not new,,,2020/beis/BEIS_Government_Major_Projects_Portfolio_data_September_2019.xlsx,2013-09-30,ONS_0002_1112-Q1,Amber/Green,25.1,2015-03-31,ONS_0002_1112-Q1,beyond 2011 programme,,gmpp_id,,,,,left_only,False
ONS_0003_1112-Q4,Web Data Access (WDA) Project,AR 2014,1314-Q2,ONS,Amber/Green,2011-04-01 00:00:00,2013-12-31 00:00:00,3.36,3.36,0,0,16.108,,,ICT,2.751540041067762,"ONS_0003_1112-Q4,1314-Q2",ONS,Amber/Green,Not new,,,2020/beis/BEIS_Government_Major_Projects_Portfolio_data_September_2019.xlsx,2013-09-30,ONS_0003_1112-Q4,Amber/Green,16.108,2013-12-31,,web data access project,,unmatched,,,,,left_only,False
ONS_0004_1213-Q2,Electronic Data Collection (EDC),AR 2014,1314-Q2,ONS,Amber/Red,2012-04-02 00:00:00,2024-03-31 00:00:00,4.2282708,4.228270800000001,0,0,66.35006938803333,,,ICT,11.994524298425736,"ONS_0004_1213-Q2,1314-Q2",ONS,Amber/Red,Not new,,,2020/beis/BEIS_Government_Major_Projects_Portfolio_data_September_2019.xlsx,2013-09-30,ONS_0004_1213-Q2,Amber/Red,66.35006938803333,2024-03-31,,electronic data collection,,unmatched,,,,,left_only,False
ONS_0005_1213-Q2,ESA10/BPM6 Programme (European Systems of Accounting 2010),AR 2014,1314-Q2,ONS,Amber,2011-02-05 00:00:00,2020-03-30 00:00:00,7.109999999999999,6.662,-0.4479999999999995,-0.06300984528832623,57.846999999999994,,,Government Transformation and Service Delivery,9.14715947980835,"ONS_0005_1213-Q2,1314-Q2",ONS,Amber,Not new,,,2020/beis/BEIS_Government_Major_Projects_Portfolio_data_September_2019.xlsx,2013-09-30,ONS_0005_1213-Q2,Amber,57.846999999999994,2020-03-30,,esa10 bpm6 programme,,unmatched,,,,,left_only,False
BIS_0012_1213-Q4,Business Bank Project,AR 2014,1314-Q2,BEIS,Amber/Green,2012-09-24 00:00:00,2014-11-15 00:00:00,237.92000000000002,185.56900000000002,-52.351,-0.22003614660390045,1567.4499999999998,,,Government Transformation and Service Delivery,2.1409993155373033,"BIS_0012_1213-Q4,1314-Q2",BEIS,Amber/Green,Joiner,,,2020/beis/BEIS_Government_Major_Projects_Portfolio_data_September_2019.xlsx,2013-09-30,BIS_0012_1213-Q4,Amber/Green,1567.4499999999998,2014-11-15,BEIS lineage::business bank project,business bank project,BEIS lineage::business bank project,name,Business Bank Project,Amber/Green,1567.45,2014-11-15,both,True
CO_0008_1213-Q4,Next Generation Shared Services,AR 2014,1314-Q2,CO,Amber/Red,2012-12-28 00:00:00,2015-04-30 00:00:00,8,8,0,0,11.6,,,Government Transformation and Service Delivery,2.3353867214236823,"CO_0008_1213-Q4,1314-Q2",CO,Amber/Red,Joiner,,,2020/beis/BEIS_Government_Major_Projects_Portfolio_data_September_2019.xlsx,2013-09-30,CO_0008_1213-Q4,Amber/Red,11.6,2015-04-30,CO::next generation shared services,next generation shared services,CO::next generation shared services,name,Next Generation Shared Services,Amber/Red,11.6,2015-04-30,both,True
CO_0009_1314-Q1,New Civil Service 2015 Pension Scheme Implementation,AR 2014,1314-Q2,CO,Amber,2013-04-15 00:00:00,2016-06-30 00:00:00,0,0,0,0,0,,,Government Transformation and Service Delivery,3.2087611225188226,"CO_0009_1314-Q1,1314-Q2",CO,Amber,Joiner,,,2020/beis/BEIS_Government_Major_Projects_Portfolio_data_September_2019.xlsx,2013-09-30,CO_0009_1314-Q1,Amber,0.0,2016-06-30,CO::new civil service 2015 pension scheme implementation,new civil service 2015 pension scheme implementation,CO::new civil service 2015 pension scheme implementation,name,New Civil Service 2015 Pension Scheme Implementation,Amber,0.0,2016-06-30,both,True
DH_0017_1112-Q1,PHE Science Hub,AR 2014,1314-Q2,DH,Amber/Red,2013-06-28 00:00:00,2021-03-30 00:00:00,13,13.6,0.6,0.0462,6237.56,,,Infrastructure and Construction,7.753593429158111,"DH_0017_1112-Q1,1314-Q2",DH,Amber/Red,Not new,,,2020/beis/BEIS_Government_Major_Projects_Portfolio_data_September_2019.xlsx,2013-09-30,DH_0017_1112-Q1,Amber/Red,6237.56,2021-03-30,DH_0017_1112-Q1,phe science hub,DH_0017_1112-Q1,gmpp_id,PHE Science Hub,Amber/Red,6237.56,2021-03-30,both,True
DH_0019_1112-Q1,Royal Liverpool & Broadgreen ('World Class Hospitals; World Class Services - Renewing the Royal Liverpool University Hospital'),AR 2014,1314-Q2,DH,No DCA,2010-06-01 00:00:00,2016-11-01 00:00:00,7.5,7.5,0,0,837,,,Infrastructure and Construction,6.420260095824777,"DH_0019_1112-Q1,1314-Q2",DH,No DCA,Not new,,,2020/beis/BEIS_Government_Major_Projects_Portfolio_data_September_2019.xlsx,2013-09-30,DH_0019_1112-Q1,NOT_RATED,837.0,2016-11-01,DH/DHSC::pfi royal liverpool and broadgreen,royal liverpool and broadgreen,DH/DHSC::pfi royal liverpool and broadgreen,name,Royal Liverpool & Broadgreen ('World Class Hospitals; World Class Services - Renewing the Royal Liverpool University Hospital'),NOT_RATED,837.0,2016-11-01,both,True
DH_0020_1112-Q1,Royal National Orthopaedic Hospital (RNOH) NHS Trust PFI Project,AR 2014,1314-Q2,DH,No DCA,2011-01-15 00:00:00,2016-11-28 00:00:00,0,0,0,No departmental narrative,208.79,,,Infrastructure and Construction,5.8699520876112254,"DH_0020_1112-Q1,1314-Q2",DH,No DCA,Not new,,,2020/beis/BEIS_Government_Major_Projects_Portfolio_data_September_2019.xlsx,2013-09-30,DH_0020_1112-Q1,NOT_RATED,208.79,2016-11-28,DH/DHSC::royal national orthopaedic hospital nhs trust pfi project,royal national orthopaedic hospital nhs trust pfi project,DH/DHSC::royal national orthopaedic hospital nhs trust pfi project,name,Royal National Orthopaedic Hospital (RNOH) NHS Trust PFI Project,NOT_RATED,208.79,2016-11-28,both,True
DH_0021_1112-Q1,Sandwell and West Birmingham Hospitals NHS Trust - The Midland Metropolitan Hospital Project,AR 2014,1314-Q2,DH,No DCA,2008-10-01 00:00:00,2019-04-01 00:00:00,0,0,0,No departmental narrative,1116,,,Infrastructure and Construction,10.496919917864476,"DH_0021_1112-Q1,1314-Q2",DH,No DCA,Not new,,,2020/beis/BEIS_Government_Major_Projects_Portfolio_data_September_2019.xlsx,2013-09-30,DH_0021_1112-Q1,NOT_RATED,1116.0,2019-04-01,DH/DHSC::sandwell and west birmingham hospitals nhs trust the midland metropolitan hospital project,sandwell and west birmingham hospitals nhs trust the midland metropolitan hospital project,DH/DHSC::sandwell and west birmingham hospitals nhs trust the midland metropolitan hospital project,name,Sandwell and West Birmingham Hospitals NHS Trust - The Midland Metropolitan Hospital Project,NOT_RATED,1116.0,2019-04-01,both,True
DH_0027_1213-Q4,South Acute Programme,AR 2014,1314-Q2,DH,Amber,2012-01-02 00:00:00,2017-06-27 00:00:00,40.4,42.69,2.29,0.0567,189.06,,,ICT,5.4839151266255985,"DH_0027_1213-Q4,1314-Q2",DH,Amber,Joiner,,,2020/beis/BEIS_Government_Major_Projects_Portfolio_data_September_2019.xlsx,2013-09-30,DH_0027_1213-Q4,Amber,189.06,2017-06-27,DH/DHSC::south acute programme,south acute programme,DH/DHSC::south acute programme,name,South Acute Programme,Amber,189.06,2017-06-27,both,True
DH_0028_1314-Q1,General Practice System of Choice (GPSoC) Replacement,AR 2014,1314-Q2,DH,Amber,2012-01-26 00:00:00,2015-03-31 00:00:00,100.74,96.45,-4.29,-0.0426,319.03,,,ICT,3.1759069130732374,"DH_0028_1314-Q1,1314-Q2",DH,Amber,Joiner,,,2020/beis/BEIS_Government_Major_Projects_Portfolio_data_September_2019.xlsx,2013-09-30,DH_0028_1314-Q1,Amber,319.03,2015-03-31,DOH_0028_1314-Q1,general practice system of choice replacement,DOH_0028_1314-Q1,name,General Practice System of Choice (GPSoC) Replacement,Amber,319.03,2015-03-31,both,True
DH_0029_1314-Q1,Liaison and Diversion Programme,AR 2014,1314-Q2,DH,Amber/Red,2011-04-01 00:00:00,2014-04-01 00:00:00,35,19.374,-15.626,-0.4465,59.474,,,ICT,3.0006844626967832,"DH_0029_1314-Q1,1314-Q2",DH,Amber/Red,Joiner,,,2020/beis/BEIS_Government_Major_Projects_Portfolio_data_September_2019.xlsx,2013-09-30,DH_0029_1314-Q1,Amber/Red,59.474,2014-04-01,DOH_0029_1314-Q1,liaison and diversion programme,DOH_0029_1314-Q1,name,Liaison and Diversion Programme,Amber/Red,59.474,2014-04-01,both,True
DH_0030_1314-Q1,National Pandemic Flu Service,AR 2014,1314-Q2,DH,Amber,2012-03-19 00:00:00,2015-12-01 00:00:00,Exempt under section 43 of the FoI Act (2000),Exempt under section 43 of the FoI Act (2000),,,Exempt under section 43 of the FoI Act (2000),,,Government Transformation and Service Delivery,3.701574264202601,"DH_0030_1314-Q1,1314-Q2",DH,Amber,Joiner,,,2020/beis/BEIS_Government_Major_Projects_Portfolio_data_September_2019.xlsx,2013-09-30,DH_0030_1314-Q1,Amber,,2015-12-01,DOH_0030_1314-Q1,national pandemic flu service,DOH_0030_1314-Q1,name,National Pandemic Flu Service,Amber,,2015-12-01,both,True
DH_0031_1314-Q1,National Proton Beam Therapy (PBT) Service Development Programme,AR 2014,1314-Q2,DH,Amber/Red,2012-01-01 00:00:00,2018-12-01 00:00:00,4.81,4.868823529,0.058823529,0.0122,1312.944125,,,Infrastructure and Construction,6.915811088295688,"DH_0031_1314-Q1,1314-Q2",DH,Amber/Red,Joiner,,,2020/beis/BEIS_Government_Major_Projects_Portfolio_data_September_2019.xlsx,2013-09-30,DH_0031_1314-Q1,Amber/Red,1312.944125,2018-12-01,DH_0031_1314-Q1,national proton beam therapy service development programme,DH_0031_1314-Q1,gmpp_id,National Proton Beam Therapy (PBT) Service Development Programme,Amber/Red,1312.944125,2018-12-01,both,True
DH_0032_1314-Q1,Rotavirus Immunisation Programme,AR 2014,1314-Q2,DH,Green,2009-03-05 00:00:00,2014-04-01 00:00:00,19.2,19.2,0,0,70.2,,,Government Transformation and Service Delivery,5.073237508555784,"DH_0032_1314-Q1,1314-Q2",DH,Green,Joiner,,,2020/beis/BEIS_Government_Major_Projects_Portfolio_data_September_2019.xlsx,2013-09-30,DH_0032_1314-Q1,Green,70.2,2014-04-01,DH/DHSC::rotavirus immunisation programme,rotavirus immunisation programme,DH/DHSC::rotavirus immunisation programme,name,Rotavirus Immunisation Programme,Green,70.2,2014-04-01,both,True
DH_0033_1314-Q1,Seasonal Flu Extension to Children Programme,AR 2014,1314-Q2,DH,Amber/Red,2013-09-03 00:00:00,2017-09-01 00:00:00,34.2,34.2,0,0,719.5,,,,3.994524298425736,"DH_0033_1314-Q1,1314-Q2",DH,Amber/Red,Joiner,,,2020/beis/BEIS_Government_Major_Projects_Portfolio_data_September_2019.xlsx,2013-09-30,DH_0033_1314-Q1,Amber/Red,719.5,2017-09-01,DH/DHSC::seasonal flu extension to children programme,seasonal flu extension to children programme,DH/DHSC::seasonal flu extension to children programme,name,Seasonal Flu Extension to Children Programme,Amber/Red,719.5,2017-09-01,both,True
DH_0035_1314-Q1,Shingles Immunisation Programme,AR 2014,1314-Q2,DH,Amber/Green,2012-12-11 00:00:00,2013-11-01 00:00:00,51.3,51.3,0,0,171.53,,,Government Transformation and Service Delivery,0.8898015058179329,"DH_0035_1314-Q1,1314-Q2",DH,Amber/Green,Joiner,,,2020/beis/BEIS_Government_Major_Projects_Portfolio_data_September_2019.xlsx,2013-09-30,DH_0035_1314-Q1,Amber/Green,171.53,2013-11-01,DH/DHSC::shingles immunisation programme,shingles immunisation programme,DH/DHSC::shingles immunisation programme,name,Shingles Immunisation Programme,Amber/Green,171.53,2013-11-01,both,True
DH_0036_1314-Q1,Spine 2,AR 2014,1314-Q2,DH,Amber,2010-05-10 00:00:00,2018-03-30 00:00:00,204,28.95,-175.05,-0.8581,857,,,ICT,7.887748117727583,"DH_0036_1314-Q1,1314-Q2",DH,Amber,Joiner,,,2020/beis/BEIS_Government_Major_Projects_Portfolio_data_September_2019.xlsx,2013-09-30,DH_0036_1314-Q1,Amber,857.0,2018-03-30,DH/DHSC::spine 2,spine 2,DH/DHSC::spine 2,name,Spine 2,Amber,857.0,2018-03-30,both,True
DH_0038_1314-Q2,Health Visitor Programme,AR 2014,1314-Q2,DH,Amber/Red,2010-10-31 00:00:00,2015-06-30 00:00:00,123.8,123.8,0,0,335.8,,,Government Transformation and Service Delivery,4.662559890485968,"DH_0038_1314-Q2,1314-Q2",DH,Amber/Red,Joiner,,,2020/beis/BEIS_Government_Major_Projects_Portfolio_data_September_2019.xlsx,2013-09-30,DH_0038_1314-Q2,Amber/Red,335.8,2015-06-30,DH/DHSC::health visitor programme,health visitor programme,DH/DHSC::health visitor programme,name,Health Visitor Programme,Amber/Red,335.8,2015-06-30,both,True
DH_0039_1314-Q2,NHS e-Referral Service,AR 2014,1314-Q2,DH,Amber/Red,2012-03-29 00:00:00,2018-03-31 00:00:00,12.43,12.43,0,0,212.03,,,Government Transformation and Service Delivery,6.0041067761806985,"DH_0039_1314-Q2,1314-Q2",DH,Amber/Red,Joiner,,,2020/beis/BEIS_Government_Major_Projects_Portfolio_data_September_2019.xlsx,2013-09-30,DH_0039_1314-Q2,Amber/Red,212.03,2018-03-31,DOH_0039_1314-Q2,nhs e referral service,DOH_0039_1314-Q2,name,NHS e-Referral Service,Amber/Red,212.03,2018-03-31,both,True
DH_0041_1314-Q2,Public Services Network for Health (PSNH),AR 2014,1314-Q2,DH,Red,2012-03-29 00:00:00,2014-10-10 00:00:00,11.6,0.57,-11.03,-0.9509,748.16,,,ICT,2.532511978097194,"DH_0041_1314-Q2,1314-Q2",DH,Red,Joiner,,,2020/beis/BEIS_Government_Major_Projects_Portfolio_data_September_2019.xlsx,2013-09-30,DH_0041_1314-Q2,Red,748.16,2014-10-10,DH_0041_1314-Q2,public services network for health,DH_0041_1314-Q2,gmpp_id,Public Services Network for Health (PSNH),Red,748.16,2014-10-10,both,True
FCO_0001_1112-Q1,ABUJA: New Office and Residence,AR 2014,1314-Q2,FCO,Amber,2011-01-01 00:00:00,2017-12-01 00:00:00,0.66,0.66,0,0,39,,,Infrastructure and Construction,6.915811088295688,"FCO_0001_1112-Q1,1314-Q2",FCO,Amber,Not new,,,2020/beis/BEIS_Government_Major_Projects_Portfolio_data_September_2019.xlsx,2013-09-30,FCO_0001_1112-Q1,Amber,39.0,2017-12-01,FCO/FCDO::abuja new office and residence,abuja new office and residence,FCO/FCDO::abuja new office and residence,name,ABUJA: New Office and Residence,Amber,39.0,2017-12-01,both,True
FCO_0006_1213-Q2,UKERP,AR 2014,1314-Q2,FCO,Amber,2011-06-01 00:00:00,2016-08-01 00:00:00,4.43,4.43,0,0,82.42499999999998,,,Infrastructure and Construction,5.169062286105407,"FCO_0006_1213-Q2,1314-Q2",FCO,Amber,Not new,,,2020/beis/BEIS_Government_Major_Projects_Portfolio_data_September_2019.xlsx,2013-09-30,FCO_0006_1213-Q2,Amber,82.42499999999998,2016-08-01,FCO/FCDO::ukerp,ukerp,FCO/FCDO::ukerp,name,UKERP,Amber,82.425,2016-08-01,both,True
HMRC_0011_1314-Q1,Digital Solutions Portfolio,AR 2014,1314-Q2,HMRC,Amber,2012-11-14 00:00:00,2015-04-05 00:00:00,37.760000000000005,32.03,-5.730000000000004,-0.15174788135593228,134.29000000000002,,,Government Transformation and Service Delivery,2.3874058863791925,"HMRC_0011_1314-Q1,1314-Q2",HMRC,Amber,Joiner,,,2020/beis/BEIS_Government_Major_Projects_Portfolio_data_September_2019.xlsx,2013-09-30,HMRC_0011_1314-Q1,Amber,134.29000000000002,2015-04-05,HMRC::digital solutions portfolio,digital solutions portfolio,HMRC::digital solutions portfolio,name,Digital Solutions Portfolio,Amber,134.29,2015-04-05,both,True
MOD_0064_1112-Q2,Carrier Enabled Power Projection (CEPP),AR 2014,1314-Q2,MOD,Amber/Red,2011-01-31 00:00:00,2030-12-31 00:00:00,2.5,1.5,-1,-0.4,23.75,,,,19.915126625598905,"MOD_0064_1112-Q2,1314-Q2",MOD,Amber/Red,Joiner,,,2020/beis/BEIS_Government_Major_Projects_Portfolio_data_September_2019.xlsx,2013-09-30,MOD_0064_1112-Q2,Amber/Red,23.75,2030-12-31,MOD_0064_1112-Q2,carrier enabled power projection,MOD_0064_1112-Q2,gmpp_id,Carrier Enabled Power Projection (CEPP),Amber/Red,23.75,2030-12-31,both,True
MOD_0066_1112-Q2,Corporate Services Systems Convergence Programme,AR 2014,1314-Q2,MOD,Amber,2010-02-01 00:00:00,2020-02-28 00:00:00,9.32,9.78,0.46000000000000085,0.049356223175965754,66.55,,,Government Transformation and Service Delivery,10.072553045859001,"MOD_0066_1112-Q2,1314-Q2",MOD,Amber,Joiner,,,2020/beis/BEIS_Government_Major_Projects_Portfolio_data_September_2019.xlsx,2013-09-30,MOD_0066_1112-Q2,Amber,66.55,2020-02-28,MOD::corporate services systems convergence programme,corporate services systems convergence programme,MOD::corporate services systems convergence programme,name,Corporate Services Systems Convergence Programme,Amber,66.55,2020-02-28,both,True
MOD_0082_1213-Q3,Next Generation Estates Contracts,AR 2014,1314-Q2,MOD,Amber,2009-03-02 00:00:00,2014-04-01 00:00:00,20.84,20.84,0,0,3328.79,,,Government Transformation and Service Delivery,5.08145106091718,"MOD_0082_1213-Q3,1314-Q2",MOD,Amber,Joiner,,,2020/beis/BEIS_Government_Major_Projects_Portfolio_data_September_2019.xlsx,2013-09-30,MOD_0082_1213-Q3,Amber,3328.79,2014-04-01,MOD::next generation estates contracts,next generation estates contracts,MOD::next generation estates contracts,name,Next Generation Estates Contracts,Amber,3328.79,2014-04-01,both,True
MOD_0083_1213-Q3,Whole Fleet Management,AR 2014,1314-Q2,MOD,Amber,2001-01-31 00:00:00,2025-06-30 00:00:00,57.29,32.23,-25.06,-0.4374236341420841,1448.56,,,Military Capability,24.410677618069816,"MOD_0083_1213-Q3,1314-Q2",MOD,Amber,Joiner,,,2020/beis/BEIS_Government_Major_Projects_Portfolio_data_September_2019.xlsx,2013-09-30,MOD_0083_1213-Q3,Amber,1448.56,2025-06-30,MOD::whole fleet management,whole fleet management,MOD::whole fleet management,name,Whole Fleet Management,Amber,1448.56,2025-06-30,both,True
MOD_0084_1213-Q4,Army 2020,AR 2014,1314-Q2,MOD,Amber,2011-08-31 00:00:00,2020-04-30 00:00:00,0,0,0,0,0,,,Government Transformation and Service Delivery,8.6652977412731,"MOD_0084_1213-Q4,1314-Q2",MOD,Amber,Joiner,,,2020/beis/BEIS_Government_Major_Projects_Portfolio_data_September_2019.xlsx,2013-09-30,MOD_0084_1213-Q4,Amber,0.0,2020-04-30,MOD::army 2020,army 2020,MOD::army 2020,name,Army 2020,Amber,0.0,2020-04-30,both,True
MOD_0085_1314-Q2,Army Basing Programme,AR 2014,1314-Q2,MOD,Amber/Green,2013-05-22 00:00:00,2020-03-31 00:00:00,0,0,0,0,0,,,Government Transformation and Service Delivery,6.8583162217659135,"MOD_0085_1314-Q2,1314-Q2",MOD,Amber/Green,Joiner,,,2020/beis/BEIS_Government_Major_Projects_Portfolio_data_September_2019.xlsx,2013-09-30,MOD_0085_1314-Q2,Amber/Green,0.0,2020-03-31,MOD_0085_1314-Q2,army basing programme,MOD_0085_1314-Q2,gmpp_id,Army Basing Programme,Amber/Green,0.0,2020-03-31,both,True
MOD_0086_1314-Q2,Mounted Close Combat,AR 2014,1314-Q2,MOD,Amber/Green,2010-03-16 00:00:00,2033-12-31 00:00:00,168.82,104.65,-64.17,-0.38010899182561303,9631.3,,,Military Capability,23.794661190965094,"MOD_0086_1314-Q2,1314-Q2",MOD,Amber/Green,Joiner,,,2020/beis/BEIS_Government_Major_Projects_Portfolio_data_September_2019.xlsx,2013-09-30,MOD_0086_1314-Q2,Amber/Green,9631.3,2033-12-31,MOD::mounted close combat,mounted close combat,MOD::mounted close combat,name,Mounted Close Combat,Amber/Green,9631.3,2033-12-31,both,True
MOD_0087_1314-Q2,The Material Strategy,AR 2014,1314-Q2,MOD,Amber,2011-05-02 00:00:00,2016-04-01 00:00:00,32.57,31.35,-1.22,-0.03745778323610681,66.15,,,,4.917180013689254,"MOD_0087_1314-Q2,1314-Q2",MOD,Amber,Joiner,,,2020/beis/BEIS_Government_Major_Projects_Portfolio_data_September_2019.xlsx,2013-09-30,MOD_0087_1314-Q2,Amber,66.15,2016-04-01,MOD::the material strategy,the material strategy,MOD::the material strategy,name,The Material Strategy,Amber,66.15,2016-04-01,both,True
MOJ_0021_1314-Q1,Common Platform,AR 2014,1314-Q2,MOJ,Amber/Red,2012-11-01 00:00:00,2017-01-31 00:00:00,0,0,0,No departmental narrative,0,,,ICT,4.249144421629021,"MOJ_0021_1314-Q1,1314-Q2",MOJ,Amber/Red,Joiner,,,2020/beis/BEIS_Government_Major_Projects_Portfolio_data_September_2019.xlsx,2013-09-30,MOJ_0021_1314-Q1,Amber/Red,0.0,2017-01-31,MOJ_0021_1314-Q1,common platform,MOJ_0021_1314-Q1,gmpp_id,Common Platform,Amber/Red,0.0,2017-01-31,both,True
MOJ_0022_1314-Q1,Legal Aid Transformation,AR 2014,1314-Q2,MOJ,Amber,2012-12-04 00:00:00,2014-12-31 00:00:00,0,0,0,No departmental narrative,0,,,Government Transformation and Service Delivery,2.0725530458590007,"MOJ_0022_1314-Q1,1314-Q2",MOJ,Amber,Joiner,,,2020/beis/BEIS_Government_Major_Projects_Portfolio_data_September_2019.xlsx,2013-09-30,MOJ_0022_1314-Q1,Amber,0.0,2014-12-31,MOJ::legal aid transformation programme,legal aid transformation,MOJ::legal aid transformation programme,name,Legal Aid Transformation,Amber,0.0,2014-12-31,both,True
MOJ_0023_1314-Q1,New Prison -Wales,AR 2014,1314-Q2,MOJ,Green,2013-01-10 00:00:00,2018-05-31 00:00:00,0,0,0,No departmental narrative,252.3,,,Infrastructure and Construction,5.385352498288843,"MOJ_0023_1314-Q1,1314-Q2",MOJ,Green,Joiner,,,2020/beis/BEIS_Government_Major_Projects_Portfolio_data_September_2019.xlsx,2013-09-30,MOJ_0023_1314-Q1,Green,252.3,2018-05-31,MOJ_0023_1314-Q1,new prison wales,MOJ::new prison wales,gmpp_id,,,,,left_only,False
MOJ_0024_1314-Q1,Prison Unit Cost Programme,AR 2014,1314-Q2,MOJ,Amber/Green,2012-11-20 00:00:00,2016-12-01 00:00:00,117.5,117.5,0,0,212,,,Government Transformation and Service Delivery,4.030116358658453,"MOJ_0024_1314-Q1,1314-Q2",MOJ,Amber/Green,Joiner,,,2020/beis/BEIS_Government_Major_Projects_Portfolio_data_September_2019.xlsx,2013-09-30,MOJ_0024_1314-Q1,Amber/Green,212.0,2016-12-01,MOJ::prison unit cost programme,prison unit cost programme,MOJ::prison unit cost programme,name,Prison Unit Cost Programme,Amber/Green,212.0,2016-12-01,both,True
MOJ_0025_1314-Q1,Rehabilitation Programme,AR 2014,1314-Q2,MOJ,Exempt,2012-11-05 00:00:00,Exempt - Section 43(2) of Freedom of Information Act 2000 (Prejudice to Commercial Interests) ,Exempt - Section 43(2) of Freedom of Information Act 2000 (Prejudice to Commercial Interests) ,Exempt - Section 43(2) of Freedom of Information Act 2000 (Prejudice to Commercial Interests) ,Exempt - Section 43(2) of Freedom of Information Act 2000 (Prejudice to Commercial Interests) ,Exempt - Section 43(2) of Freedom of Information Act 2000 (Prejudice to Commercial Interests) ,Exempt - Section 43(2) of Freedom of Information Act 2000 (Prejudice to Commercial Interests) ,,,Government Transformation and Service Delivery,0,"MOJ_0025_1314-Q1,1314-Q2",MOJ,Exempt,Joiner,,,2020/beis/BEIS_Government_Major_Projects_Portfolio_data_September_2019.xlsx,2013-09-30,MOJ_0025_1314-Q1,EXEMPT,,,MOJ::rehabilitation programme,rehabilitation programme,MOJ::rehabilitation programme,name,Rehabilitation Programme,EXEMPT,,,both,True
MOJ_0026_1314-Q1,Transforming Youth Custody,AR 2014,1314-Q2,MOJ,Amber,2012-11-05 00:00:00,2018-07-15 00:00:00,0,0,0,No departmental narrative,0,,,Government Transformation and Service Delivery,5.689253935660506,"MOJ_0026_1314-Q1,1314-Q2",MOJ,Amber,Joiner,,,2020/beis/BEIS_Government_Major_Projects_Portfolio_data_September_2019.xlsx,2013-09-30,MOJ_0026_1314-Q1,Amber,0.0,2018-07-15,MOJ::transforming youth custody,transforming youth custody,MOJ::transforming youth custody,name,Transforming Youth Custody,Amber,0.0,2018-07-15,both,True
MOJ_0027_1314-Q2,CJS Efficiency Programme Phase 2,AR 2014,1314-Q2,MOJ,Amber,2013-04-30 00:00:00,2016-12-31 00:00:00,11.649999999999999,11.33,-0.3199999999999985,-0.027467811158798157,102.85,,,ICT,3.671457905544148,"MOJ_0027_1314-Q2,1314-Q2",MOJ,Amber,Joiner,,,2020/beis/BEIS_Government_Major_Projects_Portfolio_data_September_2019.xlsx,2013-09-30,MOJ_0027_1314-Q2,Amber,102.85,2016-12-31,MOJ_0027_1314-Q2,cjs efficiency programme phase 2,MOJ::cjs efficiency programme phase 2,gmpp_id,,,,,left_only,False
MOJ_0028_1314-Q2,HMCTS Reform,AR 2014,1314-Q2,MOJ,Amber/Red,2013-03-21 00:00:00,2016-01-01 00:00:00,0,0,0,No departmental narrative,0,,,Government Transformation and Service Delivery,2.7816563997262147,"MOJ_0028_1314-Q2,1314-Q2",MOJ,Amber/Red,Joiner,,,2020/beis/BEIS_Government_Major_Projects_Portfolio_data_September_2019.xlsx,2013-09-30,MOJ_0028_1314-Q2,Amber/Red,0.0,2016-01-01,MOJ_0028_1314-Q2,hmcts reform,MOJ_0028_1314-Q2,gmpp_id,HMCTS Reform,Amber/Red,0.0,2016-01-01,both,True
BIS_0013_1213-Q4,Royal Mail Sale of Shares,AR 2014,1314-Q2,BEIS,Amber,2012-04-01 00:00:00,2013-10-17 00:00:00,380,350,-30,-0.07894736842105263,31.2,,,,1.5441478439425051,"BIS_0013_1213-Q4,1314-Q2",BEIS,Amber,Joiner,,,2020/beis/BEIS_Government_Major_Projects_Portfolio_data_September_2019.xlsx,2013-09-30,BIS_0013_1213-Q4,Amber,31.2,2013-10-17,BEIS lineage::royal mail sale of shares,royal mail sale of shares,BEIS lineage::royal mail sale of shares,name,Royal Mail Sale of Shares,Amber,31.2,2013-10-17,both,True
DH_0037_1314-Q1,Spine Extension,AR 2014,1314-Q2,DH,Amber/Green,2011-06-28 00:00:00,2014-12-31 00:00:00,57.989,55.51,-2.479,-0.0427,104.512361,,,ICT,3.509924709103354,"DH_0037_1314-Q1,1314-Q2",DH,Amber/Green,Joiner,,,2020/beis/BEIS_Government_Major_Projects_Portfolio_data_September_2019.xlsx,2013-09-30,DH_0037_1314-Q1,Amber/Green,104.512361,2014-12-31,DH/DHSC::spine extension,spine extension,DH/DHSC::spine extension,name,Spine Extension,Amber/Green,104.512361,2014-12-31,both,True
DH_0040_1314-Q2,NHSmail2,AR 2014,1314-Q2,DH,Amber,2012-03-29 00:00:00,2014-11-18 00:00:00,0.83,1.44,0.61,0.7349,157.38,,,ICT,2.639288158795346,"DH_0040_1314-Q2,1314-Q2",DH,Amber,Joiner,,,2020/beis/BEIS_Government_Major_Projects_Portfolio_data_September_2019.xlsx,2013-09-30,DH_0040_1314-Q2,Amber,157.38,2014-11-18,DOH_0040_1314-Q2,nhsmail2,DOH_0040_1314-Q2,name,NHSmail2,Amber,157.38,2014-11-18,both,True
DFT_0019_1314-Q1,Essex Thameside Franchise Competition,AR 2014,1314-Q2,DFT,Amber/Red,2013-03-26 00:00:00,2014-11-30 00:00:00,Exempt under Section 43(2) of the Freedom of Information Act (2000),Exempt under Section 43(2) of the Freedom of Information Act (2000),Exempt under Section 43(2) of the Freedom of Information Act (2000),Exempt under Section 43(2) of the Freedom of Information Act (2000),Exempt under Section 43(2) of the Freedom of Information Act (2000),,,,1.68104038329911,"DFT_0019_1314-Q1,1314-Q2",DFT,Amber/Red,Joiner,,,2020/beis/BEIS_Government_Major_Projects_Portfolio_data_September_2019.xlsx,2013-09-30,DFT_0019_1314-Q1,Amber/Red,,2014-11-30,DFT::essex thameside franchise competition,essex thameside franchise competition,DFT::essex thameside franchise competition,name,Essex Thameside Franchise Competition,Amber/Red,,2014-11-30,both,True
DH_0034_1314-Q1,Shared Services Programme,AR 2014,1314-Q2,DH,Amber,2011-12-01 00:00:00,2015-03-31 00:00:00,3.97,3.97,0,0,72.19,,,Government Transformation and Service Delivery,3.3292265571526354,"DH_0034_1314-Q1,1314-Q2",DH,Amber,Joiner,,,2020/beis/BEIS_Government_Major_Projects_Portfolio_data_September_2019.xlsx,2013-09-30,DH_0034_1314-Q1,Amber,72.19,2015-03-31,DH/DHSC::shared services programme,shared services programme,DH/DHSC::shared services programme,name,Shared Services Programme,Amber,72.19,2015-03-31,both,True
HO_0028_1314-Q2,Tinsley House Immigration Removal Centre Expansion,AR 2014,1314-Q2,HO,Amber/Green,2013-01-01 00:00:00,2015-06-01 00:00:00,0.08,0.08,0,0,217.38,,,Infrastructure and Construction,2.412046543463381,"HO_0028_1314-Q2,1314-Q2",HO,Amber/Green,Joiner,,,2020/beis/BEIS_Government_Major_Projects_Portfolio_data_September_2019.xlsx,2013-09-30,HO_0028_1314-Q2,Amber/Green,217.38,2015-06-01,HO::tinsley house immigration removal centre expansion,tinsley house immigration removal centre expansion,HO::tinsley house immigration removal centre expansion,name,Tinsley House Immigration Removal Centre Expansion,Amber/Green,217.38,2015-06-01,both,True
CO_0007_1213-Q4,Civil Service Reform Programme,AR 2014,1314-Q2,CO,Amber,2012-06-19 00:00:00,2015-12-31 00:00:00,2.99,2.99,0,0,10.67,,,Government Transformation and Service Delivery,3.5318275154004106,"CO_0007_1213-Q4,1314-Q2",CO,Amber,Joiner,,,2020/beis/BEIS_Government_Major_Projects_Portfolio_data_September_2019.xlsx,2013-09-30,CO_0007_1213-Q4,Amber,10.67,2015-12-31,CO::civil service reform programme,civil service reform programme,CO::civil service reform programme,name,Civil Service Reform Programme,Amber,10.67,2015-12-31,both,True
MOD_0074_1112-Q3,Defence Reform Programme,AR 2014,1314-Q2,MOD,Amber/Green,2011-07-01 00:00:00,2014-04-01 00:00:00,1.78,1.78,0,0,4.63,,,Government Transformation and Service Delivery,2.751540041067762,"MOD_0074_1112-Q3,1314-Q2",MOD,Amber/Green,Joiner,,,2020/beis/BEIS_Government_Major_Projects_Portfolio_data_September_2019.xlsx,2013-09-30,MOD_0074_1112-Q3,Amber/Green,4.63,2014-04-01,MOD::defence reform programme,defence reform programme,MOD::defence reform programme,name,Defence Reform Programme,Amber/Green,4.63,2014-04-01,both,True
HO_0027_1314-Q2,Border Systems Programme,AR 2014,1314-Q2,HO,Amber/Red,2013-04-29 00:00:00,2024-03-30 00:00:00,0,0,0,0,0,,,ICT,10.91854893908282,"HO_0027_1314-Q2,1314-Q2",HO,Amber/Red,Joiner,,,2020/beis/BEIS_Government_Major_Projects_Portfolio_data_September_2019.xlsx,2013-09-30,HO_0027_1314-Q2,Amber/Red,0.0,2024-03-30,HO::border systems programme,border systems programme,HO::border systems programme,name,Border Systems Programme,Amber/Red,0.0,2024-03-30,both,True
BIS_0001_1112-Q1,BIS Shared Services,AR 2015,1415-Q2,BEIS,Amber,2011-05-04 00:00:00,2015-04-01 00:00:00,1.9,1.9,0,0,26.19,,,Government Transformation and Service Delivery,3.909650924024641,"BIS_0001_1112-Q1,1415-Q2",BEIS,Amber,Not new,,,2020/beis/BEIS_Government_Major_Projects_Portfolio_data_September_2019.xlsx,2014-09-30,BIS_0001_1112-Q1,Amber,26.19,2015-04-01,BEIS lineage::bis shared services,bis shared services,BEIS lineage::bis shared services,name,BIS Shared Services,Amber,26.19,2015-04-01,both,True
BIS_0005_1112-Q1,Further Education 24+ Learning Loans Programme,AR 2015,1415-Q2,BEIS,Amber/Green,2010-11-30 00:00:00,2013-10-31 00:00:00,242.66,122.55,-120.11,-0.4949723893513558,303,,,Government Transformation and Service Delivery,2.91854893908282,"BIS_0005_1112-Q1,1415-Q2",BEIS,Amber/Green,Not new,,,2020/beis/BEIS_Government_Major_Projects_Portfolio_data_September_2019.xlsx,2014-09-30,BIS_0005_1112-Q1,Amber/Green,303.0,2013-10-31,BEIS lineage::further education 24 learning loans programme,further education 24 learning loans programme,BEIS lineage::further education 24 learning loans programme,name,Further Education 24+ Learning Loans Programme,Amber/Green,303.0,2013-10-31,both,True
BIS_0008_1112-Q1,ICR Monetisation,AR 2015,1415-Q2,DFE,Amber,2010-03-01 00:00:00,2018-12-31 00:00:00,6.96,3.88,-3.08,-0.4425287356321839,29.480000000000004,,,Government Transformation and Service Delivery,8.83504449007529,"BIS_0008_1112-Q1,1415-Q2",DFE,Amber,Not new,,,2020/beis/BEIS_Government_Major_Projects_Portfolio_data_September_2019.xlsx,2014-09-30,BIS_0008_1112-Q1,Amber,29.480000000000004,2018-12-31,BIS_0008_1112-Q1,icr monetisation,BEIS lineage::icr monetisation,gmpp_id,,,,,left_only,False
BIS_0009_1112-Q1,The Francis Crick Institute (formerly UKCMRI),AR 2015,1415-Q2,BEIS,Amber/Green,2006-10-01 00:00:00,2017-12-21 00:00:00,18,18,0,0,753,,469.42,Infrastructure and Construction,11.222450376454484,"BIS_0009_1112-Q1,1415-Q2",BEIS,Amber/Green,Not new,,,2020/beis/BEIS_Government_Major_Projects_Portfolio_data_September_2019.xlsx,2014-09-30,BIS_0009_1112-Q1,Amber/Green,753.0,2017-12-21,BEIS lineage::the francis crick institute,the francis crick institute,BEIS lineage::the francis crick institute,name,The Francis Crick Institute (formerly UKCMRI),Amber/Green,753.0,2017-12-21,both,True
BIS_0011_1213-Q1,SLC Transformation Programme,AR 2015,1415-Q2,BEIS,Amber/Red,2012-03-19 00:00:00,2017-03-31 00:00:00,46.29,46.46,0.1700000000000017,0.003672499459926587,139.13,,,Government Transformation and Service Delivery,5.032169746748802,"BIS_0011_1213-Q1,1415-Q2",BEIS,Amber/Red,Not new,,,2020/beis/BEIS_Government_Major_Projects_Portfolio_data_September_2019.xlsx,2014-09-30,BIS_0011_1213-Q1,Amber/Red,139.13,2017-03-31,BEIS lineage::slc transformation programme,slc transformation programme,BEIS lineage::slc transformation programme,name,SLC Transformation Programme,Amber/Red,139.13,2017-03-31,both,True
CO_0001_1112-Q1,Electoral Registration Transformation Programme,AR 2015,1415-Q2,CO,Amber/Green,2010-02-01 00:00:00,2016-03-31 00:00:00,65.5,65.5,0,0,173.65,173.65,,Government Transformation and Service Delivery,6.160164271047228,"CO_0001_1112-Q1,1415-Q2",CO,Amber/Green,Not new,,,2020/beis/BEIS_Government_Major_Projects_Portfolio_data_September_2019.xlsx,2014-09-30,CO_0001_1112-Q1,Amber/Green,173.65,2016-03-31,CO::electoral registration transformation programme,electoral registration transformation programme,CO::electoral registration transformation programme,name,Electoral Registration Transformation Programme,Amber/Green,173.65,2016-03-31,both,True
CO_0004_1112-Q1,National Citizen Service,AR 2015,1415-Q2,CO,Amber/Green,2011-10-01 00:00:00,2015-03-01 00:00:00,140,140,0,0,437,225,,Government Transformation and Service Delivery,3.4140999315537304,"CO_0004_1112-Q1,1415-Q2",CO,Amber/Green,Not new,,,2020/beis/BEIS_Government_Major_Projects_Portfolio_data_September_2019.xlsx,2014-09-30,CO_0004_1112-Q1,Amber/Green,437.0,2015-03-01,CO::national citizen service,national citizen service,CO::national citizen service,name,National Citizen Service,Amber/Green,437.0,2015-03-01,both,True
CO_0005_1112-Q1,National Cyber Security Programme,AR 2015,1415-Q2,CO,Green,2011-04-01 00:00:00,2016-04-01 00:00:00,210,220,10,0.047619047619047616,859.9999999999999,859.9999999999999,,ICT,5.002053388090349,"CO_0005_1112-Q1,1415-Q2",CO,Green,Not new,,,2020/beis/BEIS_Government_Major_Projects_Portfolio_data_September_2019.xlsx,2014-09-30,CO_0005_1112-Q1,Green,859.9999999999999,2016-04-01,CO::national cyber security programme,national cyber security programme,CO::national cyber security programme,name,National Cyber Security Programme,Green,860.0,2016-04-01,both,True
DCLG_0006_1112-Q4,Enterprise Zones Programme,AR 2015,1415-Q2,DCLG,Amber,2011-03-23 00:00:00,2038-03-31 00:00:00,220.3,220.3,0,0,228.3,,,Government Transformation and Service Delivery,27.02258726899384,"DCLG_0006_1112-Q4,1415-Q2",DCLG,Amber,Not new,,,2020/beis/BEIS_Government_Major_Projects_Portfolio_data_September_2019.xlsx,2014-09-30,DCLG_0006_1112-Q4,Amber,228.3,2038-03-31,DCLG/MHCLG::enterprise zones programme,enterprise zones programme,DCLG/MHCLG::enterprise zones programme,name,Enterprise Zones Programme,Amber,228.3,2038-03-31,both,True
DCLG_0004_1112-Q1,The Future of Local Audit,AR 2015,1415-Q2,DCLG,Amber,2011-06-30 00:00:00,2012-11-01 00:00:00,45.08,12.08,-33,-0.7320319432120674,45.08,,,Government Transformation and Service Delivery,1.3415468856947297,"DCLG_0004_1112-Q1,1415-Q2",DCLG,Amber,Not new,,,2020/beis/BEIS_Government_Major_Projects_Portfolio_data_September_2019.xlsx,2014-09-30,DCLG_0004_1112-Q1,Amber,45.08,2012-11-01,DCLG/MHCLG::the future of local audit,the future of local audit,DCLG/MHCLG::the future of local audit,name,The Future of Local Audit,Amber,45.08,2012-11-01,both,True
DCMS_0001_1112-Q1,Broadband Delivery Programme,AR 2015,1415-Q2,DCMS,Amber/Green,2010-12-06 00:00:00,2017-12-31 00:00:00,321.35,300.67,-20.680000000000007,-0.06435350863544424,792.3599999999999,,0,Infrastructure and Construction,7.069130732375085,"DCMS_0001_1112-Q1,1415-Q2",DCMS,Amber/Green,Not new,,,2020/beis/BEIS_Government_Major_Projects_Portfolio_data_September_2019.xlsx,2014-09-30,DCMS_0001_1112-Q1,Amber/Green,792.3599999999999,2017-12-31,DCMS::broadband delivery programme,broadband delivery programme,DCMS::broadband delivery programme,name,Broadband Delivery Programme,Amber/Green,792.36,2017-12-31,both,True
DCMS_0004_1112-Q1,The Tate Modern Project,AR 2015,1415-Q2,DCMS,Amber/Red,2010-01-01 00:00:00,2016-12-31 00:00:00,0,0,0,0%,215,,164.69,Infrastructure and Construction,6.997946611909651,"DCMS_0004_1112-Q1,1415-Q2",DCMS,Amber/Red,Not new,,,2020/beis/BEIS_Government_Major_Projects_Portfolio_data_September_2019.xlsx,2014-09-30,DCMS_0004_1112-Q1,Amber/Red,215.0,2016-12-31,DCMS::the tate modern project,the tate modern project,DCMS::the tate modern project,name,The Tate Modern Project,Amber/Red,215.0,2016-12-31,both,True
DCMS_0005_1112-Q1,World Conservation and Exhibitions Centre,AR 2015,1415-Q2,DCMS,Green,2008-03-31 00:00:00,2014-04-01 00:00:00,0,0,0,0%,135,,112.45,Infrastructure and Construction,6.0013689253935665,"DCMS_0005_1112-Q1,1415-Q2",DCMS,Green,Not new,,,2020/beis/BEIS_Government_Major_Projects_Portfolio_data_September_2019.xlsx,2014-09-30,DCMS_0005_1112-Q1,Green,135.0,2014-04-01,DCMS::world conservation and exhibitions centre,world conservation and exhibitions centre,DCMS::world conservation and exhibitions centre,name,World Conservation and Exhibitions Centre,Green,135.0,2014-04-01,both,True
DCMS_0006_1112-Q4,Mobile Infrastructure Project,AR 2015,1415-Q2,DCMS,Amber/Red,2011-10-01 00:00:00,2016-03-31 00:00:00,71.54,25.59,-45.95,-0.6422980150964496,157.11,,0,ICT,4.498288843258043,"DCMS_0006_1112-Q4,1415-Q2",DCMS,Amber/Red,Not new,,,2020/beis/BEIS_Government_Major_Projects_Portfolio_data_September_2019.xlsx,2014-09-30,DCMS_0006_1112-Q4,Amber/Red,157.11,2016-03-31,DCMS::mobile infrastructure project,mobile infrastructure project,DCMS::mobile infrastructure project,name,Mobile Infrastructure Project,Amber/Red,157.11,2016-03-31,both,True
DCMS_0007_1112-Q4,Urban Broadband Fund - Super-Connected City Initiative,AR 2015,1415-Q2,DCMS,Amber,2012-12-05 00:00:00,2015-03-31 00:00:00,117.58,107.24,-10.340000000000003,-0.08794012587174693,152.08,,0,Infrastructure and Construction,2.316221765913758,"DCMS_0007_1112-Q4,1415-Q2",DCMS,Amber,Not new,,,2020/beis/BEIS_Government_Major_Projects_Portfolio_data_September_2019.xlsx,2014-09-30,DCMS_0007_1112-Q4,Amber,152.08,2015-03-31,DCMS::urban broadband fund super connected city initiative,urban broadband fund super connected city initiative,DCMS::urban broadband fund super connected city initiative,name,Urban Broadband Fund - Super-Connected City Initiative,Amber,152.08,2016-03-31,both,True
BIS_0010_1112-Q4,Project Eagle (formerly Urenco Future Options),AR 2015,1415-Q2,BEIS,Amber/Red,2010-02-01 00:00:00,2015-10-01 00:00:00,5.295,3.65,-1.645,-0.31067044381491976,23.725,,,Government transformation and Service Delivery,5.661875427789186,"BIS_0010_1112-Q4,1415-Q2",BEIS,Amber/Red,Not new,,,2020/beis/BEIS_Government_Major_Projects_Portfolio_data_September_2019.xlsx,2014-09-30,BIS_0010_1112-Q4,Amber/Red,23.725,2015-10-01,BEIS lineage::project eagle,project eagle,BEIS lineage::project eagle,name,Project Eagle (formerly Urenco Future Options),Amber/Red,23.73,2015-10-01,both,True
DECC_0003_1112-Q1,Dounreay Parent Body Organisation (PBO) - Delivery Phase,AR 2015,1415-Q2,BEIS,Green,2009-09-21 00:00:00,2025-12-31 00:00:00,162.859020848896,162.859020848896,0,0,1678.2191815876342,,,Infrastructure and Construction,16.27652292950034,"DECC_0003_1112-Q1,1415-Q2",BEIS,Green,Not new,,,2020/beis/BEIS_Government_Major_Projects_Portfolio_data_September_2019.xlsx,2014-09-30,DECC_0003_1112-Q1,Green,1678.2191815876342,2025-12-31,BEIS lineage::dounreay parent body organisation delivery phase,dounreay parent body organisation delivery phase,BEIS lineage::dounreay parent body organisation delivery phase,name,Dounreay Parent Body Organisation (PBO) - Delivery Phase,Green,1678.22,2025-12-31,both,True
DECC_0004_1112-Q1,ELECTRICITY MARKET REFORM PROGRAMME,AR 2015,1415-Q2,BEIS,Amber,2010-12-16 00:00:00,2030-12-31 00:00:00,36.1,35.1,-1,-0.027700831024930747,47513.95,,47226.29,Government Transformation and Service Delivery,20.041067761806982,"DECC_0004_1112-Q1,1415-Q2",BEIS,Amber,Not new,,,2020/beis/BEIS_Government_Major_Projects_Portfolio_data_September_2019.xlsx,2014-09-30,DECC_0004_1112-Q1,Amber,47513.95,2030-12-31,BEIS lineage::electricity market reform programme,electricity market reform programme,BEIS lineage::electricity market reform programme,name,Electricity Market Reform Programme,Amber,47513.95,2030-12-31,both,True
DECC_0005_1112-Q1,Geological Disposal Facility Programme (GDF),AR 2015,1415-Q2,BEIS,Amber,2008-06-12 00:00:00,2040-12-31 00:00:00,26.38,26.38,0,0,11252.48,,,Infrastructure and Construction,32.55304585900068,"DECC_0005_1112-Q1,1415-Q2",BEIS,Amber,Not new,,,2020/beis/BEIS_Government_Major_Projects_Portfolio_data_September_2019.xlsx,2014-09-30,DECC_0005_1112-Q1,Amber,11252.48,2040-12-31,DECC_0005_1112-Q1,geological disposal facility programme,DECC_0005_1112-Q1,gmpp_id,Geological Disposal Facility Programme (GDF),Amber,11252.48,2040-12-31,both,True
DECC_0009_1112-Q1,Renewable Heat Incentive,AR 2015,1415-Q2,BEIS,Amber,2008-11-30 00:00:00,2014-12-01 00:00:00,231.79,233,1.210000000000008,0.005220242460848216,43658.13,,0,Government Transformation and Service Delivery,6.0013689253935665,"DECC_0009_1112-Q1,1415-Q2",BEIS,Amber,Not new,,,2020/beis/BEIS_Government_Major_Projects_Portfolio_data_September_2019.xlsx,2014-09-30,DECC_0009_1112-Q1,Amber,43658.13,2014-12-01,BEIS lineage::renewable heat incentive,renewable heat incentive,BEIS lineage::renewable heat incentive,name,Renewable Heat Incentive,Amber,43658.13,2014-12-01,both,True
DECC_0010_1112-Q1,Smart Meters Implementation Programme,AR 2015,1415-Q2,BEIS,Amber,2009-12-02 00:00:00,2020-12-31 00:00:00,11.38,13.135,1.754999999999999,0.15421792618629165,19258,,19026.5736376336,Government Transformation and Service Delivery,11.080082135523615,"DECC_0010_1112-Q1,1415-Q2",BEIS,Amber,Not new,,,2020/beis/BEIS_Government_Major_Projects_Portfolio_data_September_2019.xlsx,2014-09-30,DECC_0010_1112-Q1,Amber,19258.0,2020-12-31,DECC_0010_1112-Q1,smart meters implementation programme,DECC_0010_1112-Q1,gmpp_id,Smart Meters Implementation Programme,Amber,19258.0,2020-12-31,both,True
DECC_0011_1112-Q3,Carbon Capture & Storage Commercialisation Programme,AR 2015,1415-Q2,BEIS,Amber,2011-10-25 00:00:00,2050-03-31 00:00:00,Data Exempt under Section 43(2) of the Freedom of Information Act (2000),Data Exempt under Section 43(2) of the Freedom of Information Act (2000),Data Exempt under Section 43(2) of the Freedom of Information Act (2000),Data Exempt under Section 43(2) of the Freedom of Information Act (2000),Data Exempt under Section 43(2) of the Freedom of Information Act (2000),,exempt,Infrastructure and Construction,38.431211498973305,"DECC_0011_1112-Q3,1415-Q2",BEIS,Amber,Not new,,,2020/beis/BEIS_Government_Major_Projects_Portfolio_data_September_2019.xlsx,2014-09-30,DECC_0011_1112-Q3,Amber,,2050-03-31,BEIS lineage::carbon capture and storage commercialisation programme,carbon capture and storage commercialisation programme,BEIS lineage::carbon capture and storage commercialisation programme,name,Carbon Capture & Storage Commercialisation Programme,Amber,,2050-03-31,both,True
DECC_0012_1213-Q1,FID Enabling for Hinkley Point C,AR 2015,1415-Q2,BEIS,Exempt,2011-09-01 00:00:00,2015-04-30 00:00:00,3.681,6.607,2.926,0.7948926922032057,14470.3336977171,,14451.9326977171,Infrastructure and Construction,3.6605065023956196,"DECC_0012_1213-Q1,1415-Q2",BEIS,Exempt,Not new,,,2020/beis/BEIS_Government_Major_Projects_Portfolio_data_September_2019.xlsx,2014-09-30,DECC_0012_1213-Q1,EXEMPT,14470.3336977171,2015-04-30,BEIS lineage::fid enabling for hinkley point c,fid enabling for hinkley point c,BEIS lineage::fid enabling for hinkley point c,name,FID Enabling for Hinkley Point C,EXEMPT,14470.33,2015-04-30,both,True
DECC_0013_1213-Q1,Magnox & RSRL PBO Competition,AR 2015,1415-Q2,BEIS,Amber/Green,2012-04-03 00:00:00,2028-09-01 00:00:00,428,390,-38,-0.08878504672897196,3860,,,Infrastructure and Construction,16.413415468856947,"DECC_0013_1213-Q1,1415-Q2",BEIS,Amber/Green,Not new,,,2020/beis/BEIS_Government_Major_Projects_Portfolio_data_September_2019.xlsx,2014-09-30,DECC_0013_1213-Q1,Amber/Green,3860.0,2028-09-01,DECC_0013_1213-Q1,magnox and rsrl pbo competition,DECC_0013_1213-Q1,gmpp_id,Magnox & RSRL PBO Competition,Amber/Green,3860.0,2028-03-01,both,True
DEFRA_0001_1112-Q1,CAP Delivery Programme,AR 2015,1415-Q2,DEFRA,Amber/Red,2011-01-01 00:00:00,2016-12-01 00:00:00,54.593,52.834999999999994,-1.7580000000000098,-0.03220193065044987,154.789,,,Government transformation and Service Delivery,5.916495550992471,"DEFRA_0001_1112-Q1,1415-Q2",DEFRA,Amber/Red,Not new,,,2020/beis/BEIS_Government_Major_Projects_Portfolio_data_September_2019.xlsx,2014-09-30,DEFRA_0001_1112-Q1,Amber/Red,154.789,2016-12-01,DEFRA::cap delivery programme,cap delivery programme,DEFRA::cap delivery programme,name,CAP Delivery Programme,Amber/Red,154.79,2016-12-01,both,True
DECC_0014_1314-Q1,FID Enabling for Renewables,AR 2015,1415-Q2,BEIS,Amber,2012-12-17 00:00:00,2014-11-30 00:00:00,1.024,1.177,0.15300000000000002,0.14941406250000003,22486.1984836167,,22481.7244836167,Infrastructure and Construction,1.9520876112251881,"DECC_0014_1314-Q1,1415-Q2",BEIS,Amber,Not new,,,2020/beis/BEIS_Government_Major_Projects_Portfolio_data_September_2019.xlsx,2014-09-30,DECC_0014_1314-Q1,Amber,22486.1984836167,2014-11-30,BEIS lineage::fid enabling for renewables,fid enabling for renewables,BEIS lineage::fid enabling for renewables,name,FID Enabling for Renewables,Amber,22486.2,2014-11-30,both,True
DEFRA_0004_1112-Q1,Thames Estuary Programme Phase 1 (TEP1),AR 2015,1415-Q2,DEFRA,Green,2010-04-01 00:00:00,2025-12-31 00:00:00,1.37,2.15,0.7799999999999998,0.5693430656934305,318.424,,,Infrastructure and Construction,15.75085557837098,"DEFRA_0004_1112-Q1,1415-Q2",DEFRA,Green,Not new,,,2020/beis/BEIS_Government_Major_Projects_Portfolio_data_September_2019.xlsx,2014-09-30,DEFRA_0004_1112-Q1,Green,318.424,2025-12-31,DEFRA::thames estuary asset management programme,thames estuary programme phase 1,DEFRA::thames estuary asset management programme,name,Thames Estuary Programme Phase 1 (TEP1),Green,318.42,2025-12-31,both,True
DEFRA_0005_1213-Q3,Thames Tideway Tunnel,AR 2015,1415-Q2,DEFRA,Amber/Red,2010-09-07 00:00:00,2023-12-31 00:00:00,2.48,2.48,0,0,Data Exempt under Section 43(2) of the Freedom of Information Act (2000),,exempt,Infrastructure and Construction,13.314168377823409,"DEFRA_0005_1213-Q3,1415-Q2",DEFRA,Amber/Red,Not new,,,2020/beis/BEIS_Government_Major_Projects_Portfolio_data_September_2019.xlsx,2014-09-30,DEFRA_0005_1213-Q3,Amber/Red,,2023-12-31,DEFRA::thames tideway tunnel,thames tideway tunnel,DEFRA::thames tideway tunnel,name,Thames Tideway Tunnel,Amber/Red,,2023-12-31,both,True
DFE_0001_1112-Q1,Building Schools for the Future (BSF),AR 2015,1415-Q2,DFE,Green,2004-04-01 00:00:00,2017-07-02 00:00:00,95,95,0,0,6283,,0,Infrastructure and Construction,13.25119780971937,"DFE_0001_1112-Q1,1415-Q2",DFE,Green,Not new,,,2020/beis/BEIS_Government_Major_Projects_Portfolio_data_September_2019.xlsx,2014-09-30,DFE_0001_1112-Q1,Green,6283.0,2017-07-02,DFE::building schools for the future,building schools for the future,DFE::building schools for the future,name,Building Schools for the Future (BSF),Green,6283.0,2017-07-02,both,True
DFE_0004_1415-Q2,Priority School Building Programme - Capital,AR 2015,1415-Q2,DFE,Amber/Red,2011-07-19 00:00:00,2019-01-01 00:00:00,607.3,358.4,-248.89999999999998,-0.40984686316482793,2023.34,,,Infrastructure and Construction,7.455167693360712,"DFE_0004_1415-Q2,1415-Q2",DFE,Amber/Red,Joiner,,,2020/beis/BEIS_Government_Major_Projects_Portfolio_data_September_2019.xlsx,2014-09-30,DFE_0004_1415-Q2,Amber/Red,2023.34,2019-01-01,DFE::priority school building programme 1 capital,priority school building programme capital,DFE::priority school building programme 1 capital,name,Priority School Building Programme - Capital,Amber/Red,2023.34,2019-01-01,both,True
DFE_0005_1415-Q2,Priority School Building Programme - Private Finance,AR 2015,1415-Q2,DFE,Amber/Red,2011-07-19 00:00:00,2017-07-31 00:00:00,Data not provided by dept,Data not provided by dept,Data not provided by dept,Data not provided by dept,Data not provided by dept,,,Infrastructure and Construction,6.034223134839151,"DFE_0005_1415-Q2,1415-Q2",DFE,Amber/Red,Joiner,,,2020/beis/BEIS_Government_Major_Projects_Portfolio_data_September_2019.xlsx,2014-09-30,DFE_0005_1415-Q2,Amber/Red,,2017-07-31,DFE_0005_1415-Q2,priority school building programme private finance,DFE_0005_1415-Q2,gmpp_id,Priority School Building Programme - Private Finance,Amber/Red,,2017-07-31,both,True
DFID_0001_1112-Q1,St Helena Airport,AR 2015,1415-Q2,DFID,Amber/Green,2005-03-15 00:00:00,2026-08-31 00:00:00,33.54,34.57,1.0300000000000011,0.03070960047704237,445.17,,159.62,Infrastructure and Construction,21.462012320328544,"DFID_0001_1112-Q1,1415-Q2",DFID,Amber/Green,Not new,,,2020/beis/BEIS_Government_Major_Projects_Portfolio_data_September_2019.xlsx,2014-09-30,DFID_0001_1112-Q1,Amber/Green,445.17,2026-08-31,DFID_0001_1112-Q1,st helena airport,DFID_0001_1112-Q1,gmpp_id,St Helena Airport,Amber/Green,445.17,2026-08-31,both,True
DFT_0001_1112-Q1,Crossrail,AR 2015,1415-Q2,DFT,Amber/Green,2008-07-22 00:00:00,2019-12-31 00:00:00,1083.5,1083.5,0,0,14714.37,,9478,Infrastructure and Construction,11.441478439425051,"DFT_0001_1112-Q1,1415-Q2",DFT,Amber/Green,Not new,,,2020/beis/BEIS_Government_Major_Projects_Portfolio_data_September_2019.xlsx,2014-09-30,DFT_0001_1112-Q1,Amber/Green,14714.37,2019-12-31,DFT_0001_1112-Q1,crossrail,DFT_0001_1112-Q1,gmpp_id,Crossrail,Amber/Green,14714.37,2019-12-31,both,True
DFT_0015_1112-Q1,Shared Services Implementation Programme,AR 2015,1415-Q2,DFT,Amber/Red,2010-12-10 00:00:00,2015-10-01 00:00:00,21.7,23.91,2.210000000000001,0.10184331797235027,222.27,,0,ICT,4.80766598220397,"DFT_0015_1112-Q1,1415-Q2",DFT,Amber/Red,Not new,,,2020/beis/BEIS_Government_Major_Projects_Portfolio_data_September_2019.xlsx,2014-09-30,DFT_0015_1112-Q1,Amber/Red,222.27,2015-10-01,DFT::shared services implementation programme,shared services implementation programme,DFT::shared services implementation programme,name,Shared Services Implementation Programme,Amber/Red,222.27,2015-10-01,both,True
DFT_0004_1112-Q1,High Speed Rail Programme,AR 2015,1415-Q2,DFT,Amber/Red,2011-02-28 00:00:00,2033-12-31 00:00:00,380.01,483.01,103,0.2710454988026631,42559.51,,0,Infrastructure and Construction,22.83915126625599,"DFT_0004_1112-Q1,1415-Q2",DFT,Amber/Red,Not new,,,2020/beis/BEIS_Government_Major_Projects_Portfolio_data_September_2019.xlsx,2014-09-30,DFT_0004_1112-Q1,Amber/Red,42559.51,2033-12-31,DFT_0004_1112-Q1,high speed rail programme,DFT_0004_1112-Q1,gmpp_id,High Speed Rail Programme,Amber/Red,42559.51,2033-12-31,both,True
DFT_0005_1112-Q1,Intercity Express Programme (IEP),AR 2015,1415-Q2,DFT,Amber/Green,2005-06-01 00:00:00,2020-02-06 00:00:00,4,5.01,1.0099999999999998,0.25249999999999995,1308.35,,1222,Infrastructure and Construction,14.683093771389458,"DFT_0005_1112-Q1,1415-Q2",DFT,Amber/Green,Not new,,,2020/beis/BEIS_Government_Major_Projects_Portfolio_data_September_2019.xlsx,2014-09-30,DFT_0005_1112-Q1,Amber/Green,1308.35,2020-02-06,DFT_0005_1112-Q1,intercity express programme,DFT_0005_1112-Q1,gmpp_id,Intercity Express Programme (IEP),Amber/Green,1308.35,2020-02-06,both,True
DFT_0009_1112-Q1,Periodic Review 2013 (Rail Investment Strategy - HLOS & SOFA),AR 2015,1415-Q2,DFT,Green,2011-08-17 00:00:00,2012-07-31 00:00:00,3164.93,2764.1000000000004,-1083.0299999999997,-0.28151635115007806,16840.61,,0,Infrastructure and Construction,0.9555099247091033,"DFT_0009_1112-Q1,1415-Q2",DFT,Green,Not new,,,2020/beis/BEIS_Government_Major_Projects_Portfolio_data_September_2019.xlsx,2014-09-30,DFT_0009_1112-Q1,Green,16840.61,2012-07-31,DFT::periodic review 2013,periodic review 2013,DFT::periodic review 2013,name,Periodic Review 2013 (Rail Investment Strategy - HLOS & SOFA),Green,16840.61,2012-07-31,both,True
DFT_0014_1112-Q1,Search & Rescue Helicopters (SARH),AR 2015,1415-Q2,DFT,Amber/Green,2011-02-08 00:00:00,2017-09-08 00:00:00,0,0,0,0%,1923,,0,Infrastructure and Construction,6.581793292265571,"DFT_0014_1112-Q1,1415-Q2",DFT,Amber/Green,Not new,,,2020/beis/BEIS_Government_Major_Projects_Portfolio_data_September_2019.xlsx,2014-09-30,DFT_0014_1112-Q1,Amber/Green,1923.0,2017-09-08,DFT::search and rescue helicopters,search and rescue helicopters,DFT::search and rescue helicopters,name,Search & Rescue Helicopters (SARH),Amber/Green,1923.0,2017-09-08,both,True
DH_0003_1112-Q1,"Brighton & Sussex University Hospitals NHS Trust (3Ts Programme - The development of a leading teaching, trauma and tertiary care centre)",AR 2015,1415-Q2,DH Capital,Amber/Green,2012-01-27 00:00:00,2021-12-24 00:00:00,28.125696,33.75,5.624303999999999,0.19997030473485877,445.7637826176787,,0,Infrastructure and Construction,9.908281998631075,"DH_0003_1112-Q1,1415-Q2",DH,Amber/Green,Not new,,,2020/beis/BEIS_Government_Major_Projects_Portfolio_data_September_2019.xlsx,2014-09-30,DH_0003_1112-Q1,Amber/Green,445.7637826176787,2021-12-24,DH/DHSC::brighton and sussex university hospitals nhs trust,brighton and sussex university hospitals nhs trust,DH/DHSC::brighton and sussex university hospitals nhs trust,name,"Brighton & Sussex University Hospitals NHS Trust (3Ts Programme - The development of a leading teaching, trauma and tertiary care centre)",Amber/Green,445.76,2021-12-24,both,True
DFT_0016_1112-Q1,Thameslink,AR 2015,1415-Q2,DFT,Amber,2005-07-01 00:00:00,2018-12-31 00:00:00,40.7,36.64,-4.060000000000002,-0.09975429975429981,4897.820000000001,,4547.25,Infrastructure and Construction,13.500342231348391,"DFT_0016_1112-Q1,1415-Q2",DFT,Amber,Not new,,,2020/beis/BEIS_Government_Major_Projects_Portfolio_data_September_2019.xlsx,2014-09-30,DFT_0016_1112-Q1,Amber,4897.820000000001,2018-12-31,DFT_0016_1112-Q1,thameslink,DFT_0016_1112-Q1,gmpp_id,Thameslink,Amber,4897.82,2018-12-31,both,True
DH_0004_1112-Q1,Broadmoor Redevelopment Programme,AR 2015,1415-Q2,DH Capital,Green,2012-07-10 00:00:00,2020-02-11 00:00:00,42.11,25.92,-16.189999999999998,-0.38446924720968884,287.42,,0,Infrastructure and Construction,7.5893223819301845,"DH_0004_1112-Q1,1415-Q2",DH,Green,Not new,,,2020/beis/BEIS_Government_Major_Projects_Portfolio_data_September_2019.xlsx,2014-09-30,DH_0004_1112-Q1,Green,287.42,2020-02-11,DH/DHSC::broadmoor redevelopment programme,broadmoor redevelopment programme,DH/DHSC::broadmoor redevelopment programme,name,Broadmoor Redevelopment Programme,Green,287.42,2020-02-11,both,True
DFT_0020_1314-Q2,A14 Cambridge to Huntingdon Improvement Scheme,AR 2015,1415-Q2,DFT,Amber/Green,2012-09-01 00:00:00,2021-09-30 00:00:00,23.5,17.49,-6.010000000000002,-0.2557446808510639,1519.3199999999997,,0,Infrastructure and Construction,9.078713210130047,"DFT_0020_1314-Q2,1415-Q2",DFT,Amber/Green,Not new,,,2020/beis/BEIS_Government_Major_Projects_Portfolio_data_September_2019.xlsx,2014-09-30,DFT_0020_1314-Q2,Amber/Green,1519.3199999999997,2021-09-30,DFT_0020_1314-Q2,a14 cambridge to huntingdon improvement scheme,DFT_0020_1314-Q2,gmpp_id,A14 Cambridge to Huntingdon Improvement Scheme,Amber/Green,1519.32,2021-09-30,both,True
DH_0007_1112-Q1,E&N Herts NHS Trust - Lister Hospital ('Our Changing Hospitals' Phase 4 Programme),AR 2015,1415-Q2,DH Capital,Amber/Green,2011-08-04 00:00:00,2014-03-17 00:00:00,0,21.561,21.561,,212.02999999999997,,,Infrastructure and Construction,2.617385352498289,"DH_0007_1112-Q1,1415-Q2",DH,Amber/Green,Not new,,,2020/beis/BEIS_Government_Major_Projects_Portfolio_data_September_2019.xlsx,2014-09-30,DH_0007_1112-Q1,Amber/Green,212.02999999999997,2014-03-17,DH/DHSC::e and n herts nhs trust lister hospital,e and n herts nhs trust lister hospital,DH/DHSC::e and n herts nhs trust lister hospital,name,E&N Herts NHS Trust - Lister Hospital ('Our Changing Hospitals' Phase 4 Programme),Amber/Green,212.03,2014-03-17,both,True
DFT_0021_1314-Q3,Rail Franchising Programme,AR 2015,1415-Q2,DFT,Amber,2013-03-26 00:00:00,2022-12-31 00:00:00,-2.6,3.3,5.9,-2.269230769230769,134.19999999999982,,0,Infrastructure and Construction,9.765913757700206,"DFT_0021_1314-Q3,1415-Q2",DFT,Amber,Joiner,,,2020/beis/BEIS_Government_Major_Projects_Portfolio_data_September_2019.xlsx,2014-09-30,DFT_0021_1314-Q3,Amber,134.19999999999982,2022-12-31,DFT_0021_1314-Q3,rail franchising programme,DFT_0021_1314-Q3,gmpp_id,Rail Franchising Programme,Amber,134.2,2022-12-31,both,True
DH_0008_1112-Q1,Electronic Prescription Service (EPS) Release 2,AR 2015,1415-Q2,DH Non Capital,Amber,2003-01-01 00:00:00,2016-12-31 00:00:00,4.2795,4.545,0.2655000000000003,0.06203995793901164,77.74461696218157,,0,Government Transformation and Service Delivery,13.998631074606434,"DH_0008_1112-Q1,1415-Q2",DH,Amber,Not new,,,2020/beis/BEIS_Government_Major_Projects_Portfolio_data_September_2019.xlsx,2014-09-30,DH_0008_1112-Q1,Amber,77.74461696218157,2016-12-31,DOH_0008_1112-Q1,electronic prescription service release 2,DOH_0008_1112-Q1,name,Electronic Prescription Service (EPS) Release 2,Amber,77.74,2016-12-31,both,True
DH_0013_1112-Q1,Mersey Care NHS LIFT scheme (TIME - To Improve Mental Health Environments),AR 2015,1415-Q2,DH Capital,Amber/Green,2011-09-16 00:00:00,2015-01-20 00:00:00,1.74,0.69,-1.05,-0.603448275862069,208.8,,0,Infrastructure and Construction,3.345653661875428,"DH_0013_1112-Q1,1415-Q2",DH,Amber/Green,Not new,,,2020/beis/BEIS_Government_Major_Projects_Portfolio_data_September_2019.xlsx,2014-09-30,DH_0013_1112-Q1,Amber/Green,208.8,2015-01-20,DH/DHSC::mersey care nhs lift scheme,mersey care nhs lift scheme,DH/DHSC::mersey care nhs lift scheme,name,Mersey Care NHS LIFT scheme (TIME - To Improve Mental Health Environments),Amber/Green,208.8,2015-01-20,both,True
DH_0015_1112-Q1,CSC LSP Delivery Programme,AR 2015,1415-Q2,DH Non Capital,Amber/Red,2003-06-23 00:00:00,2016-07-31 00:00:00,213.76,134.10999999999999,-79.65,-0.3726141467065869,2294.0699999999997,,,ICT,13.10609171800137,"DH_0015_1112-Q1,1415-Q2",DH,Amber/Red,Not new,,,2020/beis/BEIS_Government_Major_Projects_Portfolio_data_September_2019.xlsx,2014-09-30,DH_0015_1112-Q1,Amber/Red,2294.0699999999997,2016-07-31,DOH_0015_1112-Q1,csc lsp delivery programme,DOH_0015_1112-Q1,name,CSC LSP Delivery Programme,Amber/Red,2294.07,2016-07-31,both,True
DWP_0003_1112-Q1,Child Maintenance Group Change,AR 2015,1415-Q2,DWP,Amber/Green,2009-08-01 00:00:00,2015-12-31 00:00:00,86.66,69.179,-17.480999999999995,-0.20171936302792517,1218.33,,,Government Transformation and Service Delivery,6.414784394250513,"DWP_0003_1112-Q1,1415-Q2",DWP,Amber/Green,Not new,,,2020/beis/BEIS_Government_Major_Projects_Portfolio_data_September_2019.xlsx,2014-09-30,DWP_0003_1112-Q1,Amber/Green,1218.33,2015-12-31,DWP::child maintenance group change,child maintenance group change,DWP::child maintenance group change,name,Child Maintenance Group Change,Amber/Green,1218.33,2015-12-31,both,True
DWP_0005_1112-Q1,Automatic Enrolment Programme,AR 2015,1415-Q2,DWP,Amber,2007-05-01 00:00:00,2018-11-30 00:00:00,117.5,120.209,2.709000000000003,0.023055319148936198,995.4,,,Government Transformation and Service Delivery,11.58384668035592,"DWP_0005_1112-Q1,1415-Q2",DWP,Amber,Not new,,,2020/beis/BEIS_Government_Major_Projects_Portfolio_data_September_2019.xlsx,2014-09-30,DWP_0005_1112-Q1,Amber,995.4,2018-11-30,DWP_0005_1112-Q1,automatic enrolment programme,DWP_0005_1112-Q1,gmpp_id,Automatic Enrolment Programme,Amber,995.4,2018-11-30,both,True
DWP_0009_1112-Q1,Universal Credit,AR 2015,1415-Q2,DWP,Amber/Red,2011-11-17 00:00:00,2020-04-30 00:00:00,323.79958630898045,323.79958630898045,0,0,15844.016611695495,,0,Government Transformation and Service Delivery,8.451745379876797,"DWP_0009_1112-Q1,1415-Q2",DWP,Amber/Red,Not new,,,2020/beis/BEIS_Government_Major_Projects_Portfolio_data_September_2019.xlsx,2014-09-30,DWP_0009_1112-Q1,Amber/Red,15844.016611695495,2020-04-30,DWP_0009_1112-Q1,universal credit,DWP::universal credit,gmpp_id,,,,,left_only,False
DWP_0011_1112-Q2,Personal Independence Payment Programme,AR 2015,1415-Q2,DWP,Amber/Red,2011-10-31 00:00:00,2016-03-31 00:00:00,231.48,303.611,72.131,0.3116079142906515,2525.94,,,Government Transformation and Service Delivery,4.41615331964408,"DWP_0011_1112-Q2,1415-Q2",DWP,Amber/Red,Not new,,,2020/beis/BEIS_Government_Major_Projects_Portfolio_data_September_2019.xlsx,2014-09-30,DWP_0011_1112-Q2,Amber/Red,2525.94,2016-03-31,DWP::personal independence payment implementation,personal independence payment programme,DWP::personal independence payment implementation,name,Personal Independence Payment Programme,Amber/Red,2525.94,2016-03-31,both,True
DWP_0016_1213-Q2,"Fraud, Error and Debt Programme",AR 2015,1415-Q2,DWP,Amber,2012-04-02 00:00:00,2017-03-31 00:00:00,111.3,98.81,-12.489999999999995,-0.1122192273135669,838.9,,0,Government Transformation and Service Delivery,4.993839835728953,"DWP_0016_1213-Q2,1415-Q2",DWP,Amber,Not new,,,2020/beis/BEIS_Government_Major_Projects_Portfolio_data_September_2019.xlsx,2014-09-30,DWP_0016_1213-Q2,Amber,838.9,2017-03-31,DWP_0016_1213-Q2,fraud error and debt programme,DWP_0016_1213-Q2,gmpp_id,"Fraud, Error and Debt Programme",Amber,838.9,2017-03-31,both,True
DH_0017_1112-Q1,PHE Science Hub,AR 2015,1415-Q2,DH Capital,Amber,2013-08-09 00:00:00,2021-03-30 00:00:00,29.68,15.67,-14.01,-0.4720350404312668,10447.570000000002,,0,Infrastructure and Construction,7.638603696098563,"DH_0017_1112-Q1,1415-Q2",DH,Amber,Not new,,,2020/beis/BEIS_Government_Major_Projects_Portfolio_data_September_2019.xlsx,2014-09-30,DH_0017_1112-Q1,Amber,10447.570000000002,2021-03-30,DH_0017_1112-Q1,phe science hub,DH_0017_1112-Q1,gmpp_id,PHE Science Hub,Amber,10447.57,2021-03-30,both,True
FCO_0004_1112-Q1,ICTRe-procurement,AR 2015,1415-Q2,FCO,Amber/Red,2011-01-01 00:00:00,2013-11-30 00:00:00,53.400000000000006,49.8,-3.6000000000000085,-0.0674157303370788,242.09999999999997,,,ICT,2.9130732375085557,"FCO_0004_1112-Q1,1415-Q2",FCO,Amber/Red,Not new,,,2020/beis/BEIS_Government_Major_Projects_Portfolio_data_September_2019.xlsx,2014-09-30,FCO_0004_1112-Q1,Amber/Red,242.09999999999997,2013-11-30,,ictre procurement,,unmatched,,,,,left_only,False
HMRC_0002_1112-Q1,Debt Staff Reinvestment,AR 2015,1415-Q2,HMRC,Green,2011-04-01 00:00:00,2015-04-01 00:00:00,22.54,22.54,0,0,56.418,,,Government Transformation and Service Delivery,4,"HMRC_0002_1112-Q1,1415-Q2",HMRC,Green,Not new,,,2020/beis/BEIS_Government_Major_Projects_Portfolio_data_September_2019.xlsx,2014-09-30,HMRC_0002_1112-Q1,Green,56.418,2015-04-01,HMRC::debt management and banking staff reinvestment,debt staff reinvestment,HMRC::debt management and banking staff reinvestment,name,Debt Staff Reinvestment,Green,56.42,2015-04-01,both,True
HMRC_0004_1112-Q1,One Click,AR 2015,1415-Q2,HMRC,Amber/Green,2010-03-24 00:00:00,2013-10-16 00:00:00,8.65,8.73,0.08000000000000007,0.009248554913294805,111.06,,,Government Transformation and Service Delivery,3.564681724845996,"HMRC_0004_1112-Q1,1415-Q2",HMRC,Amber/Green,Not new,,,2020/beis/BEIS_Government_Major_Projects_Portfolio_data_September_2019.xlsx,2014-09-30,HMRC_0004_1112-Q1,Amber/Green,111.06,2013-10-16,HMRC::one click,one click,HMRC::one click,name,One Click,Amber/Green,111.06,2013-10-16,both,True
HMRC_0006_1112-Q1,Real Time Information (RTI),AR 2015,1415-Q2,HMRC,Amber/Green,2010-07-05 00:00:00,2015-06-30 00:00:00,45.870000000000005,45.70099999999999,-0.16900000000001114,-0.0036843252670593226,333.02,,,ICT,4.985626283367557,"HMRC_0006_1112-Q1,1415-Q2",HMRC,Amber/Green,Not new,,,2020/beis/BEIS_Government_Major_Projects_Portfolio_data_September_2019.xlsx,2014-09-30,HMRC_0006_1112-Q1,Amber/Green,333.02,2015-06-30,HMRC::real time information,real time information,HMRC::real time information,name,Real Time Information (RTI),Amber/Green,333.02,2015-06-30,both,True
HMRC_0007_1112-Q2,Expanding the use of Debt Collection Agencies,AR 2015,1415-Q2,HMRC,Green,2011-04-01 00:00:00,2015-03-31 00:00:00,14.49,14.123,-0.3670000000000009,-0.025327812284334082,69.29,,,Government Transformation and Service Delivery,3.997262149212868,"HMRC_0007_1112-Q2,1415-Q2",HMRC,Green,Not new,,,2020/beis/BEIS_Government_Major_Projects_Portfolio_data_September_2019.xlsx,2014-09-30,HMRC_0007_1112-Q2,Green,69.29,2015-03-31,HMRC::expanding the use of debt collection agencies,expanding the use of debt collection agencies,HMRC::expanding the use of debt collection agencies,name,Expanding the use of Debt Collection Agencies,Green,69.29,2015-03-31,both,True
HMRC_0008_1112-Q2,Organised Crime,AR 2015,1415-Q2,HMRC,Amber/Green,2010-11-01 00:00:00,2014-06-30 00:00:00,22.039,21.73,-0.30900000000000105,-0.014020599845728074,74.7,,,Government Transformation and Service Delivery,3.6605065023956196,"HMRC_0008_1112-Q2,1415-Q2",HMRC,Amber/Green,Not new,,,2020/beis/BEIS_Government_Major_Projects_Portfolio_data_September_2019.xlsx,2014-09-30,HMRC_0008_1112-Q2,Amber/Green,74.7,2014-06-30,HMRC::organised crime,organised crime,HMRC::organised crime,name,Organised Crime,Amber/Green,74.7,2014-06-30,both,True
HMRC_0009_1112-Q2,Volume Crime,AR 2015,1415-Q2,HMRC,Green,2011-04-01 00:00:00,2013-05-29 00:00:00,11.05,11.02,-0.030000000000001137,-0.0027149321266969353,42.05,,,Government Transformation and Service Delivery,2.1601642710472277,"HMRC_0009_1112-Q2,1415-Q2",HMRC,Green,Not new,,,2020/beis/BEIS_Government_Major_Projects_Portfolio_data_September_2019.xlsx,2014-09-30,HMRC_0009_1112-Q2,Green,42.05,2013-05-29,HMRC::volume crime,volume crime,HMRC::volume crime,name,Volume Crime,Green,42.05,2013-05-29,both,True
HMT_0001_1112-Q1,Equitable Life Payment Scheme,AR 2015,1415-Q2,HMT,Green,2010-05-01 00:00:00,2015-12-31 00:00:00,Data not provided by dept,Data not provided by dept,Data not provided by dept,Data not provided by dept,Data not provided by dept,,,Government Transformation and Service Delivery,5.66735112936345,"HMT_0001_1112-Q1,1415-Q2",HMT,Green,Not new,,,2020/beis/BEIS_Government_Major_Projects_Portfolio_data_September_2019.xlsx,2014-09-30,HMT_0001_1112-Q1,Green,,2015-12-31,HMT::equitable life payment scheme,equitable life payment scheme,HMT::equitable life payment scheme,name,Equitable Life Payment Scheme,Green,,2015-12-31,both,True
HO_0007_1112-Q1,NCA ICTModernisation Programme (was SOCA ISOT),AR 2015,1415-Q2,NCA,Amber/Red,2008-04-01 00:00:00,2013-09-30 00:00:00,33.73,38.74,5.010000000000005,0.1485324636821822,398.65,,,ICT,5.49760438056126,"HO_0007_1112-Q1,1415-Q2",NCA,Amber/Red,Not new,,,2020/beis/BEIS_Government_Major_Projects_Portfolio_data_September_2019.xlsx,2014-09-30,HO_0007_1112-Q1,Amber/Red,398.65,2013-09-30,,nca ictmodernisation programme,,unmatched,,,,,left_only,False
HO_0008_1112-Q1,Schengen Information System (SIS II) Programme,AR 2015,1415-Q2,HO,Amber/Red,2006-04-01 00:00:00,2015-03-31 00:00:00,14.25,16.66,2.41,0.16912280701754387,190.57,,0,ICT,8.996577686516085,"HO_0008_1112-Q1,1415-Q2",HO,Amber/Red,Not new,,,2020/beis/BEIS_Government_Major_Projects_Portfolio_data_September_2019.xlsx,2014-09-30,HO_0008_1112-Q1,Amber/Red,190.57,2015-03-31,HO::schengen information systems 2 programme,schengen information system programme,HO::schengen information systems 2 programme,name,Schengen Information System (SIS II) Programme,Amber/Red,190.57,2015-03-31,both,True
HO_0009_1112-Q1,Transforming the Customer Experience (Formerly A&E),AR 2015,1415-Q2,HO,Amber/Green,2007-05-14 00:00:00,2014-11-01 00:00:00,11,11.26,0.2599999999999998,0.02363636363636362,201.411,,,ICT,7.468856947296373,"HO_0009_1112-Q1,1415-Q2",HO,Amber/Green,Not new,,,2020/beis/BEIS_Government_Major_Projects_Portfolio_data_September_2019.xlsx,2014-09-30,HO_0009_1112-Q1,Amber/Green,201.411,2014-11-01,HO::transforming the customer experience,transforming the customer experience,HO::transforming the customer experience,name,Transforming the Customer Experience (Formerly A&E),Amber/Green,201.41,2014-11-01,both,True
HO_0011_1112-Q2,Disclosure and Barring  Service (DBS) Programme,AR 2015,1415-Q2,HO,Amber,2010-12-29 00:00:00,2015-07-31 00:00:00,136,136,0,0,741.625,,,ICT,4.58590006844627,"HO_0011_1112-Q2,1415-Q2",HO,Amber,Not new,,,2020/beis/BEIS_Government_Major_Projects_Portfolio_data_September_2019.xlsx,2014-09-30,HO_0011_1112-Q2,Amber,741.625,2015-07-31,HO::sig disclosure and barring service programme,disclosure and barring service programme,HO::sig disclosure and barring service programme,name,Disclosure and Barring Service (DBS) Programme,Amber,741.63,2015-07-31,both,True
HO_0012_1112-Q3,Communications Capabilities Development Programme,AR 2015,1415-Q2,HO,Amber,2006-04-01 00:00:00,2020-04-01 00:00:00,Data Exempt under Section 24 of the Freedom of Information Act (2000),Data Exempt under Section 24 of the Freedom of Information Act (2000),Data Exempt under Section 24 of the Freedom of Information Act (2000),Data Exempt under Section 24 of the Freedom of Information Act (2000),Data Exempt under Section 24 of the Freedom of Information Act (2000),,exempt,ICT,14.001368925393566,"HO_0012_1112-Q3,1415-Q2",HO,Amber,Not new,,,2020/beis/BEIS_Government_Major_Projects_Portfolio_data_September_2019.xlsx,2014-09-30,HO_0012_1112-Q3,Amber,,2020-04-01,HO::communications capabilities development programme,communications capabilities development programme,HO::communications capabilities development programme,name,Communications Capabilities Development Programme,Amber,,2020-04-01,both,True
HO_0016_1213-Q1,Emergency Services Mobile Communications Programme (ESMCP),AR 2015,1415-Q2,HO,Amber,2011-06-01 00:00:00,2020-12-31 00:00:00,9.6,13.2,3.5999999999999996,0.375,5367.08,,,Government Transformation and Service Delivery,9.585215605749486,"HO_0016_1213-Q1,1415-Q2",HO,Amber,Not new,,,2020/beis/BEIS_Government_Major_Projects_Portfolio_data_September_2019.xlsx,2014-09-30,HO_0016_1213-Q1,Amber,5367.08,2020-12-31,HO_0016_1213-Q1,emergency services mobile communications programme,HO_0016_1213-Q1,gmpp_id,Emergency Services Mobile Communications Programme (ESMCP),Amber,5367.08,2020-12-31,both,True
HO_0023_1213-Q1,Next Generation Outsourced Visa Services Contract,AR 2015,1415-Q2,HO,Green,2011-12-01 00:00:00,2014-07-01 00:00:00,85.007,83.9,-1.1069999999999993,-0.013022456974131534,595.703,,,ICT,2.5817932922655715,"HO_0023_1213-Q1,1415-Q2",HO,Green,Not new,,,2020/beis/BEIS_Government_Major_Projects_Portfolio_data_September_2019.xlsx,2014-09-30,HO_0023_1213-Q1,Green,595.703,2014-07-01,HO::next generation outsourced visa services contract,next generation outsourced visa services contract,HO::next generation outsourced visa services contract,name,Next Generation Outsourced Visa Services Contract,Green,595.7,2014-07-01,both,True
HO_0025_1213-Q2,Harmondsworth and Colnbrook Retender (P110),AR 2015,1415-Q2,HO,Green,2012-03-01 00:00:00,2015-06-01 00:00:00,16.98,16.98,0,0,199.615,,,ICT,3.249828884325804,"HO_0025_1213-Q2,1415-Q2",HO,Green,Not new,,,2020/beis/BEIS_Government_Major_Projects_Portfolio_data_September_2019.xlsx,2014-09-30,HO_0025_1213-Q2,Green,199.615,2015-06-01,HO::harmondsworth and colnbrook retender,harmondsworth and colnbrook retender,HO::harmondsworth and colnbrook retender,name,Harmondsworth and Colnbrook Retender,Green,199.62,2015-06-01,both,True
MOD_0001_1112-Q1,A400M,AR 2015,1415-Q2,Military Capability,Amber/Green,1997-07-01 00:00:00,2022-03-31 00:00:00,646.36,640.69,-5.669999999999959,-0.008772201250077293,3833.1499999999996,,,Military Capability,24.747433264887064,"MOD_0001_1112-Q1,1415-Q2",MOD,Amber/Green,Not new,,,2020/beis/BEIS_Government_Major_Projects_Portfolio_data_September_2019.xlsx,2014-09-30,MOD_0001_1112-Q1,Amber/Green,3833.1499999999996,2022-03-31,MOD_0001_1112-Q1,a400m,MOD_0001_1112-Q1,gmpp_id,A400M,Amber/Green,3833.15,2022-03-31,both,True
MOD_0004_1112-Q1,Airseeker,AR 2015,1415-Q2,Military Capability,Amber/Green,2010-03-18 00:00:00,2018-04-01 00:00:00,132.22,127.96,-4.260000000000005,-0.03221902889124191,753.1099999999999,,,Military Capability,8.038329911019849,"MOD_0004_1112-Q1,1415-Q2",MOD,Amber/Green,Not new,,,2020/beis/BEIS_Government_Major_Projects_Portfolio_data_September_2019.xlsx,2014-09-30,MOD_0004_1112-Q1,Amber/Green,753.1099999999999,2018-04-01,MOD::airseeker,airseeker,MOD::airseeker,name,Airseeker,Amber/Green,753.11,2018-04-01,both,True
MOD_0009_1112-Q1,BORONA,AR 2015,1415-Q2,MOD Transformation,Amber/Green,2006-08-31 00:00:00,2019-03-31 00:00:00,161.10000000000002,147.01,-14.090000000000032,-0.08746120422098094,1557.1000000000001,,,Government Transformation and Service Delivery,12.580424366872005,"MOD_0009_1112-Q1,1415-Q2",MOD,Amber/Green,Not new,,,2020/beis/BEIS_Government_Major_Projects_Portfolio_data_September_2019.xlsx,2014-09-30,MOD_0009_1112-Q1,Amber/Green,1557.1000000000001,2019-03-31,MOD::borona,borona,MOD::borona,name,BORONA,Amber/Green,1557.1,2016-03-31,both,True
MOD_0017_1112-Q1,Crowsnest Programme,AR 2015,1415-Q2,Military Capability,Green,2013-03-26 00:00:00,2022-09-30 00:00:00,19.86,14.6,-5.26,-0.2648539778449144,Data Exempt under Section 43 of the Freedom of Information Act (2000),,exempt,Military Capability,9.514031485284052,"MOD_0017_1112-Q1,1415-Q2",MOD,Green,Not new,,,2020/beis/BEIS_Government_Major_Projects_Portfolio_data_September_2019.xlsx,2014-09-30,MOD_0017_1112-Q1,Green,,2022-09-30,MOD_0017_1112-Q1,crowsnest programme,MOD_0017_1112-Q1,gmpp_id,Crowsnest Programme,Green,,2022-09-30,both,True
MOD_0019_1112-Q1,Defence Information Infrastructure,AR 2015,1415-Q2,Military Capability,Amber/Red,2001-09-03 00:00:00,2015-03-21 00:00:00,770.1999999999999,787.39,17.190000000000055,0.022318878213451125,7432.41,,,ICT,13.544147843942506,"MOD_0019_1112-Q1,1415-Q2",MOD,Amber/Red,Not new,,,2020/beis/BEIS_Government_Major_Projects_Portfolio_data_September_2019.xlsx,2014-09-30,MOD_0019_1112-Q1,Amber/Red,7432.41,2015-03-21,MOD::defence information infrastructure,defence information infrastructure,MOD::defence information infrastructure,name,Defence Information Infrastructure,Amber/Red,7432.41,2015-03-21,both,True
MOD_0033_1112-Q1,MARSHALL,AR 2015,1415-Q2,Military Capability,Amber,2006-04-03 00:00:00,2020-10-04 00:00:00,41.5,41.5,0,0,716.6,,,Military Capability,14.505133470225873,"MOD_0033_1112-Q1,1415-Q2",MOD,Amber,Not new,,,2020/beis/BEIS_Government_Major_Projects_Portfolio_data_September_2019.xlsx,2014-09-30,MOD_0033_1112-Q1,Amber,716.6,2020-10-04,MOD_0033_1112-Q1,marshall,MOD_0033_1112-Q1,gmpp_id,MARSHALL,Amber,716.6,2020-10-04,both,True
MOD_0035_1112-Q1,Merlin Programme,AR 2015,1415-Q2,Military Capability,Green,2003-06-01 00:00:00,2016-03-31 00:00:00,90.5,25.67,-64.83,-0.716353591160221,806.44,,,Military Capability,12.83230663928816,"MOD_0035_1112-Q1,1415-Q2",MOD,Green,Not new,,,2020/beis/BEIS_Government_Major_Projects_Portfolio_data_September_2019.xlsx,2014-09-30,MOD_0035_1112-Q1,Green,806.44,2016-03-31,MOD::merlin programme,merlin programme,MOD::merlin programme,name,Merlin Programme,Green,806.44,2015-12-31,both,True
MOD_0036_1112-Q1,Maritime Sustainment Programme,AR 2015,1415-Q2,Military Capability,Amber/Green,2005-07-25 00:00:00,2018-04-30 00:00:00,68.71,75.73,7.02000000000001,0.10216853442002635,596.51,,,Military Capability,12.763860369609857,"MOD_0036_1112-Q1,1415-Q2",MOD,Amber/Green,Not new,,,2020/beis/BEIS_Government_Major_Projects_Portfolio_data_September_2019.xlsx,2014-09-30,MOD_0036_1112-Q1,Amber/Green,596.51,2018-04-30,MOD_0036_1112-Q1,maritime sustainment programme,MOD_0036_1112-Q1,gmpp_id,Maritime Sustainment Programme,Amber/Green,596.51,2018-04-30,both,True
MOD_0038_1112-Q1,Nuclear Warhead Capability Sustainment Programme,AR 2015,1415-Q2,Military Capability,Exempt,2008-04-01 00:00:00,2025-04-30 00:00:00,1090.98,1064.5500000000002,-26.429999999999836,-0.024225925314854384,20957.160000000003,,,Military Capability,17.078713210130047,"MOD_0038_1112-Q1,1415-Q2",MOD,Exempt,Not new,,,2020/beis/BEIS_Government_Major_Projects_Portfolio_data_September_2019.xlsx,2014-09-30,MOD_0038_1112-Q1,EXEMPT,20957.160000000003,2025-04-30,MOD_0038_1112-Q1,nuclear warhead capability sustainment programme,MOD_0038_1112-Q1,gmpp_id,Nuclear Warhead Capability Sustainment Programme,EXEMPT,20957.16,2025-04-30,both,True
MOD_0040_1112-Q1,Puma Helicopter Life Extension Programme,AR 2015,1415-Q2,Military Capability,Amber/Green,2007-02-01 00:00:00,2015-12-31 00:00:00,10.15,8.46,-1.6899999999999995,-0.16650246305418714,377.78999999999996,,,Military Capability,8.91170431211499,"MOD_0040_1112-Q1,1415-Q2",MOD,Amber/Green,Not new,,,2020/beis/BEIS_Government_Major_Projects_Portfolio_data_September_2019.xlsx,2014-09-30,MOD_0040_1112-Q1,Amber/Green,377.78999999999996,2015-12-31,MOD::puma helicopter life extension programme,puma helicopter life extension programme,MOD::puma helicopter life extension programme,name,Puma Helicopter Life Extension Programme,Amber/Green,377.79,2015-12-31,both,True
MOD_0042_1112-Q1,Queen Elizabeth Programme,AR 2015,1415-Q2,Military Capability,Amber/Red,1998-12-01 00:00:00,2023-03-31 00:00:00,844.8100000000001,810.06,-34.750000000000114,-0.041133509309785765,7209.06,,,Military Capability,24.32854209445585,"MOD_0042_1112-Q1,1415-Q2",MOD,Amber/Red,Not new,,,2020/beis/BEIS_Government_Major_Projects_Portfolio_data_September_2019.xlsx,2014-09-30,MOD_0042_1112-Q1,Amber/Red,7209.06,2023-03-31,MOD_0042_1112-Q1,queen elizabeth programme,MOD_0042_1112-Q1,gmpp_id,Queen Elizabeth Programme,Amber/Red,7209.06,2023-03-31,both,True
MOD_0047_1112-Q1,Spearfish Upgrade Programme,AR 2015,1415-Q2,Military Capability,Amber/Green,2008-04-01 00:00:00,2022-12-31 00:00:00,21.65,23.55,1.9000000000000021,0.08775981524249434,428.89,,,Military Capability,14.74880219028063,"MOD_0047_1112-Q1,1415-Q2",MOD,Amber/Green,Not new,,,2020/beis/BEIS_Government_Major_Projects_Portfolio_data_September_2019.xlsx,2014-09-30,MOD_0047_1112-Q1,Amber/Green,428.89,2022-12-31,MOD_0047_1112-Q1,spearfish upgrade programme,MOD_0047_1112-Q1,gmpp_id,Spearfish Upgrade Programme,Amber/Green,428.89,2024-03-31,both,True
MOD_0055_1112-Q1,Type 26 Global Combat Ship Programme,AR 2015,1415-Q2,Military Capability,Exempt,2008-07-21 00:00:00,2034-12-31 00:00:00,182,169.51,-12.490000000000009,-0.06862637362637368,Data Exempt under Section 43 of the Freedom of Information Act (2000),,exempt,Military Capability,26.444900752908968,"MOD_0055_1112-Q1,1415-Q2",MOD,Exempt,Not new,,,2020/beis/BEIS_Government_Major_Projects_Portfolio_data_September_2019.xlsx,2014-09-30,MOD_0055_1112-Q1,EXEMPT,,2034-12-31,MOD_0055_1112-Q1,type 26 global combat ship programme,MOD_0055_1112-Q1,gmpp_id,Type 26 Global Combat Ship Programme,EXEMPT,,2034-12-31,both,True
MOD_0057_1112-Q1,Typhoon,AR 2015,1415-Q2,Military Capability,Amber/Green,1987-11-06 00:00:00,2024-03-30 00:00:00,1069.46,1023.3899999999999,-46.070000000000164,-0.04307781497204212,19210.68,,,Military Capability,36.39698836413415,"MOD_0057_1112-Q1,1415-Q2",MOD,Amber/Green,Not new,,,2020/beis/BEIS_Government_Major_Projects_Portfolio_data_September_2019.xlsx,2014-09-30,MOD_0057_1112-Q1,Amber/Green,19210.68,2024-03-30,MOD::typhoon,typhoon,MOD::typhoon,name,Typhoon,Amber/Green,19210.68,2024-03-30,both,True
MOD_0061_1112-Q1,WATCHKEEPER,AR 2015,1415-Q2,Military Capability,Amber/Green,1998-03-01 00:00:00,2040-12-31 00:00:00,63.37,68.04,4.670000000000009,0.07369417705538912,1167.56,,,Military Capability,42.836413415468854,"MOD_0061_1112-Q1,1415-Q2",MOD,Amber/Green,Not new,,,2020/beis/BEIS_Government_Major_Projects_Portfolio_data_September_2019.xlsx,2014-09-30,MOD_0061_1112-Q1,Amber/Green,1167.56,2040-12-31,MOD_0061_1112-Q1,watchkeeper,MOD_0061_1112-Q1,gmpp_id,WATCHKEEPER,Amber/Green,1167.56,2042-12-31,both,True
MOD_0062_1112-Q1,Wildcat,AR 2015,1415-Q2,Military Capability,Amber/Green,2001-12-01 00:00:00,2016-05-31 00:00:00,106.87,105.45,-1.4200000000000017,-0.013287171329652864,1601.52,,,Military Capability,14.496919917864476,"MOD_0062_1112-Q1,1415-Q2",MOD,Amber/Green,Not new,,,2020/beis/BEIS_Government_Major_Projects_Portfolio_data_September_2019.xlsx,2014-09-30,MOD_0062_1112-Q1,Amber/Green,1601.52,2016-05-31,MOD::wildcat programme,wildcat,MOD::wildcat programme,name,Wildcat,Amber/Green,1601.52,2016-05-31,both,True
MOD_0065_1112-Q2,CHINOOK (incl Project Julius),AR 2015,1415-Q2,Military Capability,Amber/Green,2008-04-01 00:00:00,2017-03-31 00:00:00,240.03,226.56,-13.469999999999999,-0.056117985251843513,1048.33,,,Military Capability,8.996577686516085,"MOD_0065_1112-Q2,1415-Q2",MOD,Amber/Green,Not new,,,2020/beis/BEIS_Government_Major_Projects_Portfolio_data_September_2019.xlsx,2014-09-30,MOD_0065_1112-Q2,Amber/Green,1048.33,2017-03-31,MOD::chinook,chinook,MOD::chinook,name,CHINOOK (incl Project Julius),Amber/Green,1048.33,2017-03-31,both,True
MOD_0067_1112-Q2,Defence Core Network Services,AR 2015,1415-Q2,Military Capability,Amber/Red,2009-12-01 00:00:00,2020-03-02 00:00:00,46.27,24.85,-21.42,-0.4629349470499244,6113.330000000001,,,ICT,10.250513347022586,"MOD_0067_1112-Q2,1415-Q2",MOD,Amber/Red,Not new,,,2020/beis/BEIS_Government_Major_Projects_Portfolio_data_September_2019.xlsx,2014-09-30,MOD_0067_1112-Q2,Amber/Red,6113.330000000001,2020-03-02,MOD::defence core network services,defence core network services,MOD::defence core network services,name,Defence Core Network Services,Amber/Red,6113.33,2020-03-02,both,True
MOD_0069_1112-Q2,Logistics Commodities Services Transformation,AR 2015,1415-Q2,MOD Transformation,Amber,2011-08-01 00:00:00,2018-02-01 00:00:00,12.17,11.85,-0.3200000000000003,-0.026294165981922784,803.73,,,Government Transformation and Service Delivery,6.505133470225872,"MOD_0069_1112-Q2,1415-Q2",MOD,Amber,Not new,,,2020/beis/BEIS_Government_Major_Projects_Portfolio_data_September_2019.xlsx,2014-09-30,MOD_0069_1112-Q2,Amber,803.73,2018-02-01,MOD::logistics commodities services transformation,logistics commodities services transformation,MOD::logistics commodities services transformation,name,Logistics Commodities Services Transformation,Amber,803.73,2018-02-01,both,True
MOD_0070_1112-Q2,New Employment Model,AR 2015,1415-Q2,MOD Transformation,Amber,2011-05-02 00:00:00,2021-10-01 00:00:00,12.29,8.56,-3.7299999999999986,-0.30349877949552473,66.72,,,Government Transformation and Service Delivery,10.417522245037645,"MOD_0070_1112-Q2,1415-Q2",MOD,Amber,Not new,,,2020/beis/BEIS_Government_Major_Projects_Portfolio_data_September_2019.xlsx,2014-09-30,MOD_0070_1112-Q2,Amber,66.72,2021-10-01,MOD::new employment model,new employment model,MOD::new employment model,name,New Employment Model,Amber,66.72,2021-10-29,both,True
MOD_0071_1112-Q2,Submarine Enterprise Performance Programme,AR 2015,1415-Q2,Military Capability,Amber,2010-05-31 00:00:00,2014-03-31 00:00:00,0.28,0.23,-0.05000000000000002,-0.1785714285714286,15.729999999999997,,,Government Transformation and Service Delivery,3.8329911019849416,"MOD_0071_1112-Q2,1415-Q2",MOD,Amber,Not new,,,2020/beis/BEIS_Government_Major_Projects_Portfolio_data_September_2019.xlsx,2014-09-30,MOD_0071_1112-Q2,Amber,15.729999999999997,2014-03-31,MOD::submarine enterprise performance programme,submarine enterprise performance programme,MOD::submarine enterprise performance programme,name,Submarine Enterprise Performance Programme,Amber,15.73,2014-10-30,both,True
MOD_0076_1213-Q1,Astute Boats 1-7,AR 2015,1415-Q2,Military Capability,Amber/Red,1997-03-17 00:00:00,2024-03-31 00:00:00,558.1,645.59,87.49000000000001,0.1567640207848056,9860.640000000003,,,Military Capability,27.039014373716633,"MOD_0076_1213-Q1,1415-Q2",MOD,Amber/Red,Not new,,,2020/beis/BEIS_Government_Major_Projects_Portfolio_data_September_2019.xlsx,2014-09-30,MOD_0076_1213-Q1,Amber/Red,9860.640000000003,2024-03-31,MOD_0076_1213-Q1,astute boats 1 7,MOD_0076_1213-Q1,gmpp_id,Astute Boats 1-7,Amber/Red,9860.64,2024-03-31,both,True
MOD_0077_1213-Q1,Complex Weapons,AR 2015,1415-Q2,Military Capability,Amber,2008-03-31 00:00:00,2032-04-01 00:00:00,508.61,527.7,19.090000000000032,0.03753367019917035,17490.6,,,Military Capability,24.00273785078713,"MOD_0077_1213-Q1,1415-Q2",MOD,Amber,Not new,,,2020/beis/BEIS_Government_Major_Projects_Portfolio_data_September_2019.xlsx,2014-09-30,MOD_0077_1213-Q1,Amber,17490.6,2032-04-01,MOD_0077_1213-Q1,complex weapons,MOD_0077_1213-Q1,gmpp_id,Complex Weapons,Amber,17490.6,,both,True
MOD_0078_1213-Q1,Core Production Capability,AR 2015,1415-Q2,Military Capability,Amber,2012-04-23 00:00:00,2024-08-23 00:00:00,144.15,144.23000000000002,0.0800000000000125,0.0005549774540410163,1268.97,,,Military Capability,12.334017796030116,"MOD_0078_1213-Q1,1415-Q2",MOD,Amber,Not new,,,2020/beis/BEIS_Government_Major_Projects_Portfolio_data_September_2019.xlsx,2014-09-30,MOD_0078_1213-Q1,Amber,1268.97,2024-08-23,MOD_0078_1213-Q1,core production capability,MOD_0078_1213-Q1,gmpp_id,Core Production Capability,Amber,1268.97,2029-05-02,both,True
MOD_0079_1213-Q1,Lightning II Programme,AR 2015,1415-Q2,Military Capability,Amber,2001-10-01 00:00:00,2035-03-31 00:00:00,306.68,290.40000000000003,-16.279999999999973,-0.05308464849354367,13203.23,,,Military Capability,33.49486652977413,"MOD_0079_1213-Q1,1415-Q2",MOD,Amber,Not new,,,2020/beis/BEIS_Government_Major_Projects_Portfolio_data_September_2019.xlsx,2014-09-30,MOD_0079_1213-Q1,Amber,13203.23,2035-03-31,MOD_0079_1213-Q1,lightning ii programme,MOD_0079_1213-Q1,gmpp_id,Lightning II Programme,Amber,13203.23,2035-03-31,both,True
MOD_0080_1213-Q1,Successor SSBN,AR 2015,1415-Q2,Military Capability,Amber/Red,2011-04-14 00:00:00,Data Exempt under Section 35 of the Freedom of Information Act (2000),623.19,628.04,4.849999999999909,0.007782538230716007,Data Exempt under Section 43 of the Freedom of Information Act (2000),,exempt,Military Capability,0,"MOD_0080_1213-Q1,1415-Q2",MOD,Amber/Red,Not new,,,2020/beis/BEIS_Government_Major_Projects_Portfolio_data_September_2019.xlsx,2014-09-30,MOD_0080_1213-Q1,Amber/Red,,,MOD_0080_1213-Q1,successor ssbn,MOD_0080_1213-Q1,gmpp_id,Successor SSBN,Amber/Red,,,both,True
MOD_0081_1213-Q2,Future Reserves 2020,AR 2015,1415-Q2,MOD Transformation,Red,2011-09-30 00:00:00,2018-03-31 00:00:00,174,174,0,0,1819,,,Government Transformation and Service Delivery,6.499657768651608,"MOD_0081_1213-Q2,1415-Q2",MOD,Red,Not new,,,2020/beis/BEIS_Government_Major_Projects_Portfolio_data_September_2019.xlsx,2014-09-30,MOD_0081_1213-Q2,Red,1819.0,2018-03-31,MOD::future reserves 2020,future reserves 2020,MOD::future reserves 2020,name,Future Reserves 2020,Red,1819.0,2019-03-31,both,True
MOJ_0002_1112-Q1,Court Estates Reform,AR 2015,1415-Q2,MOJ,Green,2010-05-10 00:00:00,2014-09-30 00:00:00,0.589,0.09,-0.5042179999999999,-0.85,45.43899999999999,,0,Government Transformation and Service Delivery,4.39151266255989,"MOJ_0002_1112-Q1,1415-Q2",MOJ,Green,Not new,,,2020/beis/BEIS_Government_Major_Projects_Portfolio_data_September_2019.xlsx,2014-09-30,MOJ_0002_1112-Q1,Green,45.43899999999999,2014-09-30,MOJ::court estates reform,court estates reform,MOJ::court estates reform,name,Court Estates Reform,Green,45.44,2014-09-30,both,True
MOJ_0003_1112-Q1,Electronic Monitoring,AR 2015,1415-Q2,MOJ,Amber,2011-05-10 00:00:00,2013-09-30 00:00:00,49.9,49.9,0,0,425.8346464817316,,,Government Transformation and Service Delivery,2.3928815879534566,"MOJ_0003_1112-Q1,1415-Q2",MOJ,Amber,Not new,,,2020/beis/BEIS_Government_Major_Projects_Portfolio_data_September_2019.xlsx,2014-09-30,MOJ_0003_1112-Q1,Amber,425.8346464817316,2013-09-30,MOJ_0003_1112-Q1,electronic monitoring,MOJ_0003_1112-Q1,gmpp_id,Electronic Monitoring,Amber,425.83,2013-09-30,both,True
MOJ_0004_1112-Q1,Future IT Sourcing Programme (FITS),AR 2015,1415-Q2,MOJ,Amber,2011-03-01 00:00:00,2016-09-01 00:00:00,77,77,0,0,1205,,,ICT,5.505817932922656,"MOJ_0004_1112-Q1,1415-Q2",MOJ,Amber,Not new,,,2020/beis/BEIS_Government_Major_Projects_Portfolio_data_September_2019.xlsx,2014-09-30,MOJ_0004_1112-Q1,Amber,1205.0,2016-09-01,MOJ_0004_1112-Q1,future it sourcing programme,MOJ_0004_1112-Q1,gmpp_id,Future IT Sourcing Programme (FITS),Amber,1205.0,2016-09-01,both,True
MOJ_0005_1112-Q1,HMCTS Compliance & Enforcement Services Project,AR 2015,1415-Q2,MOJ,Amber/Green,2012-06-21 00:00:00,2015-07-31 00:00:00,47.67,52.286,4.616,0.09683238934340255,439.2,,0,Government Transformation and Service Delivery,3.1074606433949348,"MOJ_0005_1112-Q1,1415-Q2",MOJ,Amber/Green,Not new,,,2020/beis/BEIS_Government_Major_Projects_Portfolio_data_September_2019.xlsx,2014-09-30,MOJ_0005_1112-Q1,Amber/Green,439.2,2015-07-31,MOJ::her majesty s courts and tribunals services compliance and enforcement services project,hmcts compliance and enforcement services project,MOJ::her majesty s courts and tribunals services compliance and enforcement services project,name,HMCTS Compliance & Enforcement Services Project,Amber/Green,439.2,2015-07-31,both,True
MOJ_0006_1112-Q1,Integrated Delivery Programme,AR 2015,1415-Q2,MOJ,Amber,2009-07-01 00:00:00,2014-09-01 00:00:00,3.9447588699999967,3.968728,0.023969130000003336,0.006076196490053993,71.48975887,,0,ICT,5.169062286105407,"MOJ_0006_1112-Q1,1415-Q2",MOJ,Amber,Not new,,,2020/beis/BEIS_Government_Major_Projects_Portfolio_data_September_2019.xlsx,2014-09-30,MOJ_0006_1112-Q1,Amber,71.48975887,2014-09-01,MOJ_0006_1112-Q1,integrated delivery programme,MOJ_0006_1112-Q1,gmpp_id,Integrated Delivery Programme,Amber,71.49,2014-09-01,both,True
MOJ_0007_1112-Q1,Legal Aid Reform Implementation,AR 2015,1415-Q2,MOJ,Green,2011-04-01 00:00:00,2013-10-31 00:00:00,0,0,0,0%,19.059817638458732,,,Government Transformation and Service Delivery,2.5845311430527036,"MOJ_0007_1112-Q1,1415-Q2",MOJ,Green,Not new,,,2020/beis/BEIS_Government_Major_Projects_Portfolio_data_September_2019.xlsx,2014-09-30,MOJ_0007_1112-Q1,Green,19.059817638458732,2013-10-31,MOJ::legal aid reform implementation,legal aid reform implementation,MOJ::legal aid reform implementation,name,Legal Aid Reform Implementation,Green,19.06,2013-10-31,both,True
MOJ_0008_1112-Q1,MoJ Shared Services,AR 2015,1415-Q2,MOJ,Amber,2009-10-04 00:00:00,2015-07-07 00:00:00,27.6,30.5,2.8999999999999986,0.10507246376811588,357.3,,0,ICT,5.754962354551677,"MOJ_0008_1112-Q1,1415-Q2",MOJ,Amber,Not new,,,2020/beis/BEIS_Government_Major_Projects_Portfolio_data_September_2019.xlsx,2014-09-30,MOJ_0008_1112-Q1,Amber,357.3,2015-07-07,MOJ_0008_1112-Q1,moj shared services,MOJ::moj shared services,gmpp_id,,,,,left_only,False
MOJ_0015_1112-Q2,NOMS ICTS Services (NIS) Programme (formally part of Quantum Re-compete Project),AR 2015,1415-Q2,MOJ,Red,2011-07-18 00:00:00,2014-11-30 00:00:00,89.4,95.8,6.3999999999999915,0.07158836689038021,248.82,,,ICT,3.370294318959617,"MOJ_0015_1112-Q2,1415-Q2",MOJ,Red,Not new,,,2020/beis/BEIS_Government_Major_Projects_Portfolio_data_September_2019.xlsx,2014-09-30,MOJ_0015_1112-Q2,Red,248.82,2014-11-30,MOJ_0015_1112-Q2,noms icts services programme,MOJ_0015_1112-Q2,gmpp_id,NOMS ICTS Services (NIS) Programme (formally part of Quantum Re-compete Project),Red,248.82,2014-11-30,both,True
MOJ_0018_1112-Q2,Prison Competitions Phase 2,AR 2015,1415-Q2,MOJ,Green,2011-07-13 00:00:00,2014-01-31 00:00:00,70.126761,32.61,-37.516761,-0.5349849396295374,786.7108401221667,,,Government Transformation and Service Delivery,2.5544147843942504,"MOJ_0018_1112-Q2,1415-Q2",MOJ,Green,Not new,,,2020/beis/BEIS_Government_Major_Projects_Portfolio_data_September_2019.xlsx,2014-09-30,MOJ_0018_1112-Q2,Green,786.7108401221667,2014-01-31,MOJ::prison competitions phase two,prison competitions phase 2,MOJ::prison competitions phase two,name,Prison Competitions Phase 2,Green,786.71,2014-01-31,both,True
HMT_0003_1112-Q1,YODA Project (Outsourced Services Retender Project),AR 2015,1415-Q2,NS&I,Green,2009-04-05 00:00:00,2014-05-31 00:00:00,184.185853,184.185853,0,0,722.3865024695192,,0,Government Transformation and Service Delivery,5.152635181382615,"HMT_0003_1112-Q1,1415-Q2",NS&I,Green,Not new,,,2020/beis/BEIS_Government_Major_Projects_Portfolio_data_September_2019.xlsx,2014-09-30,HMT_0003_1112-Q1,Green,722.3865024695192,2014-05-31,,yoda project,,unmatched,,,,,left_only,False
ONS_0001_1112-Q1,2011 Census,AR 2015,1415-Q2,ONS,Green,2002-09-01 00:00:00,2014-09-30 00:00:00,4.01,3.85,-0.1599999999999997,-0.03990024937655853,482.09000000000003,,0,Government Transformation and Service Delivery,12.07939767282683,"ONS_0001_1112-Q1,1415-Q2",ONS,Green,Not new,,,2020/beis/BEIS_Government_Major_Projects_Portfolio_data_September_2019.xlsx,2014-09-30,ONS_0001_1112-Q1,Green,482.09000000000003,2014-09-30,,2011 census,,unmatched,,,,,left_only,False
ONS_0002_1112-Q1,Beyond 2011,AR 2015,1415-Q2,ONS,Amber/Green,2011-04-01 00:00:00,2015-03-31 00:00:00,8,7.994,-0.006000000000000227,-0.0007500000000000284,25,,,Government Transformation and Service Delivery,3.997262149212868,"ONS_0002_1112-Q1,1415-Q2",ONS,Amber/Green,Not new,,,2020/beis/BEIS_Government_Major_Projects_Portfolio_data_September_2019.xlsx,2014-09-30,ONS_0002_1112-Q1,Amber/Green,25.0,2015-03-31,ONS_0002_1112-Q1,beyond 2011,,gmpp_id,,,,,left_only,False
ONS_0003_1112-Q4,Web Data Access (WDA) Project,AR 2015,1415-Q2,ONS,Green,2011-04-01 00:00:00,2013-12-31 00:00:00,0.6,1.01,0.41000000000000003,0.6833333333333335,16.11,,0,ICT,2.751540041067762,"ONS_0003_1112-Q4,1415-Q2",ONS,Green,Not new,,,2020/beis/BEIS_Government_Major_Projects_Portfolio_data_September_2019.xlsx,2014-09-30,ONS_0003_1112-Q4,Green,16.11,2013-12-31,,web data access project,,unmatched,,,,,left_only,False
ONS_0004_1213-Q2,Electronic Data Collection,AR 2015,1415-Q2,ONS,Amber,2014-01-27 00:00:00,2019-11-01 00:00:00,6.644705,6.644705,0,0,40.037721,,,ICT,5.760438056125941,"ONS_0004_1213-Q2,1415-Q2",ONS,Amber,Not new,,,2020/beis/BEIS_Government_Major_Projects_Portfolio_data_September_2019.xlsx,2014-09-30,ONS_0004_1213-Q2,Amber,40.037721,2019-11-01,,electronic data collection,,unmatched,,,,,left_only,False
ONS_0005_1213-Q2,ESA10/BPM6 Programme (European Systems of Accounting 2010),AR 2015,1415-Q2,ONS,Amber/Green,2011-02-05 00:00:00,2020-03-30 00:00:00,11.163,9.363,-1.8000000000000007,-0.16124697661918844,57.844,,,Government Transformation and Service Delivery,9.14715947980835,"ONS_0005_1213-Q2,1415-Q2",ONS,Amber/Green,Not new,,,2020/beis/BEIS_Government_Major_Projects_Portfolio_data_September_2019.xlsx,2014-09-30,ONS_0005_1213-Q2,Amber/Green,57.844,2020-03-30,,esa10 bpm6 programme,,unmatched,,,,,left_only,False
BIS_0012_1213-Q4,Business Bank Project,AR 2015,1415-Q2,BEIS,Amber/Green,2012-09-24 00:00:00,2014-11-01 00:00:00,312,322.4,10.399999999999977,0.033333333333333263,495.7,,,Government Transformation and Service Delivery,2.102669404517454,"BIS_0012_1213-Q4,1415-Q2",BEIS,Amber/Green,Not new,,,2020/beis/BEIS_Government_Major_Projects_Portfolio_data_September_2019.xlsx,2014-09-30,BIS_0012_1213-Q4,Amber/Green,495.7,2014-11-01,BEIS lineage::business bank project,business bank project,BEIS lineage::business bank project,name,Business Bank Project,Amber/Green,495.7,2014-11-01,both,True
CO_0008_1213-Q4,Next Generation Shared Services,AR 2015,1415-Q2,CO,Amber/Red,2012-12-28 00:00:00,2015-04-30 00:00:00,12,12,0,0,31.1,31.1,,Government Transformation and Service Delivery,2.3353867214236823,"CO_0008_1213-Q4,1415-Q2",CO,Amber/Red,Not new,,,2020/beis/BEIS_Government_Major_Projects_Portfolio_data_September_2019.xlsx,2014-09-30,CO_0008_1213-Q4,Amber/Red,31.1,2015-04-30,CO::next generation shared services,next generation shared services,CO::next generation shared services,name,Next Generation Shared Services,Amber/Red,31.1,2015-04-30,both,True
CO_0009_1314-Q1,New Civil Service 2015 Pension Scheme Implementation,AR 2015,1415-Q2,CO,Amber,2013-04-15 00:00:00,2016-06-30 00:00:00,11.7,11.4,-0.29999999999999893,-0.02564102564102555,13.4,,,Government Transformation and Service Delivery,3.2087611225188226,"CO_0009_1314-Q1,1415-Q2",CO,Amber,Not new,,,2020/beis/BEIS_Government_Major_Projects_Portfolio_data_September_2019.xlsx,2014-09-30,CO_0009_1314-Q1,Amber,13.4,2016-06-30,CO::new civil service 2015 pension scheme implementation,new civil service 2015 pension scheme implementation,CO::new civil service 2015 pension scheme implementation,name,New Civil Service 2015 Pension Scheme Implementation,Amber,13.4,2016-06-30,both,True
CPS_0001_1314-Q4,ICTProcurement Programme,AR 2015,1415-Q2,CPS,Amber,2013-10-01 00:00:00,2016-03-31 00:00:00,3,3,0,0,183.98000000000002,,,ICT,2.4969199178644765,"CPS_0001_1314-Q4,1415-Q2",CPS,Amber,Joiner,,,2020/beis/BEIS_Government_Major_Projects_Portfolio_data_September_2019.xlsx,2014-09-30,CPS_0001_1314-Q4,Amber,183.98000000000002,2016-03-31,,ictprocurement programme,,unmatched,,,,,left_only,False
DH_0018_1112-Q1,Pre-Pandemic Vaccine,AR 2015,1415-Q2,DH Non Capital,Amber/Red,2011-10-01 00:00:00,2014-07-01 00:00:00,Data Exempt under section 43 (2) of the Freedom of Information Act 2000,Data Exempt under section 43 (2) of the Freedom of Information Act 2001,Data Exempt under section 43 (2) of the Freedom of Information Act 2002,Data Exempt under section 43 (2) of the Freedom of Information Act 2003,Data Exempt under section 43 (2) of the Freedom of Information Act 2004,,exempt,Government Transformation and Service Delivery,2.74880219028063,"DH_0018_1112-Q1,1415-Q2",DH,Amber/Red,Not new,,,2020/beis/BEIS_Government_Major_Projects_Portfolio_data_September_2019.xlsx,2014-09-30,DH_0018_1112-Q1,Amber/Red,,2014-07-01,DH/DHSC::pre pandemic vaccine,pre pandemic vaccine,DH/DHSC::pre pandemic vaccine,name,Pre-Pandemic Vaccine,Amber/Red,,2014-07-01,both,True
DECC_0015_1415-Q1,Household Energy Efficiency ,AR 2015,1415-Q2,BEIS,Amber/Red,2014-04-30 00:00:00,2015-05-31 00:00:00,164,164,0,0,4723.61,,4068.22306145608,Government Transformation and Service Delivery,1.0841889117043122,"DECC_0015_1415-Q1,1415-Q2",BEIS,Amber/Red,Joiner,,,2020/beis/BEIS_Government_Major_Projects_Portfolio_data_September_2019.xlsx,2014-09-30,DECC_0015_1415-Q1,Amber/Red,4723.61,2015-05-31,BEIS lineage::household energy efficiency,household energy efficiency,BEIS lineage::household energy efficiency,name,Household Energy Efficiency,Amber/Red,4723.61,2015-05-31,both,True
DH_0019_1112-Q1,Royal Liverpool & Broadgreen ('World Class Hospitals; World Class Services - Renewing the Royal Liverpool University Hospital'),AR 2015,1415-Q2,DH Capital,Green,2010-06-01 00:00:00,2016-11-01 00:00:00,19.5,19.5,0,0,828,,7.5,Infrastructure and Construction,6.420260095824777,"DH_0019_1112-Q1,1415-Q2",DH,Green,Not new,,,2020/beis/BEIS_Government_Major_Projects_Portfolio_data_September_2019.xlsx,2014-09-30,DH_0019_1112-Q1,Green,828.0,2016-11-01,DH/DHSC::pfi royal liverpool and broadgreen,royal liverpool and broadgreen,DH/DHSC::pfi royal liverpool and broadgreen,name,Royal Liverpool & Broadgreen ('World Class Hospitals; World Class Services - Renewing the Royal Liverpool University Hospital'),Green,828.0,2016-11-01,both,True
DH_0020_1112-Q1,Royal National Orthopaedic Hospital (RNOH) NHS Trust PFI Project,AR 2015,1415-Q2,DH Capital,Green,2011-01-15 00:00:00,2016-11-28 00:00:00,0,0,0,0%,53.538999999999994,,,Infrastructure and Construction,5.8699520876112254,"DH_0020_1112-Q1,1415-Q2",DH,Green,Not new,,,2020/beis/BEIS_Government_Major_Projects_Portfolio_data_September_2019.xlsx,2014-09-30,DH_0020_1112-Q1,Green,53.538999999999994,2016-11-28,DH/DHSC::royal national orthopaedic hospital nhs trust pfi project,royal national orthopaedic hospital nhs trust pfi project,DH/DHSC::royal national orthopaedic hospital nhs trust pfi project,name,Royal National Orthopaedic Hospital (RNOH) NHS Trust PFI Project,Green,53.54,2016-11-28,both,True
DH_0021_1112-Q1,Sandwell and West Birmingham Hospitals NHS Trust - The Midland Metropolitan Hospital Project,AR 2015,1415-Q2,DH Capital,Amber/Green,2008-10-01 00:00:00,2018-10-15 00:00:00,0,0,0,0%,1036.3000000000002,,,Infrastructure and Construction,10.036960985626283,"DH_0021_1112-Q1,1415-Q2",DH,Amber/Green,Not new,,,2020/beis/BEIS_Government_Major_Projects_Portfolio_data_September_2019.xlsx,2014-09-30,DH_0021_1112-Q1,Amber/Green,1036.3000000000002,2018-10-15,DH/DHSC::sandwell and west birmingham hospitals nhs trust the midland metropolitan hospital project,sandwell and west birmingham hospitals nhs trust the midland metropolitan hospital project,DH/DHSC::sandwell and west birmingham hospitals nhs trust the midland metropolitan hospital project,name,Sandwell and West Birmingham Hospitals NHS Trust - The Midland Metropolitan Hospital Project,Amber/Green,1036.3,2018-10-15,both,True
DH_0022_1112-Q1,Summary Care Record (SCR),AR 2015,1415-Q2,DH Non Capital,Amber,2006-04-01 00:00:00,2016-03-31 00:00:00,7.765,10.95,3.1849999999999996,0.41017385705086923,51.101,,,ICT,9.998631074606434,"DH_0022_1112-Q1,1415-Q2",DH,Amber,Not new,,,2020/beis/BEIS_Government_Major_Projects_Portfolio_data_September_2019.xlsx,2014-09-30,DH_0022_1112-Q1,Amber,51.101,2016-03-31,DH/DHSC::summary care record,summary care record,DH/DHSC::summary care record,name,Summary Care Record (SCR),Amber,51.1,2016-03-31,both,True
DH_0023_1112-Q2,BT LSP (London),AR 2015,1415-Q2,DH Non Capital,Amber/Red,2003-12-18 00:00:00,2015-10-30 00:00:00,97.5,121.0014792834705,23.501479283470502,0.24104081316380002,1108.9699999999998,,,ICT,11.865845311430528,"DH_0023_1112-Q2,1415-Q2",DH,Amber/Red,Not new,,,2020/beis/BEIS_Government_Major_Projects_Portfolio_data_September_2019.xlsx,2014-09-30,DH_0023_1112-Q2,Amber/Red,1108.9699999999998,2015-10-30,,bt lsp,,unmatched,,,,,left_only,False
DH_0026_1112-Q2,BT LSP (South),AR 2015,1415-Q2,DH Non Capital,Amber/Red,2004-01-26 00:00:00,2015-10-31 00:00:00,40.11,68.76616143629114,28.656161436291143,0.7144393277559498,634.06,,,ICT,11.761806981519507,"DH_0026_1112-Q2,1415-Q2",DH,Amber/Red,Not new,,,2020/beis/BEIS_Government_Major_Projects_Portfolio_data_September_2019.xlsx,2014-09-30,DH_0026_1112-Q2,Amber/Red,634.06,2015-10-31,,bt lsp,,unmatched,,,,,left_only,False
DH_0027_1213-Q4,South Acute Programme,AR 2015,1415-Q2,DH Non Capital,Amber/Green,2011-11-01 00:00:00,2017-06-27 00:00:00,40.914,11.05,-29.864,-0.7299212983330889,189.055,,0,ICT,5.653661875427789,"DH_0027_1213-Q4,1415-Q2",DH,Amber/Green,Not new,,,2020/beis/BEIS_Government_Major_Projects_Portfolio_data_September_2019.xlsx,2014-09-30,DH_0027_1213-Q4,Amber/Green,189.055,2017-06-27,DH/DHSC::south acute programme,south acute programme,DH/DHSC::south acute programme,name,South Acute Programme,Amber/Green,189.06,2017-06-27,both,True
DH_0028_1314-Q1,General Practice System of Choice (GPSoC) Replacement,AR 2015,1415-Q2,DH Non Capital,Amber,2012-01-26 00:00:00,2015-03-31 00:00:00,79.64496264120052,90.34262324474892,10.6976606035484,0.13431685129593463,309.42400386138434,,,ICT,3.1759069130732374,"DH_0028_1314-Q1,1415-Q2",DH,Amber,Not new,,,2020/beis/BEIS_Government_Major_Projects_Portfolio_data_September_2019.xlsx,2014-09-30,DH_0028_1314-Q1,Amber,309.42400386138434,2015-03-31,DOH_0028_1314-Q1,general practice system of choice replacement,DOH_0028_1314-Q1,name,General Practice System of Choice (GPSoC) Replacement,Amber,309.42,2015-03-31,both,True
DH_0029_1314-Q1,Liaison and Diversion Programme,AR 2015,1415-Q2,DH Non Capital,Amber,2011-04-01 00:00:00,2014-04-01 00:00:00,50,25.4,-24.6,-0.49200000000000005,213.17,,,ICT,3.0006844626967832,"DH_0029_1314-Q1,1415-Q2",DH,Amber,Not new,,,2020/beis/BEIS_Government_Major_Projects_Portfolio_data_September_2019.xlsx,2014-09-30,DH_0029_1314-Q1,Amber,213.17,2014-04-01,DOH_0029_1314-Q1,liaison and diversion programme,DOH_0029_1314-Q1,name,Liaison and Diversion Programme,Amber,213.17,2014-04-01,both,True
DH_0030_1314-Q1,National Pandemic Flu Service,AR 2015,1415-Q2,DH Non Capital,Red,2012-03-19 00:00:00,2015-12-01 00:00:00,Data Exempt under Section 43(2) of the Freedom of Information Act (2000),Data Exempt under Section 43(2) of the Freedom of Information Act (2000),Data Exempt under Section 43(2) of the Freedom of Information Act (2000),Data Exempt under Section 43(2) of the Freedom of Information Act (2000),Data Exempt under Section 43(2) of the Freedom of Information Act (2000),,exempt,Government Transformation and Service Delivery,3.701574264202601,"DH_0030_1314-Q1,1415-Q2",DH,Red,Not new,,,2020/beis/BEIS_Government_Major_Projects_Portfolio_data_September_2019.xlsx,2014-09-30,DH_0030_1314-Q1,Red,,2015-12-01,DOH_0030_1314-Q1,national pandemic flu service,DOH_0030_1314-Q1,name,National Pandemic Flu Service,Red,,2015-12-01,both,True
DH_0031_1314-Q1,National Proton Beam Therapy (PBT) Service Development Programme,AR 2015,1415-Q2,DH Non Capital,Amber,2012-01-01 00:00:00,2018-12-31 00:00:00,9.399999999999999,9.399999999999999,0,0,1295.53,,34.8,Infrastructure and Construction,6.997946611909651,"DH_0031_1314-Q1,1415-Q2",DH,Amber,Not new,,,2020/beis/BEIS_Government_Major_Projects_Portfolio_data_September_2019.xlsx,2014-09-30,DH_0031_1314-Q1,Amber,1295.53,2018-12-31,DH_0031_1314-Q1,national proton beam therapy service development programme,DH_0031_1314-Q1,gmpp_id,National Proton Beam Therapy (PBT) Service Development Programme,Amber,1295.53,2018-12-31,both,True
DH_0032_1314-Q1,Rotavirus Immunisation Programme,AR 2015,1415-Q2,DH Non Capital,Green,2009-03-05 00:00:00,2014-04-01 00:00:00,25.5,25.5,0,0,70.2,,0,Government Transformation and Service Delivery,5.073237508555784,"DH_0032_1314-Q1,1415-Q2",DH,Green,Not new,,,2020/beis/BEIS_Government_Major_Projects_Portfolio_data_September_2019.xlsx,2014-09-30,DH_0032_1314-Q1,Green,70.2,2014-04-01,DH/DHSC::rotavirus immunisation programme,rotavirus immunisation programme,DH/DHSC::rotavirus immunisation programme,name,Rotavirus Immunisation Programme,Green,70.2,2014-04-01,both,True
DH_0033_1314-Q1,Childhood Flu Immunisation Programme,AR 2015,1415-Q2,DH Non Capital,Amber,2013-09-16 00:00:00,2018-09-01 00:00:00,59.83,59.83,0,0,436.09,,,Government transformation and Service Delivery,4.958247775496235,"DH_0033_1314-Q1,1415-Q2",DH,Amber,Not new,,,2020/beis/BEIS_Government_Major_Projects_Portfolio_data_September_2019.xlsx,2014-09-30,DH_0033_1314-Q1,Amber,436.09,2018-09-01,DOH_0033_1314-Q1,childhood flu immunisation programme,DOH_0033_1314-Q1,name,Childhood Flu Immunisation Programme,Amber,436.09,2018-09-01,both,True
DH_0035_1314-Q1,Shingles Immunisation Programme,AR 2015,1415-Q2,DH Non Capital,Green,2012-12-11 00:00:00,2013-11-01 00:00:00,67.34,67.34,0,0,171.53,,0,Government Transformation and Service Delivery,0.8898015058179329,"DH_0035_1314-Q1,1415-Q2",DH,Green,Not new,,,2020/beis/BEIS_Government_Major_Projects_Portfolio_data_September_2019.xlsx,2014-09-30,DH_0035_1314-Q1,Green,171.53,2013-11-01,DH/DHSC::shingles immunisation programme,shingles immunisation programme,DH/DHSC::shingles immunisation programme,name,Shingles Immunisation Programme,Green,171.53,2013-11-01,both,True
DH_0036_1314-Q1,Spine 2,AR 2015,1415-Q2,DH Non Capital,Amber,2010-05-10 00:00:00,2018-03-30 00:00:00,65.86,73.67737323445249,7.817373234452489,0.11869683016174445,205.71000000000004,,,ICT,7.887748117727583,"DH_0036_1314-Q1,1415-Q2",DH,Amber,Not new,,,2020/beis/BEIS_Government_Major_Projects_Portfolio_data_September_2019.xlsx,2014-09-30,DH_0036_1314-Q1,Amber,205.71000000000004,2018-03-30,DH/DHSC::spine 2,spine 2,DH/DHSC::spine 2,name,Spine 2,Amber,205.71,2018-03-30,both,True
DH_0038_1314-Q2,Health Visitor Programme,AR 2015,1415-Q2,DH Non Capital,Amber,2010-10-31 00:00:00,2015-12-31 00:00:00,242.05,242.05,0,0,653.1500000000001,,0,Government Transformation and Service Delivery,5.166324435318275,"DH_0038_1314-Q2,1415-Q2",DH,Amber,Not new,,,2020/beis/BEIS_Government_Major_Projects_Portfolio_data_September_2019.xlsx,2014-09-30,DH_0038_1314-Q2,Amber,653.1500000000001,2015-12-31,DH/DHSC::health visitor programme,health visitor programme,DH/DHSC::health visitor programme,name,Health Visitor Programme,Amber,653.15,2015-12-31,both,True
DH_0039_1314-Q2,NHS e-Referral Service,AR 2015,1415-Q2,DH Non Capital,Amber,2012-07-26 00:00:00,2018-03-31 00:00:00,35.410236250000004,33.97519338484335,-1.4350428651566531,-0.04052621549952672,131.16372640545146,,0,Government Transformation and Service Delivery,5.678302532511978,"DH_0039_1314-Q2,1415-Q2",DH,Amber,Not new,,,2020/beis/BEIS_Government_Major_Projects_Portfolio_data_September_2019.xlsx,2014-09-30,DH_0039_1314-Q2,Amber,131.16372640545146,2018-03-31,DOH_0039_1314-Q2,nhs e referral service,DOH_0039_1314-Q2,name,NHS e-Referral Service,Amber,131.16,2018-03-31,both,True
DH_0040_1314-Q2,NHSmail2,AR 2015,1415-Q2,DH Non Capital,Amber,2012-03-29 00:00:00,2016-06-30 00:00:00,27.39,19.09,-8.3,-0.30303030303030304,168.09,,,ICT,4.254620123203286,"DH_0040_1314-Q2,1415-Q2",DH,Amber,Not new,,,2020/beis/BEIS_Government_Major_Projects_Portfolio_data_September_2019.xlsx,2014-09-30,DH_0040_1314-Q2,Amber,168.09,2016-06-30,DOH_0040_1314-Q2,nhsmail2,DOH_0040_1314-Q2,name,NHSmail2,Amber,168.09,2016-06-30,both,True
FCO_0001_1112-Q1,ABUJA: New Office and Residence,AR 2015,1415-Q2,FCO,Amber/Green,2011-01-01 00:00:00,2017-12-01 00:00:00,19.89,19.89,0,0,46,,,Infrastructure and Construction,6.915811088295688,"FCO_0001_1112-Q1,1415-Q2",FCO,Amber/Green,Not new,,,2020/beis/BEIS_Government_Major_Projects_Portfolio_data_September_2019.xlsx,2014-09-30,FCO_0001_1112-Q1,Amber/Green,46.0,2017-12-01,FCO/FCDO::abuja new office and residence,abuja new office and residence,FCO/FCDO::abuja new office and residence,name,ABUJA: New Office and Residence,Amber/Green,46.0,2017-12-01,both,True
DH_0041_1314-Q2,Health and Social Care Network (Formerly Public Services Network for Health (PSNH)),AR 2015,1415-Q2,DH Non Capital,Red,2012-03-29 00:00:00,2014-10-10 00:00:00,177.46,1.89,-175.57000000000002,-0.9893497126112928,748.16,,,ICT,2.532511978097194,"DH_0041_1314-Q2,1415-Q2",DH,Red,Not new,,,2020/beis/BEIS_Government_Major_Projects_Portfolio_data_September_2019.xlsx,2014-09-30,DH_0041_1314-Q2,Red,748.16,2014-10-10,DH_0041_1314-Q2,health and social care network formerly public services network for health,DH_0041_1314-Q2,gmpp_id,Health and Social Care Network (Formerly Public Services Network for Health (PSNH)),Red,748.16,2014-10-10,both,True
FCO_0006_1213-Q2,UKERP,AR 2015,1415-Q2,FCO,Amber/Green,2011-06-01 00:00:00,2016-08-01 00:00:00,22.04,22.04,0,0,64.95,,,Infrastructure and Construction,5.169062286105407,"FCO_0006_1213-Q2,1415-Q2",FCO,Amber/Green,Not new,,,2020/beis/BEIS_Government_Major_Projects_Portfolio_data_September_2019.xlsx,2014-09-30,FCO_0006_1213-Q2,Amber/Green,64.95,2016-08-01,FCO/FCDO::ukerp,ukerp,FCO/FCDO::ukerp,name,UKERP,Amber/Green,64.95,2016-08-01,both,True
DH_0042_1314-Q3,NHS Electronic Staff Record Reprocurement Project,AR 2015,1415-Q2,DH Non Capital,Amber/Green,2013-06-10 00:00:00,2015-11-30 00:00:00,7.75,12.8,5.050000000000001,0.6516129032258066,425.38000000000005,,0,ICT,2.4722792607802875,"DH_0042_1314-Q3,1415-Q2",DH,Amber/Green,Joiner,,,2020/beis/BEIS_Government_Major_Projects_Portfolio_data_September_2019.xlsx,2014-09-30,DH_0042_1314-Q3,Amber/Green,425.38000000000005,2015-11-30,DOH_0042_1314-Q3,nhs electronic staff record reprocurement project,DOH_0042_1314-Q3,name,NHS Electronic Staff Record Reprocurement Project,Amber/Green,425.38,2015-11-30,both,True
DWP_0017_1314-Q3,Estates Programme,AR 2015,1415-Q2,DWP,Amber/Green,2012-02-16 00:00:00,2018-03-31 00:00:00,23.57,18.719,-4.850999999999999,-0.20581247348324136,173.314,,0,Government transformation and Service Delivery,6.119096509240246,"DWP_0017_1314-Q3,1415-Q2",DWP,Amber/Green,Joiner,,,2020/beis/BEIS_Government_Major_Projects_Portfolio_data_September_2019.xlsx,2014-09-30,DWP_0017_1314-Q3,Amber/Green,173.314,2018-03-31,DWP::estates programme,estates programme,DWP::estates programme,name,Estates Programme,Amber/Green,173.31,2018-03-31,both,True
DWP_0018_1314-Q3,Fit for Work (previously called Health and Work Service),AR 2015,1415-Q2,DWP,Amber,2013-02-27 00:00:00,2015-03-31 00:00:00,28.992,18.967,-10.025000000000002,-0.34578504415011047,324.10661797916,,0,Government transformation and Service Delivery,2.086242299794661,"DWP_0018_1314-Q3,1415-Q2",DWP,Amber,Joiner,,,2020/beis/BEIS_Government_Major_Projects_Portfolio_data_September_2019.xlsx,2014-09-30,DWP_0018_1314-Q3,Amber,324.10661797916,2015-03-31,DWP::fit for work,fit for work,DWP::fit for work,name,Fit for Work (previously called Health and Work Service),Amber,324.11,2015-03-31,both,True
DWP_0019_1314-Q3,IT Transformation Programme,AR 2015,1415-Q2,DWP,Amber/Red,2013-04-01 00:00:00,2016-02-28 00:00:00,36.5,30.403,-6.097000000000001,-0.167041095890411,165.5,,0,ICT,2.9103353867214237,"DWP_0019_1314-Q3,1415-Q2",DWP,Amber/Red,Joiner,,,2020/beis/BEIS_Government_Major_Projects_Portfolio_data_September_2019.xlsx,2014-09-30,DWP_0019_1314-Q3,Amber/Red,165.5,2016-02-28,DWP::it transformation programme,it transformation programme,DWP::it transformation programme,name,IT Transformation Programme,Amber/Red,165.5,2016-02-28,both,True
DWP_0020_1314-Q4,Help to Work Package,AR 2015,1415-Q2,DWP,Amber,2013-12-19 00:00:00,2015-04-23 00:00:00,127.25,130.964,3.7139999999999986,0.02918664047151276,695.66,,0,Government transformation and Service Delivery,1.3415468856947297,"DWP_0020_1314-Q4,1415-Q2",DWP,Amber,Joiner,,,2020/beis/BEIS_Government_Major_Projects_Portfolio_data_September_2019.xlsx,2014-09-30,DWP_0020_1314-Q4,Amber,695.66,2015-04-23,DWP::help to work package,help to work package,DWP::help to work package,name,Help to Work Package,Amber,695.66,2015-04-23,both,True
DWP_0021_1314-Q4,Conditionality Package,AR 2015,1415-Q2,DWP,Amber,2013-12-19 00:00:00,2015-04-23 00:00:00,135.02,136.161,1.1409999999999911,0.008450599911124212,1902.2799999999997,,0,Government transformation and Service Delivery,1.3415468856947297,"DWP_0021_1314-Q4,1415-Q2",DWP,Amber,Joiner,,,2020/beis/BEIS_Government_Major_Projects_Portfolio_data_September_2019.xlsx,2014-09-30,DWP_0021_1314-Q4,Amber,1902.2799999999997,2015-04-23,DWP::conditionality package,conditionality package,DWP::conditionality package,name,Conditionality Package,Amber,1902.28,2015-04-23,both,True
DWP_0023_1415-Q2,New State Pension Project,AR 2015,1415-Q2,DWP,Amber,2012-02-27 00:00:00,2017-10-31 00:00:00,19.87,19.87,0,0,168.15900000000002,,0,Government Transformation and Service Delivery,5.675564681724846,"DWP_0023_1415-Q2,1415-Q2",DWP,Amber,Joiner,,,2020/beis/BEIS_Government_Major_Projects_Portfolio_data_September_2019.xlsx,2014-09-30,DWP_0023_1415-Q2,Amber,168.15900000000002,2017-10-31,DWP::new state pension project,new state pension project,DWP::new state pension project,name,New State Pension Project,Amber,168.16,2017-10-31,both,True
FCO_0007_1415-Q1,Overseas Healthcare Provision,AR 2015,1415-Q2,FCO,Amber/Green,2013-09-26 00:00:00,2016-04-01 00:00:00,0.089,0.089,0,0,55.989000000000004,,,Government Transformation and Service Delivery,2.513347022587269,"FCO_0007_1415-Q1,1415-Q2",FCO,Amber/Green,Joiner,,,2020/beis/BEIS_Government_Major_Projects_Portfolio_data_September_2019.xlsx,2014-09-30,FCO_0007_1415-Q1,Amber/Green,55.989000000000004,2016-04-01,FCO/FCDO::overseas healthcare provision,overseas healthcare provision,FCO/FCDO::overseas healthcare provision,name,Overseas Healthcare Provision,Amber/Green,55.99,2016-04-01,both,True
HMRC_0011_1314-Q1,Digital Solutions Portfolio,AR 2015,1415-Q2,HMRC,Amber,2012-11-14 00:00:00,2015-04-05 00:00:00,33.410000000000004,28.86,-4.550000000000004,-0.13618677042801566,116.70000000000002,,,Government Transformation and Service Delivery,2.3874058863791925,"HMRC_0011_1314-Q1,1415-Q2",HMRC,Amber,Not new,,,2020/beis/BEIS_Government_Major_Projects_Portfolio_data_September_2019.xlsx,2014-09-30,HMRC_0011_1314-Q1,Amber,116.70000000000002,2015-04-05,HMRC::digital solutions portfolio,digital solutions portfolio,HMRC::digital solutions portfolio,name,Digital Solutions Portfolio,Amber,116.7,2015-04-05,both,True
HMRC_0012_1415-Q1,Tax-Free Childcare,AR 2015,1415-Q2,HMRC,Amber/Red,2013-08-01 00:00:00,2016-06-30 00:00:00,30.4,19.07,11.33,0.37,31.79,,,ICT,2.9130732375085557,"HMRC_0012_1415-Q1,1415-Q2",HMRC,Amber/Red,Joiner,,,2020/beis/BEIS_Government_Major_Projects_Portfolio_data_September_2019.xlsx,2014-09-30,HMRC_0012_1415-Q1,Amber/Red,31.79,2016-06-30,HMRC_0012_1415-Q1,tax free childcare,HMRC_0012_1415-Q1,gmpp_id,Tax-Free Childcare,Amber/Red,31.79,2015-12-01,both,True
HO_0029_1314-Q4,Immigration Platform Technologies (IPT),AR 2015,1415-Q2,HO,Amber,2013-04-01 00:00:00,2017-03-31 00:00:00,77.64399999999999,54.85,-22.79399999999999,-0.2935706558137138,208.6633928878013,,,ICT,3.997262149212868,"HO_0029_1314-Q4,1415-Q2",HO,Amber,Joiner,,,2020/beis/BEIS_Government_Major_Projects_Portfolio_data_September_2019.xlsx,2014-09-30,HO_0029_1314-Q4,Amber,208.6633928878013,2017-03-31,HO_0029_1314-Q4,immigration platform technologies,HO_0029_1314-Q4,gmpp_id,Immigration Platform Technologies (IPT),Amber,208.66,2017-03-31,both,True
HO_0030_1415-Q1,Adelphi Modernisation Project,AR 2015,1415-Q2,HO,Amber,2014-07-03 00:00:00,2016-03-31 00:00:00,0,0,0,0%,25.6,,,ICT,1.7440109514031485,"HO_0030_1415-Q1,1415-Q2",HO,Amber,Joiner,,,2020/beis/BEIS_Government_Major_Projects_Portfolio_data_September_2019.xlsx,2014-09-30,HO_0030_1415-Q1,Amber,25.6,2016-03-31,HO_0030_1415-Q1,adelphi modernisation project,HO::adelphi modernisation programme,gmpp_id,,,,,left_only,False
HO_0031_1415-Q1,Digital Services at the Border,AR 2015,1415-Q2,HO,Amber,2014-02-12 00:00:00,2019-03-31 00:00:00,16.2,16.03,-0.16999999999999815,-0.010493827160493713,178.25,,0,ICT,5.127994524298426,"HO_0031_1415-Q1,1415-Q2",HO,Amber,Joiner,,,2020/beis/BEIS_Government_Major_Projects_Portfolio_data_September_2019.xlsx,2014-09-30,HO_0031_1415-Q1,Amber,178.25,2019-03-31,HO_0031_1415-Q1,digital services at the border,HO_0031_1415-Q1,gmpp_id,Digital Services at the Border,Amber,178.25,2019-03-31,both,True
HO_0032_1415-Q1,Technology Reset Programme (TRP),AR 2015,1415-Q2,HO,Amber/Red,2014-02-01 00:00:00,2016-09-01 00:00:00,32,32,0,0,242,,,ICT,2.5817932922655715,"HO_0032_1415-Q1,1415-Q2",HO,Amber/Red,Joiner,,,2020/beis/BEIS_Government_Major_Projects_Portfolio_data_September_2019.xlsx,2014-09-30,HO_0032_1415-Q1,Amber/Red,242.0,2016-09-01,HO_0032_1415-Q1,technology reset programme,HO::technology reset programme,gmpp_id,,,,,left_only,False
MOD_0064_1112-Q2,CEPP,AR 2015,1415-Q2,Military Capability,Amber/Red,2011-01-31 00:00:00,2030-12-01 00:00:00,1.58,1.58,0,0,21.7,,,Government Transformation and Service Delivery,19.83299110198494,"MOD_0064_1112-Q2,1415-Q2",MOD,Amber/Red,Not new,,,2020/beis/BEIS_Government_Major_Projects_Portfolio_data_September_2019.xlsx,2014-09-30,MOD_0064_1112-Q2,Amber/Red,21.7,2030-12-01,MOD_0064_1112-Q2,cepp,MOD::cepp,gmpp_id,,,,,left_only,False
MOD_0066_1112-Q2,Corporate Services Systems Convergence Programme,AR 2015,1415-Q2,MOD Transformation,Amber,2010-02-01 00:00:00,2020-02-28 00:00:00,27.020000000000003,14.33,-12.690000000000003,-0.4696521095484827,77.96000000000001,,,Government Transformation and Service Delivery,10.072553045859001,"MOD_0066_1112-Q2,1415-Q2",MOD,Amber,Not new,,,2020/beis/BEIS_Government_Major_Projects_Portfolio_data_September_2019.xlsx,2014-09-30,MOD_0066_1112-Q2,Amber,77.96000000000001,2020-02-28,MOD::corporate services systems convergence programme,corporate services systems convergence programme,MOD::corporate services systems convergence programme,name,Corporate Services Systems Convergence Programme,Amber,77.96,2020-02-28,both,True
MOD_0082_1213-Q3,Next Generation Estates Contracts,AR 2015,1415-Q2,MOD Transformation,Amber/Green,2009-03-02 00:00:00,2015-03-20 00:00:00,75.58,66.25,-9.329999999999998,-0.12344535591426302,2250.69,,,Government Transformation and Service Delivery,6.047912388774812,"MOD_0082_1213-Q3,1415-Q2",MOD,Amber/Green,Not new,,,2020/beis/BEIS_Government_Major_Projects_Portfolio_data_September_2019.xlsx,2014-09-30,MOD_0082_1213-Q3,Amber/Green,2250.69,2015-03-20,MOD::next generation estates contracts,next generation estates contracts,MOD::next generation estates contracts,name,Next Generation Estates Contracts,Amber/Green,2250.69,2015-03-20,both,True
MOD_0083_1213-Q3,Whole Fleet Management,AR 2015,1415-Q2,MOD Transformation,Amber,2001-01-31 00:00:00,2025-06-30 00:00:00,22.76,19.9,-2.860000000000003,-0.1256590509666082,1295.46,,,Military Capability,24.410677618069816,"MOD_0083_1213-Q3,1415-Q2",MOD,Amber,Not new,,,2020/beis/BEIS_Government_Major_Projects_Portfolio_data_September_2019.xlsx,2014-09-30,MOD_0083_1213-Q3,Amber,1295.46,2025-06-30,MOD::whole fleet management,whole fleet management,MOD::whole fleet management,name,Whole Fleet Management,Amber,1295.46,2025-06-30,both,True
MOD_0084_1213-Q4,Army 2020,AR 2015,1415-Q2,MOD Transformation,Amber,2011-08-31 00:00:00,2020-04-30 00:00:00,0,0,0,0,0,,,Government Transformation and Service Delivery,8.6652977412731,"MOD_0084_1213-Q4,1415-Q2",MOD,Amber,Not new,,,2020/beis/BEIS_Government_Major_Projects_Portfolio_data_September_2019.xlsx,2014-09-30,MOD_0084_1213-Q4,Amber,0.0,2020-04-30,MOD::army 2020,army 2020,MOD::army 2020,name,Army 2020,Amber,0.0,2020-04-30,both,True
MOD_0085_1314-Q2,Army Basing Programme,AR 2015,1415-Q2,MOD Transformation,Red,2013-05-22 00:00:00,2020-03-31 00:00:00,Data not provided by dept,Data not provided by dept,Data not provided by dept,Data not provided by dept,Data not provided by dept,,,Government Transformation and Service Delivery,6.8583162217659135,"MOD_0085_1314-Q2,1415-Q2",MOD,Red,Not new,,,2020/beis/BEIS_Government_Major_Projects_Portfolio_data_September_2019.xlsx,2014-09-30,MOD_0085_1314-Q2,Red,,2020-03-31,MOD_0085_1314-Q2,army basing programme,MOD_0085_1314-Q2,gmpp_id,Army Basing Programme,Red,,2020-03-31,both,True
MOD_0086_1314-Q2,Mounted Close Combat,AR 2015,1415-Q2,Military Capability,Amber,2010-03-16 00:00:00,2033-12-31 00:00:00,288.34,308.75,20.410000000000025,0.07078449053201091,17251.83,,,Military Capability,23.794661190965094,"MOD_0086_1314-Q2,1415-Q2",MOD,Amber,Not new,,,2020/beis/BEIS_Government_Major_Projects_Portfolio_data_September_2019.xlsx,2014-09-30,MOD_0086_1314-Q2,Amber,17251.83,2033-12-31,MOD::mounted close combat,mounted close combat,MOD::mounted close combat,name,Mounted Close Combat,Amber,17251.83,2033-12-31,both,True
MOD_0087_1314-Q2,The Materiel Strategy,AR 2015,1415-Q2,Military Capability,Amber/Red,2011-05-02 00:00:00,2017-05-31 00:00:00,23,42.03,19.03,0.8273913043478262,98.68,,,Government transformation and Service Delivery,6.080766598220397,"MOD_0087_1314-Q2,1415-Q2",MOD,Amber/Red,Not new,,,2020/beis/BEIS_Government_Major_Projects_Portfolio_data_September_2019.xlsx,2014-09-30,MOD_0087_1314-Q2,Amber/Red,98.68,2017-05-31,MOD::the material strategy,the materiel strategy,MOD::the material strategy,name,The Materiel Strategy,Amber/Red,98.68,2017-05-31,both,True
MOD_0088_1314-Q4,Head Office and Customer Design,AR 2015,1415-Q2,MOD Transformation,Amber,2014-01-01 00:00:00,2015-07-31 00:00:00,11.16,10.12,-1.040000000000001,-0.09318996415770618,14.73,,,Government transformation and Service Delivery,1.5770020533880904,"MOD_0088_1314-Q4,1415-Q2",MOD,Amber,Joiner,,,2020/beis/BEIS_Government_Major_Projects_Portfolio_data_September_2019.xlsx,2014-09-30,MOD_0088_1314-Q4,Amber,14.73,2015-07-31,MOD::head office and customer design,head office and customer design,MOD::head office and customer design,name,Head Office and Customer Design,Amber,14.73,2015-07-31,both,True
MOD_0089_1314-Q4,Strategic Business Partner Implementation Programme,AR 2015,1415-Q2,MOD Transformation,Green,2014-03-06 00:00:00,2016-12-30 00:00:00,26.11,26.11,0,0,205.7,,,Government transformation and Service Delivery,2.8199863107460645,"MOD_0089_1314-Q4,1415-Q2",MOD,Green,Joiner,,,2020/beis/BEIS_Government_Major_Projects_Portfolio_data_September_2019.xlsx,2014-09-30,MOD_0089_1314-Q4,Green,205.7,2016-12-30,MOD::strategic business partner implementation programme,strategic business partner implementation programme,MOD::strategic business partner implementation programme,name,Strategic Business Partner Implementation Programme,Green,205.7,2016-12-30,both,True
MOD_0090_1415-Q1,Operating Model Rollout,AR 2015,1415-Q2,MOD Transformation,Amber/Green,2013-11-06 00:00:00,2016-02-26 00:00:00,17.37,17.37,0,0,61.57,,,Government Transformation and Service Delivery,2.305270362765229,"MOD_0090_1415-Q1,1415-Q2",MOD,Amber/Green,Joiner,,,2020/beis/BEIS_Government_Major_Projects_Portfolio_data_September_2019.xlsx,2014-09-30,MOD_0090_1415-Q1,Amber/Green,61.57,2016-02-26,MOD::operating model rollout,operating model rollout,MOD::operating model rollout,name,Operating Model Rollout,Amber/Green,61.57,2016-02-26,both,True
MOJ_0021_1314-Q1,Common Platform,AR 2015,1415-Q2,MOJ,Amber/Red,2012-11-01 00:00:00,2017-01-31 00:00:00,38.371284349504,25.941,-12.430284349504003,-0.32394757069591495,374.06685492959105,,,ICT,4.249144421629021,"MOJ_0021_1314-Q1,1415-Q2",MOJ,Amber/Red,Not new,,,2020/beis/BEIS_Government_Major_Projects_Portfolio_data_September_2019.xlsx,2014-09-30,MOJ_0021_1314-Q1,Amber/Red,374.06685492959105,2017-01-31,MOJ_0021_1314-Q1,common platform,MOJ_0021_1314-Q1,gmpp_id,Common Platform,Amber/Red,374.07,2017-01-31,both,True
MOJ_0022_1314-Q1,Legal Aid Transformation,AR 2015,1415-Q2,MOJ,Amber,2012-12-04 00:00:00,2015-08-01 00:00:00,4.9,3.8,-1.1000000000000005,-0.22448979591836743,11.7959843332625,,0,Government Transformation and Service Delivery,2.6557152635181382,"MOJ_0022_1314-Q1,1415-Q2",MOJ,Amber,Not new,,,2020/beis/BEIS_Government_Major_Projects_Portfolio_data_September_2019.xlsx,2014-09-30,MOJ_0022_1314-Q1,Amber,11.7959843332625,2015-08-01,MOJ::legal aid transformation programme,legal aid transformation,MOJ::legal aid transformation programme,name,Legal Aid Transformation,Amber,11.8,2015-08-01,both,True
MOJ_0023_1314-Q1,New Wales Prison,AR 2015,1415-Q2,MOJ,Green,2013-01-10 00:00:00,2018-03-31 00:00:00,14.24,15.24,1,0.0702247191011236,208.04,,,Infrastructure and Construction,5.218343600273785,"MOJ_0023_1314-Q1,1415-Q2",MOJ,Green,Not new,,,2020/beis/BEIS_Government_Major_Projects_Portfolio_data_September_2019.xlsx,2014-09-30,MOJ_0023_1314-Q1,Green,208.04,2018-03-31,MOJ_0023_1314-Q1,new wales prison,MOJ::new prison wales,gmpp_id,,,,,left_only,False
MOJ_0024_1314-Q1,Prison Unit Cost Programme,AR 2015,1415-Q2,MOJ,Amber,2012-11-20 00:00:00,2016-12-01 00:00:00,85.200002,23.2,-62.000001999999995,-0.7276995369084616,866.402381,,,Government Transformation and Service Delivery,4.030116358658453,"MOJ_0024_1314-Q1,1415-Q2",MOJ,Amber,Not new,,,2020/beis/BEIS_Government_Major_Projects_Portfolio_data_September_2019.xlsx,2014-09-30,MOJ_0024_1314-Q1,Amber,866.402381,2016-12-01,MOJ::prison unit cost programme,prison unit cost programme,MOJ::prison unit cost programme,name,Prison Unit Cost Programme,Amber,866.4,2016-12-01,both,True
MOJ_0025_1314-Q1,Rehabilitation Programme,AR 2015,1415-Q2,MOJ,Amber/Red,2012-11-05 00:00:00,2015-03-31 00:00:00,437.91249999999997,437.91249999999997,0,0,9607.742500000002,,0,Government Transformation and Service Delivery,2.3983572895277208,"MOJ_0025_1314-Q1,1415-Q2",MOJ,Amber/Red,Not new,,,2020/beis/BEIS_Government_Major_Projects_Portfolio_data_September_2019.xlsx,2014-09-30,MOJ_0025_1314-Q1,Amber/Red,9607.742500000002,2015-03-31,MOJ::rehabilitation programme,rehabilitation programme,MOJ::rehabilitation programme,name,Rehabilitation Programme,Amber/Red,9607.74,2015-03-31,both,True
MOJ_0026_1314-Q1,Transforming Youth Custody,AR 2015,1415-Q2,MOJ,Amber,2012-11-05 00:00:00,2018-07-15 00:00:00,17.6,17.6,0,0,3466.3,,,Government Transformation and Service Delivery,5.689253935660506,"MOJ_0026_1314-Q1,1415-Q2",MOJ,Amber,Not new,,,2020/beis/BEIS_Government_Major_Projects_Portfolio_data_September_2019.xlsx,2014-09-30,MOJ_0026_1314-Q1,Amber,3466.3,2018-07-15,MOJ::transforming youth custody,transforming youth custody,MOJ::transforming youth custody,name,Transforming Youth Custody,Amber,3466.3,2018-07-15,both,True
MOJ_0027_1314-Q2,CJS Efficiency Programme Phase 2,AR 2015,1415-Q2,MOJ,Amber,2013-04-30 00:00:00,2016-12-31 00:00:00,34.28,31.45,-2.830000000000002,-0.08255542590431744,141.19,,,ICT,3.671457905544148,"MOJ_0027_1314-Q2,1415-Q2",MOJ,Amber,Not new,,,2020/beis/BEIS_Government_Major_Projects_Portfolio_data_September_2019.xlsx,2014-09-30,MOJ_0027_1314-Q2,Amber,141.19,2016-12-31,MOJ_0027_1314-Q2,cjs efficiency programme phase 2,MOJ::cjs efficiency programme phase 2,gmpp_id,,,,,left_only,False
MOJ_0028_1314-Q2,HMCTS Reform,AR 2015,1415-Q2,MOJ,Amber/Red,2013-03-21 00:00:00,No end date,23.8,12.1,-11.700000000000001,-0.4915966386554622,619.75,,,Government Transformation and Service Delivery,0,"MOJ_0028_1314-Q2,1415-Q2",MOJ,Amber/Red,Not new,,,2020/beis/BEIS_Government_Major_Projects_Portfolio_data_September_2019.xlsx,2014-09-30,MOJ_0028_1314-Q2,Amber/Red,619.75,,MOJ_0028_1314-Q2,hmcts reform,MOJ_0028_1314-Q2,gmpp_id,HMCTS Reform,Amber/Red,619.75,,both,True
MOJ_0029_1415-Q1,Crime Change Programme,AR 2015,1415-Q2,MOJ,Amber/Green,2013-07-07 00:00:00,2015-07-31 00:00:00,10.35748765902476,10.35748765902476,0,0,28.815828818820048,,,ICT,2.0643394934976045,"MOJ_0029_1415-Q1,1415-Q2",MOJ,Amber/Green,Joiner,,,2020/beis/BEIS_Government_Major_Projects_Portfolio_data_September_2019.xlsx,2014-09-30,MOJ_0029_1415-Q1,Amber/Green,28.815828818820048,2015-07-31,MOJ::crime change programme,crime change programme,MOJ::crime change programme,name,Crime Change Programme,Amber/Green,28.82,2015-07-31,both,True
NCA_0001_1415-Q2,Novo Programme,AR 2015,1415-Q2,NCA,Amber,2014-04-01 00:00:00,2019-03-31 00:00:00,56,56,0,0,296,,0,Government Transformation and Service Delivery,4.996577686516085,"NCA_0001_1415-Q2,1415-Q2",NCA,Amber,Joiner,,,2020/beis/BEIS_Government_Major_Projects_Portfolio_data_September_2019.xlsx,2014-09-30,NCA_0001_1415-Q2,Amber,296.0,2019-03-31,NCA_0001_1415-Q2,novo programme,,gmpp_id,,,,,left_only,False
ONS_0006_1314-Q3,Consumer and Retail Prices Indices (CPI/RPI) Re-engineering,AR 2015,1415-Q2,ONS,Amber,2011-01-01 00:00:00,2015-03-20 00:00:00,1.315,1.32,0.0050000000000001155,0.003802281368821381,13.043,,,ICT,4.213552361396304,"ONS_0006_1314-Q3,1415-Q2",ONS,Amber,Joiner,,,2020/beis/BEIS_Government_Major_Projects_Portfolio_data_September_2019.xlsx,2014-09-30,ONS_0006_1314-Q3,Amber,13.043,2015-03-20,,consumer and retail prices indices re engineering,,unmatched,,,,,left_only,False
MOD_0095_1415-Q2,Cryptographic Enabling Services,AR 2015,1415-Q2,Military Capability,Exempt,2014-06-24 00:00:00,Data not provided by dept,Data not provided by dept,Data not provided by dept,Data not provided by dept,Data not provided by dept,Data not provided by dept,,,ICT,0,"MOD_0095_1415-Q2,1415-Q2",MOD,Exempt,Joiner,,,2020/beis/BEIS_Government_Major_Projects_Portfolio_data_September_2019.xlsx,2014-09-30,MOD_0095_1415-Q2,EXEMPT,,,MOD::cryptographic enabling services,cryptographic enabling services,MOD::cryptographic enabling services,name,Cryptographic Enabling Services,EXEMPT,,,both,True
DH_0043_1314-Q3,NHS Pension Re-let Project,AR 2015,1415-Q2,DH Non Capital,Amber/Red,2013-07-05 00:00:00,2017-07-31 00:00:00,1.7,1.7,0,0,1.9,,0,ICT,4.071184120465435,"DH_0043_1314-Q3,1415-Q2",DH,Amber/Red,Joiner,,,2020/beis/BEIS_Government_Major_Projects_Portfolio_data_September_2019.xlsx,2014-09-30,DH_0043_1314-Q3,Amber/Red,1.9,2017-07-31,DOH_0043_1314-Q3,nhs pension re let project,DOH_0043_1314-Q3,name,NHS Pension Re-let Project,Amber/Red,1.9,2017-07-31,both,True
DH_0044_1314-Q4,Care and Support Implementation Programme,AR 2015,1415-Q2,DH Non Capital,Amber/Red,2013-06-04 00:00:00,2016-12-01 00:00:00,62.9,0.4,-62.5,-0.9936406995230525,1682.4,,0,Government transformation and Service Delivery,3.4934976043805612,"DH_0044_1314-Q4,1415-Q2",DH,Amber/Red,Joiner,,,2020/beis/BEIS_Government_Major_Projects_Portfolio_data_September_2019.xlsx,2014-09-30,DH_0044_1314-Q4,Amber/Red,1682.4,2016-12-01,DH/DHSC::care and support implementation programme,care and support implementation programme,DH/DHSC::care and support implementation programme,name,Care and Support Implementation Programme,Amber/Red,1682.4,2016-12-01,both,True
DH_0045_1415-Q1,care.data,AR 2015,1415-Q2,DH Non Capital,Red,2012-09-01 00:00:00,No end date,Data not provided by dept,Data not provided by dept,Data not provided by dept,Data not provided by dept,Data not provided by dept,,,ICT,0,"DH_0045_1415-Q1,1415-Q2",DH,Red,Joiner,,,2020/beis/BEIS_Government_Major_Projects_Portfolio_data_September_2019.xlsx,2014-09-30,DH_0045_1415-Q1,Red,,,DH/DHSC::care data,care data,DH/DHSC::care data,name,care.data,Red,,,both,True
DH_0046_1415-Q1,Death Certification,AR 2015,1415-Q2,DH Non Capital,Red,2007-07-24 00:00:00,No end date,0,0,0,0%,411.61,,0,Government Transformation and Service Delivery,0,"DH_0046_1415-Q1,1415-Q2",DH,Red,Joiner,,,2020/beis/BEIS_Government_Major_Projects_Portfolio_data_September_2019.xlsx,2014-09-30,DH_0046_1415-Q1,Red,411.61,,DH_0046_1415-Q1,death certification,DH/DHSC::death certification,gmpp_id,,,,,left_only,False
DH_0047_1415-Q1,Francis & Compassionate Care programme,AR 2015,1415-Q2,DH Non Capital,Amber/Red,2013-03-01 00:00:00,2018-03-01 00:00:00,2.5,2.16,-0.33999999999999986,-0.13599999999999995,14.55,,0,Government Transformation and Service Delivery,4.999315537303217,"DH_0047_1415-Q1,1415-Q2",DH,Amber/Red,Joiner,,,2020/beis/BEIS_Government_Major_Projects_Portfolio_data_September_2019.xlsx,2014-09-30,DH_0047_1415-Q1,Amber/Red,14.55,2018-03-01,DH/DHSC::francis and compassionate care programme,francis and compassionate care programme,DH/DHSC::francis and compassionate care programme,name,Francis & Compassionate Care programme,Amber/Red,14.55,2018-03-01,both,True
DH_0048_1415-Q1,Genomics Programme,AR 2015,1415-Q2,DH Non Capital,Amber,2013-04-10 00:00:00,2017-12-31 00:00:00,50,19.2,-30.8,-0.616,160,,,Government Transformation and Service Delivery,4.725530458590007,"DH_0048_1415-Q1,1415-Q2",DH,Amber,Joiner,,,2020/beis/BEIS_Government_Major_Projects_Portfolio_data_September_2019.xlsx,2014-09-30,DH_0048_1415-Q1,Amber,160.0,2017-12-31,DOH_0048_1415-Q1,genomics programme,DOH_0048_1415-Q1,name,Genomics Programme,Amber,160.0,2017-12-31,both,True
DH_0049_1415-Q1,NHS Choices,AR 2015,1415-Q2,DH Non Capital,Red,2013-09-02 00:00:00,No end date,Data not provided by dept,Data not provided by dept,Data not provided by dept,Data not provided by dept,Data not provided by dept,,,ICT,0,"DH_0049_1415-Q1,1415-Q2",DH,Red,Joiner,,,2020/beis/BEIS_Government_Major_Projects_Portfolio_data_September_2019.xlsx,2014-09-30,DH_0049_1415-Q1,Red,,,DH/DHSC::nhs choices,nhs choices,DH/DHSC::nhs choices,name,NHS Choices,Red,,,both,True
DH_0050_1415-Q1,NHS Procurement Efficiency Programme,AR 2015,1415-Q2,DH Non Capital,Amber/Red,2013-09-01 00:00:00,2016-03-31 00:00:00,21.759999999999998,7.76,-13.999999999999998,-0.6433823529411764,39.44,,0,Government Transformation and Service Delivery,2.5790554414784395,"DH_0050_1415-Q1,1415-Q2",DH,Amber/Red,Joiner,,,2020/beis/BEIS_Government_Major_Projects_Portfolio_data_September_2019.xlsx,2014-09-30,DH_0050_1415-Q1,Amber/Red,39.44,2016-03-31,DH/DHSC::nhs procurement efficiency programme,nhs procurement efficiency programme,DH/DHSC::nhs procurement efficiency programme,name,NHS Procurement Efficiency Programme,Amber/Red,39.44,2016-03-31,both,True
DH_0051_1415-Q1,North Tees & Hartlepool Foundation Trust - New Hospital Development,AR 2015,1415-Q2,DH Capital,Green,2013-04-01 00:00:00,2017-06-30 00:00:00,0,0,0,0%,975.83,,0,Infrastructure and Construction,4.246406570841889,"DH_0051_1415-Q1,1415-Q2",DH,Green,Joiner,,,2020/beis/BEIS_Government_Major_Projects_Portfolio_data_September_2019.xlsx,2014-09-30,DH_0051_1415-Q1,Green,975.83,2017-06-30,DH/DHSC::north tees and hartlepool foundation trust new hospital development,north tees and hartlepool foundation trust new hospital development,DH/DHSC::north tees and hartlepool foundation trust new hospital development,name,North Tees & Hartlepool Foundation Trust - New Hospital Development,Green,975.83,2017-06-30,both,True
DH_0052_1415-Q1,Nursing Technology Fund,AR 2015,1415-Q2,DH Non Capital,Amber,2013-11-01 00:00:00,No end date,70,70.35,0.3499999999999943,0.004999999999999919,100,,0,ICT,0,"DH_0052_1415-Q1,1415-Q2",DH,Amber,Joiner,,,2020/beis/BEIS_Government_Major_Projects_Portfolio_data_September_2019.xlsx,2014-09-30,DH_0052_1415-Q1,Amber,100.0,,DH/DHSC::nursing technology fund,nursing technology fund,DH/DHSC::nursing technology fund,name,Nursing Technology Fund,Amber,100.0,,both,True
DH_0053_1415-Q1,Papworth Foundation Trust - New Papworth Hospital,AR 2015,1415-Q2,DH Capital,Amber/Green,2003-12-01 00:00:00,2017-11-01 00:00:00,18,18,0,0,697.497,,,Infrastructure and Construction,13.919233401779604,"DH_0053_1415-Q1,1415-Q2",DH,Amber/Green,Joiner,,,2020/beis/BEIS_Government_Major_Projects_Portfolio_data_September_2019.xlsx,2014-09-30,DH_0053_1415-Q1,Amber/Green,697.497,2017-11-01,DH/DHSC::papworth foundation trust new papworth hospital,papworth foundation trust new papworth hospital,DH/DHSC::papworth foundation trust new papworth hospital,name,Papworth Foundation Trust - New Papworth Hospital,Amber/Green,697.5,2017-11-01,both,True
DH_0054_1415-Q1,SUS Transition,AR 2015,1415-Q2,DH Non Capital,Amber/Red,2013-08-20 00:00:00,2014-12-05 00:00:00,30.67,30.67,0,0,53.61,,,ICT,1.2922655715263518,"DH_0054_1415-Q1,1415-Q2",DH,Amber/Red,Joiner,,,2020/beis/BEIS_Government_Major_Projects_Portfolio_data_September_2019.xlsx,2014-09-30,DH_0054_1415-Q1,Amber/Red,53.61,2014-12-05,DH/DHSC::sus transition,sus transition,DH/DHSC::sus transition,name,SUS Transition,Amber/Red,53.61,2014-12-05,both,True
DH_0055_1415-Q2,Better Care Fund,AR 2015,1415-Q2,DH Non Capital,Amber/Red,2014-07-07 00:00:00,2015-03-31 00:00:00,5.38,5.38,0,0,5.38,,,Government Transformation and Service Delivery,0.731006160164271,"DH_0055_1415-Q2,1415-Q2",DH,Amber/Red,Joiner,,,2020/beis/BEIS_Government_Major_Projects_Portfolio_data_September_2019.xlsx,2014-09-30,DH_0055_1415-Q2,Amber/Red,5.38,2015-03-31,DH/DHSC::better care fund,better care fund,DH/DHSC::better care fund,name,Better Care Fund,Amber/Red,5.38,2015-03-31,both,True
BIS_0010_1112-Q4,Project Eagle (formerly Urenco Future Options),AR 2016,1516-Q2,BEIS,Amber/Red,2010-02-01 00:00:00,2017-06-15 00:00:00,1.3,1.295,-0.0050000000000001155,-0.003846153846153935,12.9,,,Government Transformation and Service Delivery,7.367556468172484,"BIS_0010_1112-Q4,1516-Q2",BEIS,Amber/Red,Not new,,,2020/beis/BEIS_Government_Major_Projects_Portfolio_data_September_2019.xlsx,2015-09-30,BIS_0010_1112-Q4,Amber/Red,12.9,2017-06-15,BEIS lineage::project eagle,project eagle,BEIS lineage::project eagle,name,Project Eagle (formerly Urenco Future Options),Amber/Red,12.9,2017-06-15,both,True
BIS_0008_1112-Q1,ICR Monetisation,AR 2016,1516-Q2,DFE,Amber/Red,2010-03-01 00:00:00,2018-12-31 00:00:00,5.79,5.79,0,0,15.29,,,Government Transformation and Service Delivery,8.83504449007529,"BIS_0008_1112-Q1,1516-Q2",DFE,Amber/Red,Not new,,,2020/beis/BEIS_Government_Major_Projects_Portfolio_data_September_2019.xlsx,2015-09-30,BIS_0008_1112-Q1,Amber/Red,15.29,2018-12-31,BIS_0008_1112-Q1,icr monetisation,BEIS lineage::icr monetisation,gmpp_id,,,,,left_only,False
BIS_0015_1516-Q1,Local Land Charges (LLC) Programme,AR 2016,1516-Q2,BEIS,Amber/Red,2014-03-01 00:00:00,2018-06-28 00:00:00,5.5,5.5,0,0,193.3,,,ICT,4.32580424366872,"BIS_0015_1516-Q1,1516-Q2",BEIS,Amber/Red,Joiner,,,2020/beis/BEIS_Government_Major_Projects_Portfolio_data_September_2019.xlsx,2015-09-30,BIS_0015_1516-Q1,Amber/Red,193.3,2018-06-28,BIS_0015_1516-Q1,local land charges programme,BIS_0015_1516-Q1,gmpp_id,Local Land Charges (LLC) Programme,Amber/Red,193.3,2018-06-28,both,True
BIS_0014_1415-Q3,New Polar Research Vessel,AR 2016,1516-Q2,BEIS,Amber/Green,2014-05-01 00:00:00,2019-08-05 00:00:00,41,39.7,-1.2999999999999972,-0.03170731707317066,1186,,,Infrastructure and Construction,5.262149212867898,"BIS_0014_1415-Q3,1516-Q2",BEIS,Amber/Green,Joiner,,,2020/beis/BEIS_Government_Major_Projects_Portfolio_data_September_2019.xlsx,2015-09-30,BIS_0014_1415-Q3,Amber/Green,1186.0,2019-08-05,BIS_0014_1415-Q3,new polar research vessel,BIS_0014_1415-Q3,gmpp_id,New Polar Research Vessel,Amber/Green,1186.0,2019-08-05,both,True
BIS_0009_1112-Q1,The Francis Crick Institute (formerly UKCMRI),AR 2016,1516-Q2,BEIS,Amber/Green,2006-10-01 00:00:00,2016-12-31 00:00:00,6.2,6.2,0,0,752.7,,,Infrastructure and Construction,10.250513347022586,"BIS_0009_1112-Q1,1516-Q2",BEIS,Amber/Green,Not new,,,2020/beis/BEIS_Government_Major_Projects_Portfolio_data_September_2019.xlsx,2015-09-30,BIS_0009_1112-Q1,Amber/Green,752.7,2016-12-31,BEIS lineage::the francis crick institute,the francis crick institute,BEIS lineage::the francis crick institute,name,The Francis Crick Institute (formerly UKCMRI),Amber/Green,752.7,2016-12-31,both,True
CO_0014_1516-Q2,Government Office Hubs Programme ,AR 2016,1516-Q2,CO,Amber/Red,2015-05-01 00:00:00,2023-12-31 00:00:00,7,7,0,0,42,,,Government Transformation and Service Delivery,8.668035592060233,"CO_0014_1516-Q2,1516-Q2",CO,Amber/Red,Joiner,,,2020/beis/BEIS_Government_Major_Projects_Portfolio_data_September_2019.xlsx,2015-09-30,CO_0014_1516-Q2,Amber/Red,42.0,2023-12-31,CO_0014_1516-Q2,government office hubs programme,CO_0014_1516-Q2,gmpp_id,Government Office Hubs Programme,Amber/Red,42.0,2023-12-31,both,True
CO_0010_1415-Q4,ISSC1,AR 2016,1516-Q2,CO,Red,2012-12-28 00:00:00,2016-06-01 00:00:00,1.4,1.2,-0.19999999999999996,-0.14285714285714282,8.2,,,Government Transformation and Service Delivery,3.4250513347022586,"CO_0010_1415-Q4,1516-Q2",CO,Red,Joiner,,,2020/beis/BEIS_Government_Major_Projects_Portfolio_data_September_2019.xlsx,2015-09-30,CO_0010_1415-Q4,Red,8.2,2016-06-01,CO::issc1,issc1,CO::issc1,name,ISSC1,Red,8.2,2016-06-01,both,True
CO_0012_1415-Q4,Commercial Capability Programme,AR 2016,1516-Q2,CO,Amber/Red,2015-01-01 00:00:00,2017-03-31 00:00:00,5.2,5.2,0,0,10.4,,,Government Transformation and Service Delivery,2.245037645448323,"CO_0012_1415-Q4,1516-Q2",CO,Amber/Red,Joiner,,,2020/beis/BEIS_Government_Major_Projects_Portfolio_data_September_2019.xlsx,2015-09-30,CO_0012_1415-Q4,Amber/Red,10.4,2017-03-31,CO_0012_1415-Q4,commercial capability programme,CO_0012_1415-Q4,gmpp_id,Commercial Capability Programme,Amber/Red,10.4,2017-03-31,both,True
CO_0001_1112-Q1,Electoral Registration Transformation Programme,AR 2016,1516-Q2,CO,Amber/Green,2010-02-01 00:00:00,2016-03-31 00:00:00,37.41,37.41,0,0,129.4,,,Government Transformation and Service Delivery,6.160164271047228,"CO_0001_1112-Q1,1516-Q2",CO,Amber/Green,Not new,,,2020/beis/BEIS_Government_Major_Projects_Portfolio_data_September_2019.xlsx,2015-09-30,CO_0001_1112-Q1,Amber/Green,129.4,2016-03-31,CO::electoral registration transformation programme,electoral registration transformation programme,CO::electoral registration transformation programme,name,Electoral Registration Transformation Programme,Amber/Green,129.4,2016-03-31,both,True
CO_0013_1516-Q2,FOXHOUND Programme,AR 2016,1516-Q2,CO,Amber,2013-09-01 00:00:00,2018-07-01 00:00:00,18.801000000000002,18.801000000000002,0,0,187.8,,,ICT,4.829568788501026,"CO_0013_1516-Q2,1516-Q2",CO,Amber,Joiner,,,2020/beis/BEIS_Government_Major_Projects_Portfolio_data_September_2019.xlsx,2015-09-30,CO_0013_1516-Q2,Amber,187.8,2018-07-01,CO_0013_1516-Q2,foxhound programme,CO_0013_1516-Q2,gmpp_id,FOXHOUND Programme,Amber,187.8,2018-07-01,both,True
CO_0015_1516-Q2,GOV.UK Verify,AR 2016,1516-Q2,CO,Amber/Green,2012-04-01 00:00:00,2020-04-01 00:00:00,30,30,0,0,Data Exempt under Section 43(2) of the Freedom of Information Act (2000),,,ICT,8,"CO_0015_1516-Q2,1516-Q2",CO,Amber/Green,Joiner,,,2020/beis/BEIS_Government_Major_Projects_Portfolio_data_September_2019.xlsx,2015-09-30,CO_0015_1516-Q2,Amber/Green,,2020-04-01,CO_0015_1516-Q2,gov uk verify,CO_0015_1516-Q2,gmpp_id,GOV.UK Verify,Amber/Green,,2020-04-01,both,True
CO_0011_1415-Q4,ISSC2,AR 2016,1516-Q2,CO,Amber/Red,2012-12-28 00:00:00,2015-04-30 00:00:00,5.7,4.7,-1,-0.17543859649122806,32.8,,,Government Transformation and Service Delivery,2.3353867214236823,"CO_0011_1415-Q4,1516-Q2",CO,Amber/Red,Joiner,,,2020/beis/BEIS_Government_Major_Projects_Portfolio_data_September_2019.xlsx,2015-09-30,CO_0011_1415-Q4,Amber/Red,32.8,2015-04-30,CO_0011_1415-Q4,issc2,CO_0011_1415-Q4,gmpp_id,ISSC2,Amber/Red,32.8,2015-04-30,both,True
CO_0005_1112-Q1,National Cyber Security Programme,AR 2016,1516-Q2,CO,Green,2011-04-01 00:00:00,2016-04-01 00:00:00,212,212,0,0,860,,,ICT,5.002053388090349,"CO_0005_1112-Q1,1516-Q2",CO,Green,Not new,,,2020/beis/BEIS_Government_Major_Projects_Portfolio_data_September_2019.xlsx,2015-09-30,CO_0005_1112-Q1,Green,860.0,2016-04-01,CO::national cyber security programme,national cyber security programme,CO::national cyber security programme,name,National Cyber Security Programme,Green,860.0,2016-04-01,both,True
CO_0009_1314-Q1,New Civil Service 2015 Pension Scheme Implementation,AR 2016,1516-Q2,CO,Amber/Red,2013-04-15 00:00:00,2015-12-31 00:00:00,1.7,3.5,1.8,1.0588235294117647,14.9,,,Government Transformation and Service Delivery,2.7104722792607805,"CO_0009_1314-Q1,1516-Q2",CO,Amber/Red,Not new,,,2020/beis/BEIS_Government_Major_Projects_Portfolio_data_September_2019.xlsx,2015-09-30,CO_0009_1314-Q1,Amber/Red,14.9,2015-12-31,CO::new civil service 2015 pension scheme implementation,new civil service 2015 pension scheme implementation,CO::new civil service 2015 pension scheme implementation,name,New Civil Service 2015 Pension Scheme Implementation,Amber/Red,14.9,2015-12-31,both,True
CPS_0001_1314-Q4,ICTRestructure Programme,AR 2016,1516-Q2,CPS,Amber,2013-10-01 00:00:00,2016-05-01 00:00:00,27.57,27.8,0.23000000000000043,0.008342401160681917,144.3,,,ICT,2.5817932922655715,"CPS_0001_1314-Q4,1516-Q2",CPS,Amber,Not new,,,2020/beis/BEIS_Government_Major_Projects_Portfolio_data_September_2019.xlsx,2015-09-30,CPS_0001_1314-Q4,Amber,144.3,2016-05-01,,ictrestructure programme,,unmatched,,,,,left_only,False
DCMS_0007_1112-Q4,Super-Connected City Programme,AR 2016,1516-Q2,DCMS,Green,2012-12-05 00:00:00,2016-03-31 00:00:00,42.27,61.67,19.4,0.45895434114028855,154.6,,,Infrastructure and Construction,3.3182751540041067,"DCMS_0007_1112-Q4,1516-Q2",DCMS,Green,Not new,,,2020/beis/BEIS_Government_Major_Projects_Portfolio_data_September_2019.xlsx,2015-09-30,DCMS_0007_1112-Q4,Green,154.6,2016-03-31,DCMS::urban broadband fund super connected city initiative,super connected city programme,DCMS::urban broadband fund super connected city initiative,name,Super-Connected City Programme,Green,154.6,2016-03-31,both,True
DCMS_0001_1112-Q1,Broadband Delivery Programme,AR 2016,1516-Q2,DCMS,Amber/Green,2010-12-06 00:00:00,2017-12-31 00:00:00,250,164.06,-85.94,-0.34376,1910.11,,,Infrastructure and Construction,7.069130732375085,"DCMS_0001_1112-Q1,1516-Q2",DCMS,Amber/Green,Not new,,,2020/beis/BEIS_Government_Major_Projects_Portfolio_data_September_2019.xlsx,2015-09-30,DCMS_0001_1112-Q1,Amber/Green,1910.11,2017-12-31,DCMS::broadband delivery programme,broadband delivery programme,DCMS::broadband delivery programme,name,Broadband Delivery Programme,Amber/Green,1910.11,2017-12-31,both,True
DCMS_0006_1112-Q4,Mobile Infrastructure Project,AR 2016,1516-Q2,DCMS,Amber,2011-10-01 00:00:00,2016-03-31 00:00:00,28.47,28.07,-0.3999999999999986,-0.014049877063575644,43.97,,,Infrastructure and Construction,4.498288843258043,"DCMS_0006_1112-Q4,1516-Q2",DCMS,Amber,Not new,,,2020/beis/BEIS_Government_Major_Projects_Portfolio_data_September_2019.xlsx,2015-09-30,DCMS_0006_1112-Q4,Amber,43.97,2016-03-31,DCMS::mobile infrastructure project,mobile infrastructure project,DCMS::mobile infrastructure project,name,Mobile Infrastructure Project,Amber,43.97,2016-03-31,both,True
DCMS_0004_1112-Q1,The Tate Modern Project,AR 2016,1516-Q2,DCMS,Amber,2010-01-01 00:00:00,2016-12-31 00:00:00,43.5,43.5,0,0,255.5,,,Infrastructure and Construction,6.997946611909651,"DCMS_0004_1112-Q1,1516-Q2",DCMS,Amber,Not new,,,2020/beis/BEIS_Government_Major_Projects_Portfolio_data_September_2019.xlsx,2015-09-30,DCMS_0004_1112-Q1,Amber,255.5,2016-12-31,DCMS::the tate modern project,the tate modern project,DCMS::the tate modern project,name,The Tate Modern Project,Amber,255.5,2016-12-31,both,True
DECC_0011_1112-Q3,Carbon Capture & Storage Commercialisation Programme,AR 2016,1516-Q2,BEIS,Amber,2011-10-25 00:00:00,2016-12-31 00:00:00,40.27,29.23,-11.040000000000003,-0.27414949093618085,Data Exempt under Section 43(2) of the Freedom of Information Act (2000),,,Infrastructure and Construction,5.1854893908282,"DECC_0011_1112-Q3,1516-Q2",BEIS,Amber,Not new,,,2020/beis/BEIS_Government_Major_Projects_Portfolio_data_September_2019.xlsx,2015-09-30,DECC_0011_1112-Q3,Amber,,2016-12-31,BEIS lineage::carbon capture and storage commercialisation programme,carbon capture and storage commercialisation programme,BEIS lineage::carbon capture and storage commercialisation programme,name,Carbon Capture & Storage Commercialisation Programme,Amber,,2016-12-31,both,True
DECC_0012_1213-Q1,FID Enabling for Hinkley Point C,AR 2016,1516-Q2,BEIS,Exempt,2011-09-01 00:00:00,2016-06-01 00:00:00,2.3,5.9,3.6000000000000005,1.5652173913043481,36963.64,,,Infrastructure and Construction,4.7501711156741955,"DECC_0012_1213-Q1,1516-Q2",BEIS,Exempt,Not new,,,2020/beis/BEIS_Government_Major_Projects_Portfolio_data_September_2019.xlsx,2015-09-30,DECC_0012_1213-Q1,EXEMPT,36963.64,2016-06-01,BEIS lineage::fid enabling for hinkley point c,fid enabling for hinkley point c,BEIS lineage::fid enabling for hinkley point c,name,FID Enabling for Hinkley Point C,EXEMPT,36963.64,2016-06-01,both,True
DECC_0005_1112-Q1,Geological Disposal Facility Programme (GDF),AR 2016,1516-Q2,BEIS,Amber,2008-06-30 00:00:00,2040-12-31 00:00:00,25.58,25.83,0.25,0.009773260359655983,11393,,,Infrastructure and Construction,32.50376454483231,"DECC_0005_1112-Q1,1516-Q2",BEIS,Amber,Not new,,,2020/beis/BEIS_Government_Major_Projects_Portfolio_data_September_2019.xlsx,2015-09-30,DECC_0005_1112-Q1,Amber,11393.0,2040-12-31,DECC_0005_1112-Q1,geological disposal facility programme,DECC_0005_1112-Q1,gmpp_id,Geological Disposal Facility Programme (GDF),Amber,11393.0,2040-12-31,both,True
DECC_0013_1213-Q1,Magnox & RSRL PBO Competition,AR 2016,1516-Q2,BEIS,Amber/Green,2012-04-03 00:00:00,2028-09-01 00:00:00,674,549,-125,-0.18545994065281898,3860,,,Infrastructure and Construction,16.413415468856947,"DECC_0013_1213-Q1,1516-Q2",BEIS,Amber/Green,Not new,,,2020/beis/BEIS_Government_Major_Projects_Portfolio_data_September_2019.xlsx,2015-09-30,DECC_0013_1213-Q1,Amber/Green,3860.0,2028-09-01,DECC_0013_1213-Q1,magnox and rsrl pbo competition,DECC_0013_1213-Q1,gmpp_id,Magnox & RSRL PBO Competition,Amber/Green,3860.0,2028-09-01,both,True
DECC_0017_1516-Q1,Sellafield Model Change  (SMC),AR 2016,1516-Q2,BEIS,Amber,2015-01-13 00:00:00,2017-05-24 00:00:00,2217.2470000000003,2217.2470000000003,0,0,29975,,,Government Transformation and Service Delivery,2.3600273785078714,"DECC_0017_1516-Q1,1516-Q2",BEIS,Amber,Joiner,,,2020/beis/BEIS_Government_Major_Projects_Portfolio_data_September_2019.xlsx,2015-09-30,DECC_0017_1516-Q1,Amber,29975.0,2017-05-24,BEIS lineage::sellafield model change,sellafield model change,BEIS lineage::sellafield model change,name,Sellafield Model Change (SMC),Amber,29975.0,2017-05-24,both,True
DECC_0010_1112-Q1,Smart Meters Implementation Programme,AR 2016,1516-Q2,BEIS,Amber,2009-12-02 00:00:00,2020-12-31 00:00:00,12,12,0,0,19261.09,,,Government Transformation and Service Delivery,11.080082135523615,"DECC_0010_1112-Q1,1516-Q2",BEIS,Amber,Not new,,,2020/beis/BEIS_Government_Major_Projects_Portfolio_data_September_2019.xlsx,2015-09-30,DECC_0010_1112-Q1,Amber,19261.09,2020-12-31,DECC_0010_1112-Q1,smart meters implementation programme,DECC_0010_1112-Q1,gmpp_id,Smart Meters Implementation Programme,Amber,19261.09,2020-12-31,both,True
DEFRA_0001_1112-Q1,CAP Delivery Programme,AR 2016,1516-Q2,DEFRA,Amber/Red,2011-01-01 00:00:00,2016-03-31 00:00:00,25.29,60.627703000000004,35.337703000000005,1.3972994464215107,154.8,,,Government Transformation and Service Delivery,5.245722108145106,"DEFRA_0001_1112-Q1,1516-Q2",DEFRA,Amber/Red,Not new,,,2020/beis/BEIS_Government_Major_Projects_Portfolio_data_September_2019.xlsx,2015-09-30,DEFRA_0001_1112-Q1,Amber/Red,154.8,2016-03-31,DEFRA::cap delivery programme,cap delivery programme,DEFRA::cap delivery programme,name,CAP Delivery Programme,Amber/Red,154.8,2016-03-31,both,True
DEFRA_0006_1516-Q1,DEFRA UNITY PROGRAMME,AR 2016,1516-Q2,DEFRA,Amber/Red,2014-11-01 00:00:00,2018-06-01 00:00:00,291,291,0,0,1666,,,ICT,3.5811088295687883,"DEFRA_0006_1516-Q1,1516-Q2",DEFRA,Amber/Red,Joiner,,,2020/beis/BEIS_Government_Major_Projects_Portfolio_data_September_2019.xlsx,2015-09-30,DEFRA_0006_1516-Q1,Amber/Red,1666.0,2018-06-01,DEFRA_0006_1516-Q1,defra unity programme,DEFRA_0006_1516-Q1,gmpp_id,DEFRA UNITY PROGRAMME,Amber/Red,1666.0,2018-06-01,both,True
DEFRA_0004_1112-Q1,Thames Estuary Asset Management Programme (TEAM2100),AR 2016,1516-Q2,DEFRA,Green,2010-04-01 00:00:00,2025-12-31 00:00:00,7.35,12.3,4.950000000000001,0.6734693877551022,318.42,,,Infrastructure and Construction,15.75085557837098,"DEFRA_0004_1112-Q1,1516-Q2",DEFRA,Green,Not new,,,2020/beis/BEIS_Government_Major_Projects_Portfolio_data_September_2019.xlsx,2015-09-30,DEFRA_0004_1112-Q1,Green,318.42,2025-12-31,DEFRA::thames estuary asset management programme,thames estuary asset management programme,DEFRA::thames estuary asset management programme,name,Thames Estuary Asset Management Programme (TEAM2100),Green,318.42,2025-12-31,both,True
DEFRA_0005_1213-Q3,Thames Tideway Tunnel,AR 2016,1516-Q2,DEFRA,Amber/Green,2010-09-07 00:00:00,2023-12-31 00:00:00,2.38,3,0.6200000000000001,0.26050420168067234,4221.1,,,Infrastructure and Construction,13.314168377823409,"DEFRA_0005_1213-Q3,1516-Q2",DEFRA,Amber/Green,Not new,,,2020/beis/BEIS_Government_Major_Projects_Portfolio_data_September_2019.xlsx,2015-09-30,DEFRA_0005_1213-Q3,Amber/Green,4221.1,2023-12-31,DEFRA::thames tideway tunnel,thames tideway tunnel,DEFRA::thames tideway tunnel,name,Thames Tideway Tunnel,Amber/Green,4221.1,2023-12-31,both,True
DFE_0004_1415-Q2,Priority School Building Programme 1 (PSBP1) - Capital,AR 2016,1516-Q2,DFE,Amber/Red,2011-07-19 00:00:00,2019-01-01 00:00:00,693.4399999999999,801.8000000000001,108.36000000000013,0.15626442085832967,2023.3,,,Infrastructure and Construction,7.455167693360712,"DFE_0004_1415-Q2,1516-Q2",DFE,Amber/Red,Not new,,,2020/beis/BEIS_Government_Major_Projects_Portfolio_data_September_2019.xlsx,2015-09-30,DFE_0004_1415-Q2,Amber/Red,2023.3,2019-01-01,DFE::priority school building programme 1 capital,priority school building programme 1 capital,DFE::priority school building programme 1 capital,name,Priority School Building Programme 1 (PSBP1) - Capital,Amber/Red,2023.3,2019-01-01,both,True
DFE_0006_1415-Q3,Priority School Building Programme 2,AR 2016,1516-Q2,DFE,Amber/Red,2014-05-01 00:00:00,2021-03-31 00:00:00,38.5,10.33157074693157,-28.16842925306843,-0.7316475130667125,1580.79096745893,,,Infrastructure and Construction,6.915811088295688,"DFE_0006_1415-Q3,1516-Q2",DFE,Amber/Red,Joiner,,,2020/beis/BEIS_Government_Major_Projects_Portfolio_data_September_2019.xlsx,2015-09-30,DFE_0006_1415-Q3,Amber/Red,1580.79096745893,2021-03-31,DFE_0006_1415-Q3,priority school building programme 2,DFE_0006_1415-Q3,gmpp_id,Priority School Building Programme 2,Amber/Red,1580.79,2021-03-31,both,True
DFE_0005_1415-Q2,Priority School Building Programme - Private Finance,AR 2016,1516-Q2,DFE,Amber/Green,2011-07-19 00:00:00,2018-02-01 00:00:00,221.41773305605798,234.351244283711,12.933511227653014,0.05841226467790879,2085.52,,,Infrastructure and Construction,6.54072553045859,"DFE_0005_1415-Q2,1516-Q2",DFE,Amber/Green,Not new,,,2020/beis/BEIS_Government_Major_Projects_Portfolio_data_September_2019.xlsx,2015-09-30,DFE_0005_1415-Q2,Amber/Green,2085.52,2018-02-01,DFE_0005_1415-Q2,priority school building programme private finance,DFE_0005_1415-Q2,gmpp_id,Priority School Building Programme - Private Finance,Amber/Green,2085.52,2018-04-01,both,True
DFID_0001_1112-Q1,St Helena Airport,AR 2016,1516-Q2,DFID,Amber,2005-03-15 00:00:00,2026-08-31 00:00:00,25.98,25.560000000000002,-0.41999999999999815,-0.016166281755196233,445.17,,,Infrastructure and Construction,21.462012320328544,"DFID_0001_1112-Q1,1516-Q2",DFID,Amber,Not new,,,2020/beis/BEIS_Government_Major_Projects_Portfolio_data_September_2019.xlsx,2015-09-30,DFID_0001_1112-Q1,Amber,445.17,2026-08-31,DFID_0001_1112-Q1,st helena airport,DFID_0001_1112-Q1,gmpp_id,St Helena Airport,Amber,445.17,2026-08-31,both,True
DFT_0020_1314-Q2,A14 Cambridge to Huntingdon Improvement Scheme,AR 2016,1516-Q2,DFT,Amber,2012-09-01 00:00:00,2021-09-30 00:00:00,40.1,41.73,1.6299999999999955,0.04064837905236896,1519.32,,,Infrastructure and Construction,9.078713210130047,"DFT_0020_1314-Q2,1516-Q2",DFT,Amber,Not new,,,2020/beis/BEIS_Government_Major_Projects_Portfolio_data_September_2019.xlsx,2015-09-30,DFT_0020_1314-Q2,Amber,1519.32,2021-09-30,DFT_0020_1314-Q2,a14 cambridge to huntingdon improvement scheme,DFT_0020_1314-Q2,gmpp_id,A14 Cambridge to Huntingdon Improvement Scheme,Amber,1519.32,2021-09-30,both,True
DFT_0001_1112-Q1,Crossrail Programme,AR 2016,1516-Q2,DFT,Amber/Green,2008-07-22 00:00:00,2019-12-31 00:00:00,1794.5,2068.9,274.4000000000001,0.15291167456115914,14768.87,,,Infrastructure and Construction,11.441478439425051,"DFT_0001_1112-Q1,1516-Q2",DFT,Amber/Green,Not new,,,2020/beis/BEIS_Government_Major_Projects_Portfolio_data_September_2019.xlsx,2015-09-30,DFT_0001_1112-Q1,Amber/Green,14768.87,2019-12-31,DFT_0001_1112-Q1,crossrail programme,DFT_0001_1112-Q1,gmpp_id,Crossrail Programme,Amber/Green,14768.87,2019-12-31,both,True
DFT_0004_1112-Q1,High Speed Rail Programme (HS2),AR 2016,1516-Q2,DFT,Amber/Red,2011-02-28 00:00:00,2033-12-31 00:00:00,713,713,0,0,42559.51030905,,,Infrastructure and Construction,22.83915126625599,"DFT_0004_1112-Q1,1516-Q2",DFT,Amber/Red,Not new,,,2020/beis/BEIS_Government_Major_Projects_Portfolio_data_September_2019.xlsx,2015-09-30,DFT_0004_1112-Q1,Amber/Red,42559.51030905,2033-12-31,DFT_0004_1112-Q1,high speed rail programme,DFT_0004_1112-Q1,gmpp_id,High Speed Rail Programme (HS2),Amber/Red,42559.51,2033-12-31,both,True
DFT_0005_1112-Q1,InterCity Express Programme (IEP),AR 2016,1516-Q2,DFT,Amber,2005-06-01 00:00:00,2020-02-06 00:00:00,98.75,98,-0.75,-0.007594936708860759,6246.89,,,Infrastructure and Construction,14.683093771389458,"DFT_0005_1112-Q1,1516-Q2",DFT,Amber,Not new,,,2020/beis/BEIS_Government_Major_Projects_Portfolio_data_September_2019.xlsx,2015-09-30,DFT_0005_1112-Q1,Amber,6246.89,2020-02-06,DFT_0005_1112-Q1,intercity express programme,DFT_0005_1112-Q1,gmpp_id,InterCity Express Programme (IEP),Amber,6246.89,2020-02-06,both,True
DfT_0022_1415-Q4,Lower Thames Crossing,AR 2016,1516-Q2,DFT,Amber,2014-05-30 00:00:00,2026-12-31 00:00:00,19.1,16.4,-2.700000000000003,-0.14136125654450277,199.1,,,Infrastructure and Construction,12.588637919233403,"DfT_0022_1415-Q4,1516-Q2",DFT,Amber,Joiner,,,2020/beis/BEIS_Government_Major_Projects_Portfolio_data_September_2019.xlsx,2015-09-30,DFT_0022_1415-Q4,Amber,199.1,2026-12-31,DFT_0022_1415-Q4,lower thames crossing,,gmpp_id,,,,,left_only,False
DFT_0009_1112-Q1,Periodic Review 2013 (Rail Investment Strategy - HLOS & SOFA),AR 2016,1516-Q2,DFT,Green,2011-08-31 00:00:00,2012-07-31 00:00:00,3381.94,2577.4,-804.54,-0.2378930436376754,16840.6,,,Infrastructure and Construction,0.917180013689254,"DFT_0009_1112-Q1,1516-Q2",DFT,Green,Not new,,,2020/beis/BEIS_Government_Major_Projects_Portfolio_data_September_2019.xlsx,2015-09-30,DFT_0009_1112-Q1,Green,16840.6,2012-07-31,DFT::periodic review 2013,periodic review 2013,DFT::periodic review 2013,name,Periodic Review 2013 (Rail Investment Strategy - HLOS & SOFA),Green,16840.6,2012-07-31,both,True
DFT_0021_1314-Q3,Rail Franchising Programme,AR 2016,1516-Q2,DFT,Amber,2013-03-26 00:00:00,2022-12-31 00:00:00,0,0,0,0,1036.3,,,Infrastructure and Construction,9.765913757700206,"DFT_0021_1314-Q3,1516-Q2",DFT,Amber,Not new,,,2020/beis/BEIS_Government_Major_Projects_Portfolio_data_September_2019.xlsx,2015-09-30,DFT_0021_1314-Q3,Amber,1036.3,2022-12-31,DFT_0021_1314-Q3,rail franchising programme,DFT_0021_1314-Q3,gmpp_id,Rail Franchising Programme,Amber,1036.3,2022-12-31,both,True
DFT_0014_1112-Q1,Search and Rescue Helicopters,AR 2016,1516-Q2,DFT,Amber/Green,2011-02-08 00:00:00,2017-09-08 00:00:00,119,112.8,-6.200000000000003,-0.05210084033613448,1923,,,Infrastructure and Construction,6.581793292265571,"DFT_0014_1112-Q1,1516-Q2",DFT,Amber/Green,Not new,,,2020/beis/BEIS_Government_Major_Projects_Portfolio_data_September_2019.xlsx,2015-09-30,DFT_0014_1112-Q1,Amber/Green,1923.0,2017-09-08,DFT::search and rescue helicopters,search and rescue helicopters,DFT::search and rescue helicopters,name,Search and Rescue Helicopters,Amber/Green,1923.0,2017-09-08,both,True
DFT_0015_1112-Q1,Shared Services Implementation Programme,AR 2016,1516-Q2,DFT,Red,2010-12-10 00:00:00,2015-06-01 00:00:00,20.2,11.17,-9.03,-0.44702970297029704,222.3,,,ICT,4.473648186173854,"DFT_0015_1112-Q1,1516-Q2",DFT,Red,Not new,,,2020/beis/BEIS_Government_Major_Projects_Portfolio_data_September_2019.xlsx,2015-09-30,DFT_0015_1112-Q1,Red,222.3,2015-06-01,DFT::shared services implementation programme,shared services implementation programme,DFT::shared services implementation programme,name,Shared Services Implementation Programme,Red,222.3,2015-06-01,both,True
DFT_0016_1112-Q1,Thameslink Programme,AR 2016,1516-Q2,DFT,Amber,2005-07-01 00:00:00,2018-12-31 00:00:00,29.582,29.58,-0.0020000000000024443,-6.76086809547172e-05,6830.5,,,Infrastructure and Construction,13.500342231348391,"DFT_0016_1112-Q1,1516-Q2",DFT,Amber,Not new,,,2020/beis/BEIS_Government_Major_Projects_Portfolio_data_September_2019.xlsx,2015-09-30,DFT_0016_1112-Q1,Amber,6830.5,2018-12-31,DFT_0016_1112-Q1,thameslink programme,DFT_0016_1112-Q1,gmpp_id,Thameslink Programme,Amber,6830.5,2018-12-31,both,True
DH_0029_1314-Q1,Liaison and Diversion Programme,AR 2016,1516-Q2,DH,Amber,2011-04-01 00:00:00,2017-04-01 00:00:00,34.8,34.8,0,0,199.1,,,Government Transformation and Service Delivery,6.0013689253935665,"DH_0029_1314-Q1,1516-Q2",DH,Amber,Not new,,,2020/beis/BEIS_Government_Major_Projects_Portfolio_data_September_2019.xlsx,2015-09-30,DH_0029_1314-Q1,Amber,199.1,2017-04-01,DOH_0029_1314-Q1,liaison and diversion programme,DOH_0029_1314-Q1,name,Liaison and Diversion Programme,Amber,199.1,2017-04-01,both,True
DH_0041_1314-Q2,Health & Social Care Network,AR 2016,1516-Q2,DH,Amber/Red,2012-03-29 00:00:00,2020-04-01 00:00:00,166.95,87.38,-79.57,-0.4766097634022162,748.2,,,ICT,8.008213552361397,"DH_0041_1314-Q2,1516-Q2",DH,Amber/Red,Not new,,,2020/beis/BEIS_Government_Major_Projects_Portfolio_data_September_2019.xlsx,2015-09-30,DH_0041_1314-Q2,Amber/Red,748.2,2020-04-01,DH_0041_1314-Q2,health and social care network,DH_0041_1314-Q2,gmpp_id,Health & Social Care Network,Amber/Red,748.2,2020-04-01,both,True
DH_0008_1112-Q1,Electronic Prescription Service (EPS) Release 2,AR 2016,1516-Q2,DH,Amber,2003-01-01 00:00:00,2016-12-31 00:00:00,4.96,7.83,2.87,0.5786290322580645,77.73,,,ICT,13.998631074606434,"DH_0008_1112-Q1,1516-Q2",DH,Amber,Not new,,,2020/beis/BEIS_Government_Major_Projects_Portfolio_data_September_2019.xlsx,2015-09-30,DH_0008_1112-Q1,Amber,77.73,2016-12-31,DOH_0008_1112-Q1,electronic prescription service release 2,DOH_0008_1112-Q1,name,Electronic Prescription Service (EPS) Release 2,Amber,77.73,2016-12-31,both,True
DH_0015_1112-Q1,CSC Local Service Provider (LSP) Delivery Programme,AR 2016,1516-Q2,DH,Amber/Red,2003-06-23 00:00:00,2023-03-31 00:00:00,237.73000000000002,115.7,-122.03000000000002,-0.5133134227905607,2294.07,,,Government Transformation and Service Delivery,19.770020533880903,"DH_0015_1112-Q1,1516-Q2",DH,Amber/Red,Not new,,,2020/beis/BEIS_Government_Major_Projects_Portfolio_data_September_2019.xlsx,2015-09-30,DH_0015_1112-Q1,Amber/Red,2294.07,2023-03-31,DOH_0015_1112-Q1,csc local service provider delivery programme,DOH_0015_1112-Q1,name,CSC Local Service Provider (LSP) Delivery Programme,Amber/Red,2294.07,2023-03-31,both,True
DH_0017_1112-Q1,PHE Science Hub,AR 2016,1516-Q2,DH,Amber,2013-06-28 00:00:00,2023-03-31 00:00:00,197.25,135.56,-61.69,-0.31275031685678073,10447.57,,,Infrastructure and Construction,9.754962354551678,"DH_0017_1112-Q1,1516-Q2",DH,Amber,Not new,,,2020/beis/BEIS_Government_Major_Projects_Portfolio_data_September_2019.xlsx,2015-09-30,DH_0017_1112-Q1,Amber,10447.57,2023-03-31,DH_0017_1112-Q1,phe science hub,DH_0017_1112-Q1,gmpp_id,PHE Science Hub,Amber,10447.57,2023-03-31,both,True
DH_0028_1314-Q1,General Practice System of Choice (GPSoC) Replacement,AR 2016,1516-Q2,DH,Amber/Green,2012-01-26 00:00:00,2015-03-31 00:00:00,87.3154306280889,82.13409235299889,-5.181338275090013,-0.05934046522841296,309.43,,,ICT,3.1759069130732374,"DH_0028_1314-Q1,1516-Q2",DH,Amber/Green,Not new,,,2020/beis/BEIS_Government_Major_Projects_Portfolio_data_September_2019.xlsx,2015-09-30,DH_0028_1314-Q1,Amber/Green,309.43,2015-03-31,DOH_0028_1314-Q1,general practice system of choice replacement,DOH_0028_1314-Q1,name,General Practice System of Choice (GPSoC) Replacement,Amber/Green,309.43,2015-03-31,both,True
DH_0030_1314-Q1,National Pandemic Flu Service,AR 2016,1516-Q2,DH,Amber/Red,2012-03-19 00:00:00,2016-10-30 00:00:00,Exempt under section 43 of the Freedom of Information Act (2000).,Exempt under section 43 of the Freedom of Information Act (2000).,0,0,Exempt under section 43 of the Freedom of Information Act (2000).,,,ICT,4.616016427104722,"DH_0030_1314-Q1,1516-Q2",DH,Amber/Red,Not new,,,2020/beis/BEIS_Government_Major_Projects_Portfolio_data_September_2019.xlsx,2015-09-30,DH_0030_1314-Q1,Amber/Red,,2016-10-30,DOH_0030_1314-Q1,national pandemic flu service,DOH_0030_1314-Q1,name,National Pandemic Flu Service,Amber/Red,,2016-10-30,both,True
DH_0031_1314-Q1,National Proton Beam Therapy (PBT) Service Development Programme,AR 2016,1516-Q2,DH,Amber/Green,2012-01-01 00:00:00,2018-12-31 00:00:00,52.15,52.15,0,0,1247.26,,,Government Transformation and Service Delivery,6.997946611909651,"DH_0031_1314-Q1,1516-Q2",DH,Amber/Green,Not new,,,2020/beis/BEIS_Government_Major_Projects_Portfolio_data_September_2019.xlsx,2015-09-30,DH_0031_1314-Q1,Amber/Green,1247.26,2018-12-31,DH_0031_1314-Q1,national proton beam therapy service development programme,DH_0031_1314-Q1,gmpp_id,National Proton Beam Therapy (PBT) Service Development Programme,Amber/Green,1247.26,2018-12-31,both,True
DH_0033_1314-Q1,Childhood Flu Immunisation Programme,AR 2016,1516-Q2,DH,Amber,2013-09-03 00:00:00,2018-09-01 00:00:00,69.28,69.28,0,0,348,,,Government Transformation and Service Delivery,4.993839835728953,"DH_0033_1314-Q1,1516-Q2",DH,Amber,Not new,,,2020/beis/BEIS_Government_Major_Projects_Portfolio_data_September_2019.xlsx,2015-09-30,DH_0033_1314-Q1,Amber,348.0,2018-09-01,DOH_0033_1314-Q1,childhood flu immunisation programme,DOH_0033_1314-Q1,name,Childhood Flu Immunisation Programme,Amber,348.0,2018-09-01,both,True
DH_0038_1314-Q2,Health Visitor Programme,AR 2016,1516-Q2,DH,Green,2010-10-31 00:00:00,2015-12-31 00:00:00,0.409,0.409,0,0,654.309,,,Government Transformation and Service Delivery,5.166324435318275,"DH_0038_1314-Q2,1516-Q2",DH,Green,Not new,,,2020/beis/BEIS_Government_Major_Projects_Portfolio_data_September_2019.xlsx,2015-09-30,DH_0038_1314-Q2,Green,654.309,2015-12-31,DH/DHSC::health visitor programme,health visitor programme,DH/DHSC::health visitor programme,name,Health Visitor Programme,Green,654.31,2015-12-31,both,True
DH_0039_1314-Q2,NHS e-Referral Service,AR 2016,1516-Q2,DH,Amber,2012-03-29 00:00:00,2018-03-31 00:00:00,26.9969260275,30.7711015290973,3.774175501597302,0.13980019420554757,131.16,,,ICT,6.0041067761806985,"DH_0039_1314-Q2,1516-Q2",DH,Amber,Not new,,,2020/beis/BEIS_Government_Major_Projects_Portfolio_data_September_2019.xlsx,2015-09-30,DH_0039_1314-Q2,Amber,131.16,2018-03-31,DOH_0039_1314-Q2,nhs e referral service,DOH_0039_1314-Q2,name,NHS e-Referral Service,Amber,131.16,2018-03-31,both,True
DH_0040_1314-Q2,NHSmail 2,AR 2016,1516-Q2,DH,Amber/Red,2012-03-29 00:00:00,2020-06-01 00:00:00,29.32,28.4,-0.9200000000000017,-0.03137789904502052,133.03,,,ICT,8.175222450376454,"DH_0040_1314-Q2,1516-Q2",DH,Amber/Red,Not new,,,2020/beis/BEIS_Government_Major_Projects_Portfolio_data_September_2019.xlsx,2015-09-30,DH_0040_1314-Q2,Amber/Red,133.03,2020-06-01,DOH_0040_1314-Q2,nhsmail 2,DOH_0040_1314-Q2,name,NHSmail 2,Amber/Red,133.03,2020-06-01,both,True
DH_0042_1314-Q3,NHS Electronic Staff Record Reprocurement Project,AR 2016,1516-Q2,DH,Amber,2013-06-10 00:00:00,2015-11-30 00:00:00,47.1,45.31,-1.7899999999999991,-0.03800424628450104,267,,,ICT,2.4722792607802875,"DH_0042_1314-Q3,1516-Q2",DH,Amber,Not new,,,2020/beis/BEIS_Government_Major_Projects_Portfolio_data_September_2019.xlsx,2015-09-30,DH_0042_1314-Q3,Amber,267.0,2015-11-30,DOH_0042_1314-Q3,nhs electronic staff record reprocurement project,DOH_0042_1314-Q3,name,NHS Electronic Staff Record Reprocurement Project,Amber,267.0,2015-11-30,both,True
DH_0043_1314-Q3,NHS Pension Re-let ,AR 2016,1516-Q2,DH,Amber,2013-07-05 00:00:00,2017-07-21 00:00:00,2.5,2.5,0,0,10.84,,,Government Transformation and Service Delivery,4.043805612594114,"DH_0043_1314-Q3,1516-Q2",DH,Amber,Not new,,,2020/beis/BEIS_Government_Major_Projects_Portfolio_data_September_2019.xlsx,2015-09-30,DH_0043_1314-Q3,Amber,10.84,2017-07-21,DOH_0043_1314-Q3,nhs pension re let,DOH_0043_1314-Q3,name,NHS Pension Re-let,Amber,10.84,2017-07-21,both,True
DH_0044_1314-Q4,Care and Support Implementation Programme,AR 2016,1516-Q2,DH,Amber/Green,2013-06-04 00:00:00,2016-12-01 00:00:00,512.1,354.5,-157.60000000000002,-0.3077523921109159,18619.2,,,Government Transformation and Service Delivery,3.4934976043805612,"DH_0044_1314-Q4,1516-Q2",DH,Amber/Green,Not new,,,2020/beis/BEIS_Government_Major_Projects_Portfolio_data_September_2019.xlsx,2015-09-30,DH_0044_1314-Q4,Amber/Green,18619.2,2016-12-01,DH/DHSC::care and support implementation programme,care and support implementation programme,DH/DHSC::care and support implementation programme,name,Care and Support Implementation Programme,Amber/Green,18619.2,2016-12-01,both,True
DH_0045_1415-Q1,care.data,AR 2016,1516-Q2,DH,Amber/Red,2012-09-01 00:00:00,2020-03-31 00:00:00,4.1899999999999995,4.1,-0.08999999999999986,-0.021479713603818583,0,,,ICT,7.578370978781656,"DH_0045_1415-Q1,1516-Q2",DH,Amber/Red,Not new,,,2020/beis/BEIS_Government_Major_Projects_Portfolio_data_September_2019.xlsx,2015-09-30,DH_0045_1415-Q1,Amber/Red,0.0,2020-03-31,DH/DHSC::care data,care data,DH/DHSC::care data,name,care.data,Amber/Red,0.0,2020-03-31,both,True
DH_0048_1415-Q1,"100,000 Genomes Project",AR 2016,1516-Q2,DH,Amber/Red,2013-04-10 00:00:00,2017-12-31 00:00:00,50,27.4,-22.6,-0.452,160,,,Government Transformation and Service Delivery,4.725530458590007,"DH_0048_1415-Q1,1516-Q2",DH,Amber/Red,Not new,,,2020/beis/BEIS_Government_Major_Projects_Portfolio_data_September_2019.xlsx,2015-09-30,DH_0048_1415-Q1,Amber/Red,160.0,2017-12-31,DOH_0048_1415-Q1,100 000 genomes project,DOH_0048_1415-Q1,name,"100,000 Genomes Project",Amber/Red,160.0,2017-12-31,both,True
DH_0049_1415-Q1,NHS Choices,AR 2016,1516-Q2,DH,Amber/Red,2015-08-03 00:00:00,2016-02-03 00:00:00,0,0,0,0,0,,,ICT,0.5037645448323066,"DH_0049_1415-Q1,1516-Q2",DH,Amber/Red,Not new,,,2020/beis/BEIS_Government_Major_Projects_Portfolio_data_September_2019.xlsx,2015-09-30,DH_0049_1415-Q1,Amber/Red,0.0,2016-02-03,DH/DHSC::nhs choices,nhs choices,DH/DHSC::nhs choices,name,NHS Choices,Amber/Red,0.0,2016-02-03,both,True
DH_0050_1415-Q1,NHS Procurement Efficiency Programme,AR 2016,1516-Q2,DH,Red,2013-09-01 00:00:00,2016-03-31 00:00:00,18.5,18.5,0,0,71.9,,,Government Transformation and Service Delivery,2.5790554414784395,"DH_0050_1415-Q1,1516-Q2",DH,Red,Not new,,,2020/beis/BEIS_Government_Major_Projects_Portfolio_data_September_2019.xlsx,2015-09-30,DH_0050_1415-Q1,Red,71.9,2016-03-31,DH/DHSC::nhs procurement efficiency programme,nhs procurement efficiency programme,DH/DHSC::nhs procurement efficiency programme,name,NHS Procurement Efficiency Programme,Red,71.9,2016-03-31,both,True
DH_0056_1415-Q3,Visitor and Migrant NHS Cost Recovery Programme,AR 2016,1516-Q2,DH,Amber,2013-09-01 00:00:00,2017-03-31 00:00:00,4,3,-1,-0.25,10.5,,,Government Transformation and Service Delivery,3.578370978781656,"DH_0056_1415-Q3,1516-Q2",DH,Amber,Joiner,,,2020/beis/BEIS_Government_Major_Projects_Portfolio_data_September_2019.xlsx,2015-09-30,DH_0056_1415-Q3,Amber,10.5,2017-03-31,DOH_0056_1415-Q3,visitor and migrant nhs cost recovery programme,DOH_0056_1415-Q3,name,Visitor and Migrant NHS Cost Recovery Programme,Amber,10.5,2017-03-31,both,True
DH_0057_1516-Q1,BT LSP,AR 2016,1516-Q2,DH,Amber,2003-12-18 00:00:00,2015-10-31 00:00:00,59.89,82.77,22.879999999999995,0.38203372850225403,1743.03,,,Government Transformation and Service Delivery,11.868583162217659,"DH_0057_1516-Q1,1516-Q2",DH,Amber,Joiner,,,2020/beis/BEIS_Government_Major_Projects_Portfolio_data_September_2019.xlsx,2015-09-30,DH_0057_1516-Q1,Amber,1743.03,2015-10-31,DH/DHSC::bt lsp,bt lsp,DH/DHSC::bt lsp,name,BT LSP,Amber,1743.03,2015-10-31,both,True
DWP_0016_1213-Q2,"Fraud, Error and Debt Programme",AR 2016,1516-Q2,DWP,Amber/Green,2012-04-02 00:00:00,2017-03-31 00:00:00,152,124.047,-27.953000000000003,-0.1839013157894737,834,,,Government Transformation and Service Delivery,4.993839835728953,"DWP_0016_1213-Q2,1516-Q2",DWP,Amber/Green,Not new,,,2020/beis/BEIS_Government_Major_Projects_Portfolio_data_September_2019.xlsx,2015-09-30,DWP_0016_1213-Q2,Amber/Green,834.0,2017-03-31,DWP_0016_1213-Q2,fraud error and debt programme,DWP_0016_1213-Q2,gmpp_id,"Fraud, Error and Debt Programme",Amber/Green,834.0,2017-03-31,both,True
DWP_0005_1112-Q1,Automatic Enrolment Programme (originally called Enabling Retirement Savings Programme),AR 2016,1516-Q2,DWP,Amber,2007-05-01 00:00:00,2018-11-30 00:00:00,117.5,100.96000000000001,-16.539999999999992,-0.14076595744680845,995.4,,,Government Transformation and Service Delivery,11.58384668035592,"DWP_0005_1112-Q1,1516-Q2",DWP,Amber,Not new,,,2020/beis/BEIS_Government_Major_Projects_Portfolio_data_September_2019.xlsx,2015-09-30,DWP_0005_1112-Q1,Amber,995.4,2018-11-30,DWP_0005_1112-Q1,automatic enrolment programme,DWP_0005_1112-Q1,gmpp_id,Automatic Enrolment Programme,Amber,995.4,2018-11-30,both,True
DWP_0003_1112-Q1,Child Maintenance Group,AR 2016,1516-Q2,DWP,Amber/Green,2009-08-01 00:00:00,2016-12-31 00:00:00,122.2,122.2,0,0,955.84,,,Government Transformation and Service Delivery,7.416837782340862,"DWP_0003_1112-Q1,1516-Q2",DWP,Amber/Green,Not new,,,2020/beis/BEIS_Government_Major_Projects_Portfolio_data_September_2019.xlsx,2015-09-30,DWP_0003_1112-Q1,Amber/Green,955.84,2016-12-31,DWP::child maintenance group,child maintenance group,DWP::child maintenance group,name,Child Maintenance Group,Amber/Green,955.84,2016-12-31,both,True
DWP_0018_1314-Q3,Fit for Work (formally Health & Work Service) Programme,AR 2016,1516-Q2,DWP,Amber,2013-02-27 00:00:00,2015-03-31 00:00:00,15.6,14.0678602229041,-1.5321397770958995,-0.09821408827537818,276.36,,,Government Transformation and Service Delivery,2.086242299794661,"DWP_0018_1314-Q3,1516-Q2",DWP,Amber,Not new,,,2020/beis/BEIS_Government_Major_Projects_Portfolio_data_September_2019.xlsx,2015-09-30,DWP_0018_1314-Q3,Amber,276.36,2015-03-31,DWP::fit for work,fit for work programme,DWP::fit for work,name,Fit for Work Programme,Amber,276.36,2015-03-31,both,True
DWP_0023_1415-Q2,New State Pension Project,AR 2016,1516-Q2,DWP,Amber/Green,2012-02-27 00:00:00,2016-06-30 00:00:00,44.82,30,-14.82,-0.33065595716198126,174.11,,,Government Transformation and Service Delivery,4.339493497604381,"DWP_0023_1415-Q2,1516-Q2",DWP,Amber/Green,Not new,,,2020/beis/BEIS_Government_Major_Projects_Portfolio_data_September_2019.xlsx,2015-09-30,DWP_0023_1415-Q2,Amber/Green,174.11,2016-06-30,DWP::new state pension project,new state pension project,DWP::new state pension project,name,New State Pension Project,Amber/Green,174.11,2016-06-30,both,True
DWP_0011_1112-Q2,Personal Independence Payment ,AR 2016,1516-Q2,DWP,Amber/Red,2011-10-31 00:00:00,2018-04-30 00:00:00,365.81,351.051,-14.759000000000015,-0.04034608129903506,3603.04,,,Government Transformation and Service Delivery,6.496919917864476,"DWP_0011_1112-Q2,1516-Q2",DWP,Amber/Red,Not new,,,2020/beis/BEIS_Government_Major_Projects_Portfolio_data_September_2019.xlsx,2015-09-30,DWP_0011_1112-Q2,Amber/Red,3603.04,2018-04-30,DWP::personal independence payment implementation,personal independence payment,DWP::personal independence payment implementation,name,Personal Independence Payment,Amber/Red,3603.04,2018-04-30,both,True
DWP_0009_1112-Q1,Universal Credit Programme,AR 2016,1516-Q2,DWP,Amber,2011-11-17 00:00:00,2020-04-30 00:00:00,585.4920000000001,429.328,-156.1640000000001,-0.26672268792741843,15844.02,,,Government Transformation and Service Delivery,8.451745379876797,"DWP_0009_1112-Q1,1516-Q2",DWP,Amber,Not new,,,2020/beis/BEIS_Government_Major_Projects_Portfolio_data_September_2019.xlsx,2015-09-30,DWP_0009_1112-Q1,Amber,15844.02,2020-04-30,DWP_0009_1112-Q1,universal credit programme,DWP_0009_1112-Q1,gmpp_id,Universal Credit Programme,Amber,15844.02,2020-04-30,both,True
FCO_0001_1112-Q1,ABUJA New Office and Residence,AR 2016,1516-Q2,FCO,Amber,2011-01-01 00:00:00,2016-12-01 00:00:00,18.799999999999997,18.799999999999997,0,0,46,,,Infrastructure and Construction,5.916495550992471,"FCO_0001_1112-Q1,1516-Q2",FCO,Amber,Not new,,,2020/beis/BEIS_Government_Major_Projects_Portfolio_data_September_2019.xlsx,2015-09-30,FCO_0001_1112-Q1,Amber,46.0,2016-12-01,FCO/FCDO::abuja new office and residence,abuja new office and residence,FCO/FCDO::abuja new office and residence,name,ABUJA New Office and Residence,Amber,46.0,2016-12-01,both,True
FCO_0004_1112-Q1,ICTRe-procurement,AR 2016,1516-Q2,FCO,Amber/Green,2011-01-01 00:00:00,2015-12-18 00:00:00,27.29,31.95,4.66,0.17075851960425065,161.1,,,ICT,4.960985626283367,"FCO_0004_1112-Q1,1516-Q2",FCO,Amber/Green,Not new,,,2020/beis/BEIS_Government_Major_Projects_Portfolio_data_September_2019.xlsx,2015-09-30,FCO_0004_1112-Q1,Amber/Green,161.1,2015-12-18,,ictre procurement,,unmatched,,,,,left_only,False
FCO_0009_1516-Q2,Movement of Personal Effects Contract,AR 2016,1516-Q2,FCO,Amber,2015-07-06 00:00:00,2016-09-30 00:00:00,0,0,0,0,42.5,,,Government Transformation and Service Delivery,1.2375085557837098,"FCO_0009_1516-Q2,1516-Q2",FCO,Amber,Joiner,,,2020/beis/BEIS_Government_Major_Projects_Portfolio_data_September_2019.xlsx,2015-09-30,FCO_0009_1516-Q2,Amber,42.5,2016-09-30,FCO/FCDO::movement of personal effects contract,movement of personal effects contract,FCO/FCDO::movement of personal effects contract,name,Movement of Personal Effects Contract,Amber,42.5,2016-09-30,both,True
FCO_0008_1415-Q4,Technology Overhaul,AR 2016,1516-Q2,FCO,Amber,2015-11-01 00:00:00,2018-03-01 00:00:00,25.56,13.4,-12.159999999999998,-0.4757433489827856,114.5,,,ICT,2.329911019849418,"FCO_0008_1415-Q4,1516-Q2",FCO,Amber,Joiner,,,2020/beis/BEIS_Government_Major_Projects_Portfolio_data_September_2019.xlsx,2015-09-30,FCO_0008_1415-Q4,Amber,114.5,2018-03-01,FCO/FCDO::technology overhaul,technology overhaul,FCO/FCDO::technology overhaul,name,Technology Overhaul,Amber,105.5,2018-03-01,both,True
FCO_0006_1213-Q2,UKERP,AR 2016,1516-Q2,FCO,Amber/Red,2011-06-01 00:00:00,2016-08-01 00:00:00,31.26,31.26,0,0,64.9,,,Infrastructure and Construction,5.169062286105407,"FCO_0006_1213-Q2,1516-Q2",FCO,Amber/Red,Not new,,,2020/beis/BEIS_Government_Major_Projects_Portfolio_data_September_2019.xlsx,2015-09-30,FCO_0006_1213-Q2,Amber/Red,64.9,2016-08-01,FCO/FCDO::ukerp,ukerp,FCO/FCDO::ukerp,name,UKERP,Amber/Red,64.9,2016-08-01,both,True
HMRC_0012_1415-Q1,Tax-Free Childcare,AR 2016,1516-Q2,HMRC,Amber,2013-09-10 00:00:00,2018-06-30 00:00:00,41.87,37.505756000000005,-4.364243999999992,-0.10423319799379012,241.83,,,Government Transformation and Service Delivery,4.802190280629706,"HMRC_0012_1415-Q1,1516-Q2",HMRC,Amber,Not new,,,2020/beis/BEIS_Government_Major_Projects_Portfolio_data_September_2019.xlsx,2015-09-30,HMRC_0012_1415-Q1,Amber,241.83,2018-06-30,HMRC_0012_1415-Q1,tax free childcare,HMRC_0012_1415-Q1,gmpp_id,Tax-Free Childcare,Amber,241.83,2018-06-30,both,True
HMRC_0013_1415-Q4,Columbus (formerly Aspire Replacement Programme),AR 2016,1516-Q2,HMRC,Amber/Red,2014-01-01 00:00:00,2021-12-31 00:00:00,88,88,0,0,600,,,ICT,7.997262149212868,"HMRC_0013_1415-Q4,1516-Q2",HMRC,Amber/Red,Joiner,,,2020/beis/BEIS_Government_Major_Projects_Portfolio_data_September_2019.xlsx,2015-09-30,HMRC_0013_1415-Q4,Amber/Red,600.0,2021-12-31,HMRC_0013_1415-Q4,columbus,HMRC_0013_1415-Q4,gmpp_id,Columbus (formerly Aspire Replacement Programme),Amber/Red,600.0,2021-12-31,both,True
HMRC_0014_1415-Q4,CUSTOMS DECLARATION SERVICES (CDS) Programme,AR 2016,1516-Q2,HMRC,Amber/Red,2013-10-16 00:00:00,2018-12-31 00:00:00,21.94,18.975,-2.965,-0.1351412944393801,71.16,,,ICT,5.207392197125257,"HMRC_0014_1415-Q4,1516-Q2",HMRC,Amber/Red,Joiner,,,2020/beis/BEIS_Government_Major_Projects_Portfolio_data_September_2019.xlsx,2015-09-30,HMRC_0014_1415-Q4,Amber/Red,71.16,2018-12-31,HMRC_0014_1415-Q4,customs declaration services programme,HMRC_0014_1415-Q4,gmpp_id,CUSTOMS DECLARATION SERVICES (CDS) Programme,Amber/Red,71.16,2018-12-31,both,True
HO_0030_1415-Q1,Adelphi Modernisation Programme,AR 2016,1516-Q2,HO,Red,2014-06-05 00:00:00,2016-03-31 00:00:00,32.42,26.824,-5.596,-0.17260950030845157,185.3,,,ICT,1.8206707734428473,"HO_0030_1415-Q1,1516-Q2",HO,Red,Not new,,,2020/beis/BEIS_Government_Major_Projects_Portfolio_data_September_2019.xlsx,2015-09-30,HO_0030_1415-Q1,Red,185.3,2016-03-31,HO_0030_1415-Q1,adelphi modernisation programme,HO::adelphi modernisation programme,gmpp_id,,,,,left_only,False
HO_0012_1112-Q3,Communications Capabilities Development Programme,AR 2016,1516-Q2,HO,Amber,2010-05-01 00:00:00,2020-04-01 00:00:00,Data Exempt under Section 24 of the Freedom of Information Act (2000),Data Exempt under Section 24 of the Freedom of Information Act (2000),Data Exempt under Section 24 of the Freedom of Information Act (2000),Data Exempt under Section 24 of the Freedom of Information Act (2000),Data Exempt under Section 24 of the Freedom of Information Act (2000),,,ICT,9.919233401779604,"HO_0012_1112-Q3,1516-Q2",HO,Amber,Not new,,,2020/beis/BEIS_Government_Major_Projects_Portfolio_data_September_2019.xlsx,2015-09-30,HO_0012_1112-Q3,Amber,,2020-04-01,HO::communications capabilities development programme,communications capabilities development programme,HO::communications capabilities development programme,name,Communications Capabilities Development (CCD) Programme,Amber,,2020-04-01,both,True
HO_0011_1112-Q2,Disclosure and Barring  Service (DBS) Programme,AR 2016,1516-Q2,HO,Amber/Red,2010-12-29 00:00:00,2015-07-31 00:00:00,123.56,147.5,23.939999999999998,0.19375202330851407,785.633,,,Government Transformation and Service Delivery,4.58590006844627,"HO_0011_1112-Q2,1516-Q2",HO,Amber/Red,Not new,,,2020/beis/BEIS_Government_Major_Projects_Portfolio_data_September_2019.xlsx,2015-09-30,HO_0011_1112-Q2,Amber/Red,785.633,2015-07-31,HO::sig disclosure and barring service programme,disclosure and barring service programme,HO::sig disclosure and barring service programme,name,Disclosure and Barring Service (DBS) Programme,Amber/Red,785.63,2015-07-31,both,True
HO_0031_1415-Q1,Digital Services at the Border,AR 2016,1516-Q2,HO,Amber/Red,2014-02-12 00:00:00,2019-03-31 00:00:00,16.67,17.89,1.2199999999999989,0.07318536292741444,307.93,,,ICT,5.127994524298426,"HO_0031_1415-Q1,1516-Q2",HO,Amber/Red,Not new,,,2020/beis/BEIS_Government_Major_Projects_Portfolio_data_September_2019.xlsx,2015-09-30,HO_0031_1415-Q1,Amber/Red,307.93,2019-03-31,HO_0031_1415-Q1,digital services at the border,HO_0031_1415-Q1,gmpp_id,Digital Services at the Border (DSaB),Amber/Red,307.93,2019-03-31,both,True
HO_0016_1213-Q1,Emergency Services Mobile Communications Programme (ESMCP),AR 2016,1516-Q2,HO,Amber,2011-06-01 00:00:00,2020-12-31 00:00:00,34.13,34.13,0,0,5319.23,,,ICT,9.585215605749486,"HO_0016_1213-Q1,1516-Q2",HO,Amber,Not new,,,2020/beis/BEIS_Government_Major_Projects_Portfolio_data_September_2019.xlsx,2015-09-30,HO_0016_1213-Q1,Amber,5319.23,2020-12-31,HO_0016_1213-Q1,emergency services mobile communications programme,HO_0016_1213-Q1,gmpp_id,Emergency Services Mobile Communications Programme (ESMCP),Amber,5319.23,2020-12-31,both,True
HO_0033_1415-Q3,Home Office Biometrics Programme,AR 2016,1516-Q2,HO,Amber,2014-04-01 00:00:00,2019-11-30 00:00:00,63.7,63.7,0,0,640.3,,,ICT,5.664613278576318,"HO_0033_1415-Q3,1516-Q2",HO,Amber,Joiner,,,2020/beis/BEIS_Government_Major_Projects_Portfolio_data_September_2019.xlsx,2015-09-30,HO_0033_1415-Q3,Amber,640.3,2019-11-30,HO_0033_1415-Q3,home office biometrics programme,HO_0033_1415-Q3,gmpp_id,Home Office Biometrics (HOB) Programme,Amber,640.3,2019-11-30,both,True
HO_0029_1314-Q4,Immigration Platform Technologies (IPT),AR 2016,1516-Q2,HO,Amber/Red,2013-04-01 00:00:00,2017-03-31 00:00:00,71.1,49,-22.099999999999994,-0.31082981715893104,208.8,,,ICT,3.997262149212868,"HO_0029_1314-Q4,1516-Q2",HO,Amber/Red,Not new,,,2020/beis/BEIS_Government_Major_Projects_Portfolio_data_September_2019.xlsx,2015-09-30,HO_0029_1314-Q4,Amber/Red,208.8,2017-03-31,HO_0029_1314-Q4,immigration platform technologies,HO_0029_1314-Q4,gmpp_id,Immigration Platform Technologies (IPT),Amber/Red,208.8,2017-03-31,both,True
HO_0008_1112-Q1,SIS II Programme,AR 2016,1516-Q2,HO,Amber/Green,2006-04-01 00:00:00,2015-06-30 00:00:00,9.5,9.5,0,0,195.1,,,ICT,9.245722108145106,"HO_0008_1112-Q1,1516-Q2",HO,Amber/Green,Not new,,,2020/beis/BEIS_Government_Major_Projects_Portfolio_data_September_2019.xlsx,2015-09-30,HO_0008_1112-Q1,Amber/Green,195.1,2015-06-30,,sis ii programme,,unmatched,,,,,left_only,False
HO_0032_1415-Q1,Technology Platforms for Tomorrow,AR 2016,1516-Q2,HO,Amber/Red,2014-02-01 00:00:00,2016-09-01 00:00:00,29,29,0,0,369.5,,,ICT,2.5817932922655715,"HO_0032_1415-Q1,1516-Q2",HO,Amber/Red,Not new,,,2020/beis/BEIS_Government_Major_Projects_Portfolio_data_September_2019.xlsx,2015-09-30,HO_0032_1415-Q1,Amber/Red,369.5,2016-09-01,HO_0032_1415-Q1,technology platforms for tomorrow,HO_0032_1415-Q1,gmpp_id,Technology Platforms for Tomorrow (TPT),Amber/Red,369.5,2016-09-01,both,True
MOD_0064_1112-Q2,Carrier Enabled Power Projection,AR 2016,1516-Q2,MOD,Amber,2011-01-31 00:00:00,2026-12-01 00:00:00,1.44,1.44,0,0,21.688,,,Government Transformation and Service Delivery,15.832991101984941,"MOD_0064_1112-Q2,1516-Q2",MOD,Amber,Not new,,,2020/beis/BEIS_Government_Major_Projects_Portfolio_data_September_2019.xlsx,2015-09-30,MOD_0064_1112-Q2,Amber,21.688,2026-12-01,MOD_0064_1112-Q2,carrier enabled power projection,MOD_0064_1112-Q2,gmpp_id,Carrier Enabled Power Projection,Amber,21.69,2026-12-01,both,True
MOD_0065_1112-Q2,CHINOOK (incl. Project Julius),AR 2016,1516-Q2,MOD,Green,2008-04-01 00:00:00,2017-06-30 00:00:00,97.703,97.703,0,0,1009.17,,,Military Capability,9.245722108145106,"MOD_0065_1112-Q2,1516-Q2",MOD,Green,Not new,,,2020/beis/BEIS_Government_Major_Projects_Portfolio_data_September_2019.xlsx,2015-09-30,MOD_0065_1112-Q2,Green,1009.17,2017-06-30,MOD::chinook,chinook,MOD::chinook,name,CHINOOK (incl. Project Julius),Green,1009.17,2017-06-30,both,True
MOD_0078_1213-Q1,Core Production Capability,AR 2016,1516-Q2,MOD,Amber,2012-04-23 00:00:00,2028-11-14 00:00:00,170.5,158.126,-12.373999999999995,-0.07257478005865099,1443.46,,,Military Capability,16.56125941136208,"MOD_0078_1213-Q1,1516-Q2",MOD,Amber,Not new,,,2020/beis/BEIS_Government_Major_Projects_Portfolio_data_September_2019.xlsx,2015-09-30,MOD_0078_1213-Q1,Amber,1443.46,2028-11-14,MOD_0078_1213-Q1,core production capability,MOD_0078_1213-Q1,gmpp_id,Core Production Capability,Amber,1443.46,2028-11-14,both,True
HO_0034_1516-Q2,Cyclamen Project,AR 2016,1516-Q2,HO,Exempt,2014-04-01 00:00:00,2021-04-01 00:00:00,Exempt under Sections 24 and 31(1) of the Freedom of Information Act (2000),Exempt under Sections 24 and 31(1) of the Freedom of Information Act (2000),Exempt under Sections 24 and 31(1) of the Freedom of Information Act (2000),Exempt under Sections 24 and 31(1) of the Freedom of Information Act (2000),Exempt under Sections 24 and 31(1) of the Freedom of Information Act (2000),,,ICT,7.000684462696783,"HO_0034_1516-Q2,1516-Q2",HO,Exempt,Joiner,,,2020/beis/BEIS_Government_Major_Projects_Portfolio_data_September_2019.xlsx,2015-09-30,HO_0034_1516-Q2,EXEMPT,,2021-04-01,HO_0034_1516-Q2,cyclamen project,,gmpp_id,Cyclamen Programme,EXEMPT,,2021-04-01,both,True
MOD_0079_1213-Q1,Lightning II Programme,AR 2016,1516-Q2,MOD,Amber,2001-10-01 00:00:00,2026-03-31 00:00:00,551.467,529.4390000000001,-22.027999999999906,-0.03994436657134499,12941.607,,,Military Capability,24.49555099247091,"MOD_0079_1213-Q1,1516-Q2",MOD,Amber,Not new,,,2020/beis/BEIS_Government_Major_Projects_Portfolio_data_September_2019.xlsx,2015-09-30,MOD_0079_1213-Q1,Amber,12941.607,2026-03-31,MOD_0079_1213-Q1,lightning ii programme,MOD_0079_1213-Q1,gmpp_id,Lightning II Programme,Amber,12941.61,2026-03-31,both,True
MOD_0033_1112-Q1,MARSHALL,AR 2016,1516-Q2,MOD,Amber/Green,2006-04-03 00:00:00,2020-10-04 00:00:00,74.417,70.28999999999999,-4.1270000000000095,-0.05545775830791364,1819.961,,,Military Capability,14.505133470225873,"MOD_0033_1112-Q1,1516-Q2",MOD,Amber/Green,Not new,,,2020/beis/BEIS_Government_Major_Projects_Portfolio_data_September_2019.xlsx,2015-09-30,MOD_0033_1112-Q1,Amber/Green,1819.961,2020-10-04,MOD_0033_1112-Q1,marshall,MOD_0033_1112-Q1,gmpp_id,MARSHALL,Amber/Green,1819.96,2020-10-04,both,True
MOD_0070_1112-Q2,New Employment Model,AR 2016,1516-Q2,MOD,Amber,2011-05-02 00:00:00,2021-10-29 00:00:00,13.61,8.923,-4.686999999999999,-0.34437913299044814,202.879,,,Government Transformation and Service Delivery,10.494182067077345,"MOD_0070_1112-Q2,1516-Q2",MOD,Amber,Not new,,,2020/beis/BEIS_Government_Major_Projects_Portfolio_data_September_2019.xlsx,2015-09-30,MOD_0070_1112-Q2,Amber,202.879,2021-10-29,MOD::new employment model,new employment model,MOD::new employment model,name,New Employment Model,Amber,202.88,2021-10-29,both,True
MOD_0103_1516-Q1,Operational Information Services,AR 2016,1516-Q2,MOD,Red,2019-04-01 00:00:00,2024-04-01 00:00:00,9.6,9.6,0,0,73.83,,,Military Capability,5.002053388090349,"MOD_0103_1516-Q1,1516-Q2",MOD,Red,Joiner,,,2020/beis/BEIS_Government_Major_Projects_Portfolio_data_September_2019.xlsx,2015-09-30,MOD_0103_1516-Q1,Red,73.83,2024-04-01,MOD::operational information services,operational information services,MOD::operational information services,name,Operational Information Services,Red,73.83,2024-04-01,both,True
MOD_0040_1112-Q1,PUMA,AR 2016,1516-Q2,MOD,Green,2007-02-01 00:00:00,2016-03-31 00:00:00,2.162,2.247,0.08499999999999996,0.03931544865864938,374.932,,,Military Capability,9.160848733744011,"MOD_0040_1112-Q1,1516-Q2",MOD,Green,Not new,,,2020/beis/BEIS_Government_Major_Projects_Portfolio_data_September_2019.xlsx,2015-09-30,MOD_0040_1112-Q1,Green,374.932,2016-03-31,MOD::puma helicopter life extension programme,puma,MOD::puma helicopter life extension programme,name,PUMA,Green,374.93,2016-03-31,both,True
MOD_0047_1112-Q1,Spearfish Upgrade Programme,AR 2016,1516-Q2,MOD,Amber/Green,2008-04-01 00:00:00,2024-03-31 00:00:00,37.397,37.085,-0.3119999999999976,-0.00834291520710211,415.97,,,Military Capability,15.997262149212867,"MOD_0047_1112-Q1,1516-Q2",MOD,Amber/Green,Not new,,,2020/beis/BEIS_Government_Major_Projects_Portfolio_data_September_2019.xlsx,2015-09-30,MOD_0047_1112-Q1,Amber/Green,415.97,2024-03-31,MOD_0047_1112-Q1,spearfish upgrade programme,MOD_0047_1112-Q1,gmpp_id,Spearfish Upgrade Programme,Amber/Green,415.97,2024-03-31,both,True
MOD_0087_1314-Q2,The Materiel Strategy,AR 2016,1516-Q2,MOD,Amber,2011-05-02 00:00:00,2018-05-01 00:00:00,78,74.23,-3.769999999999996,-0.048333333333333284,379.066,,,Government Transformation and Service Delivery,6.997946611909651,"MOD_0087_1314-Q2,1516-Q2",MOD,Amber,Not new,,,2020/beis/BEIS_Government_Major_Projects_Portfolio_data_September_2019.xlsx,2015-09-30,MOD_0087_1314-Q2,Amber,379.066,2018-05-01,MOD::the material strategy,the materiel strategy,MOD::the material strategy,name,The Materiel Strategy,Amber,379.07,2018-05-01,both,True
MOD_0001_1112-Q1,A400M,AR 2016,1516-Q2,MOD,Amber/Green,2000-05-17 00:00:00,2022-03-31 00:00:00,541.668,491.80100000000004,-49.86699999999996,-0.09206192723217906,3713.093,,,Military Capability,21.869952087611225,"MOD_0001_1112-Q1,1516-Q2",MOD,Amber/Green,Not new,,,2020/beis/BEIS_Government_Major_Projects_Portfolio_data_September_2019.xlsx,2015-09-30,MOD_0001_1112-Q1,Amber/Green,3713.093,2022-03-31,MOD_0001_1112-Q1,a400m,MOD_0001_1112-Q1,gmpp_id,A400M,Amber/Green,3713.09,2022-03-31,both,True
MOD_0004_1112-Q1,Airseeker,AR 2016,1516-Q2,MOD,Amber/Green,2010-03-18 00:00:00,2018-04-01 00:00:00,134.586,132.064,-2.52200000000002,-0.01873894758741637,757.801,,,Military Capability,8.038329911019849,"MOD_0004_1112-Q1,1516-Q2",MOD,Amber/Green,Not new,,,2020/beis/BEIS_Government_Major_Projects_Portfolio_data_September_2019.xlsx,2015-09-30,MOD_0004_1112-Q1,Amber/Green,757.801,2018-04-01,MOD::airseeker,airseeker,MOD::airseeker,name,Airseeker,Amber/Green,757.8,2018-04-01,both,True
MOD_0091_1415-Q3,Armoured Cavalry 2025,AR 2016,1516-Q2,MOD,Amber,2014-01-22 00:00:00,2025-04-30 00:00:00,245.921,237.061,-8.859999999999985,-0.036027830075511996,6831.533,,,Military Capability,11.268993839835728,"MOD_0091_1415-Q3,1516-Q2",MOD,Amber,Joiner,,,2020/beis/BEIS_Government_Major_Projects_Portfolio_data_September_2019.xlsx,2015-09-30,MOD_0091_1415-Q3,Amber,6831.533,2025-04-30,MOD_0091_1415-Q3,armoured cavalry 2025,MOD_0091_1415-Q3,gmpp_id,Armoured Cavalry 2025,Amber,6831.53,2025-04-30,both,True
MOD_0092_1415-Q3,Armoured Infantry 2026,AR 2016,1516-Q2,MOD,Amber,2014-12-04 00:00:00,2026-12-31 00:00:00,90.497,84.15400000000001,-6.342999999999989,-0.07009072123937798,2176.45,,,Military Capability,12.073921971252567,"MOD_0092_1415-Q3,1516-Q2",MOD,Amber,Joiner,,,2020/beis/BEIS_Government_Major_Projects_Portfolio_data_September_2019.xlsx,2015-09-30,MOD_0092_1415-Q3,Amber,2176.45,2026-12-31,MOD_0092_1415-Q3,armoured infantry 2026,MOD_0092_1415-Q3,gmpp_id,Armoured Infantry 2026,Amber,2176.45,2026-12-31,both,True
MOD_0085_1314-Q2,Army Basing Programme,AR 2016,1516-Q2,MOD,Amber/Red,2013-05-22 00:00:00,2020-03-31 00:00:00,345.73799999999994,146.74200000000002,-198.99599999999992,-0.5755687832983356,1972.112,,,Government Transformation and Service Delivery,6.8583162217659135,"MOD_0085_1314-Q2,1516-Q2",MOD,Amber/Red,Not new,,,2020/beis/BEIS_Government_Major_Projects_Portfolio_data_September_2019.xlsx,2015-09-30,MOD_0085_1314-Q2,Amber/Red,1972.112,2020-03-31,MOD_0085_1314-Q2,army basing programme,MOD_0085_1314-Q2,gmpp_id,Army Basing Programme,Amber/Red,1972.11,2020-03-31,both,True
MOD_0093_1415-Q3,Army Reserve Development Programme,AR 2016,1516-Q2,MOD,Amber/Red,2014-12-01 00:00:00,2017-01-01 00:00:00,168.837,162.606,-6.2309999999999945,-0.03690541765134417,1998.394,,,Military Capability,2.086242299794661,"MOD_0093_1415-Q3,1516-Q2",MOD,Amber/Red,Joiner,,,2020/beis/BEIS_Government_Major_Projects_Portfolio_data_September_2019.xlsx,2015-09-30,MOD_0093_1415-Q3,Amber/Red,1998.394,2017-01-01,MOD::army reserve development programme,army reserve development programme,MOD::army reserve development programme,name,Army Reserve Development Programme,Amber/Red,1998.39,2017-01-01,both,True
MOD_0076_1213-Q1,Astute Boats 1-7,AR 2016,1516-Q2,MOD,Amber/Red,1997-03-17 00:00:00,2024-03-31 00:00:00,638.646,641.665,3.0190000000000055,0.004727188458081638,9935.482,,,Military Capability,27.039014373716633,"MOD_0076_1213-Q1,1516-Q2",MOD,Amber/Red,Not new,,,2020/beis/BEIS_Government_Major_Projects_Portfolio_data_September_2019.xlsx,2015-09-30,MOD_0076_1213-Q1,Amber/Red,9935.482,2024-03-31,MOD_0076_1213-Q1,astute boats 1 7,MOD_0076_1213-Q1,gmpp_id,Astute Boats 1-7,Amber/Red,9935.48,2024-03-31,both,True
MOD_0077_1213-Q1,Complex Weapons,AR 2016,1516-Q2,MOD,Amber,2008-03-31 00:00:00,2032-04-01 00:00:00,444.094,336.83799999999997,-107.25600000000003,-0.24151643570955705,18499.656,,,Military Capability,24.00273785078713,"MOD_0077_1213-Q1,1516-Q2",MOD,Amber,Not new,,,2020/beis/BEIS_Government_Major_Projects_Portfolio_data_September_2019.xlsx,2015-09-30,MOD_0077_1213-Q1,Amber,18499.656,2032-04-01,MOD_0077_1213-Q1,complex weapons,MOD_0077_1213-Q1,gmpp_id,Complex Weapons,Amber,18499.66,2032-04-01,both,True
MOD_0094_1415-Q3,"Contracting, Purchasing and Finance",AR 2016,1516-Q2,MOD,Amber/Red,2011-12-01 00:00:00,2018-03-31 00:00:00,38.638000000000005,33.85,-4.788000000000004,-0.12391945752885768,159.732,,,Government Transformation and Service Delivery,6.329911019849418,"MOD_0094_1415-Q3,1516-Q2",MOD,Amber/Red,Joiner,,,2020/beis/BEIS_Government_Major_Projects_Portfolio_data_September_2019.xlsx,2015-09-30,MOD_0094_1415-Q3,Amber/Red,159.732,2018-03-31,MOD_0094_1415-Q3,contracting purchasing and finance,MOD_0094_1415-Q3,gmpp_id,"Contracting, Purchasing and Finance",Amber/Red,159.73,2018-03-31,both,True
MOD_0017_1112-Q1,Crowsnest Programme,AR 2016,1516-Q2,MOD,Amber/Green,2013-03-26 00:00:00,2022-09-30 00:00:00,4.076,13.599,9.523,2.3363591756624142,Exempt under section 43 of the Freedom of Information Act (2000).,,,Military Capability,9.514031485284052,"MOD_0017_1112-Q1,1516-Q2",MOD,Amber/Green,Not new,,,2020/beis/BEIS_Government_Major_Projects_Portfolio_data_September_2019.xlsx,2015-09-30,MOD_0017_1112-Q1,Amber/Green,,2022-09-30,MOD_0017_1112-Q1,crowsnest programme,MOD_0017_1112-Q1,gmpp_id,Crowsnest Programme,Amber/Green,,2022-09-30,both,True
MOD_0099_1516-Q1,EMPORIUM,AR 2016,1516-Q2,MOD,Amber,2011-10-21 00:00:00,2017-12-01 00:00:00,7.223,7.223,0,0,236.476,,,Government Transformation and Service Delivery,6.113620807665982,"MOD_0099_1516-Q1,1516-Q2",MOD,Amber,Joiner,,,2020/beis/BEIS_Government_Major_Projects_Portfolio_data_September_2019.xlsx,2015-09-30,MOD_0099_1516-Q1,Amber,236.476,2017-12-01,MOD::emporium,emporium,MOD::emporium,name,EMPORIUM,Amber,236.48,2017-12-01,both,True
MOD_0100_1516-Q1,Future Beyond Line Of Sight,AR 2016,1516-Q2,MOD,Amber,2011-01-01 00:00:00,2040-08-31 00:00:00,9.84,4.37,-5.47,,7280.69,,,Military Capability,29.66461327857632,"MOD_0100_1516-Q1,1516-Q2",MOD,Amber,Joiner,,,2020/beis/BEIS_Government_Major_Projects_Portfolio_data_September_2019.xlsx,2015-09-30,MOD_0100_1516-Q1,Amber,7280.69,2040-08-31,MOD_0100_1516-Q1,future beyond line of sight,MOD_0100_1516-Q1,gmpp_id,Future Beyond Line Of Sight,Amber,7280.69,2040-08-31,both,True
MOD_0102_1516-Q1,GRAPEVINE 2,AR 2016,1516-Q2,MOD,Amber,2009-12-01 00:00:00,2020-06-22 00:00:00,110.031,131.121,21.090000000000003,0.1916732557188429,1334.766,,,Government Transformation and Service Delivery,10.557152635181383,"MOD_0102_1516-Q1,1516-Q2",MOD,Amber,Joiner,,,2020/beis/BEIS_Government_Major_Projects_Portfolio_data_September_2019.xlsx,2015-09-30,MOD_0102_1516-Q1,Amber,1334.766,2020-06-22,MOD::grapevine 2,grapevine 2,MOD::grapevine 2,name,GRAPEVINE 2,Amber,1334.77,2020-06-22,both,True
MOD_0069_1112-Q2,Logistics Commodities Services Transformation,AR 2016,1516-Q2,MOD,Amber,2011-08-01 00:00:00,2018-02-01 00:00:00,113.51599999999999,119.28800000000001,5.77200000000002,0.05084745762711882,652.415,,,Government Transformation and Service Delivery,6.505133470225872,"MOD_0069_1112-Q2,1516-Q2",MOD,Amber,Not new,,,2020/beis/BEIS_Government_Major_Projects_Portfolio_data_September_2019.xlsx,2015-09-30,MOD_0069_1112-Q2,Amber,652.415,2018-02-01,MOD::logistics commodities services transformation,logistics commodities services transformation,MOD::logistics commodities services transformation,name,Logistics Commodities Services Transformation,Amber,652.42,2018-02-01,both,True
MOD_0036_1112-Q1,Maritime Sustainment Programme,AR 2016,1516-Q2,MOD,Amber/Green,2005-07-25 00:00:00,2018-04-30 00:00:00,194.98000000000002,176.839,-18.14100000000002,-0.09304031182685413,596.499,,,Military Capability,12.763860369609857,"MOD_0036_1112-Q1,1516-Q2",MOD,Amber/Green,Not new,,,2020/beis/BEIS_Government_Major_Projects_Portfolio_data_September_2019.xlsx,2015-09-30,MOD_0036_1112-Q1,Amber/Green,596.499,2018-04-30,MOD_0036_1112-Q1,maritime sustainment programme,MOD_0036_1112-Q1,gmpp_id,Maritime Sustainment Programme,Amber/Green,596.5,2018-04-30,both,True
MOD_0035_1112-Q1,Merlin Programme,AR 2016,1516-Q2,MOD,Green,2003-06-01 00:00:00,2016-03-31 00:00:00,1,0.55,-0.44999999999999996,-0.44999999999999996,718.168,,,Military Capability,12.83230663928816,"MOD_0035_1112-Q1,1516-Q2",MOD,Green,Not new,,,2020/beis/BEIS_Government_Major_Projects_Portfolio_data_September_2019.xlsx,2015-09-30,MOD_0035_1112-Q1,Green,718.168,2016-03-31,MOD::merlin programme,merlin programme,MOD::merlin programme,name,Merlin Programme,Green,718.17,2016-03-31,both,True
MOD_0038_1112-Q1,Nuclear Warhead Capability Sustainment Programme,AR 2016,1516-Q2,MOD,Exempt,2008-04-01 00:00:00,2025-04-30 00:00:00,1085.433,1009.7470000000001,-75.68599999999992,-0.06972885475197449,21028.75,,,Military Capability,17.078713210130047,"MOD_0038_1112-Q1,1516-Q2",MOD,Exempt,Not new,,,2020/beis/BEIS_Government_Major_Projects_Portfolio_data_September_2019.xlsx,2015-09-30,MOD_0038_1112-Q1,EXEMPT,21028.75,2025-04-30,MOD_0038_1112-Q1,nuclear warhead capability sustainment programme,MOD_0038_1112-Q1,gmpp_id,Nuclear Warhead Capability Sustainment Programme,EXEMPT,21028.75,2025-04-30,both,True
MOD_0042_1112-Q1,Queen Elizabeth Programme,AR 2016,1516-Q2,MOD,Amber,1998-12-01 00:00:00,2023-03-31 00:00:00,712.927,687.006,-25.92100000000005,-0.036358561255219746,7289.681,,,Military Capability,24.32854209445585,"MOD_0042_1112-Q1,1516-Q2",MOD,Amber,Not new,,,2020/beis/BEIS_Government_Major_Projects_Portfolio_data_September_2019.xlsx,2015-09-30,MOD_0042_1112-Q1,Amber,7289.681,2023-03-31,MOD_0042_1112-Q1,queen elizabeth programme,MOD_0042_1112-Q1,gmpp_id,Queen Elizabeth Programme,Amber,7289.68,2023-03-31,both,True
MOD_0055_1112-Q1,Type 26 Global Combat Ship Programme,AR 2016,1516-Q2,MOD,Exempt,2008-07-21 00:00:00,2034-12-31 00:00:00,222.3,222,-0.30000000000001137,-0.0013495276653171901,Exempt under sections 36 and  43 of the Freedom of Information Act (2000),,,Military Capability,26.444900752908968,"MOD_0055_1112-Q1,1516-Q2",MOD,Exempt,Not new,,,2020/beis/BEIS_Government_Major_Projects_Portfolio_data_September_2019.xlsx,2015-09-30,MOD_0055_1112-Q1,EXEMPT,,2034-12-31,MOD_0055_1112-Q1,type 26 global combat ship programme,MOD_0055_1112-Q1,gmpp_id,Type 26 Global Combat Ship Programme,EXEMPT,,2034-12-31,both,True
MOD_0061_1112-Q1,WATCHKEEPER,AR 2016,1516-Q2,MOD,Amber,1998-03-01 00:00:00,2017-07-03 00:00:00,61.026,58.935,-2.091000000000001,-0.03426408416084949,1169.776,,,Military Capability,19.340177960301162,"MOD_0061_1112-Q1,1516-Q2",MOD,Amber,Not new,,,2020/beis/BEIS_Government_Major_Projects_Portfolio_data_September_2019.xlsx,2015-09-30,MOD_0061_1112-Q1,Amber,1169.776,2017-07-03,MOD_0061_1112-Q1,watchkeeper,MOD_0061_1112-Q1,gmpp_id,WATCHKEEPER,Amber,1169.78,2017-07-03,both,True
MOD_0062_1112-Q1,Wildcat Programme,AR 2016,1516-Q2,MOD,Amber/Green,2001-12-01 00:00:00,2016-05-31 00:00:00,39.462,39.456,-0.006000000000000227,-0.00015204500532158094,1610.836,,,Military Capability,14.496919917864476,"MOD_0062_1112-Q1,1516-Q2",MOD,Amber/Green,Not new,,,2020/beis/BEIS_Government_Major_Projects_Portfolio_data_September_2019.xlsx,2015-09-30,MOD_0062_1112-Q1,Amber/Green,1610.836,2016-05-31,MOD::wildcat programme,wildcat programme,MOD::wildcat programme,name,Wildcat Programme,Amber/Green,1610.84,2016-05-31,both,True
MOJ_0004_1112-Q1,Future IT Sourcing Programme (FITS),AR 2016,1516-Q2,MOJ,Amber/Red,2011-03-01 00:00:00,2017-11-30 00:00:00,457,457,0,0,1706,,,ICT,6.751540041067762,"MOJ_0004_1112-Q1,1516-Q2",MOJ,Amber/Red,Not new,,,2020/beis/BEIS_Government_Major_Projects_Portfolio_data_September_2019.xlsx,2015-09-30,MOJ_0004_1112-Q1,Amber/Red,1706.0,2017-11-30,MOJ_0004_1112-Q1,future it sourcing programme,MOJ_0004_1112-Q1,gmpp_id,Future IT Sourcing Programme (FITS),Amber/Red,1706.0,2017-11-30,both,True
MOJ_0023_1314-Q1,North Wales Prison (NWP ) Programme,AR 2016,1516-Q2,MOJ,Amber,2013-01-10 00:00:00,2018-03-31 00:00:00,101,81.2,-19.799999999999997,-0.19603960396039602,2541,,,Infrastructure and Construction,5.218343600273785,"MOJ_0023_1314-Q1,1516-Q2",MOJ,Amber,Not new,,,2020/beis/BEIS_Government_Major_Projects_Portfolio_data_September_2019.xlsx,2015-09-30,MOJ_0023_1314-Q1,Amber,2541.0,2018-03-31,MOJ_0023_1314-Q1,north wales prison programme,MOJ_0023_1314-Q1,gmpp_id,North Wales Prison (NWP ) Programme,Amber,2541.0,2018-03-31,both,True
MOJ_0021_1314-Q1,Common Platform (CP),AR 2016,1516-Q2,MOJ,Amber/Red,2012-11-01 00:00:00,2019-03-29 00:00:00,63.19,63.19,0,0,380.84,,,ICT,6.403832991101985,"MOJ_0021_1314-Q1,1516-Q2",MOJ,Amber/Red,Not new,,,2020/beis/BEIS_Government_Major_Projects_Portfolio_data_September_2019.xlsx,2015-09-30,MOJ_0021_1314-Q1,Amber/Red,380.84,2019-03-29,MOJ_0021_1314-Q1,common platform,MOJ_0021_1314-Q1,gmpp_id,Common Platform (CP),Amber/Red,380.84,2019-03-29,both,True
MOJ_0027_1314-Q2,CJS Efficiency Programme (CJS Efficiency),AR 2016,1516-Q2,MOJ,Amber/Green,2013-04-30 00:00:00,2016-12-31 00:00:00,28.1,33.9,5.799999999999997,0.20640569395017783,85.1,,,ICT,3.671457905544148,"MOJ_0027_1314-Q2,1516-Q2",MOJ,Amber/Green,Not new,,,2020/beis/BEIS_Government_Major_Projects_Portfolio_data_September_2019.xlsx,2015-09-30,MOJ_0027_1314-Q2,Amber/Green,85.1,2016-12-31,MOJ_0027_1314-Q2,cjs efficiency programme,MOJ_0027_1314-Q2,gmpp_id,CJS Efficiency Programme (CJS Efficiency),Amber/Green,85.1,2016-12-31,both,True
MOJ_0029_1415-Q1,Legal Aid Crime Change (LACC) Programme,AR 2016,1516-Q2,MOJ,Green,2013-07-07 00:00:00,2016-02-29 00:00:00,4.35,5.61255816995332,1.2625581699533202,0.29024325746053337,45.01,,,ICT,2.647501711156742,"MOJ_0029_1415-Q1,1516-Q2",MOJ,Green,Not new,,,2020/beis/BEIS_Government_Major_Projects_Portfolio_data_September_2019.xlsx,2015-09-30,MOJ_0029_1415-Q1,Green,45.01,2016-02-29,MOJ::legal aid crime change programme,legal aid crime change programme,MOJ::legal aid crime change programme,name,Legal Aid Crime Change (LACC) Programme,Green,45.01,2016-02-29,both,True
MOJ_0003_1112-Q1,Electronic Monitoring (EM),AR 2016,1516-Q2,MOJ,Red,2011-05-10 00:00:00,2016-11-30 00:00:00,117.1,90.82,-26.28,-0.22442356959863366,411.6,,,Government Transformation and Service Delivery,5.560574948665297,"MOJ_0003_1112-Q1,1516-Q2",MOJ,Red,Not new,,,2020/beis/BEIS_Government_Major_Projects_Portfolio_data_September_2019.xlsx,2015-09-30,MOJ_0003_1112-Q1,Red,411.6,2016-11-30,MOJ_0003_1112-Q1,electronic monitoring,MOJ_0003_1112-Q1,gmpp_id,Electronic Monitoring (EM),Red,411.6,2016-11-30,both,True
MOJ_0005_1112-Q1,Her Majesty's Courts and Tribunals Services (HMCTS) Compliance & Enforcement Services Project (CESP),AR 2016,1516-Q2,MOJ,Amber/Red,2012-06-21 00:00:00,2017-01-07 00:00:00,44.8,45.12,0.3200000000000003,0.00714285714285715,439.2,,,Government Transformation and Service Delivery,4.547570157426421,"MOJ_0005_1112-Q1,1516-Q2",MOJ,Amber/Red,Not new,,,2020/beis/BEIS_Government_Major_Projects_Portfolio_data_September_2019.xlsx,2015-09-30,MOJ_0005_1112-Q1,Amber/Red,439.2,2017-01-07,MOJ::her majesty s courts and tribunals services compliance and enforcement services project,her majesty s courts and tribunals services compliance and enforcement services project,MOJ::her majesty s courts and tribunals services compliance and enforcement services project,name,Her Majesty's Courts and Tribunals Services (HMCTS) Compliance & Enforcement Services Project (CESP),Amber/Red,439.2,2017-01-07,both,True
MOJ_0006_1112-Q1,Integrated Delivery Programme (IDP),AR 2016,1516-Q2,MOJ,Amber,2009-07-01 00:00:00,2016-03-31 00:00:00,2.69,2.49,-0.19999999999999973,-0.07434944237918206,71.48,,,ICT,6.74880219028063,"MOJ_0006_1112-Q1,1516-Q2",MOJ,Amber,Not new,,,2020/beis/BEIS_Government_Major_Projects_Portfolio_data_September_2019.xlsx,2015-09-30,MOJ_0006_1112-Q1,Amber,71.48,2016-03-31,MOJ_0006_1112-Q1,integrated delivery programme,MOJ_0006_1112-Q1,gmpp_id,Integrated Delivery Programme (IDP),Amber,71.48,2016-03-31,both,True
MOJ_0028_1314-Q2,Her Majesty's Courts and Tribunals Services (HMCTS) Reform Programme,AR 2016,1516-Q2,MOJ,Amber/Red,2013-03-21 00:00:00,2020-03-31 00:00:00,48.16,48.2,0.04000000000000625,0.000830564784053286,510.4,,,Government Transformation and Service Delivery,7.028062970568104,"MOJ_0028_1314-Q2,1516-Q2",MOJ,Amber/Red,Not new,,,2020/beis/BEIS_Government_Major_Projects_Portfolio_data_September_2019.xlsx,2015-09-30,MOJ_0028_1314-Q2,Amber/Red,510.4,2020-03-31,MOJ_0028_1314-Q2,her majesty s courts and tribunals services reform programme,MOJ_0028_1314-Q2,gmpp_id,Her Majesty's Courts and Tribunals Services (HMCTS) Reform Programme,Amber/Red,510.4,2020-03-31,both,True
MOJ_0022_1314-Q1,Legal Aid Transformation Programme (LAT),AR 2016,1516-Q2,MOJ,Amber,2012-12-04 00:00:00,2015-11-01 00:00:00,1.32,2.1127154654625198,0.7927154654625197,0.6005420192897877,6.17271546546252,,,Government Transformation and Service Delivery,2.9075975359342916,"MOJ_0022_1314-Q1,1516-Q2",MOJ,Amber,Not new,,,2020/beis/BEIS_Government_Major_Projects_Portfolio_data_September_2019.xlsx,2015-09-30,MOJ_0022_1314-Q1,Amber,6.17271546546252,2015-11-01,MOJ::legal aid transformation programme,legal aid transformation programme,MOJ::legal aid transformation programme,name,Legal Aid Transformation Programme (LAT),Amber,6.17,2015-11-01,both,True
MOJ_0015_1112-Q2,NOMS ICTS Services (NICTS) Programme (formally part of Quantum Re-compete Project),AR 2016,1516-Q2,MOJ,Amber,2011-07-18 00:00:00,2016-03-29 00:00:00,0,14.425,14.425,0,41.75,,,ICT,4.698151950718686,"MOJ_0015_1112-Q2,1516-Q2",MOJ,Amber,Not new,,,2020/beis/BEIS_Government_Major_Projects_Portfolio_data_September_2019.xlsx,2015-09-30,MOJ_0015_1112-Q2,Amber,41.75,2016-03-29,MOJ_0015_1112-Q2,noms icts services programme,MOJ_0015_1112-Q2,gmpp_id,NOMS ICTS Services (NICTS) Programme (formally part of Quantum Re-compete Project),Amber,41.75,2016-03-29,both,True
MOJ_0024_1314-Q1,Prison Unit Cost Programme (PUCP),AR 2016,1516-Q2,MOJ,Amber,2012-11-20 00:00:00,2016-12-01 00:00:00,30.5,23.3,-7.199999999999999,-0.23606557377049178,119.5,,,Government Transformation and Service Delivery,4.030116358658453,"MOJ_0024_1314-Q1,1516-Q2",MOJ,Amber,Not new,,,2020/beis/BEIS_Government_Major_Projects_Portfolio_data_September_2019.xlsx,2015-09-30,MOJ_0024_1314-Q1,Amber,119.5,2016-12-01,MOJ::prison unit cost programme,prison unit cost programme,MOJ::prison unit cost programme,name,Prison Unit Cost Programme (PUCP),Amber,119.5,2016-12-01,both,True
MOJ_0025_1314-Q1,Transforming Rehabilitation (TR) Programme,AR 2016,1516-Q2,MOJ,Green,2012-11-05 00:00:00,2015-03-31 00:00:00,932.93,932.9499999999999,0.01999999999998181,2.143783563609468e-05,9127.61,,,Government Transformation and Service Delivery,2.3983572895277208,"MOJ_0025_1314-Q1,1516-Q2",MOJ,Green,Not new,,,2020/beis/BEIS_Government_Major_Projects_Portfolio_data_September_2019.xlsx,2015-09-30,MOJ_0025_1314-Q1,Green,9127.61,2015-03-31,MOJ::transforming rehabilitation programme,transforming rehabilitation programme,MOJ::transforming rehabilitation programme,name,Transforming Rehabilitation (TR) Programme,Green,9127.61,2015-03-31,both,True
MOJ_0008_1112-Q1,MoJ Shared Services Evolve (SS Evolve) Programme ,AR 2016,1516-Q2,MOJ,Amber/Red,2013-09-07 00:00:00,2015-11-05 00:00:00,93.91,82.05,-11.86,-0.12629112980513257,390.77,,,ICT,2.1601642710472277,"MOJ_0008_1112-Q1,1516-Q2",MOJ,Amber/Red,Not new,,,2020/beis/BEIS_Government_Major_Projects_Portfolio_data_September_2019.xlsx,2015-09-30,MOJ_0008_1112-Q1,Amber/Red,390.77,2015-11-05,MOJ_0008_1112-Q1,moj shared services evolve programme,MOJ_0008_1112-Q1,gmpp_id,MoJ Shared Services Evolve (SS Evolve) Programme,Amber/Red,390.77,2015-11-05,both,True
MOJ_0030_1516-Q1,Secure Training centre (STC) Retendering Project,AR 2016,1516-Q2,MOJ,Amber/Green,2012-11-05 00:00:00,2017-05-01 00:00:00,0.73,0.73,0,0,165.204648196913,,,Government Transformation and Service Delivery,4.484599589322382,"MOJ_0030_1516-Q1,1516-Q2",MOJ,Amber/Green,Joiner,,,2020/beis/BEIS_Government_Major_Projects_Portfolio_data_September_2019.xlsx,2015-09-30,MOJ_0030_1516-Q1,Amber/Green,165.204648196913,2017-05-01,MOJ_0030_1516-Q1,secure training centre retendering project,MOJ_0030_1516-Q1,gmpp_id,Secure Training centre (STC) Retendering Project,Amber/Green,165.2,2017-05-01,both,True
MOJ_0031_1516-Q2,Transforming Prisoner Telephony (TPT),AR 2016,1516-Q2,MOJ,Amber/Red,2015-02-01 00:00:00,2020-03-31 00:00:00,0.9,0.9,0,0,39.3,,,Government Transformation and Service Delivery,5.160848733744011,"MOJ_0031_1516-Q2,1516-Q2",MOJ,Amber/Red,Joiner,,,2020/beis/BEIS_Government_Major_Projects_Portfolio_data_September_2019.xlsx,2015-09-30,MOJ_0031_1516-Q2,Amber/Red,39.3,2020-03-31,MOJ::transforming prisoner telephony,transforming prisoner telephony,MOJ::transforming prisoner telephony,name,Transforming Prisoner Telephony (TPT),Amber/Red,39.3,2020-03-31,both,True
NCA_0001_1415-Q2,Novo (NCA Transformation) Programme,AR 2016,1516-Q2,NCA,Amber,2014-04-01 00:00:00,2019-03-31 00:00:00,44.8,38.7,-6.099999999999994,-0.13616071428571416,151.5,,,Government Transformation and Service Delivery,4.996577686516085,"NCA_0001_1415-Q2,1516-Q2",NCA,Amber,Not new,,,2020/beis/BEIS_Government_Major_Projects_Portfolio_data_September_2019.xlsx,2015-09-30,NCA_0001_1415-Q2,Amber,151.5,2019-03-31,NCA_0001_1415-Q2,novo programme,,gmpp_id,,,,,left_only,False
ONS_0002_1112-Q1,Census Transformation Programme,AR 2016,1516-Q2,ONS,Amber/Green,2015-01-01 00:00:00,2025-03-31 00:00:00,19.93,19.900000000000002,-0.029999999999997584,-0.0015052684395382631,981.32,,,Government Transformation and Service Delivery,10.245037645448322,"ONS_0002_1112-Q1,1516-Q2",ONS,Amber/Green,Not new,,,2020/beis/BEIS_Government_Major_Projects_Portfolio_data_September_2019.xlsx,2015-09-30,ONS_0002_1112-Q1,Amber/Green,981.32,2025-03-31,ONS_0002_1112-Q1,census transformation programme,,gmpp_id,,,,,left_only,False
ONS_0004_1213-Q2,Electronic Data Collection (EDC),AR 2016,1516-Q2,ONS,Amber,2014-01-27 00:00:00,2019-11-01 00:00:00,6.03,6.11,0.08000000000000007,0.013266998341625218,23.7,,,Government Transformation and Service Delivery,5.760438056125941,"ONS_0004_1213-Q2,1516-Q2",ONS,Amber,Not new,,,2020/beis/BEIS_Government_Major_Projects_Portfolio_data_September_2019.xlsx,2015-09-30,ONS_0004_1213-Q2,Amber,23.7,2019-11-01,,electronic data collection,,unmatched,,,,,left_only,False
ONS_0005_1213-Q2,ESA10/BPM6 Programme (European Systems of Accounting 2010),AR 2016,1516-Q2,ONS,Amber/Green,2011-02-05 00:00:00,2020-03-30 00:00:00,11.489,9.446701000000001,-2.042299,-0.17776124989120026,57.846,,,Government Transformation and Service Delivery,9.14715947980835,"ONS_0005_1213-Q2,1516-Q2",ONS,Amber/Green,Not new,,,2020/beis/BEIS_Government_Major_Projects_Portfolio_data_September_2019.xlsx,2015-09-30,ONS_0005_1213-Q2,Amber/Green,57.846,2020-03-30,,esa10 bpm6 programme,,unmatched,,,,,left_only,False
MOD_0080_1213-Q1,Successor SSBN,AR 2016,1516-Q2,MOD,Amber/Red,2011-04-14 00:00:00,Exempt under section 35 of the Freedom of Information Act (2000),770.405,739.342,-31.062999999999988,-0.04032035098422257,Exempt under section 43 of the Freedom of Information Act (2000),,,Military Capability,0,"MOD_0080_1213-Q1,1516-Q2",MOD,Amber/Red,Not new,,,2020/beis/BEIS_Government_Major_Projects_Portfolio_data_September_2019.xlsx,2015-09-30,MOD_0080_1213-Q1,Amber/Red,,,MOD_0080_1213-Q1,successor ssbn,MOD_0080_1213-Q1,gmpp_id,Successor SSBN,Amber/Red,31000.0,,both,True
MOD_0095_1415-Q2,Cryptographic Enabling Services,AR 2016,1516-Q2,MOD,Exempt,Exempt under section 26 of the Freedom of Information Act (2000),Exempt under section 26 of the Freedom of Information Act (2000),Exempt under section 26 of the Freedom of Information Act (2000),Exempt under section 26 of the Freedom of Information Act (2000),0,0,Exempt under section 26 of the Freedom of Information Act (2000),,,Military Capability,0,"MOD_0095_1415-Q2,1516-Q2",MOD,Exempt,Not new,,,2020/beis/BEIS_Government_Major_Projects_Portfolio_data_September_2019.xlsx,2015-09-30,MOD_0095_1415-Q2,EXEMPT,,,MOD::cryptographic enabling services,cryptographic enabling services,MOD::cryptographic enabling services,name,Cryptographic Enabling Services,EXEMPT,,,both,True
MOD_0101_1516-Q1,GRAPEVINE 1,AR 2016,1516-Q2,MOD,Amber,2015-04-01 00:00:00,2018-03-05 00:00:00,Exempt under section 43 of the Freedom of Information Act (2000).,Exempt under section 43 of the Freedom of Information Act (2000).,,,Exempt under section 43 of the Freedom of Information Act (2000).,,,Government Transformation and Service Delivery,2.926762491444216,"MOD_0101_1516-Q1,1516-Q2",MOD,Amber,Joiner,,,2020/beis/BEIS_Government_Major_Projects_Portfolio_data_September_2019.xlsx,2015-09-30,MOD_0101_1516-Q1,Amber,,2018-03-05,MOD_0101_1516-Q1,grapevine 1,MOD::grapevine 1,gmpp_id,,,,,left_only,False
BEIS_0001_1617-Q2,Heat Networks Investment Project,AR 2017,1617-Q2,BEIS,Exempt,2015-11-25 00:00:00,2021-03-31 00:00:00,36.6,36.6,0,0,352.7,352.7,0,Infrastructure and Construction,5.35068493150685,"BEIS_0001_1617-Q2,1617-Q2",BEIS,Exempt,Joiner,,,2020/beis/BEIS_Government_Major_Projects_Portfolio_data_September_2019.xlsx,2016-09-30,BEIS_0001_1617-Q2,EXEMPT,352.7,2021-03-31,BEIS_0001_1617-Q2,heat networks investment project,BEIS_0001_1617-Q2,gmpp_id,Heat Networks Investment Project,EXEMPT,352.7,2021-03-31,both,True
BIS_0009_1112-Q1,The Francis Crick Institute,AR 2017,1617-Q2,BEIS,Amber,2006-10-01 00:00:00,2016-12-31 00:00:00,27.7,24,-3.6999999999999993,-0.1335740072202166,752.7,283.70000000000005,469,Infrastructure and Construction,10.257534246575343,"BIS_0009_1112-Q1,1617-Q2",BEIS,Amber,Not new,,,2020/beis/BEIS_Government_Major_Projects_Portfolio_data_September_2019.xlsx,2016-09-30,BIS_0009_1112-Q1,Amber,752.7,2016-12-31,BEIS lineage::the francis crick institute,the francis crick institute,BEIS lineage::the francis crick institute,name,The Francis Crick Institute (formerly UKCMRI),Amber,752.7,2016-12-31,both,True
BIS_0010_1112-Q4,Project Eagle (formerly Urenco Future Options),AR 2017,1617-Q2,BEIS,Red,2010-02-01 00:00:00,2013-04-30 00:00:00,1.7,1.7,0,0,32.6,32.6,0,Government Transformation and Service Delivery,3.243835616438356,"BIS_0010_1112-Q4,1617-Q2",BEIS,Red,Not new,,,2020/beis/BEIS_Government_Major_Projects_Portfolio_data_September_2019.xlsx,2016-09-30,BIS_0010_1112-Q4,Red,32.6,2013-04-30,BEIS lineage::project eagle,project eagle,BEIS lineage::project eagle,name,Project Eagle (formerly Urenco Future Options),Red,32.6,2013-04-30,both,True
BIS_0014_1415-Q3,New Polar Research Vessel,AR 2017,1617-Q2,BEIS,Amber/Green,2014-05-01 00:00:00,2020-07-01 00:00:00,63,71.5,8.5,0.1349206349206349,1403,1403,0,Infrastructure and Construction,6.1726027397260275,"BIS_0014_1415-Q3,1617-Q2",BEIS,Amber/Green,Not new,,,2020/beis/BEIS_Government_Major_Projects_Portfolio_data_September_2019.xlsx,2016-09-30,BIS_0014_1415-Q3,Amber/Green,1403.0,2020-07-01,BIS_0014_1415-Q3,new polar research vessel,BIS_0014_1415-Q3,gmpp_id,New Polar Research Vessel,Amber/Green,1403.0,2020-07-01,both,True
BIS_0015_1516-Q1,Local Land Charges (LLC) Programme,AR 2017,1617-Q2,BEIS,Amber,2014-03-01 00:00:00,2023-11-17 00:00:00,12.2,9.9,-2.299999999999999,-0.18852459016393436,193.3,193.3,0,ICT,9.72054794520548,"BIS_0015_1516-Q1,1617-Q2",BEIS,Amber,Not new,,,2020/beis/BEIS_Government_Major_Projects_Portfolio_data_September_2019.xlsx,2016-09-30,BIS_0015_1516-Q1,Amber,193.3,2023-11-17,BIS_0015_1516-Q1,local land charges programme,BIS_0015_1516-Q1,gmpp_id,Local Land Charges (LLC) Programme,Amber,193.3,2023-11-17,both,True
DECC_0005_1112-Q1,Geological Disposal Facility Programme (GDF),AR 2017,1617-Q2,BEIS,Amber,2008-06-30 00:00:00,2040-12-31 00:00:00,28.47,28.53,0.060000000000002274,0.002107481559536434,11751.97,11751.97,0,Infrastructure and Construction,32.52602739726027,"DECC_0005_1112-Q1,1617-Q2",BEIS,Amber,Not new,,,2020/beis/BEIS_Government_Major_Projects_Portfolio_data_September_2019.xlsx,2016-09-30,DECC_0005_1112-Q1,Amber,11751.97,2040-12-31,DECC_0005_1112-Q1,geological disposal facility programme,DECC_0005_1112-Q1,gmpp_id,Geological Disposal Facility Programme (GDF),Amber,11751.97,2040-12-31,both,True
DECC_0010_1112-Q1,Smart Metering Implementation Programme,AR 2017,1617-Q2,BEIS,Amber,2009-12-02 00:00:00,2020-12-31 00:00:00,524.26,523.96,-0.2999999999999545,-0.0005722351504977579,17215.7801,124.11000000000058,17091.6701,Infrastructure and Construction,11.087671232876712,"DECC_0010_1112-Q1,1617-Q2",BEIS,Amber,Not new,,,2020/beis/BEIS_Government_Major_Projects_Portfolio_data_September_2019.xlsx,2016-09-30,DECC_0010_1112-Q1,Amber,17215.7801,2020-12-31,DECC_0010_1112-Q1,smart metering implementation programme,,gmpp_id,Smart Meters Implementation Programme,Amber,17215.78,2020-12-31,both,True
DECC_0012_1213-Q1,FID Enabling for Hinkley Point C,AR 2017,1617-Q2,BEIS,Green,2011-09-01 00:00:00,2016-09-30 00:00:00,1.8,1.7,-0.10000000000000009,-0.0555555555555556,49891.2,25.799999999995634,49865.4,Infrastructure and Construction,5.0849315068493155,"DECC_0012_1213-Q1,1617-Q2",BEIS,Green,Not new,,,2020/beis/BEIS_Government_Major_Projects_Portfolio_data_September_2019.xlsx,2016-09-30,DECC_0012_1213-Q1,Green,49891.2,2016-09-30,BEIS lineage::fid enabling for hinkley point c,fid enabling for hinkley point c,BEIS lineage::fid enabling for hinkley point c,name,FID Enabling for Hinkley Point C,Green,49891.2,2016-09-30,both,True
DECC_0013_1213-Q1,Magnox & RSRL PBO Competition,AR 2017,1617-Q2,BEIS,Amber,2012-04-03 00:00:00,2015-08-31 00:00:00,692,434,-258,-0.37283236994219654,3860,3860,0,Infrastructure and Construction,3.410958904109589,"DECC_0013_1213-Q1,1617-Q2",BEIS,Amber,Not new,,,2020/beis/BEIS_Government_Major_Projects_Portfolio_data_September_2019.xlsx,2016-09-30,DECC_0013_1213-Q1,Amber,3860.0,2015-08-31,DECC_0013_1213-Q1,magnox and rsrl pbo competition,DECC_0013_1213-Q1,gmpp_id,Magnox & RSRL PBO Competition,Amber,3860.0,2015-08-31,both,True
DECC_0017_1516-Q1,Sellafield Model Change  (SMC),AR 2017,1617-Q2,BEIS,Amber,2015-01-13 00:00:00,2017-05-24 00:00:00,2302.5,2204.5,-98,-0.04256243213897937,29992.92,29992.92,0,Government Transformation and Service Delivery,2.361643835616438,"DECC_0017_1516-Q1,1617-Q2",BEIS,Amber,Not new,,,2020/beis/BEIS_Government_Major_Projects_Portfolio_data_September_2019.xlsx,2016-09-30,DECC_0017_1516-Q1,Amber,29992.92,2017-05-24,BEIS lineage::sellafield model change,sellafield model change,BEIS lineage::sellafield model change,name,Sellafield Model Change (SMC),Amber,29992.92,2017-05-24,both,True
CO_0011_1415-Q4,ISSC2,AR 2017,1617-Q2,CO,Amber,2012-12-28 00:00:00,2015-04-30 00:00:00,5.7,5.7,0,0,26.1,26.1,0,Government Transformation and Service Delivery,2.336986301369863,"CO_0011_1415-Q4,1617-Q2",CO,Amber,Not new,,,2020/beis/BEIS_Government_Major_Projects_Portfolio_data_September_2019.xlsx,2016-09-30,CO_0011_1415-Q4,Amber,26.1,2015-04-30,CO_0011_1415-Q4,issc2,CO_0011_1415-Q4,gmpp_id,ISSC2,Amber,26.1,2015-04-30,both,True
CO_0012_1415-Q4,Commercial Capability Programme,AR 2017,1617-Q2,CO,Amber,2015-01-01 00:00:00,2018-03-31 00:00:00,6.2,6.2,0,0,17.5,17.5,0,Government Transformation and Service Delivery,3.2465753424657535,"CO_0012_1415-Q4,1617-Q2",CO,Amber,Not new,,,2020/beis/BEIS_Government_Major_Projects_Portfolio_data_September_2019.xlsx,2016-09-30,CO_0012_1415-Q4,Amber,17.5,2018-03-31,CO_0012_1415-Q4,commercial capability programme,CO_0012_1415-Q4,gmpp_id,Commercial Capability Programme,Amber,17.5,2018-03-31,both,True
CO_0013_1516-Q2,Foxhound Programme,AR 2017,1617-Q2,CO,Amber,2013-09-01 00:00:00,2018-07-01 00:00:00,21.75,21.75,0,0,189.3,189.3,0,ICT,4.832876712328767,"CO_0013_1516-Q2,1617-Q2",CO,Amber,Not new,,,2020/beis/BEIS_Government_Major_Projects_Portfolio_data_September_2019.xlsx,2016-09-30,CO_0013_1516-Q2,Amber,189.3,2018-07-01,CO_0013_1516-Q2,foxhound programme,CO_0013_1516-Q2,gmpp_id,FOXHOUND Programme,Amber,189.3,2018-07-01,both,True
CO_0014_1516-Q2,Government Hubs Programme,AR 2017,1617-Q2,CO,Amber,2015-05-01 00:00:00,2021-12-31 00:00:00,55.6,51.9,-3.700000000000003,-0.0665467625899281,1076.9,1076.9,0,Government Transformation and Service Delivery,6.673972602739726,"CO_0014_1516-Q2,1617-Q2",CO,Amber,Not new,,,2020/beis/BEIS_Government_Major_Projects_Portfolio_data_September_2019.xlsx,2016-09-30,CO_0014_1516-Q2,Amber,1076.9,2021-12-31,CO_0014_1516-Q2,government hubs programme,,gmpp_id,Government Office Hubs Programme,Amber,1076.9,2021-12-31,both,True
CO_0015_1516-Q2,GOV UK Verify,AR 2017,1617-Q2,CO,Amber/Green,2012-04-01 00:00:00,2020-03-31 00:00:00,0,0,0,0,Exempt,,0,ICT,8.002739726027396,"CO_0015_1516-Q2,1617-Q2",CO,Amber/Green,Not new,,,2020/beis/BEIS_Government_Major_Projects_Portfolio_data_September_2019.xlsx,2016-09-30,CO_0015_1516-Q2,Amber/Green,,2020-03-31,CO_0015_1516-Q2,gov uk verify,CO_0015_1516-Q2,gmpp_id,GOV.UK Verify,Amber/Green,,2020-03-31,both,True
CO_0016_1516-Q4,16/17 New Property Model Programme ,AR 2017,1617-Q2,CO,Amber,2015-04-01 00:00:00,2021-04-01 00:00:00,17.9,17.9,0,0,94.5,94.5,0,Government Transformation and Service Delivery,6.005479452054795,"CO_0016_1516-Q4,1617-Q2",CO,Amber,Joiner,,,2020/beis/BEIS_Government_Major_Projects_Portfolio_data_September_2019.xlsx,2016-09-30,CO_0016_1516-Q4,Amber,94.5,2021-04-01,CO_0016_1516-Q4,16 17 new property model programme,CO_0016_1516-Q4,gmpp_id,16/17 New Property Model Programme,Amber,94.5,2021-04-01,both,True
CPS_0001_1314-Q4,ICTRestructure Programme,AR 2017,1617-Q2,CPS,Amber/Green,2013-10-01 00:00:00,2016-08-31 00:00:00,21.7,22,0.3000000000000007,0.013824884792626762,146,146,0,ICT,2.9178082191780823,"CPS_0001_1314-Q4,1617-Q2",CPS,Amber/Green,Not new,,,2020/beis/BEIS_Government_Major_Projects_Portfolio_data_September_2019.xlsx,2016-09-30,CPS_0001_1314-Q4,Amber/Green,146.0,2016-08-31,,ictrestructure programme,,unmatched,,,,,left_only,False
DCMS_0001_1112-Q1,Broadband Delivery Programme,AR 2017,1617-Q2,DCMS,Amber/Green,2010-12-06 00:00:00,2020-12-31 00:00:00,456.1,437.8,-18.30000000000001,-0.04012278009208509,2223.9,838.9000000000001,1385,Infrastructure and Construction,10.076712328767123,"DCMS_0001_1112-Q1,1617-Q2",DCMS,Amber/Green,Not new,,,2020/beis/BEIS_Government_Major_Projects_Portfolio_data_September_2019.xlsx,2016-09-30,DCMS_0001_1112-Q1,Amber/Green,2223.9,2020-12-31,DCMS::broadband delivery programme,broadband delivery programme,DCMS::broadband delivery programme,name,Broadband Delivery Programme,Amber/Green,2223.9,2020-12-31,both,True
DCMS_0004_1112-Q1,The Tate Modern Project,AR 2017,1617-Q2,DCMS,Green,2010-01-01 00:00:00,2016-12-31 00:00:00,12.9,10.9,-2,-0.15503875968992248,271,73.1,197.9,Infrastructure and Construction,7.002739726027397,"DCMS_0004_1112-Q1,1617-Q2",DCMS,Green,Not new,,,2020/beis/BEIS_Government_Major_Projects_Portfolio_data_September_2019.xlsx,2016-09-30,DCMS_0004_1112-Q1,Green,271.0,2016-12-31,DCMS::the tate modern project,the tate modern project,DCMS::the tate modern project,name,The Tate Modern Project,Green,271.0,2016-12-31,both,True
DCMS_0008_1516-Q4,Blythe House Programme,AR 2017,1617-Q2,DCMS,Amber/Red,2015-11-25 00:00:00,2023-03-31 00:00:00,29,16.42,-12.579999999999998,-0.4337931034482758,337.95,150,187.95,Infrastructure and Construction,7.35068493150685,"DCMS_0008_1516-Q4,1617-Q2",DCMS,Amber/Red,Joiner,,,2020/beis/BEIS_Government_Major_Projects_Portfolio_data_September_2019.xlsx,2016-09-30,DCMS_0008_1516-Q4,Amber/Red,337.95,2023-03-31,DCMS_0008_1516-Q4,blythe house programme,DCMS_0008_1516-Q4,gmpp_id,Blythe House Programme,Amber/Red,337.95,2023-03-31,both,True
DCMS_0009_1516-Q4,700 MHz Clearance Programme,AR 2017,1617-Q2,DCMS,Amber,2016-01-13 00:00:00,2022-01-01 00:00:00,71.78,34.119,-37.661,-0.524672610755085,594.9,594.9,0,Infrastructure and Construction,5.972602739726027,"DCMS_0009_1516-Q4,1617-Q2",DCMS,Amber,Joiner,,,2020/beis/BEIS_Government_Major_Projects_Portfolio_data_September_2019.xlsx,2016-09-30,DCMS_0009_1516-Q4,Amber,594.9,2022-01-01,DCMS_0009_1516-Q4,700 mhz clearance programme,DCMS_0009_1516-Q4,gmpp_id,700 MHz Clearance Programme,Amber,594.9,2022-01-01,both,True
DEFRA_0001_1112-Q1,CAP Delivery Programme,AR 2017,1617-Q2,DEFRA,Amber,2011-01-01 00:00:00,2017-03-31 00:00:00,13.14,24.6,11.46,0.8721461187214612,215.88,215.88,0,Government Transformation and Service Delivery,6.249315068493151,"DEFRA_0001_1112-Q1,1617-Q2",DEFRA,Amber,Not new,,,2020/beis/BEIS_Government_Major_Projects_Portfolio_data_September_2019.xlsx,2016-09-30,DEFRA_0001_1112-Q1,Amber,215.88,2017-03-31,DEFRA::cap delivery programme,cap delivery programme,DEFRA::cap delivery programme,name,CAP Delivery Programme,Amber,215.88,2017-03-31,both,True
DEFRA_0004_1112-Q1,Thames Estuary Asset Management Programme (TEAM2100),AR 2017,1617-Q2,DEFRA,Green,2010-04-01 00:00:00,2025-12-31 00:00:00,23.4,20.3,-3.099999999999998,-0.1324786324786324,318.42,318.42,0,Infrastructure and Construction,15.761643835616438,"DEFRA_0004_1112-Q1,1617-Q2",DEFRA,Green,Not new,,,2020/beis/BEIS_Government_Major_Projects_Portfolio_data_September_2019.xlsx,2016-09-30,DEFRA_0004_1112-Q1,Green,318.42,2025-12-31,DEFRA::thames estuary asset management programme,thames estuary asset management programme,DEFRA::thames estuary asset management programme,name,Thames Estuary Asset Management Programme (TEAM2100),Green,318.42,2025-12-31,both,True
DEFRA_0005_1213-Q3,Thames Tideway Tunnel,AR 2017,1617-Q2,DEFRA,Amber/Green,2010-09-07 00:00:00,2023-12-31 00:00:00,1.5,1.5,0,0,4159.8,22.800000000000182,4137,Infrastructure and Construction,13.323287671232876,"DEFRA_0005_1213-Q3,1617-Q2",DEFRA,Amber/Green,Not new,,,2020/beis/BEIS_Government_Major_Projects_Portfolio_data_September_2019.xlsx,2016-09-30,DEFRA_0005_1213-Q3,Amber/Green,4159.8,2023-12-31,DEFRA::thames tideway tunnel,thames tideway tunnel,DEFRA::thames tideway tunnel,name,Thames Tideway Tunnel,Amber/Green,4159.8,2023-12-31,both,True
DEFRA_0006_1516-Q1,DEFRA UNITY PROGRAMME,AR 2017,1617-Q2,DEFRA,Amber/Red,2014-11-01 00:00:00,2018-10-31 00:00:00,160.8,160.8,0,0,1048.4,1048.4,0,ICT,4,"DEFRA_0006_1516-Q1,1617-Q2",DEFRA,Amber/Red,Not new,,,2020/beis/BEIS_Government_Major_Projects_Portfolio_data_September_2019.xlsx,2016-09-30,DEFRA_0006_1516-Q1,Amber/Red,1048.4,2018-10-31,DEFRA_0006_1516-Q1,defra unity programme,DEFRA_0006_1516-Q1,gmpp_id,DEFRA UNITY PROGRAMME,Amber/Red,1048.4,2018-10-31,both,True
BIS_0008_1112-Q1,ICR Student Loans Monetisation,AR 2017,1617-Q2,DFE,Amber,2010-03-01 00:00:00,2017-03-31 00:00:00,0,5.5,5.5,0,15.29,15.29,0,Government Transformation and Service Delivery,7.087671232876712,"BIS_0008_1112-Q1,1617-Q2",DFE,Amber,Not new,,,2020/beis/BEIS_Government_Major_Projects_Portfolio_data_September_2019.xlsx,2016-09-30,BIS_0008_1112-Q1,Amber,15.29,2017-03-31,BIS_0008_1112-Q1,icr student loans monetisation,,gmpp_id,ICR Monetisation,Amber,15.29,2017-03-31,both,True
DFE_0005_1415-Q2,PSBP Private Finance,AR 2017,1617-Q2,DFE,Amber/Green,2011-07-19 00:00:00,2043-07-01 00:00:00,329.8954,326.8556,-3.039800000000014,-0.009214435848453825,2153.0367,2153.0367,0,Infrastructure and Construction,31.972602739726028,"DFE_0005_1415-Q2,1617-Q2",DFE,Amber/Green,Not new,,,2020/beis/BEIS_Government_Major_Projects_Portfolio_data_September_2019.xlsx,2016-09-30,DFE_0005_1415-Q2,Amber/Green,2153.0367,2043-07-01,DFE_0005_1415-Q2,psbp private finance,,gmpp_id,Priority School Building Programme - Private Finance,Amber/Green,2153.04,2043-07-01,both,True
DFE_0007_1617-Q1,30 Hrs Free Childcare Project,AR 2017,1617-Q2,DFE,Amber/Red,2015-05-11 00:00:00,2020-03-31 00:00:00,80,79.3,-0.7000000000000028,-0.008750000000000036,1920.72,1920.72,0,Government Transformation and Service Delivery,4.8931506849315065,"DFE_0007_1617-Q1,1617-Q2",DFE,Amber/Red,Joiner,,,2020/beis/BEIS_Government_Major_Projects_Portfolio_data_September_2019.xlsx,2016-09-30,DFE_0007_1617-Q1,Amber/Red,1920.72,2020-03-31,DFE_0007_1617-Q1,30 hrs free childcare project,DFE_0007_1617-Q1,gmpp_id,30 Hrs Free Childcare Project,Amber/Red,1920.72,2020-03-31,both,True
DfE_0008_1617-Q1,Priority School Building Programme (PSBP) ,AR 2017,1617-Q2,DFE,Amber,2011-07-19 00:00:00,2075-12-31 00:00:00,745.07,724.07,-21,-0.028185271182573447,4403.01,4403.01,0,Infrastructure and Construction,64.4958904109589,"DfE_0008_1617-Q1,1617-Q2",DFE,Amber,Joiner,,,2020/beis/BEIS_Government_Major_Projects_Portfolio_data_September_2019.xlsx,2016-09-30,DFE_0008_1617-Q1,Amber,4403.01,2075-12-31,DFE_0008_1617-Q1,priority school building programme,DFE_0008_1617-Q1,gmpp_id,Priority School Building Programme (PSBP),Amber,4403.01,2075-12-31,both,True
DfE_0009_1617-Q2,Apprenticeships Reform Programme,AR 2017,1617-Q2,DFE,Amber/Red,2015-05-08 00:00:00,2021-04-01 00:00:00,1919.4,1784.2,-135.20000000000005,-0.07043867875377724,11347.5,11347.5,0,Government Transformation and Service Delivery,5.904109589041096,"DfE_0009_1617-Q2,1617-Q2",DFE,Amber/Red,Joiner,,,2020/beis/BEIS_Government_Major_Projects_Portfolio_data_September_2019.xlsx,2016-09-30,DFE_0009_1617-Q2,Amber/Red,11347.5,2021-04-01,DFE_0009_1617-Q2,apprenticeships reform programme,DFE_0009_1617-Q2,gmpp_id,Apprenticeships Reform Programme,Amber/Red,11347.5,2021-04-01,both,True
DFID_0001_1112-Q1,St Helena Airport,AR 2017,1617-Q2,DFID,Amber/Red,2005-03-15 00:00:00,2026-08-31 00:00:00,7.2,11.5,4.3,0.5972222222222222,445.45,445.45,0,Infrastructure and Construction,21.476712328767125,"DFID_0001_1112-Q1,1617-Q2",DFID,Amber/Red,Not new,,,2020/beis/BEIS_Government_Major_Projects_Portfolio_data_September_2019.xlsx,2016-09-30,DFID_0001_1112-Q1,Amber/Red,445.45,2026-08-31,DFID_0001_1112-Q1,st helena airport,DFID_0001_1112-Q1,gmpp_id,St Helena Airport,Amber/Red,445.45,2026-08-31,both,True
DFT_0001_1112-Q1,Crossrail Programme,AR 2017,1617-Q2,DFT,Amber/Green,2008-07-22 00:00:00,2019-12-31 00:00:00,770.49,2167.2,1396.7099999999998,1.8127555192150446,14768.87,7576.77,7192.1,Infrastructure and Construction,11.449315068493151,"DFT_0001_1112-Q1,1617-Q2",DFT,Amber/Green,Not new,,,2020/beis/BEIS_Government_Major_Projects_Portfolio_data_September_2019.xlsx,2016-09-30,DFT_0001_1112-Q1,Amber/Green,14768.87,2019-12-31,DFT_0001_1112-Q1,crossrail programme,DFT_0001_1112-Q1,gmpp_id,Crossrail Programme,Amber/Green,14768.87,2019-12-31,both,True
DFT_0004_1112-Q1,High Speed Rail Programme (HS2),AR 2017,1617-Q2,DFT,Amber/Red,2011-02-28 00:00:00,2033-12-31 00:00:00,928.617,928.617,0,0,55700,55700,0,Infrastructure and Construction,22.854794520547944,"DFT_0004_1112-Q1,1617-Q2",DFT,Amber/Red,Not new,,,2020/beis/BEIS_Government_Major_Projects_Portfolio_data_September_2019.xlsx,2016-09-30,DFT_0004_1112-Q1,Amber/Red,55700.0,2033-12-31,DFT_0004_1112-Q1,high speed rail programme,DFT_0004_1112-Q1,gmpp_id,High Speed Rail Programme (HS2),Amber/Red,55700.0,2033-12-31,both,True
DFT_0005_1112-Q1,Intercity Express Programme,AR 2017,1617-Q2,DFT,Amber,2005-06-01 00:00:00,2020-02-06 00:00:00,98,146.34,48.34,0.493265306122449,6512.95,236.94999999999982,6276,Infrastructure and Construction,14.693150684931506,"DFT_0005_1112-Q1,1617-Q2",DFT,Amber,Not new,,,2020/beis/BEIS_Government_Major_Projects_Portfolio_data_September_2019.xlsx,2016-09-30,DFT_0005_1112-Q1,Amber,6512.95,2020-02-06,DFT_0005_1112-Q1,intercity express programme,DFT_0005_1112-Q1,gmpp_id,InterCity Express Programme (IEP),Amber,6512.95,2020-02-06,both,True
DFT_0014_1112-Q1,Search and Rescue Helicopters,AR 2017,1617-Q2,DFT,Amber/Green,2011-02-08 00:00:00,2017-09-08 00:00:00,207.6,193.5,-14.099999999999994,-0.06791907514450865,2157.4,2157.4,0,Infrastructure and Construction,6.586301369863014,"DFT_0014_1112-Q1,1617-Q2",DFT,Amber/Green,Not new,,,2020/beis/BEIS_Government_Major_Projects_Portfolio_data_September_2019.xlsx,2016-09-30,DFT_0014_1112-Q1,Amber/Green,2157.4,2017-09-08,DFT::search and rescue helicopters,search and rescue helicopters,DFT::search and rescue helicopters,name,Search and Rescue Helicopters,Amber/Green,2157.4,2017-09-08,both,True
DFT_0015_1112-Q1,Shared Services Implementation Programme,AR 2017,1617-Q2,DFT,Amber,2010-12-10 00:00:00,2013-06-01 00:00:00,20.2,9.9,-10.299999999999999,-0.5099009900990099,161.1,161.1,0,ICT,2.4767123287671233,"DFT_0015_1112-Q1,1617-Q2",DFT,Amber,Not new,,,2020/beis/BEIS_Government_Major_Projects_Portfolio_data_September_2019.xlsx,2016-09-30,DFT_0015_1112-Q1,Amber,161.1,2013-06-01,DFT::shared services implementation programme,shared services implementation programme,DFT::shared services implementation programme,name,Shared Services Implementation Programme,Amber,161.1,2013-06-01,both,True
DFT_0016_1112-Q1,Thameslink Programme,AR 2017,1617-Q2,DFT,Amber/Green,2005-07-01 00:00:00,2026-12-31 00:00:00,20.74,20.99,0.25,0.012054001928640309,7287.7,337.6999999999998,6950,Infrastructure and Construction,21.515068493150686,"DFT_0016_1112-Q1,1617-Q2",DFT,Amber/Green,Not new,,,2020/beis/BEIS_Government_Major_Projects_Portfolio_data_September_2019.xlsx,2016-09-30,DFT_0016_1112-Q1,Amber/Green,7287.7,2026-12-31,DFT_0016_1112-Q1,thameslink programme,DFT_0016_1112-Q1,gmpp_id,Thameslink Programme,Amber/Green,7287.7,2026-12-31,both,True
DFT_0020_1314-Q2,A14 Cambridge to Huntingdon Improvement Scheme,AR 2017,1617-Q2,DFT,Amber,2012-09-01 00:00:00,2021-09-30 00:00:00,106.3,131.9,25.60000000000001,0.24082784571966143,1492.3,1492.3,0,Infrastructure and Construction,9.084931506849315,"DFT_0020_1314-Q2,1617-Q2",DFT,Amber,Not new,,,2020/beis/BEIS_Government_Major_Projects_Portfolio_data_September_2019.xlsx,2016-09-30,DFT_0020_1314-Q2,Amber,1492.3,2021-09-30,DFT_0020_1314-Q2,a14 cambridge to huntingdon improvement scheme,DFT_0020_1314-Q2,gmpp_id,A14 Cambridge to Huntingdon Improvement Scheme,Amber,1492.3,2021-09-30,both,True
DFT_0021_1314-Q3,Rail Franchising Programme,AR 2017,1617-Q2,DFT,Amber,2013-03-26 00:00:00,2029-11-29 00:00:00,-74.9,-53.2,21.700000000000003,-0.28971962616822433,-7169.2,-7169.2,0,Government Transformation and Service Delivery,16.69041095890411,"DFT_0021_1314-Q3,1617-Q2",DFT,Amber,Not new,,,2020/beis/BEIS_Government_Major_Projects_Portfolio_data_September_2019.xlsx,2016-09-30,DFT_0021_1314-Q3,Amber,-7169.2,2029-11-29,DFT_0021_1314-Q3,rail franchising programme,DFT_0021_1314-Q3,gmpp_id,Rail Franchising Programme,Amber,-7169.2,2029-11-29,both,True
DfT_0022_1415-Q4,Lower Thames Crossing Feasibility,AR 2017,1617-Q2,DFT,Amber/Red,2014-05-30 00:00:00,2026-12-31 00:00:00,35.6,26.62,-8.98,-0.25224719101123594,199.1,199.1,0,Infrastructure and Construction,12.597260273972603,"DfT_0022_1415-Q4,1617-Q2",DFT,Amber/Red,Not new,,,2020/beis/BEIS_Government_Major_Projects_Portfolio_data_September_2019.xlsx,2016-09-30,DFT_0022_1415-Q4,Amber/Red,199.1,2026-12-31,DFT_0022_1415-Q4,lower thames crossing feasibility,DFT::lower thames crossing feasibility,gmpp_id,,,,,left_only,False
DfT_0023_1516-Q3,Airport Capacity Programme,AR 2017,1617-Q2,DFT,Amber,2015-07-01 00:00:00,2029-12-31 00:00:00,14,9,-5,-0.35714285714285715,79,79,0,Infrastructure and Construction,14.512328767123288,"DfT_0023_1516-Q3,1617-Q2",DFT,Amber,Joiner,,,2020/beis/BEIS_Government_Major_Projects_Portfolio_data_September_2019.xlsx,2016-09-30,DFT_0023_1516-Q3,Amber,79.0,2029-12-31,DFT_0023_1516-Q3,airport capacity programme,DFT_0023_1516-Q3,gmpp_id,Airport Capacity Programme,Amber,79.0,2029-12-31,both,True
DFT_0024_1516-Q4,A303 Amesbury to Berwick Down,AR 2017,1617-Q2,DFT,Red,2014-12-01 00:00:00,2024-06-01 00:00:00,8.6,11.3,2.700000000000001,0.31395348837209314,385.11,385.11,0,Infrastructure and Construction,9.506849315068493,"DFT_0024_1516-Q4,1617-Q2",DFT,Red,Joiner,,,2020/beis/BEIS_Government_Major_Projects_Portfolio_data_September_2019.xlsx,2016-09-30,DFT_0024_1516-Q4,Red,385.11,2024-06-01,DFT_0024_1516-Q4,a303 amesbury to berwick down,DFT_0024_1516-Q4,gmpp_id,A303 Amesbury to Berwick Down,Red,385.11,2024-06-01,both,True
DFT_0025_1617-Q1,East West Rail Programme (Western Section),AR 2017,1617-Q2,DFT,Amber/Red,2012-10-31 00:00:00,2024-03-31 00:00:00,72.5,69.1,-3.4000000000000057,-0.04689655172413801,1592,0,1592,Infrastructure and Construction,11.421917808219177,"DFT_0025_1617-Q1,1617-Q2",DFT,Amber/Red,Joiner,,,2020/beis/BEIS_Government_Major_Projects_Portfolio_data_September_2019.xlsx,2016-09-30,DFT_0025_1617-Q1,Amber/Red,1592.0,2024-03-31,DFT_0025_1617-Q1,east west rail programme,DFT_0025_1617-Q1,gmpp_id,East West Rail Programme (Western Section),Amber/Red,1592.0,2024-03-31,both,True
DFT_0026_1617-Q1,Great Western Route Modernisation (GWRM) including electrification,AR 2017,1617-Q2,DFT,Amber/Red,2011-12-01 00:00:00,2024-12-31 00:00:00,772.4,740.1,-32.299999999999955,-0.04181771103055406,5507,0,5507,Infrastructure and Construction,13.093150684931507,"DFT_0026_1617-Q1,1617-Q2",DFT,Amber/Red,Joiner,,,2020/beis/BEIS_Government_Major_Projects_Portfolio_data_September_2019.xlsx,2016-09-30,DFT_0026_1617-Q1,Amber/Red,5507.0,2024-12-31,DFT_0026_1617-Q1,great western route modernisation including electrification,DFT_0026_1617-Q1,gmpp_id,Great Western Route Modernisation (GWRM) including electrification,Amber/Red,5507.0,2024-12-31,both,True
DFT_0027_1617-Q1,Midland Main Line Programme,AR 2017,1617-Q2,DFT,Amber,2011-01-01 00:00:00,2024-12-31 00:00:00,263.2,256.5,-6.699999999999989,-0.02545592705167169,2620,0,2620,Infrastructure and Construction,14.008219178082191,"DFT_0027_1617-Q1,1617-Q2",DFT,Amber,Joiner,,,2020/beis/BEIS_Government_Major_Projects_Portfolio_data_September_2019.xlsx,2016-09-30,DFT_0027_1617-Q1,Amber,2620.0,2024-12-31,DFT_0027_1617-Q1,midland main line programme,DFT_0027_1617-Q1,gmpp_id,Midland Main Line Programme,Amber,2620.0,2024-12-31,both,True
DFT_0028_1617-Q1,North of England Programme,AR 2017,1617-Q2,DFT,Amber/Red,2011-11-03 00:00:00,2022-12-31 00:00:00,652,474.5,-177.5,-0.27223926380368096,4826.8,947.1000000000004,3879.7,Infrastructure and Construction,11.167123287671233,"DFT_0028_1617-Q1,1617-Q2",DFT,Amber/Red,Joiner,,,2020/beis/BEIS_Government_Major_Projects_Portfolio_data_September_2019.xlsx,2016-09-30,DFT_0028_1617-Q1,Amber/Red,4826.8,2022-12-31,DFT_0028_1617-Q1,north of england programme,DFT_0028_1617-Q1,gmpp_id,North of England Programme,Amber/Red,4826.8,2022-12-31,both,True
DFT_0029_1617-Q1,South West Route Capacity,AR 2017,1617-Q2,DFT,Amber/Red,2012-07-16 00:00:00,2019-12-31 00:00:00,178.86,180.96,2.0999999999999943,0.01174102650117407,733.9,132.69999999999993,601.2,Infrastructure and Construction,7.463013698630137,"DFT_0029_1617-Q1,1617-Q2",DFT,Amber/Red,Joiner,,,2020/beis/BEIS_Government_Major_Projects_Portfolio_data_September_2019.xlsx,2016-09-30,DFT_0029_1617-Q1,Amber/Red,733.9,2019-12-31,DFT_0029_1617-Q1,south west route capacity,DFT_0029_1617-Q1,gmpp_id,South West Route Capacity,Amber/Red,733.9,2019-12-31,both,True
DFT_0030_1617-Q2,M20 Lorry Area,AR 2017,1617-Q2,DFT,Red,2015-11-25 00:00:00,2018-01-20 00:00:00,230,86.5,-143.5,-0.6239130434782608,250,250,0,Infrastructure and Construction,2.1561643835616437,"DFT_0030_1617-Q2,1617-Q2",DFT,Red,Joiner,,,2020/beis/BEIS_Government_Major_Projects_Portfolio_data_September_2019.xlsx,2016-09-30,DFT_0030_1617-Q2,Red,250.0,2018-01-20,DFT::m20 lorry area,m20 lorry area,DFT::m20 lorry area,name,M20 Lorry Area,Red,250.0,2018-01-20,both,True
DH_0008_1112-Q1,Electronic Transmission of Prescriptions ETP - Electronic Prescription Service (EPS) Release 2,AR 2017,1617-Q2,DH,Amber,2003-01-01 00:00:00,2016-12-31 00:00:00,3.46,5.58,2.12,0.6127167630057804,77.73,77.73,0,ICT,14.008219178082191,"DH_0008_1112-Q1,1617-Q2",DH,Amber,Not new,,,2020/beis/BEIS_Government_Major_Projects_Portfolio_data_September_2019.xlsx,2016-09-30,DH_0008_1112-Q1,Amber,77.73,2016-12-31,,electronic transmission of prescriptions etp electronic prescription service release 2,,unmatched,,,,,left_only,False
DH_0015_1112-Q1,CSC Local Service Provider (LSP) Delivery Programme,AR 2017,1617-Q2,DH,Amber/Green,2003-06-23 00:00:00,2017-12-31 00:00:00,100.8738,74,-26.873800000000003,-0.26641010847217017,2109.8358,2109.8358,0,Government Transformation and Service Delivery,14.534246575342467,"DH_0015_1112-Q1,1617-Q2",DH,Amber/Green,Not new,,,2020/beis/BEIS_Government_Major_Projects_Portfolio_data_September_2019.xlsx,2016-09-30,DH_0015_1112-Q1,Amber/Green,2109.8358,2017-12-31,DOH_0015_1112-Q1,csc local service provider delivery programme,DOH_0015_1112-Q1,name,CSC Local Service Provider (LSP) Delivery Programme,Amber/Green,2109.84,2017-12-31,both,True
DH_0017_1112-Q1,PHE Science Hub,AR 2017,1617-Q2,DH,Amber,2013-06-28 00:00:00,2023-03-31 00:00:00,276.6,152.7,-123.90000000000003,-0.4479392624728851,10997.761,10997.761,0,Infrastructure and Construction,9.761643835616438,"DH_0017_1112-Q1,1617-Q2",DH,Amber,Not new,,,2020/beis/BEIS_Government_Major_Projects_Portfolio_data_September_2019.xlsx,2016-09-30,DH_0017_1112-Q1,Amber,10997.761,2023-03-31,DH_0017_1112-Q1,phe science hub,DH_0017_1112-Q1,gmpp_id,PHE Science Hub,Amber,10997.76,2023-03-31,both,True
DH_0028_1314-Q1,General Practice System of Choice (GPSoC) Replacement,AR 2017,1617-Q2,DH,Amber,2012-01-26 00:00:00,2015-03-31 00:00:00,179.47,171.32,-8.150000000000006,-0.04541148938541264,527.54,527.54,0,ICT,3.1780821917808217,"DH_0028_1314-Q1,1617-Q2",DH,Amber,Not new,,,2020/beis/BEIS_Government_Major_Projects_Portfolio_data_September_2019.xlsx,2016-09-30,DH_0028_1314-Q1,Amber,527.54,2015-03-31,DOH_0028_1314-Q1,general practice system of choice replacement,DOH_0028_1314-Q1,name,General Practice System of Choice (GPSoC) Replacement,Amber,527.54,2015-03-31,both,True
DH_0029_1314-Q1,Liaison and Diversion Programme,AR 2017,1617-Q2,DH,Amber,2011-04-01 00:00:00,2014-04-01 00:00:00,39.8,39.8,0,0,389.3,389.3,0,Government Transformation and Service Delivery,3.0027397260273974,"DH_0029_1314-Q1,1617-Q2",DH,Amber,Not new,,,2020/beis/BEIS_Government_Major_Projects_Portfolio_data_September_2019.xlsx,2016-09-30,DH_0029_1314-Q1,Amber,389.3,2014-04-01,DOH_0029_1314-Q1,liaison and diversion programme,DOH_0029_1314-Q1,name,Liaison and Diversion Programme,Amber,389.3,2014-04-01,both,True
DH_0030_1314-Q1,National Pandemic Flu Service,AR 2017,1617-Q2,DH,Amber/Green,2012-03-19 00:00:00,2016-10-30 00:00:00,8.3,5.8,-2.500000000000001,-0.3012048192771085,26.5,26.5,0,ICT,4.619178082191781,"DH_0030_1314-Q1,1617-Q2",DH,Amber/Green,Not new,,,2020/beis/BEIS_Government_Major_Projects_Portfolio_data_September_2019.xlsx,2016-09-30,DH_0030_1314-Q1,Amber/Green,26.5,2016-10-30,DOH_0030_1314-Q1,national pandemic flu service,DOH_0030_1314-Q1,name,National Pandemic Flu Service,Amber/Green,26.5,2016-10-30,both,True
DH_0031_1314-Q1,National Proton Beam Therapy (PBT) Service Development Programme,AR 2017,1617-Q2,DH,Amber,2012-01-01 00:00:00,2018-05-30 00:00:00,87.3663,67.3204,-20.04589999999999,-0.22944659439623732,1247.2498,1227.2498,20,Government Transformation and Service Delivery,6.413698630136986,"DH_0031_1314-Q1,1617-Q2",DH,Amber,Not new,,,2020/beis/BEIS_Government_Major_Projects_Portfolio_data_September_2019.xlsx,2016-09-30,DH_0031_1314-Q1,Amber,1247.2498,2018-05-30,DH_0031_1314-Q1,national proton beam therapy service development programme,DH_0031_1314-Q1,gmpp_id,National Proton Beam Therapy (PBT) Service Development Programme,Amber,1247.25,2018-05-30,both,True
DH_0033_1314-Q1,Childhood Flu Immunisation Programme,AR 2017,1617-Q2,DH,Amber/Green,2013-09-03 00:00:00,2018-09-01 00:00:00,78.9,78.9,0,0,318.81,318.81,0,Government Transformation and Service Delivery,4.997260273972603,"DH_0033_1314-Q1,1617-Q2",DH,Amber/Green,Not new,,,2020/beis/BEIS_Government_Major_Projects_Portfolio_data_September_2019.xlsx,2016-09-30,DH_0033_1314-Q1,Amber/Green,318.81,2018-09-01,DOH_0033_1314-Q1,childhood flu immunisation programme,DOH_0033_1314-Q1,name,Childhood Flu Immunisation Programme,Amber/Green,318.81,2018-09-01,both,True
DH_0039_1314-Q2,NHS e-Referral Service,AR 2017,1617-Q2,DH,Amber,2012-03-29 00:00:00,2018-03-31 00:00:00,27.86,20.5986,-7.261399999999998,-0.26063890882986357,131.17,131.17,0,ICT,6.008219178082192,"DH_0039_1314-Q2,1617-Q2",DH,Amber,Not new,,,2020/beis/BEIS_Government_Major_Projects_Portfolio_data_September_2019.xlsx,2016-09-30,DH_0039_1314-Q2,Amber,131.17,2018-03-31,DOH_0039_1314-Q2,nhs e referral service,DOH_0039_1314-Q2,name,NHS e-Referral Service,Amber,131.17,2018-03-31,both,True
DH_0040_1314-Q2,NHSmail 2,AR 2017,1617-Q2,DH,Amber,2012-03-29 00:00:00,2021-02-26 00:00:00,17.19,25.1081,7.918099999999999,0.4606224549156485,133.03,133.03,0,ICT,8.92054794520548,"DH_0040_1314-Q2,1617-Q2",DH,Amber,Not new,,,2020/beis/BEIS_Government_Major_Projects_Portfolio_data_September_2019.xlsx,2016-09-30,DH_0040_1314-Q2,Amber,133.03,2021-02-26,DOH_0040_1314-Q2,nhsmail 2,DOH_0040_1314-Q2,name,NHSmail 2,Amber,133.03,2021-02-26,both,True
DH_0041_1314-Q2,Health & Social Care Network,AR 2017,1617-Q2,DH,Amber/Red,2012-03-29 00:00:00,2020-04-01 00:00:00,137.26,86.57,-50.69,-0.3692991403176454,720.18,720.18,0,ICT,8.013698630136986,"DH_0041_1314-Q2,1617-Q2",DH,Amber/Red,Not new,,,2020/beis/BEIS_Government_Major_Projects_Portfolio_data_September_2019.xlsx,2016-09-30,DH_0041_1314-Q2,Amber/Red,720.18,2020-04-01,DH_0041_1314-Q2,health and social care network,DH_0041_1314-Q2,gmpp_id,Health & Social Care Network,Amber/Red,720.18,2020-04-01,both,True
DH_0042_1314-Q3,NHS Electronic Staff Record Reprocurement Project,AR 2017,1617-Q2,DH,Amber/Green,2013-06-10 00:00:00,2015-11-30 00:00:00,44.8741,51.3156,6.441500000000005,0.14354605440554807,267.0108,267.0108,0,ICT,2.473972602739726,"DH_0042_1314-Q3,1617-Q2",DH,Amber/Green,Not new,,,2020/beis/BEIS_Government_Major_Projects_Portfolio_data_September_2019.xlsx,2016-09-30,DH_0042_1314-Q3,Amber/Green,267.0108,2015-11-30,DOH_0042_1314-Q3,nhs electronic staff record reprocurement project,DOH_0042_1314-Q3,name,NHS Electronic Staff Record Reprocurement Project,Amber/Green,267.01,2015-11-30,both,True
DH_0043_1314-Q3,NHS Pension Re-let ,AR 2017,1617-Q2,DH,Amber,2013-07-05 00:00:00,2017-07-21 00:00:00,10.5,10.5,0,0,20.4,20.4,0,Government Transformation and Service Delivery,4.046575342465753,"DH_0043_1314-Q3,1617-Q2",DH,Amber,Not new,,,2020/beis/BEIS_Government_Major_Projects_Portfolio_data_September_2019.xlsx,2016-09-30,DH_0043_1314-Q3,Amber,20.4,2017-07-21,DOH_0043_1314-Q3,nhs pension re let,DOH_0043_1314-Q3,name,NHS Pension Re-let,Amber,20.4,2017-07-21,both,True
DH_0048_1415-Q1,"100,000 Genomes Project",AR 2017,1617-Q2,DH,Amber/Red,2013-04-10 00:00:00,2017-12-31 00:00:00,50,47.9,-2.1000000000000014,-0.04200000000000003,350,350,0,Government Transformation and Service Delivery,4.728767123287671,"DH_0048_1415-Q1,1617-Q2",DH,Amber/Red,Not new,,,2020/beis/BEIS_Government_Major_Projects_Portfolio_data_September_2019.xlsx,2016-09-30,DH_0048_1415-Q1,Amber/Red,350.0,2017-12-31,DOH_0048_1415-Q1,100 000 genomes project,DOH_0048_1415-Q1,name,"100,000 Genomes Project",Amber/Red,350.0,2017-12-31,both,True
DH_0056_1415-Q3,Visitor and Migrant NHS Cost Recovery Programme,AR 2017,1617-Q2,DH,Amber/Red,2013-09-01 00:00:00,2018-03-31 00:00:00,8.78,7.265,-1.5149999999999997,-0.17255125284738038,19.28,19.28,0,Government Transformation and Service Delivery,4.580821917808219,"DH_0056_1415-Q3,1617-Q2",DH,Amber/Red,Not new,,,2020/beis/BEIS_Government_Major_Projects_Portfolio_data_September_2019.xlsx,2016-09-30,DH_0056_1415-Q3,Amber/Red,19.28,2018-03-31,DOH_0056_1415-Q3,visitor and migrant nhs cost recovery programme,DOH_0056_1415-Q3,name,Visitor and Migrant NHS Cost Recovery Programme,Amber/Red,19.28,2018-03-31,both,True
DH_0058_1516-Q4,National Data Services Development Programme,AR 2017,1617-Q2,DH,Amber/Red,2015-02-23 00:00:00,2020-03-31 00:00:00,30.18,30.18,0,0,167.96,167.96,0,ICT,5.104109589041096,"DH_0058_1516-Q4,1617-Q2",DH,Amber/Red,Joiner,,,2020/beis/BEIS_Government_Major_Projects_Portfolio_data_September_2019.xlsx,2016-09-30,DH_0058_1516-Q4,Amber/Red,167.96,2020-03-31,DH_0058_1516-Q4,national data services development programme,DH_0058_1516-Q4,gmpp_id,National Data Services Development Programme,Amber/Red,167.96,2020-03-31,both,True
DH_0059_1617-Q1,Procurement Transformation Programme,AR 2017,1617-Q2,DH,Amber,2015-03-31 00:00:00,2019-03-31 00:00:00,16.8,16.8,0,0,140.6456,140.6456,0,Government Transformation and Service Delivery,4.002739726027397,"DH_0059_1617-Q1,1617-Q2",DH,Amber,Joiner,,,2020/beis/BEIS_Government_Major_Projects_Portfolio_data_September_2019.xlsx,2016-09-30,DH_0059_1617-Q1,Amber,140.6456,2019-03-31,DOH_0059_1617-Q1,procurement transformation programme,DOH_0059_1617-Q1,name,Procurement Transformation Programme,Amber,140.65,2019-03-31,both,True
DH_0060_1617-Q1,NHS UK,AR 2017,1617-Q2,DH,Amber,2016-04-01 00:00:00,2020-12-31 00:00:00,2.12,8.1,5.9799999999999995,2.820754716981132,2.914,2.914,0,Government Transformation and Service Delivery,4.7534246575342465,"DH_0060_1617-Q1,1617-Q2",DH,Amber,Joiner,,,2020/beis/BEIS_Government_Major_Projects_Portfolio_data_September_2019.xlsx,2016-09-30,DH_0060_1617-Q1,Amber,2.914,2020-12-31,DH_0060_1617-Q1,nhs uk,DH_0060_1617-Q1,gmpp_id,NHS.UK,Amber,2.91,2020-12-31,both,True
DWP_0025_1516-Q4,Application Development Maintenance and Support (ADMS),AR 2017,1617-Q2,DWP,Amber,2016-03-01 00:00:00,2017-03-31 00:00:00,168.6249,168.6249,0,0,602.8626,602.8626,0,ICT,1.082191780821918,"DWP_0025_1516-Q4,1617-Q2",DWP,Amber,Joiner,,,2020/beis/BEIS_Government_Major_Projects_Portfolio_data_September_2019.xlsx,2016-09-30,DWP_0025_1516-Q4,Amber,602.8626,2017-03-31,DWP_0025_1516-Q4,application development maintenance and support,,gmpp_id,ADMS,Amber,602.86,2017-03-31,both,True
DWP_0005_1112-Q1,Automatic Enrolment Programme (originally called Enabling Retirement Savings Programme),AR 2017,1617-Q2,DWP,Amber,2007-05-01 00:00:00,2018-11-30 00:00:00,101.9,67.8,-34.10000000000001,-0.3346418056918548,995.4,995.4,0,Government Transformation and Service Delivery,11.591780821917808,"DWP_0005_1112-Q1,1617-Q2",DWP,Amber,Not new,,,2020/beis/BEIS_Government_Major_Projects_Portfolio_data_September_2019.xlsx,2016-09-30,DWP_0005_1112-Q1,Amber,995.4,2018-11-30,DWP_0005_1112-Q1,automatic enrolment programme,DWP_0005_1112-Q1,gmpp_id,Automatic Enrolment Programme,Amber,995.4,2018-11-30,both,True
DWP_0024_1516-Q3,DWP People and Locations Programme,AR 2017,1617-Q2,DWP,Amber/Red,2015-11-19 00:00:00,2018-04-27 00:00:00,91.29,45.93,-45.36000000000001,-0.4968780808412751,5560.67,5560.67,0,Government Transformation and Service Delivery,2.4383561643835616,"DWP_0024_1516-Q3,1617-Q2",DWP,Amber/Red,Joiner,,,2020/beis/BEIS_Government_Major_Projects_Portfolio_data_September_2019.xlsx,2016-09-30,DWP_0024_1516-Q3,Amber/Red,5560.67,2018-04-27,DWP_0024_1516-Q3,dwp people and locations programme,DWP_0024_1516-Q3,gmpp_id,DWP People and Locations Programme,Amber/Red,5560.67,2018-04-27,both,True
DWP_0016_1213-Q2,"Fraud, Error and Debt Programme",AR 2017,1617-Q2,DWP,Amber/Green,2012-04-02 00:00:00,2017-03-31 00:00:00,110.8,83,-27.799999999999997,-0.25090252707581223,821.9,821.9,0,Government Transformation and Service Delivery,4.997260273972603,"DWP_0016_1213-Q2,1617-Q2",DWP,Amber/Green,Not new,,,2020/beis/BEIS_Government_Major_Projects_Portfolio_data_September_2019.xlsx,2016-09-30,DWP_0016_1213-Q2,Amber/Green,821.9,2017-03-31,DWP_0016_1213-Q2,fraud error and debt programme,DWP_0016_1213-Q2,gmpp_id,"Fraud, Error and Debt Programme",Amber/Green,821.9,2017-03-31,both,True
DWP_0026_1516-Q4,Hosting,AR 2017,1617-Q2,DWP,Amber,2016-03-30 00:00:00,2018-02-08 00:00:00,287.9661,241.39,-46.5761,-0.1617416077795268,1187.6726,1187.6726,0,ICT,1.8630136986301369,"DWP_0026_1516-Q4,1617-Q2",DWP,Amber,Joiner,,,2020/beis/BEIS_Government_Major_Projects_Portfolio_data_September_2019.xlsx,2016-09-30,DWP_0026_1516-Q4,Amber,1187.6726,2018-02-08,DWP_0026_1516-Q4,hosting,DWP_0026_1516-Q4,gmpp_id,Hosting,Amber,1187.67,2018-02-08,both,True
DWP_0009_1112-Q1,Universal Credit Programme,AR 2017,1617-Q2,DWP,Amber,2011-11-17 00:00:00,2022-06-30 00:00:00,534.88,496.65,-38.23000000000002,-0.07147397547113375,13573.69,13573.69,0,Government Transformation and Service Delivery,10.624657534246575,"DWP_0009_1112-Q1,1617-Q2",DWP,Amber,Not new,,,2020/beis/BEIS_Government_Major_Projects_Portfolio_data_September_2019.xlsx,2016-09-30,DWP_0009_1112-Q1,Amber,13573.69,2022-06-30,DWP_0009_1112-Q1,universal credit programme,DWP_0009_1112-Q1,gmpp_id,Universal Credit Programme,Amber,13573.69,2022-06-30,both,True
DWP_0027_1617-Q2,Work and Health Programme,AR 2017,1617-Q2,DWP,Amber,2015-12-01 00:00:00,2018-03-31 00:00:00,14,3.88,-10.120000000000001,-0.722857142857143,401,401,0,Government Transformation and Service Delivery,2.3315068493150686,"DWP_0027_1617-Q2,1617-Q2",DWP,Amber,Joiner,,,2020/beis/BEIS_Government_Major_Projects_Portfolio_data_September_2019.xlsx,2016-09-30,DWP_0027_1617-Q2,Amber,401.0,2018-03-31,DWP_0027_1617-Q2,work and health programme,DWP_0027_1617-Q2,gmpp_id,Work and Health Programme,Amber,401.0,2018-03-31,both,True
FCO_0001_1112-Q1,ABUJA New Office and Residence,AR 2017,1617-Q2,FCO,Amber,2011-01-01 00:00:00,2017-12-01 00:00:00,13.4,13.7,0.29999999999999893,0.022388059701492456,46,46,0,Infrastructure and Construction,6.920547945205479,"FCO_0001_1112-Q1,1617-Q2",FCO,Amber,Not new,,,2020/beis/BEIS_Government_Major_Projects_Portfolio_data_September_2019.xlsx,2016-09-30,FCO_0001_1112-Q1,Amber,46.0,2017-12-01,FCO/FCDO::abuja new office and residence,abuja new office and residence,FCO/FCDO::abuja new office and residence,name,ABUJA New Office and Residence,Amber,46.0,2017-12-01,both,True
FCO_0006_1213-Q2,UKERP,AR 2017,1617-Q2,FCO,Amber,2011-06-01 00:00:00,2015-08-01 00:00:00,0,0.5,0.5,0,65,65,0,Infrastructure and Construction,4.16986301369863,"FCO_0006_1213-Q2,1617-Q2",FCO,Amber,Not new,,,2020/beis/BEIS_Government_Major_Projects_Portfolio_data_September_2019.xlsx,2016-09-30,FCO_0006_1213-Q2,Amber,65.0,2015-08-01,FCO/FCDO::ukerp,ukerp,FCO/FCDO::ukerp,name,UKERP,Amber,65.0,2015-08-01,both,True
FCO_0008_1415-Q4,Technology Overhaul,AR 2017,1617-Q2,FCO,Amber,2015-11-01 00:00:00,2018-03-31 00:00:00,38,29.6,-8.399999999999999,-0.22105263157894733,105.4,105.4,0,ICT,2.4136986301369863,"FCO_0008_1415-Q4,1617-Q2",FCO,Amber,Not new,,,2020/beis/BEIS_Government_Major_Projects_Portfolio_data_September_2019.xlsx,2016-09-30,FCO_0008_1415-Q4,Amber,105.4,2018-03-31,FCO/FCDO::technology overhaul,technology overhaul,FCO/FCDO::technology overhaul,name,Technology Overhaul,Amber,105.4,2018-03-31,both,True
FCO_0009_1516-Q2,Movement of Personal Effects Contract,AR 2017,1617-Q2,FCO,Amber/Green,2015-07-06 00:00:00,2017-03-31 00:00:00,12.5,12.5,0,0,62.5,62.5,0,Government Transformation and Service Delivery,1.736986301369863,"FCO_0009_1516-Q2,1617-Q2",FCO,Amber/Green,Not new,,,2020/beis/BEIS_Government_Major_Projects_Portfolio_data_September_2019.xlsx,2016-09-30,FCO_0009_1516-Q2,Amber/Green,62.5,2017-03-31,FCO/FCDO::movement of personal effects contract,movement of personal effects contract,FCO/FCDO::movement of personal effects contract,name,Movement of Personal Effects Contract,Amber/Green,62.5,2017-03-31,both,True
HMRC_0012_1415-Q1,Tax-Free Childcare,AR 2017,1617-Q2,HMRC,Amber,2013-09-10 00:00:00,2018-06-30 00:00:00,65.642,56.779,-8.862999999999992,-0.13502026141799447,356.861,356.861,0,Government Transformation and Service Delivery,4.8054794520547945,"HMRC_0012_1415-Q1,1617-Q2",HMRC,Amber,Not new,,,2020/beis/BEIS_Government_Major_Projects_Portfolio_data_September_2019.xlsx,2016-09-30,HMRC_0012_1415-Q1,Amber,356.861,2018-06-30,HMRC_0012_1415-Q1,tax free childcare,HMRC_0012_1415-Q1,gmpp_id,Tax-Free Childcare,Amber,356.86,2018-06-30,both,True
HMRC_0013_1415-Q4,Columbus (formerly Aspire Replacement Programme),AR 2017,1617-Q2,HMRC,Amber/Green,2014-01-01 00:00:00,2021-12-31 00:00:00,894,894,0,0,6310,6310,0,ICT,8.002739726027396,"HMRC_0013_1415-Q4,1617-Q2",HMRC,Amber/Green,Not new,,,2020/beis/BEIS_Government_Major_Projects_Portfolio_data_September_2019.xlsx,2016-09-30,HMRC_0013_1415-Q4,Amber/Green,6310.0,2021-12-31,HMRC_0013_1415-Q4,columbus,HMRC_0013_1415-Q4,gmpp_id,Columbus (formerly Aspire Replacement Programme),Amber/Green,6310.0,2021-12-31,both,True
HMRC_0014_1415-Q4,CUSTOMS DECLARATION SERVICES (CDS) Programme,AR 2017,1617-Q2,HMRC,Amber,2013-10-16 00:00:00,2018-12-31 00:00:00,36.51,31.43,-5.079999999999998,-0.13913996165434123,117.062,117.062,0,ICT,5.210958904109589,"HMRC_0014_1415-Q4,1617-Q2",HMRC,Amber,Not new,,,2020/beis/BEIS_Government_Major_Projects_Portfolio_data_September_2019.xlsx,2016-09-30,HMRC_0014_1415-Q4,Amber,117.062,2018-12-31,HMRC_0014_1415-Q4,customs declaration services programme,HMRC_0014_1415-Q4,gmpp_id,CUSTOMS DECLARATION SERVICES (CDS) Programme,Amber,117.06,2018-12-31,both,True
HMRC_0015_1617-Q1,Building Our Future Locations Programme ,AR 2017,1617-Q2,HMRC,Amber/Red,2016-01-05 00:00:00,2021-04-05 00:00:00,310.2,340.7,30.5,0.09832366215344938,2099.3,2099.3,0,Government Transformation and Service Delivery,5.252054794520548,"HMRC_0015_1617-Q1,1617-Q2",HMRC,Amber/Red,Joiner,,,2020/beis/BEIS_Government_Major_Projects_Portfolio_data_September_2019.xlsx,2016-09-30,HMRC_0015_1617-Q1,Amber/Red,2099.3,2021-04-05,HMRC_0015_1617-Q1,building our future locations programme,HMRC_0015_1617-Q1,gmpp_id,Building Our Future Locations Programme,Amber/Red,2099.3,2021-04-05,both,True
HMRC_0016_1617-Q2,Making Tax Digital for Individuals,AR 2017,1617-Q2,HMRC,Amber,2016-04-01 00:00:00,2021-03-31 00:00:00,51.5,51.5,0,0,205.62,205.62,0,Government Transformation and Service Delivery,5,"HMRC_0016_1617-Q2,1617-Q2",HMRC,Amber,Joiner,,,2020/beis/BEIS_Government_Major_Projects_Portfolio_data_September_2019.xlsx,2016-09-30,HMRC_0016_1617-Q2,Amber,205.62,2021-03-31,HMRC_0016_1617-Q2,making tax digital for individuals,HMRC_0016_1617-Q2,gmpp_id,Making Tax Digital for Individuals,Amber,205.62,2021-03-31,both,True
HMRC_0017_1617-Q2,Making Tax Digital for Business,AR 2017,1617-Q2,HMRC,Amber/Red,2016-04-01 00:00:00,2021-03-31 00:00:00,48,48,0,0,227,227,0,ICT,5,"HMRC_0017_1617-Q2,1617-Q2",HMRC,Amber/Red,Joiner,,,2020/beis/BEIS_Government_Major_Projects_Portfolio_data_September_2019.xlsx,2016-09-30,HMRC_0017_1617-Q2,Amber/Red,227.0,2021-03-31,HMRC_0017_1617-Q2,making tax digital for business,HMRC_0017_1617-Q2,gmpp_id,Making Tax Digital for Business,Amber/Red,227.0,2021-03-31,both,True
HO_0012_1112-Q3,Communications Capabilities Development Programme,AR 2017,1617-Q2,HO,Amber/Green,2010-05-01 00:00:00,2020-04-01 00:00:00,0,0,0,0,Exempt,,0,ICT,9.926027397260274,"HO_0012_1112-Q3,1617-Q2",HO,Amber/Green,Not new,,,2020/beis/BEIS_Government_Major_Projects_Portfolio_data_September_2019.xlsx,2016-09-30,HO_0012_1112-Q3,Amber/Green,,2020-04-01,HO::communications capabilities development programme,communications capabilities development programme,HO::communications capabilities development programme,name,Communications Capabilities Development (CCD) Programme,Amber/Green,,2020-04-01,both,True
HO_0034_1516-Q2,Cyclamen Project,AR 2017,1617-Q2,HO,Amber/Red,2014-04-01 00:00:00,2021-04-01 00:00:00,0,0,0,0,Exempt,,0,ICT,7.005479452054795,"HO_0034_1516-Q2,1617-Q2",HO,Amber/Red,Not new,,,2020/beis/BEIS_Government_Major_Projects_Portfolio_data_September_2019.xlsx,2016-09-30,HO_0034_1516-Q2,Amber/Red,,2021-04-01,HO_0034_1516-Q2,cyclamen project,,gmpp_id,Cyclamen Programme,Amber/Red,,2021-04-01,both,True
HO_0011_1112-Q2,Disclosure and Barring  Service (DBS) Programme,AR 2017,1617-Q2,HO,Amber/Red,2010-12-29 00:00:00,2017-12-31 00:00:00,113.5,154.3,40.80000000000001,0.35947136563876664,785.7,785.7,0,Government Transformation and Service Delivery,7.010958904109589,"HO_0011_1112-Q2,1617-Q2",HO,Amber/Red,Not new,,,2020/beis/BEIS_Government_Major_Projects_Portfolio_data_September_2019.xlsx,2016-09-30,HO_0011_1112-Q2,Amber/Red,785.7,2017-12-31,HO::sig disclosure and barring service programme,disclosure and barring service programme,HO::sig disclosure and barring service programme,name,Disclosure and Barring Service (DBS) Programme,Amber/Red,785.7,2017-12-31,both,True
HO_0016_1213-Q1,Emergency Services Mobile Communications Programme (ESMCP),AR 2017,1617-Q2,HO,Amber,2011-06-01 00:00:00,2020-12-31 00:00:00,89,89,0,0,4861.7,4861.7,0,Infrastructure and Construction,9.591780821917808,"HO_0016_1213-Q1,1617-Q2",HO,Amber,Not new,,,2020/beis/BEIS_Government_Major_Projects_Portfolio_data_September_2019.xlsx,2016-09-30,HO_0016_1213-Q1,Amber,4861.7,2020-12-31,HO_0016_1213-Q1,emergency services mobile communications programme,HO_0016_1213-Q1,gmpp_id,Emergency Services Mobile Communications Programme (ESMCP),Amber,4861.7,2020-12-31,both,True
HO_0029_1314-Q4,Immigration Platform Technologies (IPT),AR 2017,1617-Q2,HO,Amber,2013-04-01 00:00:00,2017-03-31 00:00:00,41.1,80.5,39.4,0.9586374695863746,208.8,208.8,0,ICT,4,"HO_0029_1314-Q4,1617-Q2",HO,Amber,Not new,,,2020/beis/BEIS_Government_Major_Projects_Portfolio_data_September_2019.xlsx,2016-09-30,HO_0029_1314-Q4,Amber,208.8,2017-03-31,HO_0029_1314-Q4,immigration platform technologies,HO_0029_1314-Q4,gmpp_id,Immigration Platform Technologies (IPT),Amber,208.8,2017-03-31,both,True
HO_0030_1415-Q1,Adelphi Modernisation Programme,AR 2017,1617-Q2,HO,Reset,2016-09-01 00:00:00,2019-06-01 00:00:00,18.0286,18.0286,0,0,262.8074,262.8074,0,ICT,2.747945205479452,"HO_0030_1415-Q1,1617-Q2",HO,Reset,Not new,,,2020/beis/BEIS_Government_Major_Projects_Portfolio_data_September_2019.xlsx,2016-09-30,HO_0030_1415-Q1,RESET,262.8074,2019-06-01,HO_0030_1415-Q1,adelphi modernisation programme,HO::adelphi modernisation programme,gmpp_id,,,,,left_only,False
HO_0031_1415-Q1,Digital Services at the Border,AR 2017,1617-Q2,HO,Amber/Red,2014-02-12 00:00:00,2019-03-31 00:00:00,27,26.2,-0.8000000000000007,-0.029629629629629655,341.4,341.4,0,ICT,5.131506849315069,"HO_0031_1415-Q1,1617-Q2",HO,Amber/Red,Not new,,,2020/beis/BEIS_Government_Major_Projects_Portfolio_data_September_2019.xlsx,2016-09-30,HO_0031_1415-Q1,Amber/Red,341.4,2019-03-31,HO_0031_1415-Q1,digital services at the border,HO_0031_1415-Q1,gmpp_id,Digital Services at the Border (DSaB),Amber/Red,341.4,2019-03-31,both,True
HO_0032_1415-Q1,Technology Platforms for Tomorrow,AR 2017,1617-Q2,HO,Amber,2014-02-01 00:00:00,2017-10-31 00:00:00,47.4,47.6,0.20000000000000284,0.004219409282700482,374.6,374.6,0,ICT,3.747945205479452,"HO_0032_1415-Q1,1617-Q2",HO,Amber,Not new,,,2020/beis/BEIS_Government_Major_Projects_Portfolio_data_September_2019.xlsx,2016-09-30,HO_0032_1415-Q1,Amber,374.6,2017-10-31,HO_0032_1415-Q1,technology platforms for tomorrow,HO_0032_1415-Q1,gmpp_id,Technology Platforms for Tomorrow (TPT),Amber,374.6,2017-10-31,both,True
HO_0033_1415-Q3,Home Office Biometrics Programme,AR 2017,1617-Q2,HO,Amber/Green,2014-04-01 00:00:00,2019-12-31 00:00:00,108.3,108.3,0,0,584.4,584.4,0,ICT,5.7534246575342465,"HO_0033_1415-Q3,1617-Q2",HO,Amber/Green,Not new,,,2020/beis/BEIS_Government_Major_Projects_Portfolio_data_September_2019.xlsx,2016-09-30,HO_0033_1415-Q3,Amber/Green,584.4,2019-12-31,HO_0033_1415-Q3,home office biometrics programme,HO_0033_1415-Q3,gmpp_id,Home Office Biometrics (HOB) Programme,Amber/Green,584.4,2019-12-31,both,True
HO_0035_1617-Q1,Smarter Working Programme,AR 2017,1617-Q2,HO,Amber,2015-10-28 00:00:00,2020-03-31 00:00:00,41.4,38,-3.3999999999999986,-0.08212560386473426,128.15,128.15,0,Government Transformation and Service Delivery,4.427397260273972,"HO_0035_1617-Q1,1617-Q2",HO,Amber,Joiner,,,2020/beis/BEIS_Government_Major_Projects_Portfolio_data_September_2019.xlsx,2016-09-30,HO_0035_1617-Q1,Amber,128.15,2020-03-31,HO::smarter working programme,smarter working programme,HO::smarter working programme,name,Smarter Working Programme,Amber,128.15,2020-03-31,both,True
HO_0036_1617-Q2,National Law Enforcement Data Programme,AR 2017,1617-Q2,HO,Amber/Red,2014-04-01 00:00:00,2020-03-31 00:00:00,54.7,54.7,0,0,518.3,518.3,0,ICT,6.002739726027397,"HO_0036_1617-Q2,1617-Q2",HO,Amber/Red,Joiner,,,2020/beis/BEIS_Government_Major_Projects_Portfolio_data_September_2019.xlsx,2016-09-30,HO_0036_1617-Q2,Amber/Red,518.3,2020-03-31,HO_0036_1617-Q2,national law enforcement data programme,HO_0036_1617-Q2,gmpp_id,National Law Enforcement Data Programme,Amber/Red,518.3,2020-03-31,both,True
MOD_0017_1112-Q1,Crowsnest Programme,AR 2017,1617-Q2,MOD,Amber,2013-03-31 00:00:00,2023-06-30 00:00:00,53.353,53.359,0.006000000000000227,0.00011245853091672871,Exempt,,0,Military Capability,10.254794520547945,"MOD_0017_1112-Q1,1617-Q2",MOD,Amber,Not new,,,2020/beis/BEIS_Government_Major_Projects_Portfolio_data_September_2019.xlsx,2016-09-30,MOD_0017_1112-Q1,Amber,,2023-06-30,MOD_0017_1112-Q1,crowsnest programme,MOD_0017_1112-Q1,gmpp_id,Crowsnest Programme,Amber,,2023-06-30,both,True
MOD_0055_1112-Q1,Type 26 Global Combat Ship Programme,AR 2017,1617-Q2,MOD,Exempt,2008-07-21 00:00:00,2034-12-31 00:00:00,293.23,292.99,-0.2400000000000091,-0.0008184701428912768,Exempt,,0,Military Capability,26.46301369863014,"MOD_0055_1112-Q1,1617-Q2",MOD,Exempt,Not new,,,2020/beis/BEIS_Government_Major_Projects_Portfolio_data_September_2019.xlsx,2016-09-30,MOD_0055_1112-Q1,EXEMPT,,2034-12-31,MOD_0055_1112-Q1,type 26 global combat ship programme,MOD_0055_1112-Q1,gmpp_id,Type 26 Global Combat Ship Programme,EXEMPT,,2034-12-31,both,True
MOD_0001_1112-Q1,A400M,AR 2017,1617-Q2,MOD,Amber,2000-05-17 00:00:00,2022-03-31 00:00:00,274.386,292.571,18.185000000000002,0.06627524727938014,3614.929,3614.929,0,Military Capability,21.884931506849316,"MOD_0001_1112-Q1,1617-Q2",MOD,Amber,Not new,,,2020/beis/BEIS_Government_Major_Projects_Portfolio_data_September_2019.xlsx,2016-09-30,MOD_0001_1112-Q1,Amber,3614.929,2022-03-31,MOD_0001_1112-Q1,a400m,MOD_0001_1112-Q1,gmpp_id,A400M,Amber,3614.94,2022-03-31,both,True
MOD_0004_1112-Q1,Airseeker,AR 2017,1617-Q2,MOD,Amber/Green,2010-03-18 00:00:00,2018-04-01 00:00:00,91.406,102.974,11.567999999999998,0.12655624357263195,759.839,759.839,0,Military Capability,8.043835616438356,"MOD_0004_1112-Q1,1617-Q2",MOD,Amber/Green,Not new,,,2020/beis/BEIS_Government_Major_Projects_Portfolio_data_September_2019.xlsx,2016-09-30,MOD_0004_1112-Q1,Amber/Green,759.839,2018-04-01,MOD::airseeker,airseeker,MOD::airseeker,name,Airseeker,Amber/Green,759.84,2018-04-01,both,True
MOD_0033_1112-Q1,MARSHALL,AR 2017,1617-Q2,MOD,Amber/Red,2006-04-03 00:00:00,2020-10-04 00:00:00,124.786,124.389,-0.39700000000000557,-0.0031814466366419758,1769.157,1769.157,0,Military Capability,14.515068493150684,"MOD_0033_1112-Q1,1617-Q2",MOD,Amber/Red,Not new,,,2020/beis/BEIS_Government_Major_Projects_Portfolio_data_September_2019.xlsx,2016-09-30,MOD_0033_1112-Q1,Amber/Red,1769.157,2020-10-04,MOD_0033_1112-Q1,marshall,MOD_0033_1112-Q1,gmpp_id,MARSHALL,Amber/Red,1769.14,2020-10-04,both,True
MOD_0036_1112-Q1,Maritime Sustainment Programme,AR 2017,1617-Q2,MOD,Amber/Red,2005-07-25 00:00:00,2018-04-30 00:00:00,126.837,126.837,0,0,596.374,596.374,0,Military Capability,12.772602739726027,"MOD_0036_1112-Q1,1617-Q2",MOD,Amber/Red,Not new,,,2020/beis/BEIS_Government_Major_Projects_Portfolio_data_September_2019.xlsx,2016-09-30,MOD_0036_1112-Q1,Amber/Red,596.374,2018-04-30,MOD_0036_1112-Q1,maritime sustainment programme,MOD_0036_1112-Q1,gmpp_id,Maritime Sustainment Programme,Amber/Red,596.38,2018-04-30,both,True
MOD_0038_1112-Q1,Nuclear Warhead Capability Sustainment Programme,AR 2017,1617-Q2,MOD,Exempt,2008-04-01 00:00:00,2025-04-30 00:00:00,993.191,1026.973,33.781999999999925,0.034013598592818425,20310.55,20310.55,0,Military Capability,17.09041095890411,"MOD_0038_1112-Q1,1617-Q2",MOD,Exempt,Not new,,,2020/beis/BEIS_Government_Major_Projects_Portfolio_data_September_2019.xlsx,2016-09-30,MOD_0038_1112-Q1,EXEMPT,20310.55,2025-04-30,MOD_0038_1112-Q1,nuclear warhead capability sustainment programme,MOD_0038_1112-Q1,gmpp_id,Nuclear Warhead Capability Sustainment Programme,EXEMPT,20310.57,2025-04-30,both,True
MOD_0042_1112-Q1,Queen Elizabeth Programme,AR 2017,1617-Q2,MOD,Amber,1998-12-01 00:00:00,2023-03-31 00:00:00,601.837,593.273,-8.563999999999965,-0.014229766531469425,7400.075,7400.075,0,Military Capability,24.345205479452055,"MOD_0042_1112-Q1,1617-Q2",MOD,Amber,Not new,,,2020/beis/BEIS_Government_Major_Projects_Portfolio_data_September_2019.xlsx,2016-09-30,MOD_0042_1112-Q1,Amber,7400.075,2023-03-31,MOD_0042_1112-Q1,queen elizabeth programme,MOD_0042_1112-Q1,gmpp_id,Queen Elizabeth Programme,Amber,7400.08,2023-03-31,both,True
MOD_0047_1112-Q1,Spearfish Upgrade Programme,AR 2017,1617-Q2,MOD,Amber/Green,2008-04-01 00:00:00,2024-03-31 00:00:00,39.947,40.017,0.07000000000000028,0.0017523218264200134,416.078,416.078,0,Military Capability,16.008219178082193,"MOD_0047_1112-Q1,1617-Q2",MOD,Amber/Green,Not new,,,2020/beis/BEIS_Government_Major_Projects_Portfolio_data_September_2019.xlsx,2016-09-30,MOD_0047_1112-Q1,Amber/Green,416.078,2024-03-31,MOD_0047_1112-Q1,spearfish upgrade programme,MOD_0047_1112-Q1,gmpp_id,Spearfish Upgrade Programme,Amber/Green,416.08,2024-03-31,both,True
MOD_0095_1415-Q2,Cryptographic Enabling Services,AR 2017,1617-Q2,MOD,Exempt,,,0,0,0,0,Exempt,,0,ICT,0,"MOD_0095_1415-Q2,1617-Q2",MOD,Exempt,Not new,,,2020/beis/BEIS_Government_Major_Projects_Portfolio_data_September_2019.xlsx,2016-09-30,MOD_0095_1415-Q2,EXEMPT,,,MOD::cryptographic enabling services,cryptographic enabling services,MOD::cryptographic enabling services,name,Cryptographic Enabling Services,EXEMPT,,,both,True
MOD_0061_1112-Q1,WATCHKEEPER,AR 2017,1617-Q2,MOD,Amber,1998-03-01 00:00:00,2017-07-03 00:00:00,43.159,40.77,-2.388999999999996,-0.05535346046015885,1116.75,1116.75,0,Military Capability,19.353424657534248,"MOD_0061_1112-Q1,1617-Q2",MOD,Amber,Not new,,,2020/beis/BEIS_Government_Major_Projects_Portfolio_data_September_2019.xlsx,2016-09-30,MOD_0061_1112-Q1,Amber,1116.75,2017-07-03,MOD_0061_1112-Q1,watchkeeper,MOD_0061_1112-Q1,gmpp_id,WATCHKEEPER,Amber,1116.75,2017-07-03,both,True
MOD_0062_1112-Q1,Wildcat Programme,AR 2017,1617-Q2,MOD,Amber,2001-12-01 00:00:00,2016-05-31 00:00:00,13.164,12.67,-0.4939999999999998,-0.0375265876633242,1609.235,1609.235,0,Military Capability,14.506849315068493,"MOD_0062_1112-Q1,1617-Q2",MOD,Amber,Not new,,,2020/beis/BEIS_Government_Major_Projects_Portfolio_data_September_2019.xlsx,2016-09-30,MOD_0062_1112-Q1,Amber,1609.235,2016-05-31,MOD::wildcat programme,wildcat programme,MOD::wildcat programme,name,Wildcat Programme,Amber,1609.23,2016-05-31,both,True
MOD_0064_1112-Q2,Carrier Enabled Power Projection,AR 2017,1617-Q2,MOD,Amber,2011-01-31 00:00:00,2030-12-01 00:00:00,1.581,1.329,-0.252,-0.15939278937381404,21.801,21.801,0,Military Capability,19.846575342465755,"MOD_0064_1112-Q2,1617-Q2",MOD,Amber,Not new,,,2020/beis/BEIS_Government_Major_Projects_Portfolio_data_September_2019.xlsx,2016-09-30,MOD_0064_1112-Q2,Amber,21.801,2030-12-01,MOD_0064_1112-Q2,carrier enabled power projection,MOD_0064_1112-Q2,gmpp_id,Carrier Enabled Power Projection,Amber,21.81,2030-12-01,both,True
MOD_0069_1112-Q2,Logistics Commodities Services Transformation,AR 2017,1617-Q2,MOD,Amber,2011-08-01 00:00:00,2018-02-01 00:00:00,92.614,115.271,22.656999999999996,0.24463903945407817,652.415,652.415,0,Military Capability,6.50958904109589,"MOD_0069_1112-Q2,1617-Q2",MOD,Amber,Not new,,,2020/beis/BEIS_Government_Major_Projects_Portfolio_data_September_2019.xlsx,2016-09-30,MOD_0069_1112-Q2,Amber,652.415,2018-02-01,MOD::logistics commodities services transformation,logistics commodities services transformation,MOD::logistics commodities services transformation,name,Logistics Commodities Services Transformation,Amber,652.44,2018-02-01,both,True
MOD_0070_1112-Q2,New Employment Model,AR 2017,1617-Q2,MOD,Amber/Green,2011-05-02 00:00:00,2021-10-01 00:00:00,95.152,92.374,-2.778000000000006,-0.029195392634942047,211.079,211.079,0,Government Transformation and Service Delivery,10.424657534246576,"MOD_0070_1112-Q2,1617-Q2",MOD,Amber/Green,Not new,,,2020/beis/BEIS_Government_Major_Projects_Portfolio_data_September_2019.xlsx,2016-09-30,MOD_0070_1112-Q2,Amber/Green,211.079,2021-10-01,MOD::new employment model,new employment model,MOD::new employment model,name,New Employment Model,Amber/Green,211.07,2021-10-01,both,True
MOD_0076_1213-Q1,Astute Boats 1-7,AR 2017,1617-Q2,MOD,Amber/Red,1997-03-17 00:00:00,2024-03-31 00:00:00,574.91,529.824,-45.08600000000001,-0.07842270964150913,9869.699,9869.699,0,Military Capability,27.057534246575344,"MOD_0076_1213-Q1,1617-Q2",MOD,Amber/Red,Not new,,,2020/beis/BEIS_Government_Major_Projects_Portfolio_data_September_2019.xlsx,2016-09-30,MOD_0076_1213-Q1,Amber/Red,9869.699,2024-03-31,MOD_0076_1213-Q1,astute boats 1 7,MOD_0076_1213-Q1,gmpp_id,Astute Boats 1-7,Amber/Red,9869.71,2024-03-31,both,True
MOD_0077_1213-Q1,Complex Weapons,AR 2017,1617-Q2,MOD,Amber,2008-03-31 00:00:00,2032-04-01 00:00:00,729.353,719.576,-9.77699999999993,-0.013405031582786293,21355.093,21355.093,0,Military Capability,24.019178082191782,"MOD_0077_1213-Q1,1617-Q2",MOD,Amber,Not new,,,2020/beis/BEIS_Government_Major_Projects_Portfolio_data_September_2019.xlsx,2016-09-30,MOD_0077_1213-Q1,Amber,21355.093,2032-04-01,MOD_0077_1213-Q1,complex weapons,MOD_0077_1213-Q1,gmpp_id,Complex Weapons,Amber,21355.09,2032-04-01,both,True
MOD_0078_1213-Q1,Core Production Capability,AR 2017,1617-Q2,MOD,Red,2012-04-01 00:00:00,2028-05-15 00:00:00,197.356,197.203,-0.1529999999999916,-0.0007752487889904112,1700.07,1700.07,0,Military Capability,16.13150684931507,"MOD_0078_1213-Q1,1617-Q2",MOD,Red,Not new,,,2020/beis/BEIS_Government_Major_Projects_Portfolio_data_September_2019.xlsx,2016-09-30,MOD_0078_1213-Q1,Red,1700.07,2028-05-15,MOD_0078_1213-Q1,core production capability,MOD_0078_1213-Q1,gmpp_id,Core Production Capability,Red,1700.07,2028-05-15,both,True
MOD_0079_1213-Q1,Lightning Programme,AR 2017,1617-Q2,MOD,Amber,2001-10-01 00:00:00,2035-03-31 00:00:00,808.53,888.461,79.93100000000004,0.09885965888711618,13383.06,13383.06,0,Military Capability,33.51780821917808,"MOD_0079_1213-Q1,1617-Q2",MOD,Amber,Not new,,,2020/beis/BEIS_Government_Major_Projects_Portfolio_data_September_2019.xlsx,2016-09-30,MOD_0079_1213-Q1,Amber,13383.06,2035-03-31,MOD_0079_1213-Q1,lightning programme,,gmpp_id,Lightning II Programme,Amber,13383.07,2035-03-31,both,True
MOD_0080_1213-Q1,Successor SSBN,AR 2017,1617-Q2,MOD,Amber/Red,2011-04-14 00:00:00,,844.756,859.845,15.089000000000055,0.01786196250751703,31614.284,31614.284,0,Military Capability,-111.36164383561643,"MOD_0080_1213-Q1,1617-Q2",MOD,Amber/Red,Not new,,,2020/beis/BEIS_Government_Major_Projects_Portfolio_data_September_2019.xlsx,2016-09-30,MOD_0080_1213-Q1,Amber/Red,31614.284,,MOD_0080_1213-Q1,successor ssbn,MOD_0080_1213-Q1,gmpp_id,Successor SSBN,Amber/Red,31614.29,,both,True
MOD_0085_1314-Q2,Army Basing Programme,AR 2017,1617-Q2,MOD,Amber,2013-05-22 00:00:00,2020-03-31 00:00:00,306.851,294.504,-12.34699999999998,-0.040237770122958635,2009.474,2009.474,0,Military Capability,6.863013698630137,"MOD_0085_1314-Q2,1617-Q2",MOD,Amber,Not new,,,2020/beis/BEIS_Government_Major_Projects_Portfolio_data_September_2019.xlsx,2016-09-30,MOD_0085_1314-Q2,Amber,2009.474,2020-03-31,MOD_0085_1314-Q2,army basing programme,MOD_0085_1314-Q2,gmpp_id,Army Basing Programme,Amber,2009.48,2020-03-31,both,True
MOD_0087_1314-Q2,The Materiel Strategy,AR 2017,1617-Q2,MOD,Amber,2011-05-02 00:00:00,2018-05-01 00:00:00,91.206,91.206,0,0,379.066,379.066,0,Military Capability,7.002739726027397,"MOD_0087_1314-Q2,1617-Q2",MOD,Amber,Not new,,,2020/beis/BEIS_Government_Major_Projects_Portfolio_data_September_2019.xlsx,2016-09-30,MOD_0087_1314-Q2,Amber,379.066,2018-05-01,MOD::the material strategy,the materiel strategy,MOD::the material strategy,name,The Materiel Strategy,Amber,379.07,2018-05-01,both,True
MOD_0091_1415-Q3,Armoured Cavalry 2025,AR 2017,1617-Q2,MOD,Amber,2014-12-04 00:00:00,2025-04-30 00:00:00,317.425,309.066,-8.359000000000037,-0.026333779632984285,6248.626,6248.626,0,Military Capability,10.41095890410959,"MOD_0091_1415-Q3,1617-Q2",MOD,Amber,Not new,,,2020/beis/BEIS_Government_Major_Projects_Portfolio_data_September_2019.xlsx,2016-09-30,MOD_0091_1415-Q3,Amber,6248.626,2025-04-30,MOD_0091_1415-Q3,armoured cavalry 2025,MOD_0091_1415-Q3,gmpp_id,Armoured Cavalry 2025,Amber,6248.64,2025-04-30,both,True
MOD_0092_1415-Q3,Armoured Infantry 2026,AR 2017,1617-Q2,MOD,Amber/Red,2014-12-04 00:00:00,2026-12-31 00:00:00,87.84,68.093,-19.747,-0.22480646630236792,1612.709,1612.709,0,Military Capability,12.082191780821917,"MOD_0092_1415-Q3,1617-Q2",MOD,Amber/Red,Not new,,,2020/beis/BEIS_Government_Major_Projects_Portfolio_data_September_2019.xlsx,2016-09-30,MOD_0092_1415-Q3,Amber/Red,1612.709,2026-12-31,MOD_0092_1415-Q3,armoured infantry 2026,MOD_0092_1415-Q3,gmpp_id,Armoured Infantry 2026,Amber/Red,1612.72,2026-12-31,both,True
MOD_0093_1415-Q3,Army Reserve Development Programme,AR 2017,1617-Q2,MOD,Amber/Green,2014-12-01 00:00:00,2017-01-01 00:00:00,197.571,202.55,4.979000000000013,0.025201066958207497,1856.758,1856.758,0,Military Capability,2.0876712328767124,"MOD_0093_1415-Q3,1617-Q2",MOD,Amber/Green,Not new,,,2020/beis/BEIS_Government_Major_Projects_Portfolio_data_September_2019.xlsx,2016-09-30,MOD_0093_1415-Q3,Amber/Green,1856.758,2017-01-01,MOD::army reserve development programme,army reserve development programme,MOD::army reserve development programme,name,Army Reserve Development Programme,Amber/Green,1856.75,2017-01-01,both,True
MOD_0094_1415-Q3,"Contracting, Purchasing and Finance",AR 2017,1617-Q2,MOD,Amber/Red,2011-12-01 00:00:00,2018-03-31 00:00:00,35.881,30.935,-4.9460000000000015,-0.1378445416794404,146.734,146.734,0,Government Transformation and Service Delivery,6.3342465753424655,"MOD_0094_1415-Q3,1617-Q2",MOD,Amber/Red,Not new,,,2020/beis/BEIS_Government_Major_Projects_Portfolio_data_September_2019.xlsx,2016-09-30,MOD_0094_1415-Q3,Amber/Red,146.734,2018-03-31,MOD_0094_1415-Q3,contracting purchasing and finance,MOD_0094_1415-Q3,gmpp_id,"Contracting, Purchasing and Finance",Amber/Red,146.74,2018-03-31,both,True
MOD_0100_1516-Q1,Future Beyond Line Of Sight,AR 2017,1617-Q2,MOD,Amber,2011-01-01 00:00:00,2041-12-31 00:00:00,0,0,0,0,Exempt,,0,ICT,31.019178082191782,"MOD_0100_1516-Q1,1617-Q2",MOD,Amber,Not new,,,2020/beis/BEIS_Government_Major_Projects_Portfolio_data_September_2019.xlsx,2016-09-30,MOD_0100_1516-Q1,Amber,,2041-12-31,MOD_0100_1516-Q1,future beyond line of sight,MOD_0100_1516-Q1,gmpp_id,Future Beyond Line Of Sight,Amber,,2041-12-31,both,True
MOD_0101_1516-Q1,New Style of Information Technology (Base),AR 2017,1617-Q2,MOD,Amber,2015-04-01 00:00:00,2018-03-05 00:00:00,0,0,0,0,Exempt,,0,ICT,2.9287671232876713,"MOD_0101_1516-Q1,1617-Q2",MOD,Amber,Not new,,,2020/beis/BEIS_Government_Major_Projects_Portfolio_data_September_2019.xlsx,2016-09-30,MOD_0101_1516-Q1,Amber,,2018-03-05,MOD_0101_1516-Q1,new style of information technology,MOD_0101_1516-Q1,gmpp_id,New Style of Information Technology (Base),Amber,,2018-03-05,both,True
MOD_0109_1617-Q2,New Style of Information Technology Deployed,AR 2017,1617-Q2,MOD,Exempt,,,0,0,0,0,Exempt,,0,ICT,0,"MOD_0109_1617-Q2,1617-Q2",MOD,Exempt,Joiner,,,2020/beis/BEIS_Government_Major_Projects_Portfolio_data_September_2019.xlsx,2016-09-30,MOD_0109_1617-Q2,EXEMPT,,,MOD_0109_1617-Q2,new style of information technology deployed,MOD_0109_1617-Q2,gmpp_id,New Style of Information Technology Deployed,EXEMPT,,,both,True
MOD_0104_1617-Q1,Armour MBT 2025,AR 2017,1617-Q2,MOD,Amber,2014-12-04 00:00:00,2026-06-01 00:00:00,6.373,5.573,-0.7999999999999998,-0.12552957790679425,744.783,744.783,0,Military Capability,11.498630136986302,"MoD_0104_1617-Q1,1617-Q2",MOD,Amber,Joiner,,,2020/beis/BEIS_Government_Major_Projects_Portfolio_data_September_2019.xlsx,2016-09-30,MOD_0104_1617-Q1,Amber,744.783,2026-06-01,MOD_0104_1617-Q1,armour mbt 2025,MOD_0104_1617-Q1,gmpp_id,Armour MBT 2025,Amber,744.79,2026-06-01,both,True
MOD_0105_1617-Q1,Land Environment Tactical Communication  and  Information Systems,AR 2017,1617-Q2,MOD,Amber/Red,2013-05-01 00:00:00,2035-12-01 00:00:00,168.545,169.373,0.828000000000003,0.0049126346079682165,11148.485,11148.485,0,Military Capability,22.6,"MoD_0105_1617-Q1,1617-Q2",MOD,Amber/Red,Joiner,,,2020/beis/BEIS_Government_Major_Projects_Portfolio_data_September_2019.xlsx,2016-09-30,MOD_0105_1617-Q1,Amber/Red,11148.485,2035-12-01,MOD_0105_1617-Q1,land environment tactical communication and information systems,MOD_0105_1617-Q1,gmpp_id,Land Environment Tactical Communication and Information Systems,Amber/Red,11148.48,2035-12-01,both,True
MOD_0106_1617-Q1,Maritime Patrol Aircraft ,AR 2017,1617-Q2,MOD,Amber,2014-07-08 00:00:00,2024-04-01 00:00:00,7.373,5.573,-1.7999999999999998,-0.24413400244133998,2132.494,2132.494,0,Military Capability,9.73972602739726,"MoD_0106_1617-Q1,1617-Q2",MOD,Amber,Joiner,,,2020/beis/BEIS_Government_Major_Projects_Portfolio_data_September_2019.xlsx,2016-09-30,MOD_0106_1617-Q1,Amber,2132.494,2024-04-01,MOD_0106_1617-Q1,maritime patrol aircraft,MOD_0106_1617-Q1,gmpp_id,Maritime Patrol Aircraft,Amber,2132.49,2024-04-01,both,True
MOD_0107_1617-Q1,PROTECTOR,AR 2017,1617-Q2,MOD,Amber,2009-04-30 00:00:00,2023-05-31 00:00:00,13.774,15.274,1.5,0.10890082764629012,929.321,929.321,0,Military Capability,14.093150684931507,"MoD_0107_1617-Q1,1617-Q2",MOD,Amber,Joiner,,,2020/beis/BEIS_Government_Major_Projects_Portfolio_data_September_2019.xlsx,2016-09-30,MOD_0107_1617-Q1,Amber,929.321,2023-05-31,MOD_0107_1617-Q1,protector,MOD_0107_1617-Q1,gmpp_id,PROTECTOR,Amber,929.34,2023-05-31,both,True
MOJ_0003_1112-Q1,Electronic Monitoring,AR 2017,1617-Q2,MOJ,Amber/Red,2011-05-10 00:00:00,2016-11-30 00:00:00,62.5,88.3,25.799999999999997,0.41279999999999994,380.6,380.6,0,Government Transformation and Service Delivery,5.564383561643836,"MOJ_0003_1112-Q1,1617-Q2",MOJ,Amber/Red,Not new,,,2020/beis/BEIS_Government_Major_Projects_Portfolio_data_September_2019.xlsx,2016-09-30,MOJ_0003_1112-Q1,Amber/Red,380.6,2016-11-30,MOJ_0003_1112-Q1,electronic monitoring,MOJ_0003_1112-Q1,gmpp_id,Electronic Monitoring (EM),Amber/Red,380.6,2016-11-30,both,True
MOJ_0004_1112-Q1,Future IT Sourcing Programme (FITS),AR 2017,1617-Q2,MOJ,Amber/Red,2011-03-01 00:00:00,2017-11-30 00:00:00,375,388.129,13.129000000000019,0.03501066666666672,2879.249,2879.249,0,ICT,6.756164383561644,"MOJ_0004_1112-Q1,1617-Q2",MOJ,Amber/Red,Not new,,,2020/beis/BEIS_Government_Major_Projects_Portfolio_data_September_2019.xlsx,2016-09-30,MOJ_0004_1112-Q1,Amber/Red,2879.249,2017-11-30,MOJ_0004_1112-Q1,future it sourcing programme,MOJ_0004_1112-Q1,gmpp_id,Future IT Sourcing Programme (FITS),Amber/Red,2879.25,2017-11-30,both,True
MOJ_0006_1112-Q1,Integrated Delivery Programme,AR 2017,1617-Q2,MOJ,Amber/Green,2009-07-01 00:00:00,2016-04-30 00:00:00,0,0,0,0,35.31,35.31,0,ICT,6.835616438356165,"MOJ_0006_1112-Q1,1617-Q2",MOJ,Amber/Green,Not new,,,2020/beis/BEIS_Government_Major_Projects_Portfolio_data_September_2019.xlsx,2016-09-30,MOJ_0006_1112-Q1,Amber/Green,35.31,2016-04-30,MOJ_0006_1112-Q1,integrated delivery programme,MOJ_0006_1112-Q1,gmpp_id,Integrated Delivery Programme (IDP),Amber/Green,35.31,2016-04-30,both,True
MOJ_0008_1112-Q1,Shared Services (ISSC2) Evolve,AR 2017,1617-Q2,MOJ,Amber/Red,2013-09-07 00:00:00,2015-11-05 00:00:00,76.764,75.512,-1.2519999999999953,-0.016309728518576355,395.1452,395.1452,0,ICT,2.1616438356164385,"MOJ_0008_1112-Q1,1617-Q2",MOJ,Amber/Red,Not new,,,2020/beis/BEIS_Government_Major_Projects_Portfolio_data_September_2019.xlsx,2016-09-30,MOJ_0008_1112-Q1,Amber/Red,395.1452,2015-11-05,MOJ_0008_1112-Q1,shared services evolve,,gmpp_id,MoJ Shared Services Evolve (SS Evolve) Programme,Amber/Red,395.15,2015-11-05,both,True
MOJ_0015_1112-Q2,NOMS ICTS Services (NIS) Programme (formally part of Quantum Re-compete Project),AR 2017,1617-Q2,MOJ,Green,2011-07-18 00:00:00,2016-06-30 00:00:00,13.4,12.08,-1.3200000000000003,-0.09850746268656718,40.8,40.8,0,ICT,4.956164383561644,"MOJ_0015_1112-Q2,1617-Q2",MOJ,Green,Not new,,,2020/beis/BEIS_Government_Major_Projects_Portfolio_data_September_2019.xlsx,2016-09-30,MOJ_0015_1112-Q2,Green,40.8,2016-06-30,MOJ_0015_1112-Q2,noms icts services programme,MOJ_0015_1112-Q2,gmpp_id,NOMS ICTS Services (NICTS) Programme (formally part of Quantum Re-compete Project),Green,40.8,2016-06-30,both,True
MOJ_0021_1314-Q1,CJS Common Platform,AR 2017,1617-Q2,MOJ,Amber,2012-11-01 00:00:00,2019-03-29 00:00:00,92.74,73.11,-19.629999999999995,-0.2116670260944576,380.89,380.89,0,ICT,6.4082191780821915,"MOJ_0021_1314-Q1,1617-Q2",MOJ,Amber,Not new,,,2020/beis/BEIS_Government_Major_Projects_Portfolio_data_September_2019.xlsx,2016-09-30,MOJ_0021_1314-Q1,Amber,380.89,2019-03-29,MOJ_0021_1314-Q1,cjs common platform,,gmpp_id,Common Platform (CP),Amber,380.89,2019-03-29,both,True
MOJ_0023_1314-Q1,Berwyn Programme,AR 2017,1617-Q2,MOJ,Amber,2013-01-10 00:00:00,2018-05-31 00:00:00,104.4,122,17.599999999999994,0.16858237547892713,2252.7,2252.7,0,Infrastructure and Construction,5.389041095890411,"MOJ_0023_1314-Q1,1617-Q2",MOJ,Amber,Not new,,,2020/beis/BEIS_Government_Major_Projects_Portfolio_data_September_2019.xlsx,2016-09-30,MOJ_0023_1314-Q1,Amber,2252.7,2018-05-31,MOJ_0023_1314-Q1,berwyn programme,,gmpp_id,North Wales Prison (NWP ) Programme,Amber,2252.7,2018-05-31,both,True
MOJ_0027_1314-Q2,CJS Efficiency Programme Phase 3,AR 2017,1617-Q2,MOJ,Green,2013-04-30 00:00:00,2016-06-30 00:00:00,7.33,9.07,1.7400000000000002,0.23738062755798092,84.85,84.85,0,ICT,3.16986301369863,"MOJ_0027_1314-Q2,1617-Q2",MOJ,Green,Not new,,,2020/beis/BEIS_Government_Major_Projects_Portfolio_data_September_2019.xlsx,2016-09-30,MOJ_0027_1314-Q2,Green,84.85,2016-06-30,MOJ_0027_1314-Q2,cjs efficiency programme phase 3,,gmpp_id,CJS Efficiency Programme (CJS Efficiency),Green,84.85,2016-06-30,both,True
MOJ_0028_1314-Q2,HMCTS Reform,AR 2017,1617-Q2,MOJ,Amber/Red,2015-01-05 00:00:00,2022-03-31 00:00:00,147.2,139.19,-8.009999999999991,-0.054415760869565157,1638.48,1638.48,0,Government Transformation and Service Delivery,7.238356164383561,"MOJ_0028_1314-Q2,1617-Q2",MOJ,Amber/Red,Not new,,,2020/beis/BEIS_Government_Major_Projects_Portfolio_data_September_2019.xlsx,2016-09-30,MOJ_0028_1314-Q2,Amber/Red,1638.48,2022-03-31,MOJ_0028_1314-Q2,hmcts reform,,gmpp_id,Her Majesty's Courts and Tribunals Services (HMCTS) Reform Programme,Amber/Red,1638.48,2022-03-31,both,True
MOJ_0030_1516-Q1,Secure Training Centre (STC) Retendering,AR 2017,1617-Q2,MOJ,Amber/Red,2012-11-05 00:00:00,2017-05-01 00:00:00,10.83,10.83,0,0,86.98,86.98,0,Government Transformation and Service Delivery,4.487671232876712,"MOJ_0030_1516-Q1,1617-Q2",MOJ,Amber/Red,Not new,,,2020/beis/BEIS_Government_Major_Projects_Portfolio_data_September_2019.xlsx,2016-09-30,MOJ_0030_1516-Q1,Amber/Red,86.98,2017-05-01,MOJ_0030_1516-Q1,secure training centre retendering,,gmpp_id,Secure Training centre (STC) Retendering Project,Amber/Red,86.98,2017-05-01,both,True
MOJ_0032_1617-Q2,MoJ Future FM ,AR 2017,1617-Q2,MOJ,Amber,2016-07-01 00:00:00,2018-04-01 00:00:00,1.6,1.6,0,0,288.8,288.8,0,Government Transformation and Service Delivery,1.7506849315068493,"MOJ_0032_1617-Q2,1617-Q2",MOJ,Amber,Joiner,,,2020/beis/BEIS_Government_Major_Projects_Portfolio_data_September_2019.xlsx,2016-09-30,MOJ_0032_1617-Q2,Amber,288.8,2018-04-01,MOJ_0032_1617-Q2,moj future fm,MOJ_0032_1617-Q2,gmpp_id,MoJ Future FM,Amber,288.8,2018-04-01,both,True
MOJ_0033_1617-Q2,Prison Estate Transformation Programme (PETP),AR 2017,1617-Q2,MOJ,Amber,2016-04-01 00:00:00,2021-12-31 00:00:00,0,0,0,0,0,0,0,Infrastructure and Construction,5.7534246575342465,"MOJ_0033_1617-Q2,1617-Q2",MOJ,Amber,Joiner,,,2020/beis/BEIS_Government_Major_Projects_Portfolio_data_September_2019.xlsx,2016-09-30,MOJ_0033_1617-Q2,Amber,0.0,2021-12-31,MOJ_0033_1617-Q2,prison estate transformation programme,MOJ_0033_1617-Q2,gmpp_id,Prison Estate Transformation Programme (PETP),Amber,0.0,2021-12-31,both,True
MOJ_0034_1617-Q2,NOMS Digital Transformation Programme,AR 2017,1617-Q2,MOJ,Amber,2016-01-01 00:00:00,2021-03-31 00:00:00,0,0,0,0,0,0,0,Government Transformation and Service Delivery,5.249315068493151,"MOJ_0034_1617-Q2,1617-Q2",MOJ,Amber,Joiner,,,2020/beis/BEIS_Government_Major_Projects_Portfolio_data_September_2019.xlsx,2016-09-30,MOJ_0034_1617-Q2,Amber,0.0,2021-03-31,MOJ_0034_1617-Q2,noms digital transformation programme,MOJ_0034_1617-Q2,gmpp_id,NOMS Digital Transformation Programme,Amber,0.0,2021-03-31,both,True
NCA_0001_1415-Q2,NCA Transformation Programme,AR 2017,1617-Q2,NCA,Amber,2014-04-01 00:00:00,2019-03-31 00:00:00,25.5,25.5,0,0,306.8,306.8,0,Government Transformation and Service Delivery,5,"NCA_0001_1415-Q2,1617-Q2",NCA,Amber,Not new,,,2020/beis/BEIS_Government_Major_Projects_Portfolio_data_September_2019.xlsx,2016-09-30,NCA_0001_1415-Q2,Amber,306.8,2019-03-31,NCA_0001_1415-Q2,nca transformation programme,,gmpp_id,,,,,left_only,False
NCA_0002_1617-Q2,IT Transformation Programme,AR 2017,1617-Q2,NCA,Amber,2016-04-01 00:00:00,2022-07-31 00:00:00,14,14,0,0,168.6844,168.6844,0,ICT,6.3342465753424655,"NCA_0002_1617-Q2,1617-Q2",NCA,Amber,Joiner,,,2020/beis/BEIS_Government_Major_Projects_Portfolio_data_September_2019.xlsx,2016-09-30,NCA_0002_1617-Q2,Amber,168.6844,2022-07-31,,it transformation programme,,unmatched,,,,,left_only,False
ONS_0002_1112-Q1,Census Transformation Programme,AR 2017,1617-Q2,ONS,Amber,2015-01-01 00:00:00,2025-03-31 00:00:00,36.03,36.03,0,0,905.76,905.76,0,Government Transformation and Service Delivery,10.252054794520548,"ONS_0002_1112-Q1,1617-Q2",ONS,Amber,Not new,,,2020/beis/BEIS_Government_Major_Projects_Portfolio_data_September_2019.xlsx,2016-09-30,ONS_0002_1112-Q1,Amber,905.76,2025-03-31,ONS_0002_1112-Q1,census transformation programme,,gmpp_id,,,,,left_only,False
BEIS_0001_1617-Q2,Heat Networks Investment Project,AR 2018,1718-Q2 ,BEIS,Exempt,2015-11-25 00:00:00,2021-03-31 00:00:00,33.67,21.6,-12.07,-0.35847935847935847,365.98,,,Infrastructure and Construction,0,"BEIS_0001_1617-Q2,1718 - Q2 ",,Exempt,Not new,,,2020/beis/BEIS_Government_Major_Projects_Portfolio_data_September_2019.xlsx,2017-09-30,BEIS_0001_1617-Q2,EXEMPT,365.98,2021-03-31,BEIS_0001_1617-Q2,heat networks investment project,BEIS_0001_1617-Q2,gmpp_id,Heat Networks Investment Project,EXEMPT,365.98,2021-03-31,both,True
BEIS_0002_1718-Q1,UKRI Implementation Programme,AR 2018,1718-Q2 ,BEIS,Amber,2016-01-01 00:00:00,2018-10-01 00:00:00,9.4,9.4,0,0,9.4,,,Government Transformation and Service Delivery,0,"BEIS_0002_1718-Q1,1718 - Q2 ",,Amber,Joiner,,,2020/beis/BEIS_Government_Major_Projects_Portfolio_data_September_2019.xlsx,2017-09-30,BEIS_0002_1718-Q1,Amber,9.4,2018-10-01,BEIS lineage::ukri implementation programme,ukri implementation programme,BEIS lineage::ukri implementation programme,name,UKRI Implementation Programme,Amber,9.4,2018-10-01,both,True
BIS_0014_1415-Q3,New Polar Research Vessel,AR 2018,1718-Q2 ,BEIS,Amber/Green,2014-05-01 00:00:00,2022-12-31 00:00:00,113,111,-2,-0.017699115044247787,1403,,,Infrastructure and Construction,8.673972602739726,"BIS_0014_1415-Q3,1718 - Q2 ",,Amber/Green,Not new,,,2020/beis/BEIS_Government_Major_Projects_Portfolio_data_September_2019.xlsx,2017-09-30,BIS_0014_1415-Q3,Amber/Green,1403.0,2022-12-31,BIS_0014_1415-Q3,new polar research vessel,BIS_0014_1415-Q3,gmpp_id,New Polar Research Vessel,Amber/Green,1403.0,2022-12-31,both,True
BIS_0015_1516-Q1,Local Land Charges (LLC) Programme,AR 2018,1718-Q2 ,BEIS,Amber,2014-03-01 00:00:00,2023-11-17 00:00:00,25.8,13.6,-12.200000000000001,-0.4728682170542636,193.30000000000004,,,ICT,0,"BIS_0015_1516-Q1,1718 - Q2 ",,Amber,Not new,,,2020/beis/BEIS_Government_Major_Projects_Portfolio_data_September_2019.xlsx,2017-09-30,BIS_0015_1516-Q1,Amber,193.30000000000004,2023-11-17,BIS_0015_1516-Q1,local land charges programme,BIS_0015_1516-Q1,gmpp_id,Local Land Charges (LLC) Programme,Amber,193.3,2023-11-17,both,True
CO_0011_1415-Q4,ISSC2,AR 2018,1718-Q2 ,CO,Amber,2012-12-28 00:00:00,2021-03-28 00:00:00,380.3,323,-57.30000000000001,-0.15067052327110178,2728.5,,,Government Transformation and Service Delivery,8.252054794520548,"CO_0011_1415-Q4,1718 - Q2 ",,Amber,Not new,,,2020/beis/BEIS_Government_Major_Projects_Portfolio_data_September_2019.xlsx,2017-09-30,CO_0011_1415-Q4,Amber,2728.5,2021-03-28,CO_0011_1415-Q4,issc2,CO_0011_1415-Q4,gmpp_id,ISSC2,Amber,2728.5,2021-03-28,both,True
CO_0012_1415-Q4,Commercial Capability Programme,AR 2018,1718-Q2 ,CO,Amber,2015-01-01 00:00:00,2018-03-31 00:00:00,9.2,9.2,0,0,20.6,,,Government Transformation and Service Delivery,0,"CO_0012_1415-Q4,1718 - Q2 ",,Amber,Not new,,,2020/beis/BEIS_Government_Major_Projects_Portfolio_data_September_2019.xlsx,2017-09-30,CO_0012_1415-Q4,Amber,20.6,2018-03-31,CO_0012_1415-Q4,commercial capability programme,CO_0012_1415-Q4,gmpp_id,Commercial Capability Programme,Amber,20.6,2018-03-31,both,True
CO_0013_1516-Q2,Foxhound Programme,AR 2018,1718-Q2 ,CO,Amber/Green,2013-09-01 00:00:00,2018-12-31 00:00:00,27.6,33.05,5.449999999999996,0.19746376811594185,174.3,,,ICT,0,"CO_0013_1516-Q2,1718 - Q2 ",,Amber/Green,Not new,,,2020/beis/BEIS_Government_Major_Projects_Portfolio_data_September_2019.xlsx,2017-09-30,CO_0013_1516-Q2,Amber/Green,174.3,2018-12-31,CO_0013_1516-Q2,foxhound programme,CO_0013_1516-Q2,gmpp_id,Foxhound Programme,Amber/Green,174.3,2018-12-31,both,True
CO_0014_1516-Q2,Government Hubs Programme,AR 2018,1718-Q2 ,CO,Amber,2015-05-01 00:00:00,2025-03-31 00:00:00,86.5,86.5,0,0,638.8699999999999,,,Government Transformation and Service Delivery,0,"CO_0014_1516-Q2,1718 - Q2 ",,Amber,Not new,,,2020/beis/BEIS_Government_Major_Projects_Portfolio_data_September_2019.xlsx,2017-09-30,CO_0014_1516-Q2,Amber,638.8699999999999,2025-03-31,CO_0014_1516-Q2,government hubs programme,CO_0014_1516-Q2,gmpp_id,Government Hubs Programme,Amber,638.87,2025-03-31,both,True
CO_0015_1516-Q2,Gov UK Verify,AR 2018,1718-Q2 ,CO,Amber,2012-04-01 00:00:00,2020-03-31 00:00:00,Exempt,Exempt,-,-,Exempt,,,ICT,8.002739726027396,"CO_0015_1516-Q2,1718 - Q2 ",,Exempt,Not new,,,2020/beis/BEIS_Government_Major_Projects_Portfolio_data_September_2019.xlsx,2017-09-30,CO_0015_1516-Q2,Amber,,2020-03-31,CO_0015_1516-Q2,gov uk verify,CO_0015_1516-Q2,gmpp_id,Gov UK Verify,Amber,,2020-03-31,both,True
CO_0016_1516-Q4,1617 New Property Model Programme ,AR 2018,1718-Q2 ,CO,Amber/Red,2015-04-01 00:00:00,2021-04-01 00:00:00,11.1,11.1,0,0,93.93,,,Government Transformation and Service Delivery,0,"CO_0016_1516-Q4,1718 - Q2 ",,Amber/Red,Not new,,,2020/beis/BEIS_Government_Major_Projects_Portfolio_data_September_2019.xlsx,2017-09-30,CO_0016_1516-Q4,Amber/Red,93.93,2021-04-01,CO_0016_1516-Q4,1617 new property model programme,CO_0016_1516-Q4,gmpp_id,1617 New Property Model Programme,Amber/Red,93.93,2021-04-01,both,True
CO_0018_1617-Q3,Common Technology Services,AR 2018,1718-Q2 ,CO,Amber,2016-04-01 00:00:00,2020-03-31 00:00:00,12.2,11.7,-0.5,-0.04098360655737705,52.6,,,Government Transformation and Service Delivery,0,"CO_0018_1617-Q3,1718 - Q2 ",,Amber,Joiner,,,2020/beis/BEIS_Government_Major_Projects_Portfolio_data_September_2019.xlsx,2017-09-30,CO_0018_1617-Q3,Amber,52.6,2020-03-31,CO_0018_1617-Q3,common technology services,CO_0018_1617-Q3,gmpp_id,Common Technology Services,Amber,52.6,2020-03-31,both,True
CO_0019_1617-Q4,Government as a Platform,AR 2018,1718-Q2 ,CO,Amber,2015-12-31 00:00:00,2021-03-31 00:00:00,23,22,-1,-0.043478260869565216,90,,,ICT,0,"CO_0019_1617-Q4,1718 - Q2 ",,Amber,Joiner,,,2020/beis/BEIS_Government_Major_Projects_Portfolio_data_September_2019.xlsx,2017-09-30,CO_0019_1617-Q4,Amber,90.0,2021-03-31,CO_0019_1617-Q4,government as a platform,CO_0019_1617-Q4,gmpp_id,Government as a Platform,Amber,90.0,2021-03-31,both,True
DCMS_0001_1112-Q1,Broadband Delivery Programme,AR 2018,1718-Q2 ,DCMS,Amber/Green,2010-12-06 00:00:00,2020-12-31 00:00:00,236.10000000000002,187.6,-48.50000000000003,-0.2054214315967811,2439.2099999999996,,,Infrastructure and Construction,10.076712328767123,"DCMS_0001_1112-Q1,1718 - Q2 ",,Amber/Green,Not new,,,2020/beis/BEIS_Government_Major_Projects_Portfolio_data_September_2019.xlsx,2017-09-30,DCMS_0001_1112-Q1,Amber/Green,2439.2099999999996,2020-12-31,DCMS::broadband delivery programme,broadband delivery programme,DCMS::broadband delivery programme,name,Broadband Delivery Programme,Amber/Green,2439.21,2020-12-31,both,True
DCMS_0008_1516-Q4,Blythe House Programme,AR 2018,1718-Q2 ,DCMS,Amber,2015-11-25 00:00:00,2023-03-31 00:00:00,62.6,68.41,5.809999999999995,0.09281150159744402,338,,,Infrastructure and Construction,0,"DCMS_0008_1516-Q4,1718 - Q2 ",,Amber,Not new,,,2020/beis/BEIS_Government_Major_Projects_Portfolio_data_September_2019.xlsx,2017-09-30,DCMS_0008_1516-Q4,Amber,338.0,2023-03-31,DCMS_0008_1516-Q4,blythe house programme,DCMS_0008_1516-Q4,gmpp_id,Blythe House Programme,Amber,338.0,2023-03-31,both,True
DCMS_0009_1516-Q4,700 MHz Clearance Programme,AR 2018,1718-Q2 ,DCMS,Amber/Green,2016-01-13 00:00:00,2022-01-01 00:00:00,103.7,91.69999999999999,-12.000000000000014,-0.1157184185149471,594.9200000000001,,,Infrastructure and Construction,0,"DCMS_0009_1516-Q4,1718 - Q2 ",,Amber/Green,Not new,,,2020/beis/BEIS_Government_Major_Projects_Portfolio_data_September_2019.xlsx,2017-09-30,DCMS_0009_1516-Q4,Amber/Green,594.9200000000001,2022-01-01,DCMS_0009_1516-Q4,700 mhz clearance programme,DCMS_0009_1516-Q4,gmpp_id,700 MHz Clearance Programme,Amber/Green,594.92,2022-01-01,both,True
DECC_0005_1112-Q1,Geological Disposal Facility Programme (GDF),AR 2018,1718-Q2 ,BEIS,Amber/Red,2008-06-30 00:00:00,2040-12-31 00:00:00,32.24,32.25,0.00999999999999801,0.0003101736972704097,12131.5,,,Infrastructure and Construction,32.52602739726027,"DECC_0005_1112-Q1,1718 - Q2 ",,Amber/Red,Not new,,,2020/beis/BEIS_Government_Major_Projects_Portfolio_data_September_2019.xlsx,2017-09-30,DECC_0005_1112-Q1,Amber/Red,12131.5,2040-12-31,DECC_0005_1112-Q1,geological disposal facility programme,DECC_0005_1112-Q1,gmpp_id,Geological Disposal Facility Programme (GDF),Amber/Red,12131.5,2040-12-31,both,True
DECC_0010_1112-Q1,Smart Metering Implementation Programme,AR 2018,1718-Q2 ,BEIS,Amber,2009-12-02 00:00:00,2020-12-31 00:00:00,736.51,737.76,1.25,0.001697193520794015,17215.78,,,Infrastructure and Construction,11.087671232876712,"DECC_0010_1112-Q1,1718 - Q2 ",,Amber,Not new,,,2020/beis/BEIS_Government_Major_Projects_Portfolio_data_September_2019.xlsx,2017-09-30,DECC_0010_1112-Q1,Amber,17215.78,2020-12-31,DECC_0010_1112-Q1,smart metering implementation programme,DECC_0010_1112-Q1,gmpp_id,Smart Metering Implementation Programme,Amber,17215.78,2020-12-31,both,True
DECC_0013_1213-Q1,Magnox & RSRL PBO Competition,AR 2018,1718-Q2 ,BEIS,Amber,2012-04-03 00:00:00,2015-08-31 00:00:00,572,555,-17,-0.02972027972027972,3081,,,Infrastructure and Construction,3.410958904109589,"DECC_0013_1213-Q1,1718 - Q2 ",,Amber,Not new,,,2020/beis/BEIS_Government_Major_Projects_Portfolio_data_September_2019.xlsx,2017-09-30,DECC_0013_1213-Q1,Amber,3081.0,2015-08-31,DECC_0013_1213-Q1,magnox and rsrl pbo competition,DECC_0013_1213-Q1,gmpp_id,Magnox & RSRL PBO Competition,Amber,3081.0,2015-08-31,both,True
DECC_0017_1516-Q1,Sellafield Model Change  (SMC),AR 2018,1718-Q2 ,BEIS,Amber/Green,2015-01-13 00:00:00,2017-05-24 00:00:00,2341.7,2260.7,-81,-0.03459025494299014,30011.2,,,Government Transformation and Service Delivery,2.361643835616438,"DECC_0017_1516-Q1,1718 - Q2 ",,Amber/Green,Not new,,,2020/beis/BEIS_Government_Major_Projects_Portfolio_data_September_2019.xlsx,2017-09-30,DECC_0017_1516-Q1,Amber/Green,30011.2,2017-05-24,BEIS lineage::sellafield model change,sellafield model change,BEIS lineage::sellafield model change,name,Sellafield Model Change (SMC),Amber/Green,30011.2,2017-05-24,both,True
DEFRA_0006_1516-Q1,DEFRA UNITY PROGRAMME,AR 2018,1718-Q2 ,DEFRA,Amber,2014-11-01 00:00:00,2018-10-31 00:00:00,197.60000000000002,162.6,-35.00000000000003,-0.1771255060728746,1048.4000000000003,,,ICT,4,"DEFRA_0006_1516-Q1,1718 - Q2 ",,Amber,Not new,,,2020/beis/BEIS_Government_Major_Projects_Portfolio_data_September_2019.xlsx,2017-09-30,DEFRA_0006_1516-Q1,Amber,1048.4000000000003,2018-10-31,DEFRA_0006_1516-Q1,defra unity programme,DEFRA_0006_1516-Q1,gmpp_id,DEFRA UNITY PROGRAMME,Amber,1048.4,2018-10-31,both,True
DFE_0004_1415-Q2,Priority School Building Programme 1,AR 2018,1718-Q2 ,DfE,Amber/Green,2011-07-19 00:00:00,2021-09-19 00:00:00,381.85,319.28999999999996,-62.56000000000006,-0.1638339662171011,2313.7900000000004,,,Infrastructure and Construction,10.178082191780822,"DFE_0004_1415-Q2,1718 - Q2 ",,Amber/Green,Joiner,,,2020/beis/BEIS_Government_Major_Projects_Portfolio_data_September_2019.xlsx,2017-09-30,DFE_0004_1415-Q2,Amber/Green,2313.7900000000004,2021-09-19,DFE::priority school building programme 1 capital,priority school building programme 1,DFE::priority school building programme 1 capital,name,Priority School Building Programme 1,Amber/Green,2313.79,2021-09-19,both,True
DFE_0005_1415-Q2,PSBP Private Finance,AR 2018,1718-Q2 ,DfE,Green,2011-07-19 00:00:00,2043-07-01 00:00:00,186.5,190.10000000000002,3.6000000000000227,0.01930294906166232,2652,,,Infrastructure and Construction,31.972602739726028,"DFE_0005_1415-Q2,1718 - Q2 ",,Green,Not new,,,2020/beis/BEIS_Government_Major_Projects_Portfolio_data_September_2019.xlsx,2017-09-30,DFE_0005_1415-Q2,Green,2652.0,2043-07-01,DFE_0005_1415-Q2,psbp private finance,DFE::psbp private finance,gmpp_id,,,,,left_only,False
DFE_0006_1415-Q3,Priority School Building Programme 2,AR 2018,1718-Q2 ,DfE,Amber/Red,2014-05-01 00:00:00,2022-12-31 00:00:00,402.25,100.91,-301.34000000000003,-0.7491361093847111,2089.31,,,Infrastructure and Construction,8.673972602739726,"DFE_0006_1415-Q3,1718 - Q2 ",,Amber/Red,Joiner,,,2020/beis/BEIS_Government_Major_Projects_Portfolio_data_September_2019.xlsx,2017-09-30,DFE_0006_1415-Q3,Amber/Red,2089.31,2022-12-31,DFE_0006_1415-Q3,priority school building programme 2,DFE_0006_1415-Q3,gmpp_id,Priority School Building Programme 2,Amber/Red,2089.31,2022-12-31,both,True
DFE_0007_1617-Q1,30 Hrs Free Childcare Project,AR 2018,1718-Q2 ,DfE,Amber,2015-05-11 00:00:00,2018-09-30 00:00:00,409.1,436.903,27.802999999999997,0.0679613786360303,1920.72,,,Government Transformation and Service Delivery,3.3917808219178083,"DFE_0007_1617-Q1,1718 - Q2 ",,Amber,Not new,,,2020/beis/BEIS_Government_Major_Projects_Portfolio_data_September_2019.xlsx,2017-09-30,DFE_0007_1617-Q1,Amber,1920.72,2018-09-30,DFE_0007_1617-Q1,30 hrs free childcare project,DFE_0007_1617-Q1,gmpp_id,30 Hrs Free Childcare Project,Amber,1920.72,2018-09-30,both,True
DfE_0009_1617-Q2,Apprenticeships Reform Programme,AR 2018,1718-Q2 ,DfE,Amber,2015-05-08 00:00:00,2021-04-01 00:00:00,2036.1,1684.1000000000001,-351.9999999999998,-0.1728795245813073,11347.5,,,Government Transformation and Service Delivery,5.904109589041096,"DfE_0009_1617-Q2,1718 - Q2 ",,Amber,Not new,,,2020/beis/BEIS_Government_Major_Projects_Portfolio_data_September_2019.xlsx,2017-09-30,DFE_0009_1617-Q2,Amber,11347.5,2021-04-01,DFE_0009_1617-Q2,apprenticeships reform programme,DFE_0009_1617-Q2,gmpp_id,Apprenticeships Reform Programme,Amber,11347.5,2021-04-01,both,True
DFID_0001_1112-Q1,St Helena Airport,AR 2018,1718-Q2 ,DFID,Amber/Green,2005-03-15 00:00:00,2026-08-31 00:00:00,6,6.5,0.5,0.08333333333333333,445.12,,,Infrastructure and Construction,0,"DFID_0001_1112-Q1,1718 - Q2 ",,Amber/Green,Not new,,,2020/beis/BEIS_Government_Major_Projects_Portfolio_data_September_2019.xlsx,2017-09-30,DFID_0001_1112-Q1,Amber/Green,445.12,2026-08-31,DFID_0001_1112-Q1,st helena airport,DFID_0001_1112-Q1,gmpp_id,St Helena Airport,Amber/Green,445.12,2026-08-31,both,True
DFT_0001_1112-Q1,Crossrail Programme,AR 2018,1718-Q2 ,DfT,Amber,22/07/2008,31/12/2019,972.02,1857.1,885.0799999999999,0.9105573959383552,14768.869999999999,,,Infrastructure and Construction,11.449315068493151,"DFT_0001_1112-Q1,1718 - Q2 ",,Amber,Not new,,,2020/beis/BEIS_Government_Major_Projects_Portfolio_data_September_2019.xlsx,2017-09-30,DFT_0001_1112-Q1,Amber,14768.869999999999,2019-12-31,DFT_0001_1112-Q1,crossrail programme,DFT_0001_1112-Q1,gmpp_id,Crossrail Programme,Amber,14768.87,2019-12-31,both,True
DFT_0004_1112-Q1,High Speed Rail Programme (HS2),AR 2018,1718-Q2 ,DfT,Amber/Red,2011-02-28 00:00:00,2033-12-31 00:00:00,1845.8,1845.8,0,0,55700,,,Infrastructure and Construction,22.854794520547944,"DFT_0004_1112-Q1,1718 - Q2 ",,Amber/Red,Not new,,,2020/beis/BEIS_Government_Major_Projects_Portfolio_data_September_2019.xlsx,2017-09-30,DFT_0004_1112-Q1,Amber/Red,55700.0,2033-12-31,DFT_0004_1112-Q1,high speed rail programme,DFT_0004_1112-Q1,gmpp_id,High Speed Rail Programme (HS2),Amber/Red,55700.0,2033-12-31,both,True
DFT_0005_1112-Q1,Intercity Express Programme,AR 2018,1718-Q2 ,DfT,Red,2005-06-01 00:00:00,2020-02-06 00:00:00,224.9,242.8,17.900000000000006,0.07959092930191199,6679.25,,,Infrastructure and Construction,14.693150684931506,"DFT_0005_1112-Q1,1718 - Q2 ",,Red,Not new,,,2020/beis/BEIS_Government_Major_Projects_Portfolio_data_September_2019.xlsx,2017-09-30,DFT_0005_1112-Q1,Red,6679.25,2020-02-06,DFT_0005_1112-Q1,intercity express programme,DFT_0005_1112-Q1,gmpp_id,Intercity Express Programme,Red,6679.25,2020-02-06,both,True
DFT_0014_1112-Q1,Search and Rescue Helicopters,AR 2018,1718-Q2 ,DfT,Green,2011-02-08 00:00:00,2017-09-08 00:00:00,224.3,204.4,-19.900000000000006,-0.08872046366473475,2157.4,,,Infrastructure and Construction,6.586301369863014,"DFT_0014_1112-Q1,1718 - Q2 ",,Green,Not new,,,2020/beis/BEIS_Government_Major_Projects_Portfolio_data_September_2019.xlsx,2017-09-30,DFT_0014_1112-Q1,Green,2157.4,2017-09-08,DFT::search and rescue helicopters,search and rescue helicopters,DFT::search and rescue helicopters,name,Search and Rescue Helicopters,Green,2157.4,2017-09-08,both,True
DFT_0016_1112-Q1,Thameslink,AR 2018,1718-Q2 ,DfT,Amber,2005-07-01 00:00:00,2026-12-31 00:00:00,22,22,0,0,7210,,,Infrastructure and Construction,21.515068493150686,"DFT_0016_1112-Q1,1718 - Q2 ",,Amber,Not new,,,2020/beis/BEIS_Government_Major_Projects_Portfolio_data_September_2019.xlsx,2017-09-30,DFT_0016_1112-Q1,Amber,7210.0,2026-12-31,DFT_0016_1112-Q1,thameslink,,gmpp_id,Thameslink Programme,Amber,7210.0,2026-12-31,both,True
DFT_0020_1314-Q2,A14 Cambridge to Huntingdon Improvement Scheme,AR 2018,1718-Q2 ,DfT,Amber,2012-09-01 00:00:00,30/09/2021,414.9,363.9,-51,-0.12292118582791034,1423.8,,,Infrastructure and Construction,9.084931506849315,"DFT_0020_1314-Q2,1718 - Q2 ",,Amber,Not new,,,2020/beis/BEIS_Government_Major_Projects_Portfolio_data_September_2019.xlsx,2017-09-30,DFT_0020_1314-Q2,Amber,1423.8,2021-09-30,DFT_0020_1314-Q2,a14 cambridge to huntingdon improvement scheme,DFT_0020_1314-Q2,gmpp_id,A14 Cambridge to Huntingdon Improvement Scheme,Amber,1423.8,2021-09-30,both,True
DFT_0021_1314-Q3,Rail Franchising Programme,AR 2018,1718-Q2 ,DfT,Amber/Red,2013-03-26 00:00:00,2019-12-01 00:00:00,8.7,8.7,0,0,35.3,,,Government Transformation and Service Delivery,6.6876712328767125,"DFT_0021_1314-Q3,1718 - Q2 ",,Amber/Red,Not new,,,2020/beis/BEIS_Government_Major_Projects_Portfolio_data_September_2019.xlsx,2017-09-30,DFT_0021_1314-Q3,Amber/Red,35.3,2019-12-01,DFT_0021_1314-Q3,rail franchising programme,DFT_0021_1314-Q3,gmpp_id,Rail Franchising Programme,Amber/Red,35.3,2019-12-01,both,True
DfT_0022_1415-Q4,Lower Thames Crossing Feasibility,AR 2018,1718-Q2 ,DfT,Amber/Red,2014-05-30 00:00:00,2028-07-31 00:00:00,49.9,49.9,0,0,4648.800000000001,,,Infrastructure and Construction,14.180821917808219,"DfT_0022_1415-Q4,1718 - Q2 ",,Amber/Red,Not new,,,2020/beis/BEIS_Government_Major_Projects_Portfolio_data_September_2019.xlsx,2017-09-30,DFT_0022_1415-Q4,Amber/Red,4648.800000000001,2028-07-31,DFT_0022_1415-Q4,lower thames crossing feasibility,,gmpp_id,Lower Thames Crossing,Amber/Red,4648.8,2028-07-31,both,True
DfT_0023_1516-Q3,Airport Capacity Programme,AR 2018,1718-Q2 ,DfT,Amber,2015-07-01 00:00:00,2029-12-31 00:00:00,14.7,8.8,-5.899999999999999,-0.401360544217687,22747,,,Infrastructure and Construction,14.512328767123288,"DfT_0023_1516-Q3,1718 - Q2 ",,Amber,Not new,,,2020/beis/BEIS_Government_Major_Projects_Portfolio_data_September_2019.xlsx,2017-09-30,DFT_0023_1516-Q3,Amber,22747.0,2029-12-31,DFT_0023_1516-Q3,airport capacity programme,DFT_0023_1516-Q3,gmpp_id,Airport Capacity Programme,Amber,22747.0,2029-12-31,both,True
DFT_0024_1516-Q4,A303 Amesbury to Berwick Down,AR 2018,1718-Q2 ,DfT,Amber,2014-12-01 00:00:00,2026-06-01 00:00:00,15.6,15.6,0,0,1901.9,,,Infrastructure and Construction,11.506849315068493,"DFT_0024_1516-Q4,1718 - Q2 ",,Amber,Not new,,,2020/beis/BEIS_Government_Major_Projects_Portfolio_data_September_2019.xlsx,2017-09-30,DFT_0024_1516-Q4,Amber,1901.9,2026-06-01,DFT_0024_1516-Q4,a303 amesbury to berwick down,,gmpp_id,,,,,left_only,False
DFT_0025_1617-Q1,East West Rail,AR 2018,1718-Q2 ,DfT,Amber/Red,2012-10-31 00:00:00,2024-03-31 00:00:00,14.9,58.6,43.7,2.9328859060402688,1465.8,,,Infrastructure and Construction,11.421917808219177,"DFT_0025_1617-Q1,1718 - Q2 ",,Amber/Red,Not new,,,2020/beis/BEIS_Government_Major_Projects_Portfolio_data_September_2019.xlsx,2017-09-30,DFT_0025_1617-Q1,Amber/Red,1465.8,2024-03-31,DFT_0025_1617-Q1,east west rail,,gmpp_id,East West Rail Programme (Western Section),Amber/Red,1465.8,2024-03-31,both,True
DFT_0026_1617-Q1,Great Western Route Modernisation (GWRM) including electrification,AR 2018,1718-Q2 ,DfT,Amber/Red,2011-12-01 00:00:00,31/12/2024,876.9,789.9,-87,-0.09921313718782074,5507,,,Infrastructure and Construction,13.093150684931507,"DFT_0026_1617-Q1,1718 - Q2 ",,Amber/Red,Not new,,,2020/beis/BEIS_Government_Major_Projects_Portfolio_data_September_2019.xlsx,2017-09-30,DFT_0026_1617-Q1,Amber/Red,5507.0,2024-12-31,DFT_0026_1617-Q1,great western route modernisation including electrification,DFT_0026_1617-Q1,gmpp_id,Great Western Route Modernisation (GWRM) including electrification,Amber/Red,5507.0,2024-12-31,both,True
DFT_0027_1617-Q1,Midland Main Line Programme,AR 2018,1718-Q2 ,DfT,Amber,2011-01-01 00:00:00,2024-12-31 00:00:00,271.6,270.7,-0.9000000000000341,-0.00331369661266581,1521.6000000000001,,,Infrastructure and Construction,14.008219178082191,"DFT_0027_1617-Q1,1718 - Q2 ",,Amber,Not new,,,2020/beis/BEIS_Government_Major_Projects_Portfolio_data_September_2019.xlsx,2017-09-30,DFT_0027_1617-Q1,Amber,1521.6000000000001,2024-12-31,DFT_0027_1617-Q1,midland main line programme,DFT_0027_1617-Q1,gmpp_id,Midland Main Line Programme,Amber,1521.6,2024-12-31,both,True
DFT_0028_1617-Q1,North of England Programme,AR 2018,1718-Q2 ,DfT,Amber/Red,2009-07-23 00:00:00,2022-12-31 00:00:00,494.3,629.9,135.59999999999997,0.27432733158001205,5114.900000000001,,,Infrastructure and Construction,13.449315068493151,"DFT_0028_1617-Q1,1718 - Q2 ",,Amber/Red,Not new,,,2020/beis/BEIS_Government_Major_Projects_Portfolio_data_September_2019.xlsx,2017-09-30,DFT_0028_1617-Q1,Amber/Red,5114.900000000001,2022-12-31,DFT_0028_1617-Q1,north of england programme,DFT_0028_1617-Q1,gmpp_id,North of England Programme,Amber/Red,5114.9,2022-12-31,both,True
DFT_0029_1617-Q1,South West Route Capacity,AR 2018,1718-Q2 ,DfT,Amber/Red,16/07/2012,2019-12-31 00:00:00,193.72,226.32,32.599999999999994,0.1682841214123477,734.7,,,Infrastructure and Construction,7.463013698630137,"DFT_0029_1617-Q1,1718 - Q2 ",,Amber/Red,Not new,,,2020/beis/BEIS_Government_Major_Projects_Portfolio_data_September_2019.xlsx,2017-09-30,DFT_0029_1617-Q1,Amber/Red,734.7,2019-12-31,DFT_0029_1617-Q1,south west route capacity,DFT_0029_1617-Q1,gmpp_id,South West Route Capacity,Amber/Red,734.7,2019-12-31,both,True
DFT_0030_1617-Q2,M20 Lorry Area,AR 2018,1718-Q2 ,DfT,Red,25/11/2015,20/01/2018,153.7,5.6,-148.1,-0.963565387117762,246.49999999999997,,,Infrastructure and Construction,2.1561643835616437,"DFT_0030_1617-Q2,1718 - Q2 ",,Red,Not new,,,2020/beis/BEIS_Government_Major_Projects_Portfolio_data_September_2019.xlsx,2017-09-30,DFT_0030_1617-Q2,Red,246.49999999999997,2018-01-20,DFT::m20 lorry area,m20 lorry area,DFT::m20 lorry area,name,M20 Lorry Area,Red,246.5,2018-01-20,both,True
DH_0015_1112-Q1,CSC Local Service Provider (LSP) Delivery Programme,AR 2018,1718-Q2 ,DH,Amber/Green,2003-06-23 00:00:00,2018-03-31 00:00:00,69.443461,78.62930939173779,9.185848391737792,0.13227809011042513,2109.8515399999997,,,Government Transformation and Service Delivery,14.780821917808218,"DH_0015_1112-Q1,1718 - Q2 ",,Amber/Green,Not new,,,2020/beis/BEIS_Government_Major_Projects_Portfolio_data_September_2019.xlsx,2017-09-30,DH_0015_1112-Q1,Amber/Green,2109.8515399999997,2018-03-31,DOH_0015_1112-Q1,csc local service provider delivery programme,DOH_0015_1112-Q1,name,CSC Local Service Provider (LSP) Delivery Programme,Amber/Green,2109.85,2018-03-31,both,True
DH_0017_1112-Q1,PHE Science Hub,AR 2018,1718-Q2 ,DH,Amber,2013-06-28 00:00:00,2025-06-30 00:00:00,157.51399999999998,185.687,28.17300000000003,0.1788602917835877,11621.878000000002,,,Infrastructure and Construction,12.013698630136986,"DH_0017_1112-Q1,1718 - Q2 ",,Amber,Not new,,,2020/beis/BEIS_Government_Major_Projects_Portfolio_data_September_2019.xlsx,2017-09-30,DH_0017_1112-Q1,Amber,11621.878000000002,2025-06-30,DH_0017_1112-Q1,phe science hub,DH_0017_1112-Q1,gmpp_id,PHE Science Hub,Amber,11621.88,2025-06-30,both,True
DH_0031_1314-Q1,National Proton Beam Therapy (PBT) Service Development Programme,AR 2018,1718-Q2 ,DH,Amber/Red,2012-01-01 00:00:00,2018-05-30 00:00:00,66.64,62.800000000000004,-3.8399999999999963,-0.05762304921968782,1247.2400000000002,,,Government Transformation and Service Delivery,6.413698630136986,"DH_0031_1314-Q1,1718 - Q2 ",,Amber/Red,Not new,,,2020/beis/BEIS_Government_Major_Projects_Portfolio_data_September_2019.xlsx,2017-09-30,DH_0031_1314-Q1,Amber/Red,1247.2400000000002,2018-05-30,DH_0031_1314-Q1,national proton beam therapy service development programme,DH_0031_1314-Q1,gmpp_id,National Proton Beam Therapy (PBT) Service Development Programme,Amber/Red,1247.24,2018-05-30,both,True
DH_0039_1314-Q2,NHS e-Referral Service,AR 2018,1718-Q2 ,DH,Amber/Red,2012-03-29 00:00:00,2018-03-31 00:00:00,28.47,22.619999999999997,-5.850000000000001,-0.2054794520547946,131.17,,,ICT,6.008219178082192,"DH_0039_1314-Q2,1718 - Q2 ",,Amber/Red,Not new,,,2020/beis/BEIS_Government_Major_Projects_Portfolio_data_September_2019.xlsx,2017-09-30,DH_0039_1314-Q2,Amber/Red,131.17,2018-03-31,DOH_0039_1314-Q2,nhs e referral service,DOH_0039_1314-Q2,name,NHS e-Referral Service,Amber/Red,131.17,2018-03-31,both,True
DH_0040_1314-Q2,NHSmail 2,AR 2018,1718-Q2 ,DH,Amber/Green,2012-03-29 00:00:00,2021-02-26 00:00:00,18.39,23.7998257739483,5.409825773948299,0.2941721464898477,133.05,,,ICT,8.92054794520548,"DH_0040_1314-Q2,1718 - Q2 ",,Amber/Green,Not new,,,2020/beis/BEIS_Government_Major_Projects_Portfolio_data_September_2019.xlsx,2017-09-30,DH_0040_1314-Q2,Amber/Green,133.05,2021-02-26,DOH_0040_1314-Q2,nhsmail 2,DOH_0040_1314-Q2,name,NHSmail 2,Amber/Green,133.05,2021-02-26,both,True
DH_0041_1314-Q2,Health & Social Care Network,AR 2018,1718-Q2 ,DH,Amber,2012-03-29 00:00:00,2021-03-31 00:00:00,155.05,96.12,-58.93000000000001,-0.3800709448564979,699.4600000000002,,,ICT,9.01095890410959,"DH_0041_1314-Q2,1718 - Q2 ",,Amber,Not new,,,2020/beis/BEIS_Government_Major_Projects_Portfolio_data_September_2019.xlsx,2017-09-30,DH_0041_1314-Q2,Amber,699.4600000000002,2021-03-31,DH_0041_1314-Q2,health and social care network,DH_0041_1314-Q2,gmpp_id,Health & Social Care Network,Amber,699.46,2021-03-31,both,True
DH_0043_1314-Q3,NHS Pension Re-let ,AR 2018,1718-Q2 ,DH,Amber,2013-07-05 00:00:00,2017-07-21 00:00:00,36.400000000000006,36.400000000000006,0,0,274.24,,,Government Transformation and Service Delivery,4.046575342465753,"DH_0043_1314-Q3,1718 - Q2 ",,Amber,Not new,,,2020/beis/BEIS_Government_Major_Projects_Portfolio_data_September_2019.xlsx,2017-09-30,DH_0043_1314-Q3,Amber,274.24,2017-07-21,DOH_0043_1314-Q3,nhs pension re let,DOH_0043_1314-Q3,name,NHS Pension Re-let,Amber,274.24,2017-07-21,both,True
DH_0046_1415-Q1,Medical Examiners Programme,AR 2018,1718-Q2 ,DH,Amber/Red,2007-07-24 00:00:00,2020-09-30 00:00:00,0.78,0.8,0.020000000000000018,0.025641025641025664,43.059999999999995,,,Government Transformation and Service Delivery,13.197260273972603,"DH_0046_1415-Q1,1718 - Q2 ",,Amber/Red,Not new,,,2020/beis/BEIS_Government_Major_Projects_Portfolio_data_September_2019.xlsx,2017-09-30,DH_0046_1415-Q1,Amber/Red,43.059999999999995,2020-09-30,DH_0046_1415-Q1,medical examiners programme,DH_0046_1415-Q1,gmpp_id,Medical Examiners Programme,Amber/Red,43.06,2020-09-30,both,True
DH_0048_1415-Q1,100000 Genomes Project,AR 2018,1718-Q2 ,DH,Amber,2013-04-10 00:00:00,2018-12-31 00:00:00,77.8,77.8,0,0,392.9,,,Government Transformation and Service Delivery,5.728767123287671,"DH_0048_1415-Q1,1718 - Q2 ",,Amber,Not new,,,2020/beis/BEIS_Government_Major_Projects_Portfolio_data_September_2019.xlsx,2017-09-30,DH_0048_1415-Q1,Amber,392.9,2018-12-31,DOH_0048_1415-Q1,100000 genomes project,DOH_0048_1415-Q1,name,100000 Genomes Project,Amber,392.9,2018-12-31,both,True
DH_0056_1415-Q3,Visitor and Migrant NHS Cost Recovery Programme,AR 2018,1718-Q2 ,DH,Amber/Red,2013-09-01 00:00:00,2019-03-31 00:00:00,6.23,6.180000000000001,-0.04999999999999982,-0.008025682182985525,25.53,,,Government Transformation and Service Delivery,5.580821917808219,"DH_0056_1415-Q3,1718 - Q2 ",,Amber/Red,Not new,,,2020/beis/BEIS_Government_Major_Projects_Portfolio_data_September_2019.xlsx,2017-09-30,DH_0056_1415-Q3,Amber/Red,25.53,2019-03-31,DOH_0056_1415-Q3,visitor and migrant nhs cost recovery programme,DOH_0056_1415-Q3,name,Visitor and Migrant NHS Cost Recovery Programme,Amber/Red,25.53,2019-03-31,both,True
DH_0058_1516-Q4,National Data Services Development Programme,AR 2018,1718-Q2 ,DH,Amber/Green,2015-02-23 00:00:00,2020-03-31 00:00:00,19.619999999999997,10.6,-9.019999999999998,-0.45973496432212024,79.39000000000001,,,ICT,5.104109589041096,"DH_0058_1516-Q4,1718 - Q2 ",,Amber/Green,Not new,,,2020/beis/BEIS_Government_Major_Projects_Portfolio_data_September_2019.xlsx,2017-09-30,DH_0058_1516-Q4,Amber/Green,79.39000000000001,2020-03-31,DH_0058_1516-Q4,national data services development programme,DH_0058_1516-Q4,gmpp_id,National Data Services Development Programme,Amber/Green,79.39,2020-03-31,both,True
DH_0059_1617-Q1,Procurement Transformation Programme,AR 2018,1718-Q2 ,DH,Amber,2015-03-31 00:00:00,2019-03-31 00:00:00,29.7642,26.34167405991,-3.422525940089997,-0.11498800371217763,134.15203220838603,,,Government Transformation and Service Delivery,4.002739726027397,"DH_0059_1617-Q1,1718 - Q2 ",,Amber,Not new,,,2020/beis/BEIS_Government_Major_Projects_Portfolio_data_September_2019.xlsx,2017-09-30,DH_0059_1617-Q1,Amber,134.15203220838603,2019-03-31,DOH_0059_1617-Q1,procurement transformation programme,DOH_0059_1617-Q1,name,Procurement Transformation Programme,Amber,134.15,2019-03-31,both,True
DH_0060_1617-Q1,NHS UK,AR 2018,1718-Q2 ,DH,Amber,2016-04-01 00:00:00,2020-12-31 00:00:00,12,12,0,0,79.8,,,Government Transformation and Service Delivery,4.7534246575342465,"DH_0060_1617-Q1,1718 - Q2 ",,Amber,Not new,,,2020/beis/BEIS_Government_Major_Projects_Portfolio_data_September_2019.xlsx,2017-09-30,DH_0060_1617-Q1,Amber,79.8,2020-12-31,DH_0060_1617-Q1,nhs uk,DH_0060_1617-Q1,gmpp_id,NHS UK,Amber,79.8,2020-12-31,both,True
DH_0061_1617-Q3,IT Infrastructure Sourcing Programme,AR 2018,1718-Q2 ,DH,Amber/Red,2013-12-01 00:00:00,2019-06-30 00:00:00,20.8,15.9,-4.9,-0.23557692307692307,126.71000000000001,,,ICT,5.580821917808219,"DH_0061_1617-Q3,1718 - Q2 ",,Amber/Red,Joiner,,,2020/beis/BEIS_Government_Major_Projects_Portfolio_data_September_2019.xlsx,2017-09-30,DH_0061_1617-Q3,Amber/Red,126.71000000000001,2019-06-30,DH_0061_1617-Q3,it infrastructure sourcing programme,DH_0061_1617-Q3,gmpp_id,IT Infrastructure Sourcing Programme,Amber/Red,126.71,2019-06-30,both,True
DWP_0005_1112-Q1,Automatic Enrolment Programme (originally called Enabling Retirement Savings Programme),AR 2018,1718-Q2 ,DWP,Amber/Green,2007-05-01 00:00:00,2019-11-30 00:00:00,103.08,70.98,-32.099999999999994,-0.3114086146682188,1249,,,Government Transformation and Service Delivery,12.591780821917808,"DWP_0005_1112-Q1,1718 - Q2 ",,Amber/Green,Not new,,,2020/beis/BEIS_Government_Major_Projects_Portfolio_data_September_2019.xlsx,2017-09-30,DWP_0005_1112-Q1,Amber/Green,1249.0,2019-11-30,DWP_0005_1112-Q1,automatic enrolment programme,DWP_0005_1112-Q1,gmpp_id,Automatic Enrolment Programme,Amber/Green,1249.0,2019-11-30,both,True
DWP_0009_1112-Q1,Universal Credit Programme,AR 2018,1718-Q2 ,DWP,Amber,2011-11-17 00:00:00,2022-06-30 00:00:00,853.4196459412548,683.0810846460345,-170.3385612952203,-0.19959531293347513,13573.72354109691,,,Government Transformation and Service Delivery,10.624657534246575,"DWP_0009_1112-Q1,1718 - Q2 ",,Amber,Not new,,,2020/beis/BEIS_Government_Major_Projects_Portfolio_data_September_2019.xlsx,2017-09-30,DWP_0009_1112-Q1,Amber,13573.72354109691,2022-06-30,DWP_0009_1112-Q1,universal credit programme,DWP_0009_1112-Q1,gmpp_id,Universal Credit Programme,Amber,13573.72,2022-06-30,both,True
DWP_0016_1213-Q2,"Fraud, Error and Debt Programme",AR 2018,1718-Q2 ,DWP,Amber,2012-04-02 00:00:00,2021-03-31 00:00:00,87,89.79287746319511,2.7928774631951114,0.032102039806840364,786.5,,,Government Transformation and Service Delivery,9,"DWP_0016_1213-Q2,1718 - Q2 ",,Amber,Not new,,,2020/beis/BEIS_Government_Major_Projects_Portfolio_data_September_2019.xlsx,2017-09-30,DWP_0016_1213-Q2,Amber,786.5,2021-03-31,DWP_0016_1213-Q2,fraud error and debt programme,DWP_0016_1213-Q2,gmpp_id,"Fraud, Error and Debt Programme",Amber,786.5,2021-03-31,both,True
DWP_0024_1516-Q3,DWP People and Locations Programme,AR 2018,1718-Q2 ,DWP,Amber/Red,2015-11-19 00:00:00,2018-04-27 00:00:00,329.8,230.9,-98.9,-0.29987871437234687,5903.780000000001,,,Government Transformation and Service Delivery,2.4383561643835616,"DWP_0024_1516-Q3,1718 - Q2 ",,Amber/Red,Not new,,,2020/beis/BEIS_Government_Major_Projects_Portfolio_data_September_2019.xlsx,2017-09-30,DWP_0024_1516-Q3,Amber/Red,5903.780000000001,2018-04-27,DWP_0024_1516-Q3,dwp people and locations programme,DWP_0024_1516-Q3,gmpp_id,DWP People and Locations Programme,Amber/Red,5903.78,2018-04-27,both,True
DWP_0027_1617-Q2,Work and Health Programme,AR 2018,1718-Q2 ,DWP,Amber,2015-12-01 00:00:00,2018-03-31 00:00:00,26.22,26.22,0,0,532.6999999999999,,,Government Transformation and Service Delivery,2.3315068493150686,"DWP_0027_1617-Q2,1718 - Q2 ",,Amber,Not new,,,2020/beis/BEIS_Government_Major_Projects_Portfolio_data_September_2019.xlsx,2017-09-30,DWP_0027_1617-Q2,Amber,532.6999999999999,2018-03-31,DWP_0027_1617-Q2,work and health programme,DWP_0027_1617-Q2,gmpp_id,Work and Health Programme,Amber,532.7,2018-03-31,both,True
FCO_0008_1415-Q4,Technology Overhaul,AR 2018,1718-Q2 ,FCO,Amber/Green,2015-11-01 00:00:00,2018-12-31 00:00:00,51.7,58,6.299999999999997,0.12185686653771755,120,,,ICT,3.1671232876712327,"FCO_0008_1415-Q4,1718 - Q2 ",,Amber/Green,Not new,,,2020/beis/BEIS_Government_Major_Projects_Portfolio_data_September_2019.xlsx,2017-09-30,FCO_0008_1415-Q4,Amber/Green,120.0,2018-12-31,FCO/FCDO::technology overhaul,technology overhaul,FCO/FCDO::technology overhaul,name,Technology Overhaul,Amber/Green,120.0,2018-12-31,both,True
FCO_0010_1617-Q3,Echo 2 Programme,AR 2018,1718-Q2 ,FCO,Amber/Red,2015-09-01 00:00:00,2020-03-31 00:00:00,2.33,2.4,0.06999999999999984,0.030042918454935553,171.4,,,ICT,4.583561643835616,"FCO_0010_1617-Q3,1718 - Q2 ",,Amber/Red,Joiner,,,2020/beis/BEIS_Government_Major_Projects_Portfolio_data_September_2019.xlsx,2017-09-30,FCO_0010_1617-Q3,Amber/Red,171.4,2020-03-31,FCO_0010_1617-Q3,echo 2 programme,FCO_0010_1617-Q3,gmpp_id,Echo 2 Programme,Amber/Red,171.4,2020-03-31,both,True
HMRC_0012_1415-Q1,Tax-Free Childcare,AR 2018,1718-Q2 ,HMRC,Amber/Red,2013-09-10 00:00:00,2018-09-30 00:00:00,78.29400000000001,68.657,-9.637000000000015,-0.12308733747158164,356.861,,,Government Transformation and Service Delivery,5.057534246575343,"HMRC_0012_1415-Q1,1718 - Q2 ",,Amber/Red,Not new,,,2020/beis/BEIS_Government_Major_Projects_Portfolio_data_September_2019.xlsx,2017-09-30,HMRC_0012_1415-Q1,Amber/Red,356.861,2018-09-30,HMRC_0012_1415-Q1,tax free childcare,HMRC_0012_1415-Q1,gmpp_id,Tax-Free Childcare,Amber/Red,356.86,2018-09-30,both,True
HMRC_0013_1415-Q4,Columbus (formerly Aspire Replacement Programme),AR 2018,1718-Q2 ,HMRC,Amber/Green,2014-01-01 00:00:00,2021-12-31 00:00:00,266,70.3,-195.7,-0.7357142857142857,694,,,ICT,8.002739726027396,"HMRC_0013_1415-Q4,1718 - Q2 ",,Amber/Green,Not new,,,2020/beis/BEIS_Government_Major_Projects_Portfolio_data_September_2019.xlsx,2017-09-30,HMRC_0013_1415-Q4,Amber/Green,694.0,2021-12-31,HMRC_0013_1415-Q4,columbus,HMRC_0013_1415-Q4,gmpp_id,Columbus (formerly Aspire Replacement Programme),Amber/Green,694.0,2021-12-31,both,True
HMRC_0014_1415-Q4,CUSTOMS DECLARATION SERVICES (CDS) Programme,AR 2018,1718-Q2 ,HMRC,Amber,2013-10-16 00:00:00,2018-12-31 00:00:00,35.7,36.42,0.7199999999999989,0.020168067226890723,133.22,,,ICT,5.210958904109589,"HMRC_0014_1415-Q4,1718 - Q2 ",,Amber,Not new,,,2020/beis/BEIS_Government_Major_Projects_Portfolio_data_September_2019.xlsx,2017-09-30,HMRC_0014_1415-Q4,Amber,133.22,2018-12-31,HMRC_0014_1415-Q4,customs declaration services programme,HMRC_0014_1415-Q4,gmpp_id,CUSTOMS DECLARATION SERVICES (CDS) Programme,Amber,133.22,2018-12-31,both,True
HMRC_0015_1617-Q1,Building Our Future Locations Programme ,AR 2018,1718-Q2 ,HMRC,Amber,2016-01-05 00:00:00,2026-03-31 00:00:00,310.8,316.5,5.699999999999989,0.018339768339768303,2835.7999999999997,,,Government Transformation and Service Delivery,10.241095890410959,"HMRC_0015_1617-Q1,1718 - Q2 ",,Amber,Not new,,,2020/beis/BEIS_Government_Major_Projects_Portfolio_data_September_2019.xlsx,2017-09-30,HMRC_0015_1617-Q1,Amber,2835.7999999999997,2026-03-31,HMRC_0015_1617-Q1,building our future locations programme,HMRC_0015_1617-Q1,gmpp_id,Building Our Future Locations Programme,Amber,2835.8,2026-03-31,both,True
HMRC_0016_1617-Q2,Making Tax Digital for Individuals,AR 2018,1718-Q2 ,HMRC,Amber,2016-04-01 00:00:00,2021-03-31 00:00:00,62.300000000000004,41.599999999999994,-20.70000000000001,-0.33226324237560206,205.62,,,Government Transformation and Service Delivery,5,"HMRC_0016_1617-Q2,1718 - Q2 ",,Amber,Not new,,,2020/beis/BEIS_Government_Major_Projects_Portfolio_data_September_2019.xlsx,2017-09-30,HMRC_0016_1617-Q2,Amber,205.62,2021-03-31,HMRC_0016_1617-Q2,making tax digital for individuals,HMRC_0016_1617-Q2,gmpp_id,Making Tax Digital for Individuals,Amber,205.62,2021-03-31,both,True
HMRC_0017_1617-Q2,Making Tax Digital for Business,AR 2018,1718-Q2 ,HMRC,Amber,2016-04-01 00:00:00,2021-03-31 00:00:00,76.83,49.7,-27.129999999999995,-0.3531172718989977,234.46,,,ICT,5,"HMRC_0017_1617-Q2,1718 - Q2 ",,Amber,Not new,,,2020/beis/BEIS_Government_Major_Projects_Portfolio_data_September_2019.xlsx,2017-09-30,HMRC_0017_1617-Q2,Amber,234.46,2021-03-31,HMRC_0017_1617-Q2,making tax digital for business,HMRC_0017_1617-Q2,gmpp_id,Making Tax Digital for Business,Amber,234.46,2021-03-31,both,True
HMRC_0018_1617-Q3,Compliance For The Future Programme,AR 2018,1718-Q2 ,HMRC,Amber,2016-04-01 00:00:00,2021-03-31 00:00:00,22.700000000000003,22.299999999999997,-0.4000000000000057,-0.017621145374449587,188.25,,,Government Transformation and Service Delivery,5,"HMRC_0018_1617-Q3,1718 - Q2 ",,Amber,Joiner,,,2020/beis/BEIS_Government_Major_Projects_Portfolio_data_September_2019.xlsx,2017-09-30,HMRC_0018_1617-Q3,Amber,188.25,2021-03-31,HMRC::compliance for the future programme,compliance for the future programme,HMRC::compliance for the future programme,name,Compliance For The Future Programme,Amber,188.25,2021-03-31,both,True
HO_0011_1112-Q2,Disclosure and Barring  Service (DBS) Programme,AR 2018,1718-Q2 ,HO,Amber/Red,2010-12-29 00:00:00,2018-03-31 00:00:00,113.5,156.8,43.30000000000001,0.3814977973568283,785.6999999999999,,,Government Transformation and Service Delivery,7.257534246575342,"HO_0011_1112-Q2,1718 - Q2 ",,Amber/Red,Not new,,,2020/beis/BEIS_Government_Major_Projects_Portfolio_data_September_2019.xlsx,2017-09-30,HO_0011_1112-Q2,Amber/Red,785.6999999999999,2018-03-31,HO::sig disclosure and barring service programme,disclosure and barring service programme,HO::sig disclosure and barring service programme,name,Disclosure and Barring Service (DBS) Programme,Amber/Red,785.7,2018-03-31,both,True
HO_0012_1112-Q3,Communications Capabilities Development Programme,AR 2018,1718-Q2 ,HO,Amber/Green,2010-05-01 00:00:00,2020-04-01 00:00:00,Exempt,Exempt,-,-,Exempt,,,ICT,9.926027397260274,"HO_0012_1112-Q3,1718 - Q2 ",,Exempt,Not new,,,2020/beis/BEIS_Government_Major_Projects_Portfolio_data_September_2019.xlsx,2017-09-30,HO_0012_1112-Q3,Amber/Green,,2020-04-01,HO::communications capabilities development programme,communications capabilities development programme,HO::communications capabilities development programme,name,Communications Capabilities Development (CCD) Programme,Amber/Green,,2020-04-01,both,True
HO_0016_1213-Q1,Emergency Services Mobile Communications Programme (ESMCP),AR 2018,1718-Q2 ,HO,Red,2011-06-01 00:00:00,2020-12-31 00:00:00,712.465277481971,712.465277481971,0,0,5058.632334727311,,,Infrastructure and Construction,9.591780821917808,"HO_0016_1213-Q1,1718 - Q2 ",,Red,Not new,,,2020/beis/BEIS_Government_Major_Projects_Portfolio_data_September_2019.xlsx,2017-09-30,HO_0016_1213-Q1,Red,5058.632334727311,2020-12-31,HO_0016_1213-Q1,emergency services mobile communications programme,HO_0016_1213-Q1,gmpp_id,Emergency Services Mobile Communications Programme (ESMCP),Red,5058.63,2020-12-31,both,True
HO_0029_1314-Q4,Immigration Platform Technologies (IPT),AR 2018,1718-Q2 ,HO,Amber,2013-04-01 00:00:00,2019-03-31 00:00:00,43.8,43.8,0,0,252.5,,,ICT,6,"HO_0029_1314-Q4,1718 - Q2 ",,Amber,Not new,,,2020/beis/BEIS_Government_Major_Projects_Portfolio_data_September_2019.xlsx,2017-09-30,HO_0029_1314-Q4,Amber,252.5,2019-03-31,HO_0029_1314-Q4,immigration platform technologies,HO_0029_1314-Q4,gmpp_id,Immigration Platform Technologies (IPT),Amber,252.5,2019-03-31,both,True
HO_0030_1415-Q1,Metis Programme,AR 2018,1718-Q2 ,HO,Amber,2016-09-01 00:00:00,2019-06-01 00:00:00,49.8,49.8,0,0,290.55999999999995,,,ICT,2.747945205479452,"HO_0030_1415-Q1,1718 - Q2 ",,Amber,Not new,,,2020/beis/BEIS_Government_Major_Projects_Portfolio_data_September_2019.xlsx,2017-09-30,HO_0030_1415-Q1,Amber,290.55999999999995,2019-06-01,HO_0030_1415-Q1,metis programme,HO_0030_1415-Q1,gmpp_id,Metis Programme,Amber,290.56,2019-06-01,both,True
HO_0031_1415-Q1,Digital Services at the Border,AR 2018,1718-Q2 ,HO,Amber/Red,2014-02-12 00:00:00,2019-03-31 00:00:00,44,44,0,0,340.90000000000003,,,ICT,5.131506849315069,"HO_0031_1415-Q1,1718 - Q2 ",,Amber/Red,Not new,,,2020/beis/BEIS_Government_Major_Projects_Portfolio_data_September_2019.xlsx,2017-09-30,HO_0031_1415-Q1,Amber/Red,340.90000000000003,2019-03-31,HO_0031_1415-Q1,digital services at the border,HO_0031_1415-Q1,gmpp_id,Digital Services at the Border (DSAB),Amber/Red,340.9,2019-03-31,both,True
HO_0032_1415-Q1,Technology Platforms for Tomorrow,AR 2018,1718-Q2 ,HO,Amber,2014-02-01 00:00:00,2017-10-31 00:00:00,55.4,96.5,41.1,0.7418772563176895,374.59999999999997,,,ICT,3.747945205479452,"HO_0032_1415-Q1,1718 - Q2 ",,Amber,Not new,,,2020/beis/BEIS_Government_Major_Projects_Portfolio_data_September_2019.xlsx,2017-09-30,HO_0032_1415-Q1,Amber,374.59999999999997,2017-10-31,HO_0032_1415-Q1,technology platforms for tomorrow,HO_0032_1415-Q1,gmpp_id,Technology Platforms for Tomorrow (TPT),Amber,374.6,2017-10-31,both,True
HO_0033_1415-Q3,Home Office Biometrics Programme,AR 2018,1718-Q2 ,HO,Amber/Green,2014-04-01 00:00:00,2020-03-31 00:00:00,90.9,90.9,0,0,667.4000000000001,,,ICT,6.002739726027397,"HO_0033_1415-Q3,1718 - Q2 ",,Amber/Green,Not new,,,2020/beis/BEIS_Government_Major_Projects_Portfolio_data_September_2019.xlsx,2017-09-30,HO_0033_1415-Q3,Amber/Green,667.4000000000001,2020-03-31,HO_0033_1415-Q3,home office biometrics programme,HO_0033_1415-Q3,gmpp_id,Home Office Biometrics (HOB) Programme,Amber/Green,667.4,2020-03-31,both,True
HO_0034_1516-Q2,Cyclamen Project,AR 2018,1718-Q2 ,HO,Amber,2014-04-01 00:00:00,2021-04-01 00:00:00,Exempt,Exempt,-,-,Exempt,,,Government Transformation and Service Delivery,7.005479452054795,"HO_0034_1516-Q2,1718 - Q2 ",,Exempt,Not new,,,2020/beis/BEIS_Government_Major_Projects_Portfolio_data_September_2019.xlsx,2017-09-30,HO_0034_1516-Q2,Amber,,2021-04-01,HO_0034_1516-Q2,cyclamen project,HO_0034_1516-Q2,gmpp_id,Cyclamen Project,Amber,,2021-04-01,both,True
HO_0035_1617-Q1,Smarter Working Programme,AR 2018,1718-Q2 ,HO,Amber,2015-10-28 00:00:00,2020-03-31 00:00:00,43.099999999999994,45.4,2.3000000000000043,0.05336426914153143,144.50000000000003,,,Government Transformation and Service Delivery,4.427397260273972,"HO_0035_1617-Q1,1718 - Q2 ",,Amber,Not new,,,2020/beis/BEIS_Government_Major_Projects_Portfolio_data_September_2019.xlsx,2017-09-30,HO_0035_1617-Q1,Amber,144.50000000000003,2020-03-31,HO::smarter working programme,smarter working programme,HO::smarter working programme,name,Smarter Working Programme,Amber,144.5,2020-03-31,both,True
HO_0036_1617-Q2,National Law Enforcement Data Programme,AR 2018,1718-Q2 ,HO,Amber,2014-04-01 00:00:00,2020-03-31 00:00:00,60.800000000000004,73,12.199999999999996,0.200657894736842,469.40000000000003,,,ICT,6.002739726027397,"HO_0036_1617-Q2,1718 - Q2 ",,Amber,Not new,,,2020/beis/BEIS_Government_Major_Projects_Portfolio_data_September_2019.xlsx,2017-09-30,HO_0036_1617-Q2,Amber,469.40000000000003,2020-03-31,HO_0036_1617-Q2,national law enforcement data programme,HO_0036_1617-Q2,gmpp_id,National Law Enforcement Data Programme (NLEDP),Amber,469.4,2020-03-31,both,True
HO_0037_1718-Q1,Asylum Accommodation and Support Transformation (AAST) ,AR 2018,1718-Q2 ,HO,Amber,2016-08-29 00:00:00,2019-09-02 00:00:00,2.93,2.54,-0.3900000000000001,-0.1331058020477816,7.51,,,Government Transformation and Service Delivery,3.010958904109589,"HO_0037_1718-Q1,1718 - Q2 ",,Amber,Joiner,,,2020/beis/BEIS_Government_Major_Projects_Portfolio_data_September_2019.xlsx,2017-09-30,HO_0037_1718-Q1,Amber,7.51,2019-09-02,HO_0037_1718-Q1,asylum accommodation and support transformation,HO_0037_1718-Q1,gmpp_id,Asylum Accommodation and Support Transformation (AAST),Amber,7.51,2019-09-02,both,True
MOD_0001_1112-Q1,A400M,AR 2018,1718-Q2 ,MOD,Amber,2000-05-17 00:00:00,2023-03-31 00:00:00,173.39,123.75999999999999,-49.629999999999995,-0.28623334679047235,3519.16,,,Military Capability,22.884931506849316,"MOD_0001_1112-Q1,1718 - Q2 ",,Amber,Not new,,,2020/beis/BEIS_Government_Major_Projects_Portfolio_data_September_2019.xlsx,2017-09-30,MOD_0001_1112-Q1,Amber,3519.16,2023-03-31,MOD_0001_1112-Q1,a400m,MOD_0001_1112-Q1,gmpp_id,A400M,Amber,3519.16,2023-03-31,both,True
MOD_0017_1112-Q1,Crowsnest Programme,AR 2018,1718-Q2 ,MOD,Amber,2013-03-31 00:00:00,2023-06-30 00:00:00,65.83,65.05,-0.7800000000000011,-0.01184870120006078,Exempt,,,Military Capability,10.254794520547945,"MOD_0017_1112-Q1,1718 - Q2 ",,Exempt,Not new,,,2020/beis/BEIS_Government_Major_Projects_Portfolio_data_September_2019.xlsx,2017-09-30,MOD_0017_1112-Q1,Amber,,2023-06-30,MOD_0017_1112-Q1,crowsnest programme,MOD_0017_1112-Q1,gmpp_id,Crowsnest Programme,Amber,,2023-06-30,both,True
MOD_0033_1112-Q1,MARSHALL,AR 2018,1718-Q2 ,MOD,Red,2006-04-03 00:00:00,2020-10-04 00:00:00,114.03999999999999,102.52000000000001,-11.519999999999982,-0.10101718695194653,1854.82,,,Military Capability,14.515068493150684,"MOD_0033_1112-Q1,1718 - Q2 ",,Red,Not new,,,2020/beis/BEIS_Government_Major_Projects_Portfolio_data_September_2019.xlsx,2017-09-30,MOD_0033_1112-Q1,Red,1854.82,2020-10-04,MOD_0033_1112-Q1,marshall,MOD_0033_1112-Q1,gmpp_id,MARSHALL,Red,1854.82,2020-10-04,both,True
MOD_0036_1112-Q1,Maritime Sustainment Programme,AR 2018,1718-Q2 ,MOD,Amber/Green,2005-07-25 00:00:00,2019-02-28 00:00:00,46.82,68.19,21.369999999999997,0.4564288765484835,596.38,,,Military Capability,13.605479452054794,"MOD_0036_1112-Q1,1718 - Q2 ",,Amber/Green,Not new,,,2020/beis/BEIS_Government_Major_Projects_Portfolio_data_September_2019.xlsx,2017-09-30,MOD_0036_1112-Q1,Amber/Green,596.38,2019-02-28,MOD_0036_1112-Q1,maritime sustainment programme,MOD_0036_1112-Q1,gmpp_id,Maritime Sustainment Programme,Amber/Green,596.38,2019-02-28,both,True
MOD_0038_1112-Q1,Nuclear Warhead Capability Sustainment Programme,AR 2018,1718-Q2 ,MOD,Exempt,2008-04-01 00:00:00,2025-04-30 00:00:00,1013.69,1024.53,10.839999999999918,0.010693604553660307,19894.38,,,Military Capability,17.09041095890411,"MOD_0038_1112-Q1,1718 - Q2 ",,Exempt,Not new,,,2020/beis/BEIS_Government_Major_Projects_Portfolio_data_September_2019.xlsx,2017-09-30,MOD_0038_1112-Q1,EXEMPT,19894.38,2025-04-30,MOD_0038_1112-Q1,nuclear warhead capability sustainment programme,MOD_0038_1112-Q1,gmpp_id,Nuclear Warhead Capability Sustainment Programme,EXEMPT,19894.38,2025-04-30,both,True
MOD_0042_1112-Q1,Queen Elizabeth Programme,AR 2018,1718-Q2 ,MOD,Amber,1998-12-01 00:00:00,2023-03-31 00:00:00,401.08000000000004,402.83000000000004,1.75,0.004363219307868754,6705.639999999999,,,Military Capability,24.345205479452055,"MOD_0042_1112-Q1,1718 - Q2 ",,Amber,Not new,,,2020/beis/BEIS_Government_Major_Projects_Portfolio_data_September_2019.xlsx,2017-09-30,MOD_0042_1112-Q1,Amber,6705.639999999999,2023-03-31,MOD_0042_1112-Q1,queen elizabeth programme,MOD_0042_1112-Q1,gmpp_id,Queen Elizabeth Programme,Amber,6705.64,2023-03-31,both,True
MOD_0047_1112-Q1,Spearfish Upgrade Programme,AR 2018,1718-Q2 ,MOD,Amber/Red,2008-04-01 00:00:00,2024-03-31 00:00:00,41.05,39.45,-1.5999999999999943,-0.038976857490864665,416.61,,,Military Capability,16.008219178082193,"MOD_0047_1112-Q1,1718 - Q2 ",,Amber/Red,Not new,,,2020/beis/BEIS_Government_Major_Projects_Portfolio_data_September_2019.xlsx,2017-09-30,MOD_0047_1112-Q1,Amber/Red,416.61,2024-03-31,MOD_0047_1112-Q1,spearfish upgrade programme,MOD_0047_1112-Q1,gmpp_id,Spearfish Upgrade Programme,Amber/Red,416.61,2024-03-31,both,True
MOD_0055_1112-Q1,Type 26 Global Combat Ship Programme,AR 2018,1718-Q2 ,MOD,Amber/Green,2008-07-21 00:00:00,2035-05-01 00:00:00,392.94,382.04,-10.899999999999977,-0.027739604010790394,Exempt,,,Military Capability,26.794520547945204,"MOD_0055_1112-Q1,1718 - Q2 ",,Exempt,Not new,,,2020/beis/BEIS_Government_Major_Projects_Portfolio_data_September_2019.xlsx,2017-09-30,MOD_0055_1112-Q1,Amber/Green,,2035-05-01,MOD_0055_1112-Q1,type 26 global combat ship programme,MOD_0055_1112-Q1,gmpp_id,Type 26 Global Combat Ship Programme,Amber/Green,,2035-05-01,both,True
MOD_0061_1112-Q1,WATCHKEEPER,AR 2018,1718-Q2 ,MOD,Amber,1998-03-01 00:00:00,2017-07-03 00:00:00,0.98,2.01,1.0299999999999998,1.051020408163265,1117.73,,,Military Capability,19.353424657534248,"MOD_0061_1112-Q1,1718 - Q2 ",,Amber,Not new,,,2020/beis/BEIS_Government_Major_Projects_Portfolio_data_September_2019.xlsx,2017-09-30,MOD_0061_1112-Q1,Amber,1117.73,2017-07-03,MOD_0061_1112-Q1,watchkeeper,MOD_0061_1112-Q1,gmpp_id,WATCHKEEPER,Amber,1117.73,2017-07-03,both,True
MOD_0062_1112-Q1,Wildcat Programme,AR 2018,1718-Q2 ,MOD,Amber/Green,2001-12-01 00:00:00,2016-05-31 00:00:00,6.22,9.16,2.9400000000000004,0.4726688102893892,1607.27,,,Military Capability,14.506849315068493,"MOD_0062_1112-Q1,1718 - Q2 ",,Amber/Green,Not new,,,2020/beis/BEIS_Government_Major_Projects_Portfolio_data_September_2019.xlsx,2017-09-30,MOD_0062_1112-Q1,Amber/Green,1607.27,2016-05-31,MOD::wildcat programme,wildcat programme,MOD::wildcat programme,name,Wildcat Programme,Amber/Green,1607.27,2016-05-31,both,True
MOD_0064_1112-Q2,Carrier Enabled Power Projection,AR 2018,1718-Q2 ,MOD,Amber,2011-01-31 00:00:00,2030-12-01 00:00:00,1.77,1.75,-0.020000000000000018,-0.011299435028248598,21.580000000000002,,,Military Capability,19.846575342465755,"MOD_0064_1112-Q2,1718 - Q2 ",,Amber,Not new,,,2020/beis/BEIS_Government_Major_Projects_Portfolio_data_September_2019.xlsx,2017-09-30,MOD_0064_1112-Q2,Amber,21.580000000000002,2030-12-01,MOD_0064_1112-Q2,carrier enabled power projection,MOD_0064_1112-Q2,gmpp_id,Carrier Enabled Power Projection,Amber,21.58,2030-12-01,both,True
MOD_0069_1112-Q2,Logistics Commodities Services Transformation,AR 2018,1718-Q2 ,MOD,Amber/Green,2011-08-01 00:00:00,2018-02-01 00:00:00,62.28,61.06,-1.2199999999999989,-0.01958895311496466,640.4399999999999,,,Military Capability,6.50958904109589,"MOD_0069_1112-Q2,1718 - Q2 ",,Amber/Green,Not new,,,2020/beis/BEIS_Government_Major_Projects_Portfolio_data_September_2019.xlsx,2017-09-30,MOD_0069_1112-Q2,Amber/Green,640.4399999999999,2018-02-01,MOD::logistics commodities services transformation,logistics commodities services transformation,MOD::logistics commodities services transformation,name,Logistics Commodities Services Transformation,Amber/Green,640.44,2018-02-01,both,True
MOD_0076_1213-Q1,Astute Boats 1-7,AR 2018,1718-Q2 ,MOD,Red,1997-03-17 00:00:00,2024-03-31 00:00:00,541.08,562.62,21.539999999999964,0.039809270348192434,9941.96,,,Military Capability,27.057534246575344,"MOD_0076_1213-Q1,1718 - Q2 ",,Red,Not new,,,2020/beis/BEIS_Government_Major_Projects_Portfolio_data_September_2019.xlsx,2017-09-30,MOD_0076_1213-Q1,Red,9941.96,2024-03-31,MOD_0076_1213-Q1,astute boats 1 7,MOD_0076_1213-Q1,gmpp_id,Astute Boats 1-7,Red,9941.96,2024-03-31,both,True
MOD_0077_1213-Q1,Complex Weapons,AR 2018,1718-Q2 ,MOD,Amber,2008-03-31 00:00:00,2032-04-01 00:00:00,736.16,704.4300000000001,-31.729999999999905,-0.04310204303412289,22179.52,,,Military Capability,24.019178082191782,"MOD_0077_1213-Q1,1718 - Q2 ",,Amber,Not new,,,2020/beis/BEIS_Government_Major_Projects_Portfolio_data_September_2019.xlsx,2017-09-30,MOD_0077_1213-Q1,Amber,22179.52,2032-04-01,MOD_0077_1213-Q1,complex weapons,MOD_0077_1213-Q1,gmpp_id,Complex Weapons,Amber,22179.52,2032-04-01,both,True
MOD_0078_1213-Q1,Core Production Capability,AR 2018,1718-Q2 ,MOD,Red,2012-04-01 00:00:00,2028-04-30 00:00:00,182.96,187.13,4.1699999999999875,0.02279186707477037,1585.1,,,Military Capability,16.09041095890411,"MOD_0078_1213-Q1,1718 - Q2 ",,Red,Not new,,,2020/beis/BEIS_Government_Major_Projects_Portfolio_data_September_2019.xlsx,2017-09-30,MOD_0078_1213-Q1,Red,1585.1,2028-04-30,MOD_0078_1213-Q1,core production capability,MOD_0078_1213-Q1,gmpp_id,Core Production Capability,Red,1585.1,2028-04-30,both,True
MOD_0079_1213-Q1,Lightning Programme,AR 2018,1718-Q2 ,MOD,Amber/Red,2001-10-01 00:00:00,2035-03-31 00:00:00,935.45,903.3499999999999,-32.100000000000136,-0.03431503554439055,10109.38,,,Military Capability,33.51780821917808,"MOD_0079_1213-Q1,1718 - Q2 ",,Amber/Red,Not new,,,2020/beis/BEIS_Government_Major_Projects_Portfolio_data_September_2019.xlsx,2017-09-30,MOD_0079_1213-Q1,Amber/Red,10109.38,2035-03-31,MOD_0079_1213-Q1,lightning programme,MOD_0079_1213-Q1,gmpp_id,Lightning Programme,Amber/Red,10109.38,2035-03-31,both,True
MOD_0080_1213-Q1,DREADNOUGHT,AR 2018,1718-Q2 ,MOD,Amber/Red,2011-04-14 00:00:00,Exempt,1004.6600000000001,1249.39,244.73000000000002,0.2435948480082814,31497.93,,,Military Capability,0,"MOD_0080_1213-Q1,1718 - Q2 ",,Exempt,Not new,,,2020/beis/BEIS_Government_Major_Projects_Portfolio_data_September_2019.xlsx,2017-09-30,MOD_0080_1213-Q1,Amber/Red,31497.93,,MOD_0080_1213-Q1,dreadnought,MOD_0080_1213-Q1,gmpp_id,DREADNOUGHT,Amber/Red,31497.93,,both,True
MOD_0085_1314-Q2,Army Basing Programme,AR 2018,1718-Q2 ,MOD,Amber/Red,2013-05-22 00:00:00,2022-11-28 00:00:00,417.34000000000003,431.07,13.729999999999961,0.03289883548186122,2001.57,,,Military Capability,9.526027397260274,"MOD_0085_1314-Q2,1718 - Q2 ",,Amber/Red,Not new,,,2020/beis/BEIS_Government_Major_Projects_Portfolio_data_September_2019.xlsx,2017-09-30,MOD_0085_1314-Q2,Amber/Red,2001.57,2022-11-28,MOD_0085_1314-Q2,army basing programme,MOD_0085_1314-Q2,gmpp_id,Army Basing Programme,Amber/Red,2001.57,2022-11-28,both,True
MOD_0087_1314-Q2,The Materiel Strategy,AR 2018,1718-Q2 ,MOD,Amber/Green,2011-05-02 00:00:00,2018-05-16 00:00:00,79.41,78.95,-0.45999999999999375,-0.005792721319732953,379.06,,,Government Transformation and Service Delivery,7.043835616438356,"MOD_0087_1314-Q2,1718 - Q2 ",,Amber/Green,Not new,,,2020/beis/BEIS_Government_Major_Projects_Portfolio_data_September_2019.xlsx,2017-09-30,MOD_0087_1314-Q2,Amber/Green,379.06,2018-05-16,MOD::the material strategy,the materiel strategy,MOD::the material strategy,name,The Materiel Strategy,Amber/Green,379.06,2018-05-16,both,True
MOD_0091_1415-Q3,Armoured Cavalry 2025,AR 2018,1718-Q2 ,MOD,Amber,2014-01-22 00:00:00,2025-04-30 00:00:00,512,491.40999999999997,-20.590000000000032,-0.04021484375000006,6258.1900000000005,,,Military Capability,11.276712328767124,"MOD_0091_1415-Q3,1718 - Q2 ",,Amber,Not new,,,2020/beis/BEIS_Government_Major_Projects_Portfolio_data_September_2019.xlsx,2017-09-30,MOD_0091_1415-Q3,Amber,6258.1900000000005,2025-04-30,MOD_0091_1415-Q3,armoured cavalry 2025,MOD_0091_1415-Q3,gmpp_id,Armoured Cavalry 2025,Amber,6258.19,2025-04-30,both,True
MOD_0092_1415-Q3,Armoured Infantry 2026,AR 2018,1718-Q2 ,MOD,Red,2014-12-04 00:00:00,2026-12-31 00:00:00,80.95,64.80000000000001,-16.14999999999999,-0.19950586781964164,Exempt,,,Military Capability,12.082191780821917,"MOD_0092_1415-Q3,1718 - Q2 ",,Red,Not new,,,2020/beis/BEIS_Government_Major_Projects_Portfolio_data_September_2019.xlsx,2017-09-30,MOD_0092_1415-Q3,Red,,2026-12-31,MOD_0092_1415-Q3,armoured infantry 2026,MOD_0092_1415-Q3,gmpp_id,Armoured Infantry 2026,Red,,2026-12-31,both,True
MOD_0094_1415-Q3,"Contracting, Purchasing and Finance",AR 2018,1718-Q2 ,MOD,Amber/Red,2011-12-01 00:00:00,2018-03-31 00:00:00,13.5,11.2,-2.3000000000000007,-0.17037037037037042,146.74,,,Government Transformation and Service Delivery,6.3342465753424655,"MOD_0094_1415-Q3,1718 - Q2 ",,Amber/Red,Not new,,,2020/beis/BEIS_Government_Major_Projects_Portfolio_data_September_2019.xlsx,2017-09-30,MOD_0094_1415-Q3,Amber/Red,146.74,2018-03-31,MOD_0094_1415-Q3,contracting purchasing and finance,MOD_0094_1415-Q3,gmpp_id,"Contracting, Purchasing and Finance",Amber/Red,146.74,2018-03-31,both,True
MOD_0100_1516-Q1,Future Beyond Line Of Sight,AR 2018,1718-Q2 ,MOD,Amber/Red,2011-01-01 00:00:00,2041-12-31 00:00:00,Exempt,Exempt,-,-,Exempt,,,ICT,31.019178082191782,"MOD_0100_1516-Q1,1718 - Q2 ",,Exempt,Not new,,,2020/beis/BEIS_Government_Major_Projects_Portfolio_data_September_2019.xlsx,2017-09-30,MOD_0100_1516-Q1,Amber/Red,,2041-12-31,MOD_0100_1516-Q1,future beyond line of sight,MOD_0100_1516-Q1,gmpp_id,Future Beyond Line Of Sight,Amber/Red,,2041-12-31,both,True
MOD_0101_1516-Q1,New Style of Information Technology (Base),AR 2018,1718-Q2 ,MOD,Amber/Red,2015-04-01 00:00:00,2018-03-05 00:00:00,Exempt,Exempt,-,-,Exempt,,,ICT,2.9287671232876713,"MOD_0101_1516-Q1,1718 - Q2 ",,Exempt,Not new,,,2020/beis/BEIS_Government_Major_Projects_Portfolio_data_September_2019.xlsx,2017-09-30,MOD_0101_1516-Q1,Amber/Red,,2018-03-05,MOD_0101_1516-Q1,new style of information technology,MOD_0101_1516-Q1,gmpp_id,New Style of Information Technology (Base),Amber/Red,,2018-03-05,both,True
MOD_0104_1617-Q1,Armour MBT 2025,AR 2018,1718-Q2 ,MOD,Amber,2014-12-04 00:00:00,2026-06-01 00:00:00,26.51,26.02,-0.490000000000002,-0.018483591097699054,Exempt,,,Military Capability,11.498630136986302,"MOD_0104_1617-Q1,1718 - Q2 ",,Amber,Not new,,,2020/beis/BEIS_Government_Major_Projects_Portfolio_data_September_2019.xlsx,2017-09-30,MOD_0104_1617-Q1,Amber,,2026-06-01,MOD_0104_1617-Q1,armour mbt 2025,MOD_0104_1617-Q1,gmpp_id,Armour MBT 2025,Amber,,2026-06-01,both,True
MOD_0105_1617-Q1,Land Environment Tactical Communication  and  Information Systems,AR 2018,1718-Q2 ,MOD,Amber/Red,2013-05-01 00:00:00,2035-12-31 00:00:00,279.49,258.44,-21.05000000000001,-0.07531575369422881,11063.27,,,Military Capability,22.682191780821917,"MOD_0105_1617-Q1,1718 - Q2 ",,Amber/Red,Not new,,,2020/beis/BEIS_Government_Major_Projects_Portfolio_data_September_2019.xlsx,2017-09-30,MOD_0105_1617-Q1,Amber/Red,11063.27,2035-12-31,MOD_0105_1617-Q1,land environment tactical communication and information systems,MOD_0105_1617-Q1,gmpp_id,Land Environment Tactical Communication and Information Systems,Amber/Red,11063.27,2035-12-31,both,True
MOD_0106_1617-Q1,Maritime Patrol Aircraft ,AR 2018,1718-Q2 ,MOD,Amber/Red,2014-07-08 00:00:00,2024-04-01 00:00:00,12.74,30.560000000000002,17.82,1.3987441130298273,2144.43,,,Military Capability,9.73972602739726,"MOD_0106_1617-Q1,1718 - Q2 ",,Amber/Red,Not new,,,2020/beis/BEIS_Government_Major_Projects_Portfolio_data_September_2019.xlsx,2017-09-30,MOD_0106_1617-Q1,Amber/Red,2144.43,2024-04-01,MOD_0106_1617-Q1,maritime patrol aircraft,MOD_0106_1617-Q1,gmpp_id,Maritime Patrol Aircraft,Amber/Red,2144.43,2024-04-01,both,True
MOD_0107_1617-Q1,PROTECTOR,AR 2018,1718-Q2 ,MOD,Red,2009-04-30 00:00:00,2035-03-31 00:00:00,150.26999999999998,70.67,-79.59999999999998,-0.5297131829373793,907.9099999999999,,,Military Capability,25.934246575342467,"MOD_0107_1617-Q1,1718 - Q2 ",,Red,Not new,,,2020/beis/BEIS_Government_Major_Projects_Portfolio_data_September_2019.xlsx,2017-09-30,MOD_0107_1617-Q1,Red,907.9099999999999,2035-03-31,MOD_0107_1617-Q1,protector,MOD_0107_1617-Q1,gmpp_id,PROTECTOR,Red,907.91,2035-03-31,both,True
MoD_0109_1617-Q2,New Style of Information Technology Deployed,AR 2018,1718-Q2 ,MOD,Amber/Red,2015-04-01 00:00:00,2025-03-25 00:00:00,Exempt,Exempt,-,-,Exempt,,,Military Capability,9.98904109589041,"MoD_0109_1617-Q2,1718 - Q2 ",,Exempt,Not new,,,2020/beis/BEIS_Government_Major_Projects_Portfolio_data_September_2019.xlsx,2017-09-30,MOD_0109_1617-Q2,Amber/Red,,2025-03-25,MOD_0109_1617-Q2,new style of information technology deployed,MOD_0109_1617-Q2,gmpp_id,New Style of Information Technology Deployed,Amber/Red,,2025-03-25,both,True
MOD_0110_1718-Q1,MODnet Evolve,AR 2018,1718-Q2 ,MOD,Amber,2016-02-29 00:00:00,Missing Data,15.2,14.87,-0.33000000000000007,-0.02171052631578948,Exempt,,,Military Capability,0,"MOD_0110_1718-Q1,1718 - Q2 ",,Amber,Joiner,,,2020/beis/BEIS_Government_Major_Projects_Portfolio_data_September_2019.xlsx,2017-09-30,MOD_0110_1718-Q1,Amber,,,MOD_0110_1718-Q1,modnet evolve,MOD_0110_1718-Q1,gmpp_id,MODnet Evolve,Amber,,,both,True
MOD_0111_1718-Q1,Joint Crypt Key Programme,AR 2018,1718-Q2 ,MOD,Exempt,Exempt,Exempt,Exempt,Exempt,-,-,Exempt,,,Military Capability,0,"MOD_0111_1718-Q1,1718 - Q2 ",,Amber,Joiner,,,2020/beis/BEIS_Government_Major_Projects_Portfolio_data_September_2019.xlsx,2017-09-30,MOD_0111_1718-Q1,EXEMPT,,,MOD_0111_1718-Q1,joint crypt key programme,MOD_0111_1718-Q1,gmpp_id,Joint Crypt Key Programme,EXEMPT,,,both,True
MOD_0112_1718-Q1,Type 31e,AR 2018,1718-Q2 ,MOD,Exempt,2016-04-01 00:00:00,Exempt,Exempt,Exempt,-,-,Exempt,,,Military Capability,0,"MOD_0112_1718-Q1,1718 - Q2 ",,Red,Joiner,,,2020/beis/BEIS_Government_Major_Projects_Portfolio_data_September_2019.xlsx,2017-09-30,MOD_0112_1718-Q1,EXEMPT,,,MOD_0112_1718-Q1,type 31e,MOD_0112_1718-Q1,gmpp_id,Type 31e,EXEMPT,,,both,True
MOD_0113_1718-Q1,Armed Forces People Programme,AR 2018,1718-Q2 ,MOD,Amber/Red,2015-11-25 00:00:00,2021-03-31 00:00:00,11.1,24.56,13.459999999999999,1.2126126126126127,57.379999999999995,,,Government Transformation and Service Delivery,5.35068493150685,"MOD_0113_1718-Q1,1718 - Q2 ",,Amber/Red,Joiner,,,2020/beis/BEIS_Government_Major_Projects_Portfolio_data_September_2019.xlsx,2017-09-30,MOD_0113_1718-Q1,Amber/Red,57.379999999999995,2021-03-31,MOD::armed forces people programme,armed forces people programme,MOD::armed forces people programme,name,Armed Forces People Programme,Amber/Red,57.38,2021-03-31,both,True
MOD_0114_1718-Q1,Defence Estate Optimisation ,AR 2018,1718-Q2 ,MOD,Amber/Red,2016-09-30 00:00:00,2041-03-31 00:00:00,0,0,0,-,0,,,Military Capability,24.515068493150686,"MOD_0114_1718-Q1,1718 - Q2 ",,Amber/Red,Joiner,,,2020/beis/BEIS_Government_Major_Projects_Portfolio_data_September_2019.xlsx,2017-09-30,MOD_0114_1718-Q1,Amber/Red,0.0,2041-03-31,MOD_0114_1718-Q1,defence estate optimisation,MOD_0114_1718-Q1,gmpp_id,Defence Estate Optimisation,Amber/Red,,2041-03-31,both,True
MOD_0115_1718-Q2,Mechanised Infantry Programme,AR 2018,1718-Q2 ,MOD,Amber,Exempt,Exempt,Exempt,Exempt,-,-,Exempt,,,Military Capability,0,"MOD_0115_1718-Q2,1718 - Q2 ",,Amber,Joiner,,,2020/beis/BEIS_Government_Major_Projects_Portfolio_data_September_2019.xlsx,2017-09-30,MOD_0115_1718-Q2,Amber,,,MOD_0115_1718-Q2,mechanised infantry programme,MOD_0115_1718-Q2,gmpp_id,Mechanised Infantry Programme,Amber,,,both,True
MOD_0116_1718-Q2,Fleet Solid Support,AR 2018,1718-Q2 ,MOD,Amber,2016-03-14 00:00:00,2030-04-30 00:00:00,3.27,3.27,0,0,17.27,,,Military Capability,14.136986301369863,"MOD_0116_1718-Q2,1718 - Q2 ",,Amber,Joiner,,,2020/beis/BEIS_Government_Major_Projects_Portfolio_data_September_2019.xlsx,2017-09-30,MOD_0116_1718-Q2,Amber,17.27,2030-04-30,MOD_0116_1718-Q2,fleet solid support,MOD_0116_1718-Q2,gmpp_id,Fleet Solid Support,Amber,17.27,2030-04-30,both,True
MOD_0117_1718-Q2,Future Maritime Support Strategy,AR 2018,1718-Q2 ,MOD,Amber/Red,2016-09-26 00:00:00,2019-09-27 00:00:00,0,0,0,-,0,,,Military Capability,3.0027397260273974,"MOD_0117_1718-Q2,1718 - Q2 ",,Amber/Red,Joiner,,,2020/beis/BEIS_Government_Major_Projects_Portfolio_data_September_2019.xlsx,2017-09-30,MOD_0117_1718-Q2,Amber/Red,0.0,2019-09-27,MOD_0117_1718-Q2,future maritime support strategy,MOD::future maritime support strategy,gmpp_id,,,,,left_only,False
MOJ_0003_1112-Q1,Electronic Monitoring,AR 2018,1718-Q2 ,MoJ,Amber/Red,2011-05-10 00:00:00,2024-08-31 00:00:00,79.3,74.03,-5.269999999999996,-0.06645649432534674,580.5,,,Government Transformation and Service Delivery,13.32054794520548,"MOJ_0003_1112-Q1,1718 - Q2 ",,Amber/Red,Not new,,,2020/beis/BEIS_Government_Major_Projects_Portfolio_data_September_2019.xlsx,2017-09-30,MOJ_0003_1112-Q1,Amber/Red,580.5,2024-08-31,MOJ_0003_1112-Q1,electronic monitoring,MOJ_0003_1112-Q1,gmpp_id,Electronic Monitoring,Amber/Red,580.5,2024-08-31,both,True
MOJ_0004_1112-Q1,Future IT Sourcing Programme (FITS),AR 2018,1718-Q2 ,MoJ,Amber,2011-03-01 00:00:00,2017-11-30 00:00:00,314.3,314.3,0,0,2879.25,,,ICT,6.756164383561644,"MOJ_0004_1112-Q1,1718 - Q2 ",,Amber,Not new,,,2020/beis/BEIS_Government_Major_Projects_Portfolio_data_September_2019.xlsx,2017-09-30,MOJ_0004_1112-Q1,Amber,2879.25,2017-11-30,MOJ_0004_1112-Q1,future it sourcing programme,MOJ_0004_1112-Q1,gmpp_id,Future IT Sourcing Programme (FITS),Amber,2879.25,2017-11-30,both,True
MOJ_0008_1112-Q1,Shared Services (ISSC2) Evolve,AR 2018,1718-Q2 ,MoJ,Amber/Green,2013-09-07 00:00:00,2015-11-05 00:00:00,43.86,46.03,2.1700000000000017,0.04947560419516648,398.07,,,ICT,2.1616438356164385,"MOJ_0008_1112-Q1,1718 - Q2 ",,Amber/Green,Not new,,,2020/beis/BEIS_Government_Major_Projects_Portfolio_data_September_2019.xlsx,2017-09-30,MOJ_0008_1112-Q1,Amber/Green,398.07,2015-11-05,MOJ_0008_1112-Q1,shared services evolve,MOJ_0008_1112-Q1,gmpp_id,Shared Services (ISSC2) Evolve,Amber/Green,398.07,2015-11-05,both,True
MOJ_0021_1314-Q1,CJS Common Platform,AR 2018,1718-Q2 ,MoJ,Amber/Red,2012-11-01 00:00:00,2019-03-29 00:00:00,73.59,52.33,-21.260000000000005,-0.28889794809077324,380.96000000000004,,,ICT,6.4082191780821915,"MOJ_0021_1314-Q1,1718 - Q2 ",,Amber/Red,Not new,,,2020/beis/BEIS_Government_Major_Projects_Portfolio_data_September_2019.xlsx,2017-09-30,MOJ_0021_1314-Q1,Amber/Red,380.96000000000004,2019-03-29,MOJ_0021_1314-Q1,cjs common platform,MOJ_0021_1314-Q1,gmpp_id,CJS Common Platform,Amber/Red,380.96,2019-03-29,both,True
MOJ_0023_1314-Q1,Berwyn Programme,AR 2018,1718-Q2 ,MoJ,Amber/Green,2013-01-10 00:00:00,2018-05-31 00:00:00,43.8,60.6,16.800000000000004,0.3835616438356166,2269.7000000000003,,,Infrastructure and Construction,5.389041095890411,"MOJ_0023_1314-Q1,1718 - Q2 ",,Amber/Green,Not new,,,2020/beis/BEIS_Government_Major_Projects_Portfolio_data_September_2019.xlsx,2017-09-30,MOJ_0023_1314-Q1,Amber/Green,2269.7000000000003,2018-05-31,MOJ_0023_1314-Q1,berwyn programme,MOJ_0023_1314-Q1,gmpp_id,Berwyn Programme,Amber/Green,2269.7,2018-05-31,both,True
MOJ_0028_1314-Q2,HMCTS Reform,AR 2018,1718-Q2 ,MoJ,Amber/Red,2015-01-05 00:00:00,2022-03-31 00:00:00,192.85,192.85,0,0,1647.02,,,Government Transformation and Service Delivery,7.238356164383561,"MOJ_0028_1314-Q2,1718 - Q2 ",,Amber/Red,Not new,,,2020/beis/BEIS_Government_Major_Projects_Portfolio_data_September_2019.xlsx,2017-09-30,MOJ_0028_1314-Q2,Amber/Red,1647.02,2022-03-31,MOJ_0028_1314-Q2,hmcts reform,MOJ_0028_1314-Q2,gmpp_id,HMCTS Reform,Amber/Red,1647.02,2022-03-31,both,True
MOJ_0032_1617-Q2,MoJ Future FM ,AR 2018,1718-Q2 ,MoJ,Amber,2016-07-01 00:00:00,2018-04-01 00:00:00,43.3,25.9,-17.4,-0.4018475750577367,430.20000000000005,,,Government Transformation and Service Delivery,1.7506849315068493,"MOJ_0032_1617-Q2,1718 - Q2 ",,Amber,Not new,,,2020/beis/BEIS_Government_Major_Projects_Portfolio_data_September_2019.xlsx,2017-09-30,MOJ_0032_1617-Q2,Amber,430.20000000000005,2018-04-01,MOJ_0032_1617-Q2,moj future fm,MOJ_0032_1617-Q2,gmpp_id,MoJ Future FM,Amber,430.2,2018-04-01,both,True
MOJ_0033_1617-Q2,Prison Estate Transformation Programme (PETP),AR 2018,1718-Q2 ,MoJ,Amber/Red,2016-04-01 00:00:00,2021-12-31 00:00:00,0,0,0,-,0,,,Infrastructure and Construction,5.7534246575342465,"MOJ_0033_1617-Q2,1718 - Q2 ",,Amber/Red,Not new,,,2020/beis/BEIS_Government_Major_Projects_Portfolio_data_September_2019.xlsx,2017-09-30,MOJ_0033_1617-Q2,Amber/Red,0.0,2021-12-31,MOJ_0033_1617-Q2,prison estate transformation programme,MOJ_0033_1617-Q2,gmpp_id,Prison Estate Transformation Programme (PETP),Amber/Red,,2021-12-31,both,True
MOJ_0034_1617-Q2,NOMS Digital Transformation Programme,AR 2018,1718-Q2 ,MoJ,Amber,2016-01-01 00:00:00,2021-03-31 00:00:00,37.8,48.1,10.300000000000004,0.2724867724867726,212.2,,,Government Transformation and Service Delivery,5.249315068493151,"MOJ_0034_1617-Q2,1718 - Q2 ",,Amber,Not new,,,2020/beis/BEIS_Government_Major_Projects_Portfolio_data_September_2019.xlsx,2017-09-30,MOJ_0034_1617-Q2,Amber,212.2,2021-03-31,MOJ_0034_1617-Q2,noms digital transformation programme,MOJ_0034_1617-Q2,gmpp_id,NOMS Digital Transformation Programme,Amber,212.2,2021-03-31,both,True
MOJ_0035_1617-Q3,Criminal Justice System Exchange Re-provisioning,AR 2018,1718-Q2 ,MoJ,Amber,2015-10-31 00:00:00,2017-10-31 00:00:00,16.06,19.91,3.8500000000000014,0.23972602739726037,39.879999999999995,,,ICT,2.0027397260273974,"MOJ_0035_1617-Q3,1718 - Q2 ",,Amber,Joiner,,,2020/beis/BEIS_Government_Major_Projects_Portfolio_data_September_2019.xlsx,2017-09-30,MOJ_0035_1617-Q3,Amber,39.879999999999995,2017-10-31,MOJ::criminal justice system exchange re provisioning,criminal justice system exchange re provisioning,MOJ::criminal justice system exchange re provisioning,name,Criminal Justice System Exchange Re-provisioning,Amber,39.88,2017-10-31,both,True
MOJ_0037_1617-Q4,Transforming Compliance Enforcment Programme (TCEP),AR 2018,1718-Q2 ,MoJ,Amber/Red,2016-01-04 00:00:00,2019-04-26 00:00:00,27.4,27.4,0,0,123.00000000000001,,,Government Transformation and Service Delivery,3.3095890410958906,"MOJ_0037_1617-Q4,1718 - Q2 ",,Red,Joiner,,,2020/beis/BEIS_Government_Major_Projects_Portfolio_data_September_2019.xlsx,2017-09-30,MOJ_0037_1617-Q4,Amber/Red,123.00000000000001,2019-04-26,MOJ::transforming compliance enforcment programme,transforming compliance enforcment programme,MOJ::transforming compliance enforcment programme,name,Transforming Compliance Enforcment Programme (TCEP),Amber/Red,123.0,2019-04-26,both,True
NCA_0001_1415-Q2,NCA Transformation Programme,AR 2018,1718-Q2 ,NCA,Amber,2014-04-01 00:00:00,2019-03-31 00:00:00,61,61,0,0,304.3,,,Government Transformation and Service Delivery,5,"NCA_0001_1415-Q2,1718 - Q2 ",,Amber,Not new,,,2020/beis/BEIS_Government_Major_Projects_Portfolio_data_September_2019.xlsx,2017-09-30,NCA_0001_1415-Q2,Amber,304.3,2019-03-31,NCA_0001_1415-Q2,nca transformation programme,,gmpp_id,,,,,left_only,False
NCA_0002_1617-Q2,IT Transformation Programme,AR 2018,1718-Q2 ,NCA,Amber,2016-04-01 00:00:00,2022-07-31 00:00:00,38.8,38.8,0,0,167.68,,,ICT,6.3342465753424655,"NCA_0002_1617-Q2,1718 - Q2 ",,Amber,Not new,,,2020/beis/BEIS_Government_Major_Projects_Portfolio_data_September_2019.xlsx,2017-09-30,NCA_0002_1617-Q2,Amber,167.68,2022-07-31,,it transformation programme,,unmatched,,,,,left_only,False
ONS_0002_1112-Q1,Census Transformation Programme,AR 2018,1718-Q2 ,ONS,Amber,2015-01-01 00:00:00,2025-03-31 00:00:00,55.6,55.01,-0.5900000000000034,-0.010611510791366968,905.76,,,Government Transformation and Service Delivery,10.252054794520548,"ONS_0002_1112-Q1,1718 - Q2 ",,Amber,Not new,,,2020/beis/BEIS_Government_Major_Projects_Portfolio_data_September_2019.xlsx,2017-09-30,ONS_0002_1112-Q1,Amber,905.76,2025-03-31,ONS_0002_1112-Q1,census transformation programme,,gmpp_id,,,,,left_only,False
BEIS_0001_1617-Q2,Heat Networks Investment Project,AR 2019,1819-Q2,BEIS,Amber,2015-11-25 00:00:00,2021-03-31 00:00:00,10.4,7.89,-2.5100000000000007,-0.2413461538461539,371.8,,,Infrastructure and Construction,5.35068493150685,BEIS_0001_1617-Q2-1819-Q2,,,Not new,,,2020/beis/BEIS_Government_Major_Projects_Portfolio_data_September_2019.xlsx,2018-09-30,BEIS_0001_1617-Q2,Amber,371.8,2021-03-31,BEIS_0001_1617-Q2,heat networks investment project,BEIS_0001_1617-Q2,gmpp_id,Heat Networks Investment Project,Amber,371.8,2021-03-31,both,True
BEIS_0002_1718-Q1,UKRI Implementation Programme,AR 2019,1819-Q2,BEIS,Green,2016-01-01 00:00:00,2018-10-01 00:00:00,0,0,0,-,10.37,,,Government Transformation and Service Delivery,2.750684931506849,BEIS_0002_1718-Q1-1819-Q2,,,Not new,,,2020/beis/BEIS_Government_Major_Projects_Portfolio_data_September_2019.xlsx,2018-09-30,BEIS_0002_1718-Q1,Green,10.37,2018-10-01,BEIS lineage::ukri implementation programme,ukri implementation programme,BEIS lineage::ukri implementation programme,name,UKRI Implementation Programme,Green,10.37,2018-10-01,both,True
BEIS_0003_1819-Q2,The Next Magnox Operating Model,AR 2019,1819-Q2,BEIS,Amber,2017-09-01 00:00:00,2019-09-01 00:00:00,2,2,0,0,5,,,Government Transformation and Service Delivery,2,BEIS_0003_1819-Q2-1819-Q2,,,Joiner,,,2020/beis/BEIS_Government_Major_Projects_Portfolio_data_September_2019.xlsx,2018-09-30,BEIS_0003_1819-Q2,Amber,5.0,2019-09-01,BEIS_0003_1819-Q2,the next magnox operating model,BEIS_0003_1819-Q2,gmpp_id,The Next Magnox Operating Model,Amber,5.0,2019-09-01,both,True
BIS_0014_1415-Q3,New Polar Research Vessel,AR 2019,1819-Q2,BEIS,Amber,2014-05-01 00:00:00,2022-12-31 00:00:00,113,111,-2,-0.017699115044247787,1403,,,Infrastructure and Construction,8.673972602739726,BIS_0014_1415-Q3-1819-Q2,,,Not new,,,2020/beis/BEIS_Government_Major_Projects_Portfolio_data_September_2019.xlsx,2018-09-30,BIS_0014_1415-Q3,Amber,1403.0,2022-12-31,BIS_0014_1415-Q3,new polar research vessel,BIS_0014_1415-Q3,gmpp_id,New Polar Research Vessel,Amber,1403.0,2022-12-31,both,True
BIS_0015_1516-Q1,Local Land Charges (LLC) Programme,AR 2019,1819-Q2,BEIS,Amber,2014-03-01 00:00:00,2023-11-17 00:00:00,31.2,9.18,-22.02,-0.7057692307692308,193.3,,,ICT,9.72054794520548,BIS_0015_1516-Q1-1819-Q2,,,Not new,,,2020/beis/BEIS_Government_Major_Projects_Portfolio_data_September_2019.xlsx,2018-09-30,BIS_0015_1516-Q1,Amber,193.3,2023-11-17,BIS_0015_1516-Q1,local land charges programme,BIS_0015_1516-Q1,gmpp_id,Local Land Charges (LLC) Programme,Amber,193.3,2023-11-17,both,True
CO_0013_1516-Q2,Foxhound Programme,AR 2019,1819-Q2,CO,Amber/Green,2013-09-01 00:00:00,2018-07-01 00:00:00,26.1,22.7,-3.400000000000002,-0.13026819923371655,126.5,,,ICT,4.832876712328767,CO_0013_1516-Q2-1819-Q2,,,Not new,,,2020/beis/BEIS_Government_Major_Projects_Portfolio_data_September_2019.xlsx,2018-09-30,CO_0013_1516-Q2,Amber/Green,126.5,2018-07-01,CO_0013_1516-Q2,foxhound programme,CO_0013_1516-Q2,gmpp_id,Foxhound Programme,Amber/Green,126.5,2019-03-31,both,True
CO_0014_1516-Q2,Government Hubs Programme,AR 2019,1819-Q2,CO,Amber,2015-05-01 00:00:00,2036-03-31 00:00:00,111.41,111.41,0,0,564.1,,,Government Transformation and Service Delivery,20.931506849315067,CO_0014_1516-Q2-1819-Q2,,,Not new,,,2020/beis/BEIS_Government_Major_Projects_Portfolio_data_September_2019.xlsx,2018-09-30,CO_0014_1516-Q2,Amber,564.1,2036-03-31,CO_0014_1516-Q2,government hubs programme,CO_0014_1516-Q2,gmpp_id,Government Hubs Programme,Amber,564.1,2036-03-31,both,True
CO_0015_1516-Q2,GOV UK Verify,AR 2019,1819-Q2,CO,Red,2012-04-01 00:00:00,2020-03-31 00:00:00,30,30,0,0,209.6,,,ICT,8.002739726027396,CO_0015_1516-Q2-1819-Q2,,,Not new,,,2020/beis/BEIS_Government_Major_Projects_Portfolio_data_September_2019.xlsx,2018-09-30,CO_0015_1516-Q2,Red,209.6,2020-03-31,CO_0015_1516-Q2,gov uk verify,CO_0015_1516-Q2,gmpp_id,GOV UK Verify,Red,209.6,2020-03-31,both,True
CO_0016_1516-Q4,1617 New Property Model Programme ,AR 2019,1819-Q2,CO,Amber,2015-04-01 00:00:00,2021-04-01 00:00:00,7,7,0,0,270.741,,,Government Transformation and Service Delivery,6.005479452054795,CO_0016_1516-Q4-1819-Q2,,,Not new,,,2020/beis/BEIS_Government_Major_Projects_Portfolio_data_September_2019.xlsx,2018-09-30,CO_0016_1516-Q4,Amber,270.741,2021-04-01,CO_0016_1516-Q4,1617 new property model programme,CO_0016_1516-Q4,gmpp_id,1617 New Property Model Programme,Amber,270.74,2021-04-01,both,True
CO_0018_1617-Q3,Common Technology Services,AR 2019,1819-Q2,CO,Amber,2016-04-01 00:00:00,2020-03-31 00:00:00,8.1,5.2,-2.8999999999999995,-0.3580246913580246,43.96,,,Government Transformation and Service Delivery,4,CO_0018_1617-Q3-1819-Q2,,,Not new,,,2020/beis/BEIS_Government_Major_Projects_Portfolio_data_September_2019.xlsx,2018-09-30,CO_0018_1617-Q3,Amber,43.96,2020-03-31,CO_0018_1617-Q3,common technology services,CO_0018_1617-Q3,gmpp_id,Common Technology Services,Amber,43.96,2020-03-31,both,True
CO_0019_1617-Q4,Government as a Platform,AR 2019,1819-Q2,CO,Amber,2015-12-31 00:00:00,2020-03-31 00:00:00,20,15.8,-4.199999999999999,-0.20999999999999996,90,,,ICT,4.252054794520548,CO_0019_1617-Q4-1819-Q2,,,Not new,,,2020/beis/BEIS_Government_Major_Projects_Portfolio_data_September_2019.xlsx,2018-09-30,CO_0019_1617-Q4,Amber,90.0,2020-03-31,CO_0019_1617-Q4,government as a platform,CO_0019_1617-Q4,gmpp_id,Government as a Platform,Amber,90.0,2020-03-31,both,True
CO_0020_1718-Q4,Commercial Capability Expansion Programme,AR 2019,1819-Q2,CO,Amber/Red,2017-04-01 00:00:00,2020-03-31 00:00:00,6,6.2,0.20000000000000018,0.03333333333333336,11.7,,,Government Transformation and Service Delivery,3,CO_0020_1718-Q4-1819-Q2,,,Joiner,,,2020/beis/BEIS_Government_Major_Projects_Portfolio_data_September_2019.xlsx,2018-09-30,CO_0020_1718-Q4,Amber/Red,11.7,2020-03-31,CO_0020_1718-Q4,commercial capability expansion programme,CO_0020_1718-Q4,gmpp_id,Commercial Capability Expansion Programme,Amber/Red,11.7,2020-03-31,both,True
DCMS_0008_1516-Q4,Blythe House Programme,AR 2019,1819-Q2,DCMS,Amber,2015-11-25 00:00:00,2023-03-31 00:00:00,88.7494,23.5,-65.2494,-0.7352094774725237,338,,,Infrastructure and Construction,7.35068493150685,DCMS_0008_1516-Q4-1819-Q2,,,Not new,,,2020/beis/BEIS_Government_Major_Projects_Portfolio_data_September_2019.xlsx,2018-09-30,DCMS_0008_1516-Q4,Amber,338.0,2023-03-31,DCMS_0008_1516-Q4,blythe house programme,DCMS_0008_1516-Q4,gmpp_id,Blythe House Programme,Amber,338.0,2023-03-31,both,True
DCMS_0009_1516-Q4,700 MHz Clearance Programme,AR 2019,1819-Q2,DCMS,Amber,2015-01-13 00:00:00,2022-01-01 00:00:00,164.3,87.1,-77.20000000000002,-0.469872185027389,594.92,,,Infrastructure and Construction,6.972602739726027,DCMS_0009_1516-Q4-1819-Q2,,,Not new,,,2020/beis/BEIS_Government_Major_Projects_Portfolio_data_September_2019.xlsx,2018-09-30,DCMS_0009_1516-Q4,Amber,594.92,2022-01-01,DCMS_0009_1516-Q4,700 mhz clearance programme,DCMS_0009_1516-Q4,gmpp_id,700 MHz Clearance Programme,Amber,594.92,2022-01-01,both,True
DCMS_0010_1718-Q3,Local Full Fibre Networks,AR 2019,1819-Q2,DCMS,Amber/Green,2017-04-01 00:00:00,2021-12-01 00:00:00,50.7,58,7.299999999999997,0.14398422090729776,318.7,,,Infrastructure and Construction,4.671232876712328,DCMS_0010_1718-Q3-1819-Q2,,,Joiner,,,2020/beis/BEIS_Government_Major_Projects_Portfolio_data_September_2019.xlsx,2018-09-30,DCMS_0010_1718-Q3,Amber/Green,318.7,2021-12-01,DCMS_0010_1718-Q3,local full fibre networks,DCMS_0010_1718-Q3,gmpp_id,Local Full Fibre Networks,Amber/Green,318.7,2021-12-01,both,True
DCMS_0011_1718-Q3,5G Testbeds & Trials ,AR 2019,1819-Q2,DCMS,Amber/Red,2017-02-28 00:00:00,2021-03-31 00:00:00,79.15,42.65,-36.50000000000001,-0.4611497157296274,217.05,,,Infrastructure and Construction,4.087671232876712,DCMS_0011_1718-Q3-1819-Q2,,,Joiner,,,2020/beis/BEIS_Government_Major_Projects_Portfolio_data_September_2019.xlsx,2018-09-30,DCMS_0011_1718-Q3,Amber/Red,217.05,2021-03-31,DCMS_0011_1718-Q3,5g testbeds and trials,DCMS_0011_1718-Q3,gmpp_id,5G Testbeds & Trials,Amber/Red,217.05,2021-03-31,both,True
DCMS_0012_1819-Q2,Birmingham 2022 Commonwealth Games,AR 2019,1819-Q2,DCMS,Amber/Red,2017-12-21 00:00:00,2023-03-31 00:00:00,Exempt,Exempt,-,-,Exempt,,,Government Transformation and Service Delivery,5.276712328767124,DCMS_0012_1819-Q2-1819-Q2,,,Joiner,,,2020/beis/BEIS_Government_Major_Projects_Portfolio_data_September_2019.xlsx,2018-09-30,DCMS_0012_1819-Q2,Amber/Red,,2023-03-31,DCMS_0012_1819-Q2,birmingham 2022 commonwealth games,DCMS_0012_1819-Q2,gmpp_id,Birmingham 2022 Commonwealth Games,Amber/Red,,2023-03-31,both,True
DECC_0005_1112-Q1,Geological Disposal Facility Programme (GDF),AR 2019,1819-Q2,BEIS,Amber,2008-06-30 00:00:00,2040-12-31 00:00:00,40.27,37.4,-2.8700000000000045,-0.07126893469083696,12343.96,,,Infrastructure and Construction,32.52602739726027,DECC_0005_1112-Q1-1819-Q2,,,Not new,,,2020/beis/BEIS_Government_Major_Projects_Portfolio_data_September_2019.xlsx,2018-09-30,DECC_0005_1112-Q1,Amber,12343.96,2040-12-31,DECC_0005_1112-Q1,geological disposal facility programme,DECC_0005_1112-Q1,gmpp_id,Geological Disposal Facility Programme (GDF),Amber,12343.96,2040-12-31,both,True
DECC_0010_1112-Q1,Smart Metering Implementation Programme,AR 2019,1819-Q2,BEIS,Amber/Red,2009-12-02 00:00:00,2020-12-31 00:00:00,1060.9711,1064.0435,3.072400000000016,0.0028958375963303957,17215.7754,,,Infrastructure and Construction,11.087671232876712,DECC_0010_1112-Q1-1819-Q2,,,Not new,,,2020/beis/BEIS_Government_Major_Projects_Portfolio_data_September_2019.xlsx,2018-09-30,DECC_0010_1112-Q1,Amber/Red,17215.7754,2020-12-31,DECC_0010_1112-Q1,smart metering implementation programme,DECC_0010_1112-Q1,gmpp_id,Smart Metering Implementation Programme,Amber/Red,17215.78,2020-12-31,both,True
DECC_0013_1213-Q1,Magnox & RSRL PBO Competition,AR 2019,1819-Q2,BEIS,Amber,2012-04-03 00:00:00,2019-08-31 00:00:00,490,532,42,0.08571428571428572,2782,,,Infrastructure and Construction,7.413698630136986,DECC_0013_1213-Q1-1819-Q2,,,Not new,,,2020/beis/BEIS_Government_Major_Projects_Portfolio_data_September_2019.xlsx,2018-09-30,DECC_0013_1213-Q1,Amber,2782.0,2019-08-31,DECC_0013_1213-Q1,magnox and rsrl pbo competition,DECC_0013_1213-Q1,gmpp_id,Magnox & RSRL PBO Competition,Amber,2782.0,2019-08-31,both,True
DECC_0017_1516-Q1,Sellafield Model Change  (SMC),AR 2019,1819-Q2,BEIS,Green,2015-01-13 00:00:00,2017-05-24 00:00:00,2292.8,2038.8,-254.00000000000023,-0.11078157711095613,30011.2,,,Government Transformation and Service Delivery,2.361643835616438,DECC_0017_1516-Q1-1819-Q2,,,Not new,,,2020/beis/BEIS_Government_Major_Projects_Portfolio_data_September_2019.xlsx,2018-09-30,DECC_0017_1516-Q1,Green,30011.2,2017-05-24,BEIS lineage::sellafield model change,sellafield model change,BEIS lineage::sellafield model change,name,Sellafield Model Change (SMC),Green,30011.2,2017-05-24,both,True
DEFRA_0006_1516-Q1,DEFRA UNITY PROGRAMME,AR 2019,1819-Q2,DEFRA,Amber,2014-11-01 00:00:00,2020-04-30 00:00:00,121.2,159,37.8,0.3118811881188118,1048.4,,,ICT,5.498630136986302,DEFRA_0006_1516-Q1-1819-Q2,,,Not new,,,2020/beis/BEIS_Government_Major_Projects_Portfolio_data_September_2019.xlsx,2018-09-30,DEFRA_0006_1516-Q1,Amber,1048.4,2020-04-30,DEFRA_0006_1516-Q1,defra unity programme,DEFRA_0006_1516-Q1,gmpp_id,DEFRA UNITY PROGRAMME,Amber,1048.4,2020-04-30,both,True
DFE_0006_1415-Q3,Priority School Building Programme 2,AR 2019,1819-Q2,DFE,Amber/Red,2014-05-01 00:00:00,2022-12-31 00:00:00,448.6,448.6,0,0,2398.5,,,Infrastructure and Construction,8.673972602739726,DFE_0006_1415-Q3-1819-Q2,,,Not new,,,2020/beis/BEIS_Government_Major_Projects_Portfolio_data_September_2019.xlsx,2018-09-30,DFE_0006_1415-Q3,Amber/Red,2398.5,2022-12-31,DFE_0006_1415-Q3,priority school building programme 2,DFE_0006_1415-Q3,gmpp_id,Priority School Building Programme 2,Amber/Red,2398.5,2022-12-31,both,True
DFE_0007_1617-Q1,30 Hrs Free Childcare Programme,AR 2019,1819-Q2,DFE,Amber/Green,2015-05-11 00:00:00,2018-03-31 00:00:00,750.02,750.51,0.4900000000000091,0.0006533159115757035,5874.92,,,Government Transformation and Service Delivery,2.8904109589041096,DFE_0007_1617-Q1-1819-Q2,,,Not new,,,2020/beis/BEIS_Government_Major_Projects_Portfolio_data_September_2019.xlsx,2018-09-30,DFE_0007_1617-Q1,Amber/Green,5874.92,2018-03-31,DFE_0007_1617-Q1,30 hrs free childcare programme,DFE_0007_1617-Q1,gmpp_id,30 Hrs Free Childcare Programme,Amber/Green,5874.92,2018-03-31,both,True
DfE_0009_1617-Q2,Apprenticeships Reform Programme,AR 2019,1819-Q2,DFE,Amber,2015-05-08 00:00:00,2021-04-01 00:00:00,2243.3,1863.6,-379.7000000000003,-0.169259572950564,11347.5,,,Government Transformation and Service Delivery,5.904109589041096,DfE_0009_1617-Q2-1819-Q2,,,Not new,,,2020/beis/BEIS_Government_Major_Projects_Portfolio_data_September_2019.xlsx,2018-09-30,DFE_0009_1617-Q2,Amber,11347.5,2021-04-01,DFE_0009_1617-Q2,apprenticeships reform programme,DFE_0009_1617-Q2,gmpp_id,Apprenticeships Reform Programme,Amber,11347.5,2021-04-01,both,True
DFE_0010_1819-Q1,T Level Programme,AR 2019,1819-Q2,DFE,Amber/Red,2016-10-25 00:00:00,2023-09-30 00:00:00,50,50,0,0,146.2,,,Government Transformation and Service Delivery,6.934246575342466,DFE_0010_1819-Q1-1819-Q2,,,Joiner,,,2020/beis/BEIS_Government_Major_Projects_Portfolio_data_September_2019.xlsx,2018-09-30,DFE_0010_1819-Q1,Amber/Red,146.2,2023-09-30,DFE_0010_1819-Q1,t level programme,DFE_0010_1819-Q1,gmpp_id,T Level Programme,Amber/Red,146.2,2023-09-30,both,True
DFE_0011_1819-Q2,Social Work England,AR 2019,1819-Q2,DFE,Amber,2016-05-09 00:00:00,Exempt,11.35,7.885,-3.465,-0.3052863436123348,21.31,,,Government Transformation and Service Delivery,0,DFE_0011_1819-Q2-1819-Q2,,,Joiner,,,2020/beis/BEIS_Government_Major_Projects_Portfolio_data_September_2019.xlsx,2018-09-30,DFE_0011_1819-Q2,Amber,21.31,,DFE_0011_1819-Q2,social work england,DFE_0011_1819-Q2,gmpp_id,Social Work England,Amber,21.31,,both,True
DFID_0001_1112-Q1,St Helena Airport,AR 2019,1819-Q2,DFID,Amber,2005-03-15 00:00:00,2026-08-31 00:00:00,4,4.64,0.6399999999999997,0.15999999999999992,445.1,,,Infrastructure and Construction,21.476712328767125,DFID_0001_1112-Q1-1819-Q2,,,Not new,,,2020/beis/BEIS_Government_Major_Projects_Portfolio_data_September_2019.xlsx,2018-09-30,DFID_0001_1112-Q1,Amber,445.1,2026-08-31,DFID_0001_1112-Q1,st helena airport,DFID_0001_1112-Q1,gmpp_id,St Helena Airport,Amber,445.1,2026-08-31,both,True
DFT_0001_1112-Q1,Crossrail Programme,AR 2019,1819-Q2,DFT,Red,2008-07-22 00:00:00,,466.75,1089.2,622.45,1.333583288698447,15474.61,,,Infrastructure and Construction,0,DFT_0001_1112-Q1-1819-Q2,,,Not new,,,2020/beis/BEIS_Government_Major_Projects_Portfolio_data_September_2019.xlsx,2018-09-30,DFT_0001_1112-Q1,Red,15474.61,,DFT_0001_1112-Q1,crossrail programme,DFT_0001_1112-Q1,gmpp_id,Crossrail Programme,Red,15474.61,,both,True
DFT_0004_1112-Q1,High Speed Rail Programme (HS2),AR 2019,1819-Q2,DFT,Amber/Red,2011-02-28 00:00:00,2033-12-31 00:00:00,2976,3009,33,0.011088709677419355,55710.37,,,Infrastructure and Construction,22.854794520547944,DFT_0004_1112-Q1-1819-Q2,,,Not new,,,2020/beis/BEIS_Government_Major_Projects_Portfolio_data_September_2019.xlsx,2018-09-30,DFT_0004_1112-Q1,Amber/Red,55710.37,2033-12-31,DFT_0004_1112-Q1,high speed rail programme,DFT_0004_1112-Q1,gmpp_id,High Speed Rail Programme (HS2),Amber/Red,55700.0,2033-12-31,both,True
DFT_0005_1112-Q1,Intercity Express Programme,AR 2019,1819-Q2,DFT,Amber/Red,2005-06-01 00:00:00,2020-02-06 00:00:00,120.1,154.9,34.80000000000001,0.289758534554538,6583.25,,,Infrastructure and Construction,14.693150684931506,DFT_0005_1112-Q1-1819-Q2,,,Not new,,,2020/beis/BEIS_Government_Major_Projects_Portfolio_data_September_2019.xlsx,2018-09-30,DFT_0005_1112-Q1,Amber/Red,6583.25,2020-02-06,DFT_0005_1112-Q1,intercity express programme,DFT_0005_1112-Q1,gmpp_id,Intercity Express Programme,Amber/Red,6583.25,2020-02-06,both,True
DFT_0016_1112-Q1,Thameslink Programme,AR 2019,1819-Q2,DFT,Amber,2005-07-01 00:00:00,2026-12-31 00:00:00,2178.7,2026.7,-151.99999999999977,-0.06976637444347537,7269.4,,,Infrastructure and Construction,21.515068493150686,DFT_0016_1112-Q1-1819-Q2,,,Not new,,,2020/beis/BEIS_Government_Major_Projects_Portfolio_data_September_2019.xlsx,2018-09-30,DFT_0016_1112-Q1,Amber,7269.4,2026-12-31,DFT_0016_1112-Q1,thameslink programme,DFT_0016_1112-Q1,gmpp_id,Thameslink Programme,Amber,7269.4,2026-12-31,both,True
DFT_0020_1314-Q2,A14 Cambridge to Huntingdon Improvement Scheme,AR 2019,1819-Q2,DFT,Amber/Green,2012-09-01 00:00:00,2021-09-30 00:00:00,407.3,475,67.69999999999999,0.1662165479990179,1435.3,,,Infrastructure and Construction,9.084931506849315,DFT_0020_1314-Q2-1819-Q2,,,Not new,,,2020/beis/BEIS_Government_Major_Projects_Portfolio_data_September_2019.xlsx,2018-09-30,DFT_0020_1314-Q2,Amber/Green,1435.3,2021-09-30,DFT_0020_1314-Q2,a14 cambridge to huntingdon improvement scheme,DFT_0020_1314-Q2,gmpp_id,A14 Cambridge to Huntingdon Improvement Scheme,Amber/Green,1435.3,2021-09-30,both,True
DFT_0021_1314-Q3,Rail Franchising Programme,AR 2019,1819-Q2,DFT,Amber/Red,2016-05-19 00:00:00,2019-03-31 00:00:00,10.6,12.7,2.0999999999999996,0.1981132075471698,20.6,,,Government Transformation and Service Delivery,2.8657534246575342,DFT_0021_1314-Q3-1819-Q2,,,Not new,,,2020/beis/BEIS_Government_Major_Projects_Portfolio_data_September_2019.xlsx,2018-09-30,DFT_0021_1314-Q3,Amber/Red,20.6,2019-03-31,DFT_0021_1314-Q3,rail franchising programme,DFT_0021_1314-Q3,gmpp_id,Rail Franchising Programme,Amber/Red,20.6,2019-03-31,both,True
DfT_0022_1415-Q4,Lower Thames Crossing,AR 2019,1819-Q2,DFT,Amber,2014-05-30 00:00:00,2028-07-31 00:00:00,61.9,81,19.1,0.30856219709208405,5509,,,Infrastructure and Construction,14.180821917808219,DfT_0022_1415-Q4-1819-Q2,,,Not new,,,2020/beis/BEIS_Government_Major_Projects_Portfolio_data_September_2019.xlsx,2018-09-30,DFT_0022_1415-Q4,Amber,5509.0,2028-07-31,DFT_0022_1415-Q4,lower thames crossing,DFT_0022_1415-Q4,gmpp_id,Lower Thames Crossing,Amber,5509.0,2028-07-31,both,True
DfT_0023_1516-Q3,Heathrow Expansion,AR 2019,1819-Q2,DFT,Amber,2015-07-01 00:00:00,2029-12-31 00:00:00,14.7,7.9,-6.799999999999999,-0.4625850340136054,22732.9,,,Infrastructure and Construction,14.512328767123288,DfT_0023_1516-Q3-1819-Q2,,,Not new,,,2020/beis/BEIS_Government_Major_Projects_Portfolio_data_September_2019.xlsx,2018-09-30,DFT_0023_1516-Q3,Amber,22732.9,2029-12-31,DFT_0023_1516-Q3,heathrow expansion,,gmpp_id,Heathrow Expansion Programme,Amber,22732.9,2029-12-31,both,True
DFT_0024_1516-Q4,A303 Amesbury to Berwick Down,AR 2019,1819-Q2,DFT,Amber,2014-12-01 00:00:00,2028-06-01 00:00:00,22.9,33.19,10.29,0.4493449781659389,1556.4,,,Infrastructure and Construction,13.509589041095891,DFT_0024_1516-Q4-1819-Q2,,,Not new,,,2020/beis/BEIS_Government_Major_Projects_Portfolio_data_September_2019.xlsx,2018-09-30,DFT_0024_1516-Q4,Amber,1556.4,2028-06-01,DFT_0024_1516-Q4,a303 amesbury to berwick down,DFT_0024_1516-Q4,gmpp_id,A303 Amesbury to Berwick Down,Amber,1556.4,2028-06-01,both,True
DFT_0025_1617-Q1,East West Rail Programme (Western Section),AR 2019,1819-Q2,DFT,Amber,2011-11-30 00:00:00,2024-06-30 00:00:00,89.7,89.7,0,0,1091.4,,,Infrastructure and Construction,12.591780821917808,DFT_0025_1617-Q1-1819-Q2,,,Not new,,,2020/beis/BEIS_Government_Major_Projects_Portfolio_data_September_2019.xlsx,2018-09-30,DFT_0025_1617-Q1,Amber,1091.4,2024-06-30,DFT_0025_1617-Q1,east west rail programme,DFT_0025_1617-Q1,gmpp_id,East West Rail Programme (Western Section),Amber,1091.4,2024-06-30,both,True
DFT_0026_1617-Q1,Great Western Route Modernisation (GWRM) including electrification,AR 2019,1819-Q2,DFT,Amber/Red,2011-12-01 00:00:00,2024-12-31 00:00:00,655,769,114,0.17404580152671756,5001,,,Infrastructure and Construction,13.093150684931507,DFT_0026_1617-Q1-1819-Q2,,,Not new,,,2020/beis/BEIS_Government_Major_Projects_Portfolio_data_September_2019.xlsx,2018-09-30,DFT_0026_1617-Q1,Amber/Red,5001.0,2024-12-31,DFT_0026_1617-Q1,great western route modernisation including electrification,,gmpp_id,,,,,left_only,False
DFT_0027_1617-Q1,Midland Main Line Programme,AR 2019,1819-Q2,DFT,Amber,2011-01-01 00:00:00,2024-12-31 00:00:00,501.9,441.3,-60.599999999999966,-0.12074118350268971,1671.2,,,Infrastructure and Construction,14.008219178082191,DFT_0027_1617-Q1-1819-Q2,,,Not new,,,2020/beis/BEIS_Government_Major_Projects_Portfolio_data_September_2019.xlsx,2018-09-30,DFT_0027_1617-Q1,Amber,1671.2,2024-12-31,DFT_0027_1617-Q1,midland main line programme,DFT_0027_1617-Q1,gmpp_id,Midland Main Line Programme,Amber,1671.2,2024-12-31,both,True
DFT_0028_1617-Q1,North of England Programme,AR 2019,1819-Q2,DFT,Amber,2009-07-23 00:00:00,2022-12-31 00:00:00,285,367.7,82.69999999999999,0.2901754385964912,6052,,,Infrastructure and Construction,13.449315068493151,DFT_0028_1617-Q1-1819-Q2,,,Not new,,,2020/beis/BEIS_Government_Major_Projects_Portfolio_data_September_2019.xlsx,2018-09-30,DFT_0028_1617-Q1,Amber,6052.0,2022-12-31,DFT_0028_1617-Q1,north of england programme,DFT_0028_1617-Q1,gmpp_id,North of England Programme,Amber,6052.0,2022-12-31,both,True
DFT_0029_1617-Q1,South West Route Capacity,AR 2019,1819-Q2,DFT,Amber/Green,2012-07-16 00:00:00,2019-12-31 00:00:00,178.22,129.02,-49.19999999999999,-0.27606329255975753,820.2,,,Infrastructure and Construction,7.463013698630137,DFT_0029_1617-Q1-1819-Q2,,,Not new,,,2020/beis/BEIS_Government_Major_Projects_Portfolio_data_September_2019.xlsx,2018-09-30,DFT_0029_1617-Q1,Amber/Green,820.2,2019-12-31,DFT_0029_1617-Q1,south west route capacity,DFT_0029_1617-Q1,gmpp_id,South West Route Capacity,Amber/Green,820.2,2019-12-31,both,True
DFT_0030_1617-Q2,M20 Lorry Area,AR 2019,1819-Q2,DFT,Amber,2015-11-01 00:00:00,2023-07-01 00:00:00,0,3.7,3.7,-,0,,,Infrastructure and Construction,7.668493150684932,DFT_0030_1617-Q2-1819-Q2,,,Not new,,,2020/beis/BEIS_Government_Major_Projects_Portfolio_data_September_2019.xlsx,2018-09-30,DFT_0030_1617-Q2,Amber,0.0,2023-07-01,DFT::m20 lorry area,m20 lorry area,DFT::m20 lorry area,name,M20 Lorry Area,Amber,0.0,2023-07-01,both,True
DFT_0031_1819-Q1,A428 Black Cat to Caxton Gibbet,AR 2019,1819-Q2,DFT,Amber/Green,2015-04-01 00:00:00,2025-04-01 00:00:00,14.3,8.3,-6,-0.4195804195804196,809.8,,,Infrastructure and Construction,10.008219178082191,DFT_0031_1819-Q1-1819-Q2,,,Joiner,,,2020/beis/BEIS_Government_Major_Projects_Portfolio_data_September_2019.xlsx,2018-09-30,DFT_0031_1819-Q1,Amber/Green,809.8,2025-04-01,DFT_0031_1819-Q1,a428 black cat to caxton gibbet,DFT_0031_1819-Q1,gmpp_id,A428 Black Cat to Caxton Gibbet,Amber/Green,809.8,2025-04-01,both,True
DFT_0032_1819-Q1,Digital Railway,AR 2019,1819-Q2,DFT,Amber,2016-11-23 00:00:00,2023-04-01 00:00:00,32,32.02,0.020000000000003126,0.0006250000000000977,450,,,Infrastructure and Construction,6.3561643835616435,DFT_0032_1819-Q1-1819-Q2,,,Joiner,,,2020/beis/BEIS_Government_Major_Projects_Portfolio_data_September_2019.xlsx,2018-09-30,DFT_0032_1819-Q1,Amber,450.0,2023-04-01,DFT::digital railway,digital railway,DFT::digital railway,name,Digital Railway,Amber,450.0,2023-04-01,both,True
DFT_0033_1819-Q1,East Coast Mainline Programme,AR 2019,1819-Q2,DFT,Amber/Green,2014-04-01 00:00:00,2023-12-01 00:00:00,141.2,141.2,0,0,1040.37,,,Infrastructure and Construction,9.673972602739726,DFT_0033_1819-Q1-1819-Q2,,,Joiner,,,2020/beis/BEIS_Government_Major_Projects_Portfolio_data_September_2019.xlsx,2018-09-30,DFT_0033_1819-Q1,Amber/Green,1040.37,2023-12-01,DFT_0033_1819-Q1,east coast mainline programme,DFT_0033_1819-Q1,gmpp_id,East Coast Mainline Programme,Amber/Green,1040.37,2023-12-01,both,True
DH_0017_1112-Q1,PHE Science Hub,AR 2019,1819-Q2,DH,Amber,2013-06-28 00:00:00,2024-12-31 00:00:00,204.793,188.728,-16.064999999999998,-0.0784450640402748,2656.318,,,Infrastructure and Construction,11.517808219178082,DOH_0017_1112-Q1-1819-Q2,,,Not new,,,2020/beis/BEIS_Government_Major_Projects_Portfolio_data_September_2019.xlsx,2018-09-30,DH_0017_1112-Q1,Amber,2656.318,2024-12-31,DH_0017_1112-Q1,phe science hub,DH_0017_1112-Q1,gmpp_id,PHE Science Hub,Amber,2656.32,2024-12-31,both,True
DH_0031_1314-Q1,National Proton Beam Therapy (PBT) Service Development Programme,AR 2019,1819-Q2,DH,Amber,2012-01-01 00:00:00,2018-05-30 00:00:00,54.899,74.5113,19.612300000000005,0.35724330133517923,1247.2397,,,Government Transformation and Service Delivery,6.413698630136986,DOH_0031_1314-Q1-1819-Q2,,,Not new,,,2020/beis/BEIS_Government_Major_Projects_Portfolio_data_September_2019.xlsx,2018-09-30,DH_0031_1314-Q1,Amber,1247.2397,2018-05-30,DH_0031_1314-Q1,national proton beam therapy service development programme,DH_0031_1314-Q1,gmpp_id,National Proton Beam Therapy (PBT) Service Development Programme,Amber,1247.24,2018-05-30,both,True
DH_0039_1314-Q2,NHS e-Referral Service,AR 2019,1819-Q2,DH,Green,2012-03-29 00:00:00,2018-03-31 00:00:00,19.99,22.8532,2.8632000000000026,0.14323161580790408,151.15,,,ICT,6.008219178082192,DOH_0039_1314-Q2-1819-Q2,,,Not new,,,2020/beis/BEIS_Government_Major_Projects_Portfolio_data_September_2019.xlsx,2018-09-30,DH_0039_1314-Q2,Green,151.15,2018-03-31,DOH_0039_1314-Q2,nhs e referral service,DOH_0039_1314-Q2,name,NHS e-Referral Service,Green,151.15,2018-03-31,both,True
DH_0041_1314-Q2,Health & Social Care Network,AR 2019,1819-Q2,DH,Amber/Red,2012-03-29 00:00:00,2021-03-31 00:00:00,83.71,86.44,2.730000000000004,0.03261259108828102,392.76,,,ICT,9.01095890410959,DOH_0041_1314-Q2-1819-Q2,,,Not new,,,2020/beis/BEIS_Government_Major_Projects_Portfolio_data_September_2019.xlsx,2018-09-30,DH_0041_1314-Q2,Amber/Red,392.76,2021-03-31,DH_0041_1314-Q2,health and social care network,DH_0041_1314-Q2,gmpp_id,Health & Social Care Network,Amber/Red,392.76,2021-03-31,both,True
DH_0043_1314-Q3,NHS Pension Re-let ,AR 2019,1819-Q2,DH,Amber/Green,2013-07-05 00:00:00,2017-07-21 00:00:00,28.98,28.98,0,0,274.24,,,Government Transformation and Service Delivery,4.046575342465753,DOH_0043_1314-Q3-1819-Q2,,,Not new,,,2020/beis/BEIS_Government_Major_Projects_Portfolio_data_September_2019.xlsx,2018-09-30,DH_0043_1314-Q3,Amber/Green,274.24,2017-07-21,DOH_0043_1314-Q3,nhs pension re let,DOH_0043_1314-Q3,name,NHS Pension Re-let,Amber/Green,274.24,2017-07-21,both,True
DH_0046_1415-Q1,Medical Examiners Programme,AR 2019,1819-Q2,DH,Amber/Red,2007-07-24 00:00:00,2020-09-30 00:00:00,19.7,19.7,0,0,76.1,,,Government Transformation and Service Delivery,13.197260273972603,DOH_0046_1415-Q1-1819-Q2,,,Not new,,,2020/beis/BEIS_Government_Major_Projects_Portfolio_data_September_2019.xlsx,2018-09-30,DH_0046_1415-Q1,Amber/Red,76.1,2020-09-30,DH_0046_1415-Q1,medical examiners programme,DH_0046_1415-Q1,gmpp_id,Medical Examiners Programme,Amber/Red,76.1,2020-09-30,both,True
DH_0048_1415-Q1,One Hundred Thousand Genomes Project,AR 2019,1819-Q2,DH,Amber,2013-04-10 00:00:00,2018-12-31 00:00:00,50,82.7,32.7,0.654,369.9,,,Government Transformation and Service Delivery,5.728767123287671,DOH_0048_1415-Q1-1819-Q2,,,Not new,,,2020/beis/BEIS_Government_Major_Projects_Portfolio_data_September_2019.xlsx,2018-09-30,DH_0048_1415-Q1,Amber,369.9,2018-12-31,DH/DHSC::one hundred thousand genomes project,one hundred thousand genomes project,DH/DHSC::one hundred thousand genomes project,name,One Hundred Thousand Genomes Project,Amber,369.9,2018-12-31,both,True
DH_0056_1415-Q3,Visitor and Migrant NHS Cost Recovery Programme,AR 2019,1819-Q2,DH,Amber/Green,2013-09-01 00:00:00,2019-03-31 00:00:00,7.62,7.62,0,0,33.15,,,Government Transformation and Service Delivery,5.580821917808219,DOH_0056_1415-Q3-1819-Q2,,,Not new,,,2020/beis/BEIS_Government_Major_Projects_Portfolio_data_September_2019.xlsx,2018-09-30,DH_0056_1415-Q3,Amber/Green,33.15,2019-03-31,DOH_0056_1415-Q3,visitor and migrant nhs cost recovery programme,DOH_0056_1415-Q3,name,Visitor and Migrant NHS Cost Recovery Programme,Amber/Green,33.15,2019-03-31,both,True
DH_0058_1516-Q4,Data Services Platform Programme,AR 2019,1819-Q2,DH,Amber,2015-02-23 00:00:00,2020-03-31 00:00:00,20.49,18.64,-1.8499999999999979,-0.09028794533918975,75.25,,,ICT,5.104109589041096,DOH_0058_1516-Q4-1819-Q2,,,Not new,,,2020/beis/BEIS_Government_Major_Projects_Portfolio_data_September_2019.xlsx,2018-09-30,DH_0058_1516-Q4,Amber,75.25,2020-03-31,DH_0058_1516-Q4,data services platform programme,DH/DHSC::data services platform programme,gmpp_id,,,,,left_only,False
DH_0059_1617-Q1,Procurement Transformation Programme,AR 2019,1819-Q2,DH,Amber,2015-03-31 00:00:00,2019-03-31 00:00:00,32.21,51.54,19.33,0.6001241850357031,168.73,,,Government Transformation and Service Delivery,4.002739726027397,DOH_0059_1617-Q1-1819-Q2,,,Not new,,,2020/beis/BEIS_Government_Major_Projects_Portfolio_data_September_2019.xlsx,2018-09-30,DH_0059_1617-Q1,Amber,168.73,2019-03-31,DOH_0059_1617-Q1,procurement transformation programme,DOH_0059_1617-Q1,name,Procurement Transformation Programme,Amber,168.73,2019-03-31,both,True
DH_0060_1617-Q1,NHS UK,AR 2019,1819-Q2,DH,Amber,2016-04-01 00:00:00,2020-12-31 00:00:00,12.815,12.815,0,0,54.954,,,Government Transformation and Service Delivery,4.7534246575342465,DOH_0060_1617-Q1-1819-Q2,,,Not new,,,2020/beis/BEIS_Government_Major_Projects_Portfolio_data_September_2019.xlsx,2018-09-30,DH_0060_1617-Q1,Amber,54.954,2020-12-31,DH_0060_1617-Q1,nhs uk,DH_0060_1617-Q1,gmpp_id,NHS UK,Amber,54.95,2020-12-31,both,True
DH_0061_1617-Q3,IT Infrastructure Sourcing Programme,AR 2019,1819-Q2,DH,Amber/Red,2013-12-01 00:00:00,2019-12-31 00:00:00,22.1,22.1,0,0,129.5,,,ICT,6.0849315068493155,DOH_0061_1617-Q3-1819-Q2,,,Not new,,,2020/beis/BEIS_Government_Major_Projects_Portfolio_data_September_2019.xlsx,2018-09-30,DH_0061_1617-Q3,Amber/Red,129.5,2019-12-31,DH_0061_1617-Q3,it infrastructure sourcing programme,DH_0061_1617-Q3,gmpp_id,IT Infrastructure Sourcing Programme,Amber/Red,129.5,2019-12-31,both,True
DWP_0005_1112-Q1,Automatic Enrolment Programme (originally called Enabling Retirement Savings Programme),AR 2019,1819-Q2,DWP,Amber/Green,2007-05-01 00:00:00,2019-11-30 00:00:00,66.16,66.1,-0.060000000000002274,-0.0009068923821040247,1125,,,Government Transformation and Service Delivery,12.591780821917808,DWP_0005_1112-Q1-1819-Q2,,,Not new,,,2020/beis/BEIS_Government_Major_Projects_Portfolio_data_September_2019.xlsx,2018-09-30,DWP_0005_1112-Q1,Amber/Green,1125.0,2019-11-30,DWP_0005_1112-Q1,automatic enrolment programme,DWP_0005_1112-Q1,gmpp_id,Automatic Enrolment Programme (originally called Enabling Retirement Savings Programme),Amber/Green,1125.0,2019-11-30,both,True
DWP_0009_1112-Q1,Universal Credit Programme,AR 2019,1819-Q2,DWP,Amber,2011-11-17 00:00:00,2023-06-30 00:00:00,836.7159,819.3859,-17.33000000000004,-0.020711928624757864,12716.9535,,,Government Transformation and Service Delivery,11.624657534246575,DWP_0009_1112-Q1-1819-Q2,,,Not new,,,2020/beis/BEIS_Government_Major_Projects_Portfolio_data_September_2019.xlsx,2018-09-30,DWP_0009_1112-Q1,Amber,12716.9535,2023-06-30,DWP_0009_1112-Q1,universal credit programme,DWP_0009_1112-Q1,gmpp_id,Universal Credit Programme,Amber,12716.95,2023-06-30,both,True
DWP_0016_1213-Q2,"Fraud, Error and Debt Programme",AR 2019,1819-Q2,DWP,Amber/Green,2012-04-02 00:00:00,2021-03-31 00:00:00,108.7666,94.8762,-13.8904,-0.127708322223918,1174.7047,,,Government Transformation and Service Delivery,9,DWP_0016_1213-Q2-1819-Q2,,,Not new,,,2020/beis/BEIS_Government_Major_Projects_Portfolio_data_September_2019.xlsx,2018-09-30,DWP_0016_1213-Q2,Amber/Green,1174.7047,2021-03-31,DWP_0016_1213-Q2,fraud error and debt programme,DWP_0016_1213-Q2,gmpp_id,"Fraud, Error and Debt Programme",Amber/Green,1174.7,2021-03-31,both,True
FCO_0008_1415-Q4,Technology Overhaul,AR 2019,1819-Q2,FCO,Amber,2015-11-01 00:00:00,2019-03-31 00:00:00,20.4,24.966,4.5660000000000025,0.22382352941176484,120,,,ICT,3.4136986301369863,FCO_0008_1415-Q4-1819-Q2,,,Not new,,,2020/beis/BEIS_Government_Major_Projects_Portfolio_data_September_2019.xlsx,2018-09-30,FCO_0008_1415-Q4,Amber,120.0,2019-03-31,FCO/FCDO::technology overhaul,technology overhaul,FCO/FCDO::technology overhaul,name,Technology Overhaul,Amber,120.0,2019-03-31,both,True
FCO_0010_1617-Q3,Echo 2 Programme,AR 2019,1819-Q2,FCO,Amber,2015-09-01 00:00:00,2021-08-31 00:00:00,28.9,31.3521,2.4521000000000015,0.08484775086505196,203.84,,,ICT,6.002739726027397,FCO_0010_1617-Q3-1819-Q2,,,Not new,,,2020/beis/BEIS_Government_Major_Projects_Portfolio_data_September_2019.xlsx,2018-09-30,FCO_0010_1617-Q3,Amber,203.84,2021-08-31,FCO_0010_1617-Q3,echo 2 programme,FCO_0010_1617-Q3,gmpp_id,Echo 2 Programme,Amber,203.84,2021-08-31,both,True
FCO_0011_1718-Q3,Washington Embassy Refurbishment,AR 2019,1819-Q2,FCO,Amber,2017-01-01 00:00:00,2022-12-12 00:00:00,8.7,8.7,0,0,63.7,,,Infrastructure and Construction,5.947945205479452,FCO_0011_1718-Q3-1819-Q2,,,Joiner,,,2020/beis/BEIS_Government_Major_Projects_Portfolio_data_September_2019.xlsx,2018-09-30,FCO_0011_1718-Q3,Amber,63.7,2022-12-12,FCO_0011_1718-Q3,washington embassy refurbishment,FCO_0011_1718-Q3,gmpp_id,Washington Embassy Refurbishment,Amber,63.7,2022-12-12,both,True
FCO_0012_1718-Q4,Atlas Programme (IPA ID 2410),AR 2019,1819-Q2,FCO,Amber,2017-07-01 00:00:00,2020-06-30 00:00:00,9.3,9.3,0,0,21.8,,,ICT,3,FCO_0012_1718-Q4-1819-Q2,,,Joiner,,,2020/beis/BEIS_Government_Major_Projects_Portfolio_data_September_2019.xlsx,2018-09-30,FCO_0012_1718-Q4,Amber,21.8,2020-06-30,FCO_0012_1718-Q4,atlas programme,FCO_0012_1718-Q4,gmpp_id,Atlas Programme (IPA ID 2410),Amber,21.8,2020-06-30,both,True
HMRC_0012_1415-Q1,Tax-Free Childcare,AR 2019,1819-Q2,HMRC,Amber,2013-09-10 00:00:00,2019-09-30 00:00:00,54.06,50.909,-3.1510000000000034,-0.05828708842027383,356.89,,,Government Transformation and Service Delivery,6.057534246575343,HMRC_0012_1415-Q1-1819-Q2,,,Not new,,,2020/beis/BEIS_Government_Major_Projects_Portfolio_data_September_2019.xlsx,2018-09-30,HMRC_0012_1415-Q1,Amber,356.89,2019-09-30,HMRC_0012_1415-Q1,tax free childcare,HMRC_0012_1415-Q1,gmpp_id,Tax-Free Childcare,Amber,356.89,2019-09-30,both,True
HMRC_0013_1415-Q4,Columbus (formerly Aspire Replacement Programme),AR 2019,1819-Q2,HMRC,Amber,2014-01-01 00:00:00,2021-12-31 00:00:00,104,6,-98,-0.9423076923076923,694,,,ICT,8.002739726027396,HMRC_0013_1415-Q4-1819-Q2,,,Not new,,,2020/beis/BEIS_Government_Major_Projects_Portfolio_data_September_2019.xlsx,2018-09-30,HMRC_0013_1415-Q4,Amber,694.0,2021-12-31,HMRC_0013_1415-Q4,columbus,HMRC_0013_1415-Q4,gmpp_id,Columbus (formerly Aspire Replacement Programme),Amber,694.0,2021-12-31,both,True
HMRC_0014_1415-Q4,CUSTOMS DECLARATION SERVICES (CDS) Programme,AR 2019,1819-Q2,HMRC,Amber/Red,2013-10-16 00:00:00,2019-01-31 00:00:00,75.49,75.57,0.0799999999999983,0.00105974301231949,226.33,,,ICT,5.295890410958904,HMRC_0014_1415-Q4-1819-Q2,,,Not new,,,2020/beis/BEIS_Government_Major_Projects_Portfolio_data_September_2019.xlsx,2018-09-30,HMRC_0014_1415-Q4,Amber/Red,226.33,2019-01-31,HMRC_0014_1415-Q4,customs declaration services programme,HMRC_0014_1415-Q4,gmpp_id,CUSTOMS DECLARATION SERVICES (CDS) Programme,Amber/Red,226.33,2019-01-31,both,True
HMRC_0015_1617-Q1,Building Our Future Locations Programme ,AR 2019,1819-Q2,HMRC,Amber,2016-01-05 00:00:00,2026-03-31 00:00:00,326.1,302.8,-23.30000000000001,-0.07145047531432079,2835.9,,,Government Transformation and Service Delivery,10.241095890410959,HMRC_0015_1617-Q1-1819-Q2,,,Not new,,,2020/beis/BEIS_Government_Major_Projects_Portfolio_data_September_2019.xlsx,2018-09-30,HMRC_0015_1617-Q1,Amber,2835.9,2026-03-31,HMRC_0015_1617-Q1,building our future locations programme,HMRC_0015_1617-Q1,gmpp_id,Building Our Future Locations Programme,Amber,2835.9,2026-03-31,both,True
HMRC_0017_1617-Q2,Making Tax Digital for Business,AR 2019,1819-Q2,HMRC,Amber/Red,2016-04-01 00:00:00,2021-03-31 00:00:00,77.09,75.15,-1.9399999999999977,-0.025165391101310126,334.48,,,ICT,5,HMRC_0017_1617-Q2-1819-Q2,,,Not new,,,2020/beis/BEIS_Government_Major_Projects_Portfolio_data_September_2019.xlsx,2018-09-30,HMRC_0017_1617-Q2,Amber/Red,334.48,2021-03-31,HMRC_0017_1617-Q2,making tax digital for business,HMRC_0017_1617-Q2,gmpp_id,Making Tax Digital for Business,Amber/Red,334.48,2021-03-31,both,True
HMRC_0018_1617-Q3,Compliance For The Future Programme,AR 2019,1819-Q2,HMRC,Amber/Red,2016-04-01 00:00:00,2021-03-31 00:00:00,50.45,34.4001,-16.0499,-0.31813478691774033,188.184,,,Government Transformation and Service Delivery,5,HMRC_0018_1617-Q3-1819-Q2,,,Not new,,,2020/beis/BEIS_Government_Major_Projects_Portfolio_data_September_2019.xlsx,2018-09-30,HMRC_0018_1617-Q3,Amber/Red,188.184,2021-03-31,HMRC::compliance for the future programme,compliance for the future programme,HMRC::compliance for the future programme,name,Compliance For The Future Programme,Amber/Red,188.18,2021-03-31,both,True
HMRC_0019_1718-Q4,Government Gateway Transformation,AR 2019,1819-Q2,HMRC,Amber,2017-04-01 00:00:00,2019-03-31 00:00:00,28.04,25.1868,-2.8531999999999975,-0.10175463623395141,131.11,,,ICT,1.9972602739726026,HMRC_0019_1718-Q4-1819-Q2,,,Joiner,,,2020/beis/BEIS_Government_Major_Projects_Portfolio_data_September_2019.xlsx,2018-09-30,HMRC_0019_1718-Q4,Amber,131.11,2019-03-31,HMRC::government gateway transformation,government gateway transformation,HMRC::government gateway transformation,name,Government Gateway Transformation,Amber,131.11,2019-03-31,both,True
HO_0011_1112-Q2,Disclosure and Barring  Service (DBS) Programme,AR 2019,1819-Q2,HO,Amber/Red,2010-12-29 00:00:00,2019-12-31 00:00:00,110.4,172,61.599999999999994,0.5579710144927535,785.7,,,Government Transformation and Service Delivery,9.01095890410959,HO_0011_1112-Q2-1819-Q2,,,Not new,,,2020/beis/BEIS_Government_Major_Projects_Portfolio_data_September_2019.xlsx,2018-09-30,HO_0011_1112-Q2,Amber/Red,785.7,2019-12-31,HO::sig disclosure and barring service programme,disclosure and barring service programme,HO::sig disclosure and barring service programme,name,Disclosure and Barring Service (DBS) Programme,Amber/Red,785.7,2019-12-31,both,True
HO_0012_1112-Q3,Communications Capabilities Development (CCD) Programme,AR 2019,1819-Q2,HO,Green,2010-05-01 00:00:00,2020-04-01 00:00:00,Exempt,Exempt,-,-,Exempt,,,ICT,9.926027397260274,HO_0012_1112-Q3-1819-Q2,,,Not new,,,2020/beis/BEIS_Government_Major_Projects_Portfolio_data_September_2019.xlsx,2018-09-30,HO_0012_1112-Q3,Green,,2020-04-01,HO::communications capabilities development programme,communications capabilities development programme,HO::communications capabilities development programme,name,Communications Capabilities Development (CCD) Programme,Green,,2020-04-01,both,True
HO_0016_1213-Q1,Emergency Services Mobile Communications Programme (ESMCP),AR 2019,1819-Q2,HO,Amber/Red,2011-06-01 00:00:00,2020-12-31 00:00:00,773.87,773.87,0,0,5058.63,,,Infrastructure and Construction,9.591780821917808,HO_0016_1213-Q1-1819-Q2,,,Not new,,,2020/beis/BEIS_Government_Major_Projects_Portfolio_data_September_2019.xlsx,2018-09-30,HO_0016_1213-Q1,Amber/Red,5058.63,2020-12-31,HO_0016_1213-Q1,emergency services mobile communications programme,HO_0016_1213-Q1,gmpp_id,Emergency Services Mobile Communications Programme (ESMCP),Amber/Red,5058.63,2020-12-31,both,True
HO_0029_1314-Q4,Immigration Platform Technologies (IPT),AR 2019,1819-Q2,HO,Amber,2013-04-01 00:00:00,2017-03-31 00:00:00,40.7,50.7,10,0.24570024570024568,264.95,,,ICT,4,HO_0029_1314-Q4-1819-Q2,,,Not new,,,2020/beis/BEIS_Government_Major_Projects_Portfolio_data_September_2019.xlsx,2018-09-30,HO_0029_1314-Q4,Amber,264.95,2017-03-31,HO_0029_1314-Q4,immigration platform technologies,HO_0029_1314-Q4,gmpp_id,Immigration Platform Technologies (IPT),Amber,264.95,2017-03-31,both,True
HO_0030_1415-Q1,Metis Programme,AR 2019,1819-Q2,HO,Amber/Red,2016-09-01 00:00:00,2019-06-01 00:00:00,53.3,56.12,2.8200000000000003,0.052908067542213895,290.53,,,ICT,2.747945205479452,HO_0030_1415-Q1-1819-Q2,,,Not new,,,2020/beis/BEIS_Government_Major_Projects_Portfolio_data_September_2019.xlsx,2018-09-30,HO_0030_1415-Q1,Amber/Red,290.53,2019-06-01,HO_0030_1415-Q1,metis programme,HO_0030_1415-Q1,gmpp_id,Metis Programme,Amber/Red,290.53,2019-06-01,both,True
HO_0031_1415-Q1,Digital Services at the Border (DSAB),AR 2019,1819-Q2,HO,Amber,2014-02-12 00:00:00,2019-03-31 00:00:00,52.6,64.1,11.499999999999993,0.2186311787072242,346.9,,,ICT,5.131506849315069,HO_0031_1415-Q1-1819-Q2,,,Not new,,,2020/beis/BEIS_Government_Major_Projects_Portfolio_data_September_2019.xlsx,2018-09-30,HO_0031_1415-Q1,Amber,346.9,2019-03-31,HO_0031_1415-Q1,digital services at the border,HO_0031_1415-Q1,gmpp_id,Digital Services at the Border (DSAB),Amber,346.9,2019-03-31,both,True
HO_0032_1415-Q1,Technology Platforms for Tomorrow (TPT),AR 2019,1819-Q2,HO,Amber,2014-02-01 00:00:00,2019-03-31 00:00:00,70.32,76.5,6.180000000000007,0.0878839590443687,592.07,,,ICT,5.161643835616438,HO_0032_1415-Q1-1819-Q2,,,Not new,,,2020/beis/BEIS_Government_Major_Projects_Portfolio_data_September_2019.xlsx,2018-09-30,HO_0032_1415-Q1,Amber,592.07,2019-03-31,HO_0032_1415-Q1,technology platforms for tomorrow,HO_0032_1415-Q1,gmpp_id,Technology Platforms for Tomorrow (TPT),Amber,592.07,2019-03-31,both,True
HO_0033_1415-Q3,Home Office Biometrics (HOB) Programme,AR 2019,1819-Q2,HO,Amber/Green,2014-04-01 00:00:00,2020-03-31 00:00:00,75.4,75.4,0,0,842.37,,,ICT,6.002739726027397,HO_0033_1415-Q3-1819-Q2,,,Not new,,,2020/beis/BEIS_Government_Major_Projects_Portfolio_data_September_2019.xlsx,2018-09-30,HO_0033_1415-Q3,Amber/Green,842.37,2020-03-31,HO_0033_1415-Q3,home office biometrics programme,HO_0033_1415-Q3,gmpp_id,Home Office Biometrics (HOB) Programme,Amber/Green,842.37,2020-03-31,both,True
HO_0034_1516-Q2,Cyclamen Project,AR 2019,1819-Q2,HO,Amber,2014-04-01 00:00:00,2020-04-01 00:00:00,Exempt,Exempt,-,-,Exempt,,,Government Transformation and Service Delivery,6.005479452054795,HO_0034_1516-Q2-1819-Q2,,,Not new,,,2020/beis/BEIS_Government_Major_Projects_Portfolio_data_September_2019.xlsx,2018-09-30,HO_0034_1516-Q2,Amber,,2020-04-01,HO_0034_1516-Q2,cyclamen project,HO_0034_1516-Q2,gmpp_id,Cyclamen Project,Amber,,2020-04-01,both,True
HO_0035_1617-Q1,Smarter Working Programme (SWP),AR 2019,1819-Q2,HO,Amber,2015-10-28 00:00:00,2020-03-31 00:00:00,25.6,4.82,-20.78,-0.81171875,144.5,,,Government Transformation and Service Delivery,4.427397260273972,HO_0035_1617-Q1-1819-Q2,,,Not new,,,2020/beis/BEIS_Government_Major_Projects_Portfolio_data_September_2019.xlsx,2018-09-30,HO_0035_1617-Q1,Amber,144.5,2020-03-31,HO::smarter working programme,smarter working programme,HO::smarter working programme,name,Smarter Working Programme (SWP),Amber,144.5,2020-03-31,both,True
HO_0036_1617-Q2,National Law Enforcement Data Programme (NLEDP),AR 2019,1819-Q2,HO,Amber/Red,2014-04-01 00:00:00,2020-03-31 00:00:00,67.5,82.1,14.599999999999994,0.2162962962962962,469.4,,,ICT,6.002739726027397,HO_0036_1617-Q2-1819-Q2,,,Not new,,,2020/beis/BEIS_Government_Major_Projects_Portfolio_data_September_2019.xlsx,2018-09-30,HO_0036_1617-Q2,Amber/Red,469.4,2020-03-31,HO_0036_1617-Q2,national law enforcement data programme,HO_0036_1617-Q2,gmpp_id,National Law Enforcement Data Programme (NLEDP),Amber/Red,469.4,2020-03-31,both,True
HO_0037_1718-Q1,Asylum Accommodation and Support Transformation (AAST) ,AR 2019,1819-Q2,HO,Amber,2016-08-29 00:00:00,2019-09-02 00:00:00,3.64,19.97,16.33,4.486263736263735,5062.02,,,Government Transformation and Service Delivery,3.010958904109589,HO_0037_1718-Q1-1819-Q2,,,Not new,,,2020/beis/BEIS_Government_Major_Projects_Portfolio_data_September_2019.xlsx,2018-09-30,HO_0037_1718-Q1,Amber,5062.02,2019-09-02,HO_0037_1718-Q1,asylum accommodation and support transformation,HO_0037_1718-Q1,gmpp_id,Asylum Accommodation and Support Transformation (AAST),Amber,5062.02,2019-09-02,both,True
MOD_0001_1112-Q1,A400M,AR 2019,1819-Q2,MOD,Amber,2000-05-17 00:00:00,2023-03-31 00:00:00,118.42,95.29,-23.129999999999995,-0.19532173619321055,3394.888,,,Military Capability,22.884931506849316,MOD_0001_1112-Q1-1819-Q2,,,Not new,,,2020/beis/BEIS_Government_Major_Projects_Portfolio_data_September_2019.xlsx,2018-09-30,MOD_0001_1112-Q1,Amber,3394.888,2023-03-31,MOD_0001_1112-Q1,a400m,MOD_0001_1112-Q1,gmpp_id,A400M,Amber,3394.89,2023-03-31,both,True
MOD_0017_1112-Q1,Crowsnest Programme,AR 2019,1819-Q2,MOD,Amber,2013-03-31 00:00:00,2023-06-30 00:00:00,104.86,104.86,0,0,Exempt,,,Military Capability,10.254794520547945,MOD_0017_1112-Q1-1819-Q2,,,Not new,,,2020/beis/BEIS_Government_Major_Projects_Portfolio_data_September_2019.xlsx,2018-09-30,MOD_0017_1112-Q1,Amber,,2023-06-30,MOD_0017_1112-Q1,crowsnest programme,MOD_0017_1112-Q1,gmpp_id,Crowsnest Programme,Amber,,2023-06-30,both,True
MOD_0033_1112-Q1,MARSHALL,AR 2019,1819-Q2,MOD,Amber/Green,2006-04-03 00:00:00,2024-12-31 00:00:00,125.706,108.221,-17.485,-0.1390943948578429,1807.594,,,Military Capability,18.75890410958904,MOD_0033_1112-Q1-1819-Q2,,,Not new,,,2020/beis/BEIS_Government_Major_Projects_Portfolio_data_September_2019.xlsx,2018-09-30,MOD_0033_1112-Q1,Amber/Green,1807.594,2024-12-31,MOD_0033_1112-Q1,marshall,MOD_0033_1112-Q1,gmpp_id,MARSHALL,Amber/Green,1807.59,2024-12-31,both,True
MOD_0036_1112-Q1,Maritime Sustainment Programme,AR 2019,1819-Q2,MOD,Amber,2005-07-25 00:00:00,2019-02-28 00:00:00,25.531,25.531,0,0,618.808,,,Military Capability,13.605479452054794,MOD_0036_1112-Q1-1819-Q2,,,Not new,,,2020/beis/BEIS_Government_Major_Projects_Portfolio_data_September_2019.xlsx,2018-09-30,MOD_0036_1112-Q1,Amber,618.808,2019-02-28,MOD_0036_1112-Q1,maritime sustainment programme,MOD_0036_1112-Q1,gmpp_id,Maritime Sustainment Programme,Amber,618.81,2019-02-28,both,True
MOD_0038_1112-Q1,Nuclear Warhead Capability Sustainment Programme,AR 2019,1819-Q2,MOD,Exempt,2008-04-01 00:00:00,2025-04-30 00:00:00,1065.18,1039.76,-25.420000000000073,-0.023864511162432708,19895.89,,,Military Capability,17.09041095890411,MOD_0038_1112-Q1-1819-Q2,,,Not new,,,2020/beis/BEIS_Government_Major_Projects_Portfolio_data_September_2019.xlsx,2018-09-30,MOD_0038_1112-Q1,EXEMPT,19895.89,2025-04-30,MOD_0038_1112-Q1,nuclear warhead capability sustainment programme,MOD_0038_1112-Q1,gmpp_id,Nuclear Warhead Capability Sustainment Programme,EXEMPT,19895.89,2025-04-30,both,True
MOD_0042_1112-Q1,Queen Elizabeth Programme,AR 2019,1819-Q2,MOD,Amber,1998-12-01 00:00:00,2023-03-31 00:00:00,258.07,249.434,-8.635999999999996,-0.03346378889448598,6797.641,,,Military Capability,24.345205479452055,MOD_0042_1112-Q1-1819-Q2,,,Not new,,,2020/beis/BEIS_Government_Major_Projects_Portfolio_data_September_2019.xlsx,2018-09-30,MOD_0042_1112-Q1,Amber,6797.641,2023-03-31,MOD_0042_1112-Q1,queen elizabeth programme,MOD_0042_1112-Q1,gmpp_id,Queen Elizabeth Programme,Amber,6797.64,2023-03-31,both,True
MOD_0047_1112-Q1,Spearfish Upgrade Programme,AR 2019,1819-Q2,MOD,Amber/Red,2008-04-01 00:00:00,2024-03-31 00:00:00,38.689,37.896,-0.7929999999999993,-0.020496782031068243,413.89,,,Military Capability,16.008219178082193,MOD_0047_1112-Q1-1819-Q2,,,Not new,,,2020/beis/BEIS_Government_Major_Projects_Portfolio_data_September_2019.xlsx,2018-09-30,MOD_0047_1112-Q1,Amber/Red,413.89,2024-03-31,MOD_0047_1112-Q1,spearfish upgrade programme,MOD_0047_1112-Q1,gmpp_id,Spearfish Upgrade Programme,Amber/Red,413.89,2024-03-31,both,True
MOD_0055_1112-Q1,Type 26 Global Combat Ship Programme,AR 2019,1819-Q2,MOD,Amber/Green,2008-07-21 00:00:00,2035-05-01 00:00:00,432.151,430.854,-1.2970000000000255,-0.0030012657612733173,Exempt,,,Military Capability,26.794520547945204,MOD_0055_1112-Q1-1819-Q2,,,Not new,,,2020/beis/BEIS_Government_Major_Projects_Portfolio_data_September_2019.xlsx,2018-09-30,MOD_0055_1112-Q1,Amber/Green,,2035-05-01,MOD_0055_1112-Q1,type 26 global combat ship programme,MOD_0055_1112-Q1,gmpp_id,Type 26 Global Combat Ship Programme,Amber/Green,,2035-05-01,both,True
MOD_0061_1112-Q1,WATCHKEEPER,AR 2019,1819-Q2,MOD,Amber,1998-03-01 00:00:00,2017-07-03 00:00:00,0,0.275,0.275,-,1117.73,,,Military Capability,19.353424657534248,MOD_0061_1112-Q1-1819-Q2,,,Not new,,,2020/beis/BEIS_Government_Major_Projects_Portfolio_data_September_2019.xlsx,2018-09-30,MOD_0061_1112-Q1,Amber,1117.73,2017-07-03,MOD_0061_1112-Q1,watchkeeper,MOD_0061_1112-Q1,gmpp_id,WATCHKEEPER,Amber,1117.73,2017-07-03,both,True
MOD_0064_1112-Q2,Carrier Enabled Power Projection,AR 2019,1819-Q2,MOD,Amber,2011-01-31 00:00:00,2030-12-01 00:00:00,1.855,1.824,-0.030999999999999917,-0.016711590296495913,21.57,,,Military Capability,19.846575342465755,MOD_0064_1112-Q2-1819-Q2,,,Not new,,,2020/beis/BEIS_Government_Major_Projects_Portfolio_data_September_2019.xlsx,2018-09-30,MOD_0064_1112-Q2,Amber,21.57,2030-12-01,MOD_0064_1112-Q2,carrier enabled power projection,MOD_0064_1112-Q2,gmpp_id,Carrier Enabled Power Projection,Amber,21.57,2030-12-01,both,True
MOD_0076_1213-Q1,Astute Boats 1-7,AR 2019,1819-Q2,MOD,Amber,1997-03-17 00:00:00,2025-04-30 00:00:00,502.505,479.792,-22.713000000000022,-0.04519955025323136,9970.77,,,Military Capability,28.13972602739726,MOD_0076_1213-Q1-1819-Q2,,,Not new,,,2020/beis/BEIS_Government_Major_Projects_Portfolio_data_September_2019.xlsx,2018-09-30,MOD_0076_1213-Q1,Amber,9970.77,2025-04-30,MOD_0076_1213-Q1,astute boats 1 7,MOD_0076_1213-Q1,gmpp_id,Astute Boats 1-7,Amber,9970.77,2025-04-30,both,True
MOD_0077_1213-Q1,Complex Weapons,AR 2019,1819-Q2,MOD,Amber,2008-03-31 00:00:00,2032-04-01 00:00:00,726.246,778.15,51.903999999999996,0.07146889621423044,26034.99,,,Military Capability,24.019178082191782,MOD_0077_1213-Q1-1819-Q2,,,Not new,,,2020/beis/BEIS_Government_Major_Projects_Portfolio_data_September_2019.xlsx,2018-09-30,MOD_0077_1213-Q1,Amber,26034.99,2032-04-01,MOD_0077_1213-Q1,complex weapons,MOD_0077_1213-Q1,gmpp_id,Complex Weapons,Amber,26034.99,2032-04-01,both,True
MOD_0078_1213-Q1,Core Production Capability,AR 2019,1819-Q2,MOD,Amber,2012-04-01 00:00:00,2028-04-30 00:00:00,182.3,182.3,0,0,1659.23,,,Military Capability,16.09041095890411,MOD_0078_1213-Q1-1819-Q2,,,Not new,,,2020/beis/BEIS_Government_Major_Projects_Portfolio_data_September_2019.xlsx,2018-09-30,MOD_0078_1213-Q1,Amber,1659.23,2028-04-30,MOD_0078_1213-Q1,core production capability,MOD_0078_1213-Q1,gmpp_id,Core Production Capability,Amber,1659.23,2028-04-30,both,True
MOD_0079_1213-Q1,Lightning Programme,AR 2019,1819-Q2,MOD,Amber/Red,2001-10-01 00:00:00,2035-03-31 00:00:00,803.332,786.495,-16.83699999999999,-0.02095895594847459,10475.19,,,Military Capability,33.51780821917808,MOD_0079_1213-Q1-1819-Q2,,,Not new,,,2020/beis/BEIS_Government_Major_Projects_Portfolio_data_September_2019.xlsx,2018-09-30,MOD_0079_1213-Q1,Amber/Red,10475.19,2035-03-31,MOD_0079_1213-Q1,lightning programme,MOD_0079_1213-Q1,gmpp_id,Lightning Programme,Amber/Red,10475.19,2035-03-31,both,True
MOD_0080_1213-Q1,DREADNOUGHT,AR 2019,1819-Q2,MOD,Amber,2011-04-14 00:00:00,Exempt,1505.634,1339.286,-166.34799999999996,-0.1104836899272997,30060.069,,,Military Capability,0,MOD_0080_1213-Q1-1819-Q2,,,Not new,,,2020/beis/BEIS_Government_Major_Projects_Portfolio_data_September_2019.xlsx,2018-09-30,MOD_0080_1213-Q1,Amber,30060.069,,MOD_0080_1213-Q1,dreadnought,MOD_0080_1213-Q1,gmpp_id,DREADNOUGHT,Amber,30060.07,,both,True
MOD_0085_1314-Q2,Army Basing Programme,AR 2019,1819-Q2,MOD,Amber,2013-05-22 00:00:00,2021-11-26 00:00:00,630.319,499.578,-130.74099999999999,-0.20742036968582575,2059.26,,,Military Capability,8.520547945205479,MOD_0085_1314-Q2-1819-Q2,,,Not new,,,2020/beis/BEIS_Government_Major_Projects_Portfolio_data_September_2019.xlsx,2018-09-30,MOD_0085_1314-Q2,Amber,2059.26,2021-11-26,MOD_0085_1314-Q2,army basing programme,MOD_0085_1314-Q2,gmpp_id,Army Basing Programme,Amber,2059.26,2021-11-26,both,True
MOD_0091_1415-Q3,Armoured Cavalry 2025,AR 2019,1819-Q2,MOD,Amber,2014-01-22 00:00:00,2025-04-30 00:00:00,627.856,542.5,-85.356,-0.13594837032695395,6291.94,,,Military Capability,11.276712328767124,MOD_0091_1415-Q3-1819-Q2,,,Not new,,,2020/beis/BEIS_Government_Major_Projects_Portfolio_data_September_2019.xlsx,2018-09-30,MOD_0091_1415-Q3,Amber,6291.94,2025-04-30,MOD_0091_1415-Q3,armoured cavalry 2025,MOD_0091_1415-Q3,gmpp_id,Armoured Cavalry 2025,Amber,6291.94,2025-04-30,both,True
MOD_0092_1415-Q3,Armoured Infantry 2026,AR 2019,1819-Q2,MOD,Red,2014-12-04 00:00:00,2026-12-31 00:00:00,64.167,42.789,-21.378,-0.33316190565243814,Exempt,,,Military Capability,12.082191780821917,MOD_0092_1415-Q3-1819-Q2,,,Not new,,,2020/beis/BEIS_Government_Major_Projects_Portfolio_data_September_2019.xlsx,2018-09-30,MOD_0092_1415-Q3,Red,,2026-12-31,MOD_0092_1415-Q3,armoured infantry 2026,MOD_0092_1415-Q3,gmpp_id,Armoured Infantry 2026,Red,,2026-12-31,both,True
MOD_0094_1415-Q3,Contracting; Purchasing and Finance,AR 2019,1819-Q2,MOD,Amber,2011-12-01 00:00:00,2018-03-31 00:00:00,7.873,9.116,1.2429999999999994,0.15788136669630376,146.734,,,Government Transformation and Service Delivery,6.3342465753424655,MOD_0094_1415-Q3-1819-Q2,,,Not new,,,2020/beis/BEIS_Government_Major_Projects_Portfolio_data_September_2019.xlsx,2018-09-30,MOD_0094_1415-Q3,Amber,146.734,2018-03-31,MOD_0094_1415-Q3,contracting purchasing and finance,MOD_0094_1415-Q3,gmpp_id,Contracting; Purchasing and Finance,Amber,146.73,2018-03-31,both,True
MOD_0100_1516-Q1,Future Beyond Line Of Sight,AR 2019,1819-Q2,MOD,Amber/Red,2011-01-01 00:00:00,2041-12-31 00:00:00,Exempt,Exempt,-,-,Exempt,,,ICT,31.019178082191782,MOD_0100_1516-Q1-1819-Q2,,,Not new,,,2020/beis/BEIS_Government_Major_Projects_Portfolio_data_September_2019.xlsx,2018-09-30,MOD_0100_1516-Q1,Amber/Red,,2041-12-31,MOD_0100_1516-Q1,future beyond line of sight,MOD_0100_1516-Q1,gmpp_id,Future Beyond Line Of Sight,Amber/Red,,2041-12-31,both,True
MOD_0101_1516-Q1,New Style of Information Technology (Base),AR 2019,1819-Q2,MOD,Amber/Red,2015-04-01 00:00:00,2018-03-05 00:00:00,Exempt,Exempt,-,-,Exempt,,,ICT,2.9287671232876713,MOD_0101_1516-Q1-1819-Q2,,,Not new,,,2020/beis/BEIS_Government_Major_Projects_Portfolio_data_September_2019.xlsx,2018-09-30,MOD_0101_1516-Q1,Amber/Red,,2018-03-05,MOD_0101_1516-Q1,new style of information technology,MOD_0101_1516-Q1,gmpp_id,New Style of Information Technology (Base),Amber/Red,,2020-03-31,both,True
MOD_0104_1617-Q1,Armour MBT 2025,AR 2019,1819-Q2,MOD,Amber,2014-12-04 00:00:00,2026-06-01 00:00:00,Exempt,Exempt,-,-,Exempt,,,Military Capability,11.498630136986302,MoD_0104_1617-Q1-1819-Q2,,,Not new,,,2020/beis/BEIS_Government_Major_Projects_Portfolio_data_September_2019.xlsx,2018-09-30,MOD_0104_1617-Q1,Amber,,2026-06-01,MOD_0104_1617-Q1,armour mbt 2025,MOD_0104_1617-Q1,gmpp_id,Armour MBT 2025,Amber,,2026-06-01,both,True
MOD_0105_1617-Q1,Land Environment Tactical Communication  and  Information Systems,AR 2019,1819-Q2,MOD,Amber/Red,2013-05-01 00:00:00,2035-12-31 00:00:00,273.661,251.695,-21.966000000000008,-0.0802671918906969,11142.64,,,Military Capability,22.682191780821917,MoD_0105_1617-Q1-1819-Q2,,,Not new,,,2020/beis/BEIS_Government_Major_Projects_Portfolio_data_September_2019.xlsx,2018-09-30,MOD_0105_1617-Q1,Amber/Red,11142.64,2035-12-31,MOD_0105_1617-Q1,land environment tactical communication and information systems,MOD_0105_1617-Q1,gmpp_id,Land Environment Tactical Communication and Information Systems,Amber/Red,11142.64,2035-12-31,both,True
MOD_0106_1617-Q1,Maritime Patrol Aircraft ,AR 2019,1819-Q2,MOD,Amber/Red,2014-07-08 00:00:00,2024-04-01 00:00:00,186.186,177.897,-8.289000000000016,-0.04451999613289944,2048.899,,,Military Capability,9.73972602739726,MoD_0106_1617-Q1-1819-Q2,,,Not new,,,2020/beis/BEIS_Government_Major_Projects_Portfolio_data_September_2019.xlsx,2018-09-30,MOD_0106_1617-Q1,Amber/Red,2048.899,2024-04-01,MOD_0106_1617-Q1,maritime patrol aircraft,MOD_0106_1617-Q1,gmpp_id,Maritime Patrol Aircraft,Amber/Red,2048.9,2024-04-01,both,True
MOD_0107_1617-Q1,PROTECTOR,AR 2019,1819-Q2,MOD,Amber/Red,2009-04-30 00:00:00,2035-03-31 00:00:00,64.244,52.72,-11.524000000000001,-0.17937861901500532,1039.247,,,Military Capability,25.934246575342467,MoD_0107_1617-Q1-1819-Q2,,,Not new,,,2020/beis/BEIS_Government_Major_Projects_Portfolio_data_September_2019.xlsx,2018-09-30,MOD_0107_1617-Q1,Amber/Red,1039.247,2035-03-31,MOD_0107_1617-Q1,protector,MOD_0107_1617-Q1,gmpp_id,PROTECTOR,Amber/Red,1039.25,2035-03-31,both,True
MOD_0109_1617-Q2,New Style of Information Technology Deployed,AR 2019,1819-Q2,MOD,Amber,2015-04-01 00:00:00,2025-03-25 00:00:00,Exempt,Exempt,-,-,Exempt,,,Military Capability,9.98904109589041,MoD_0109_1617-Q2-1819-Q2,,,Not new,,,2020/beis/BEIS_Government_Major_Projects_Portfolio_data_September_2019.xlsx,2018-09-30,MOD_0109_1617-Q2,Amber,,2025-03-25,MOD_0109_1617-Q2,new style of information technology deployed,MOD_0109_1617-Q2,gmpp_id,New Style of Information Technology Deployed,Amber,,2025-03-25,both,True
MOD_0110_1718-Q1,MODnet Evolve,AR 2019,1819-Q2,MOD,Amber/Red,2016-02-29 00:00:00,2022-07-11 00:00:00,Exempt,Exempt,Exempt,-,Exempt,,,Military Capability,6.367123287671233,MOD_0110_1718-Q1-1819-Q2,,,Not new,,,2020/beis/BEIS_Government_Major_Projects_Portfolio_data_September_2019.xlsx,2018-09-30,MOD_0110_1718-Q1,Amber/Red,,2022-07-11,MOD_0110_1718-Q1,modnet evolve,MOD_0110_1718-Q1,gmpp_id,MODnet Evolve,Amber/Red,,2022-07-11,both,True
MOD_0111_1718-Q1,Joint Crypt Key Programme,AR 2019,1819-Q2,MOD,Exempt,Exempt,Exempt,Exempt,Exempt,-,-,Exempt,,,Military Capability,0,MOD_0111_1718-Q1-1819-Q2,,,Not new,,,2020/beis/BEIS_Government_Major_Projects_Portfolio_data_September_2019.xlsx,2018-09-30,MOD_0111_1718-Q1,EXEMPT,,,MOD_0111_1718-Q1,joint crypt key programme,MOD_0111_1718-Q1,gmpp_id,Joint Crypt Key Programme,EXEMPT,,,both,True
MOD_0112_1718-Q1,Type 31e,AR 2019,1819-Q2,MOD,Exempt,2016-04-01 00:00:00,Exempt,Exempt,Exempt,-,-,Exempt,,,Military Capability,0,MOD_0112_1718-Q1-1819-Q2,,,Not new,,,2020/beis/BEIS_Government_Major_Projects_Portfolio_data_September_2019.xlsx,2018-09-30,MOD_0112_1718-Q1,EXEMPT,,,MOD_0112_1718-Q1,type 31e,MOD_0112_1718-Q1,gmpp_id,Type 31e,EXEMPT,,,both,True
MOD_0113_1718-Q1,Armed Forces People Programme,AR 2019,1819-Q2,MOD,Amber/Red,2015-11-25 00:00:00,2021-03-31 00:00:00,27.267,22.526,-4.741,-0.17387318003447388,69.65,,,Government Transformation and Service Delivery,5.35068493150685,MOD_0113_1718-Q1-1819-Q2,,,Not new,,,2020/beis/BEIS_Government_Major_Projects_Portfolio_data_September_2019.xlsx,2018-09-30,MOD_0113_1718-Q1,Amber/Red,69.65,2021-03-31,MOD::armed forces people programme,armed forces people programme,MOD::armed forces people programme,name,Armed Forces People Programme,Amber/Red,69.65,2021-03-31,both,True
MOD_0114_1718-Q1,Defence Estate Optimisation ,AR 2019,1819-Q2,MOD,Amber/Red,2016-09-30 00:00:00,2041-03-31 00:00:00,201.05,85.349,-115.70100000000001,-0.5754837105197712,1166.87,,,Military Capability,24.515068493150686,MOD_0114_1718-Q1-1819-Q2,,,Not new,,,2020/beis/BEIS_Government_Major_Projects_Portfolio_data_September_2019.xlsx,2018-09-30,MOD_0114_1718-Q1,Amber/Red,1166.87,2041-03-31,MOD_0114_1718-Q1,defence estate optimisation,MOD_0114_1718-Q1,gmpp_id,Defence Estate Optimisation,Amber/Red,1166.87,2041-03-31,both,True
MOD_0115_1718-Q2,Mechanised Infantry Programme,AR 2019,1819-Q2,MOD,Amber,Exempt,Exempt,Exempt,Exempt,-,-,Exempt,,,Military Capability,Exempt,MOD_0115_1718-Q2-1819-Q2,,,Not new,,,2020/beis/BEIS_Government_Major_Projects_Portfolio_data_September_2019.xlsx,2018-09-30,MOD_0115_1718-Q2,Amber,,,MOD_0115_1718-Q2,mechanised infantry programme,MOD_0115_1718-Q2,gmpp_id,Mechanised Infantry Programme,Amber,,,both,True
MOD_0116_1718-Q2,Fleet Solid Support,AR 2019,1819-Q2,MOD,Amber,2016-03-14 00:00:00,2030-04-30 00:00:00,1.968,1.968,0,0,11.78,,,Military Capability,14.136986301369863,MOD_0116_1718-Q2-1819-Q2,,,Not new,,,2020/beis/BEIS_Government_Major_Projects_Portfolio_data_September_2019.xlsx,2018-09-30,MOD_0116_1718-Q2,Amber,11.78,2030-04-30,MOD_0116_1718-Q2,fleet solid support,MOD_0116_1718-Q2,gmpp_id,Fleet Solid Support,Amber,11.78,2030-04-30,both,True
MOD_0117_1718-Q2,Future Maritime Support Programme,AR 2019,1819-Q2,MOD,Amber/Red,2016-09-26 00:00:00,2019-09-27 00:00:00,Exempt,Exempt,-,-,Exempt,,,Military Capability,3.0027397260273974,MOD_0117_1718-Q2-1819-Q2,,,Not new,,,2020/beis/BEIS_Government_Major_Projects_Portfolio_data_September_2019.xlsx,2018-09-30,MOD_0117_1718-Q2,Amber/Red,,2019-09-27,MOD_0117_1718-Q2,future maritime support programme,MOD_0117_1718-Q2,gmpp_id,Future Maritime Support Programme,Amber/Red,,2019-09-27,both,True
MOD_0118_1718-Q3,Clyde Infrastructure,AR 2019,1819-Q2,MOD,Amber/Green,00:00:00,00:00:00,161.191,155.066,-6.125,-0.03799839941435936,1771.62,,,Military Capability,0,MOD_0118_1718-Q3-1819-Q2,,,Joiner,,,2020/beis/BEIS_Government_Major_Projects_Portfolio_data_September_2019.xlsx,2018-09-30,MOD_0118_1718-Q3,Amber/Green,1771.62,,MOD_0118_1718-Q3,clyde infrastructure,MOD_0118_1718-Q3,gmpp_id,Clyde Infrastructure,Amber/Green,1771.62,2024-03-29,both,True
MOJ_0003_1112-Q1,Electronic Monitoring,AR 2019,1819-Q2,MOJ,Amber/Green,2011-05-10 00:00:00,2024-08-31 00:00:00,106.8,94.9,-11.899999999999991,-0.1114232209737827,580.5,,,Government Transformation and Service Delivery,13.32054794520548,MOJ_0003_1112-Q1-1819-Q2,,,Not new,,,2020/beis/BEIS_Government_Major_Projects_Portfolio_data_September_2019.xlsx,2018-09-30,MOJ_0003_1112-Q1,Amber/Green,580.5,2024-08-31,MOJ_0003_1112-Q1,electronic monitoring,MOJ_0003_1112-Q1,gmpp_id,Electronic Monitoring,Amber/Green,580.5,2024-08-31,both,True
MOJ_0004_1112-Q1,Future IT Sourcing Programme (FITS),AR 2019,1819-Q2,MOJ,Amber/Green,2011-03-01 00:00:00,2017-11-30 00:00:00,220.23,238,17.77000000000001,0.08068837124824052,2879.23,,,ICT,6.756164383561644,MOJ_0004_1112-Q1-1819-Q2,,,Not new,,,2020/beis/BEIS_Government_Major_Projects_Portfolio_data_September_2019.xlsx,2018-09-30,MOJ_0004_1112-Q1,Amber/Green,2879.23,2017-11-30,MOJ_0004_1112-Q1,future it sourcing programme,MOJ_0004_1112-Q1,gmpp_id,Future IT Sourcing Programme (FITS),Amber/Green,2879.23,2017-11-30,both,True
MOJ_0021_1314-Q1,CJS Common Platform,AR 2019,1819-Q2,MOJ,Amber/Red,2012-11-01 00:00:00,2019-03-29 00:00:00,74.96,58.48,-16.479999999999997,-0.21985058697972248,398.84,,,ICT,6.4082191780821915,MOJ_0021_1314-Q1-1819-Q2,,,Not new,,,2020/beis/BEIS_Government_Major_Projects_Portfolio_data_September_2019.xlsx,2018-09-30,MOJ_0021_1314-Q1,Amber/Red,398.84,2019-03-29,MOJ_0021_1314-Q1,cjs common platform,MOJ_0021_1314-Q1,gmpp_id,CJS Common Platform,Amber/Red,398.84,2019-03-29,both,True
MOJ_0028_1314-Q2,HMCTS Reform,AR 2019,1819-Q2,MOJ,Amber/Red,2015-01-05 00:00:00,2020-03-31 00:00:00,242.01,242.01,0,0,1546.83,,,Government Transformation and Service Delivery,5.238356164383561,MOJ_0028_1314-Q2-1819-Q2,,,Not new,,,2020/beis/BEIS_Government_Major_Projects_Portfolio_data_September_2019.xlsx,2018-09-30,MOJ_0028_1314-Q2,Amber/Red,1546.83,2020-03-31,MOJ_0028_1314-Q2,hmcts reform,MOJ_0028_1314-Q2,gmpp_id,HMCTS Reform,Amber/Red,1546.83,2020-03-31,both,True
MOJ_0032_1617-Q2,MoJ Future FM ,AR 2019,1819-Q2,MOJ,Amber/Red,2016-07-01 00:00:00,2018-04-01 00:00:00,81.4,67.1,-14.300000000000011,-0.1756756756756758,430.2,,,Government Transformation and Service Delivery,1.7506849315068493,MOJ_0032_1617-Q2-1819-Q2,,,Not new,,,2020/beis/BEIS_Government_Major_Projects_Portfolio_data_September_2019.xlsx,2018-09-30,MOJ_0032_1617-Q2,Amber/Red,430.2,2018-04-01,MOJ_0032_1617-Q2,moj future fm,MOJ_0032_1617-Q2,gmpp_id,MoJ Future FM,Amber/Red,430.2,2018-04-01,both,True
MOJ_0033_1617-Q2,Prison Estate Transformation Programme (PETP),AR 2019,1819-Q2,MOJ,Amber/Red,2016-04-01 00:00:00,2026-05-07 00:00:00,67.81,67.81,0,0,30165.85,,,Infrastructure and Construction,10.104109589041096,MOJ_0033_1617-Q2-1819-Q2,,,Not new,,,2020/beis/BEIS_Government_Major_Projects_Portfolio_data_September_2019.xlsx,2018-09-30,MOJ_0033_1617-Q2,Amber/Red,30165.85,2026-05-07,MOJ_0033_1617-Q2,prison estate transformation programme,MOJ_0033_1617-Q2,gmpp_id,Prison Estate Transformation Programme (PETP),Amber/Red,30165.85,2026-05-07,both,True
MOJ_0037_1617-Q4,Transforming Compliance Enforcment Programme (TCEP),AR 2019,1819-Q2,MOJ,Red,2016-01-04 00:00:00,2019-04-26 00:00:00,37.3,5.5,-31.799999999999997,-0.8525469168900804,123,,,Government Transformation and Service Delivery,3.3095890410958906,MOJ_0037_1617-Q4-1819-Q2,,,Not new,,,2020/beis/BEIS_Government_Major_Projects_Portfolio_data_September_2019.xlsx,2018-09-30,MOJ_0037_1617-Q4,Red,123.0,2019-04-26,MOJ::transforming compliance enforcment programme,transforming compliance enforcment programme,MOJ::transforming compliance enforcment programme,name,Transforming Compliance Enforcment Programme (TCEP),Red,123.0,2019-04-26,both,True
MOJ_0038_1718-Q4,HMCTS Facilities Management Reprocurement Project (FMRP),AR 2019,1819-Q2,MOJ,Amber/Red,2017-03-01 00:00:00,2019-12-31 00:00:00,0.9,0.9,0,0,787.2,,,Government Transformation and Service Delivery,2.835616438356164,MOJ_0038_1718-Q4-1819-Q2,,,Joiner,,,2020/beis/BEIS_Government_Major_Projects_Portfolio_data_September_2019.xlsx,2018-09-30,MOJ_0038_1718-Q4,Amber/Red,787.2,2019-12-31,MOJ_0038_1718-Q4,hmcts facilities management reprocurement project,MOJ_0038_1718-Q4,gmpp_id,HMCTS Facilities Management Reprocurement Project (FMRP),Amber/Red,787.2,2019-12-31,both,True
MOJ_0039_1718-Q3,Prison Education Programme,AR 2019,1819-Q2,MOJ,Amber/Green,2017-04-01 00:00:00,2019-06-30 00:00:00,156.5,156.5,0,0,1223.2,,,Government Transformation and Service Delivery,2.2465753424657535,MOJ_0039_1718-Q3-1819-Q2,,,Joiner,,,2020/beis/BEIS_Government_Major_Projects_Portfolio_data_September_2019.xlsx,2018-09-30,MOJ_0039_1718-Q3,Amber/Green,1223.2,2019-06-30,MOJ_0039_1718-Q3,prison education programme,MOJ_0039_1718-Q3,gmpp_id,Prison Education Programme,Amber/Green,1223.2,2019-06-30,both,True
MOJ_0040_1718-Q3,YOUTH JUSTICE REFORM PROGRAMME,AR 2019,1819-Q2,MOJ,Amber,2016-12-12 00:00:00,2022-12-31 00:00:00,12.7,11.5,-1.1999999999999993,-0.0944881889763779,311.13,,,Government Transformation and Service Delivery,6.054794520547945,MOJ_0040_1718-Q3-1819-Q2,,,Joiner,,,2020/beis/BEIS_Government_Major_Projects_Portfolio_data_September_2019.xlsx,2018-09-30,MOJ_0040_1718-Q3,Amber,311.13,2022-12-31,MOJ_0040_1718-Q3,youth justice reform programme,MOJ_0040_1718-Q3,gmpp_id,YOUTH JUSTICE REFORM PROGRAMME,Amber,311.13,2022-12-31,both,True
MOJ_0041_1819-Q1,Prisoner Escort and Custody Services (PECS) Generation 4,AR 2019,1819-Q2,MOJ,Amber/Red,2017-04-01 00:00:00,2021-03-31 00:00:00,2.9,2.9,0,0,1622.3,,,Government Transformation and Service Delivery,4,MOJ_0041_1819-Q1-1819-Q2,,,Joiner,,,2020/beis/BEIS_Government_Major_Projects_Portfolio_data_September_2019.xlsx,2018-09-30,MOJ_0041_1819-Q1,Amber/Red,1622.3,2021-03-31,MOJ_0041_1819-Q1,prisoner escort and custody services generation 4,MOJ_0041_1819-Q1,gmpp_id,Prisoner Escort and Custody Services (PECS) Generation 4,Amber/Red,1622.3,2021-03-31,both,True
MOJ_0042_1819-Q2,Probation Programme,AR 2019,1819-Q2,MOJ,Amber/Red,2017-10-01 00:00:00,2020-03-01 00:00:00,385,394,9,0.023376623376623377,1200,,,Government Transformation and Service Delivery,2.4164383561643836,MOJ_0042_1819-Q2-1819-Q2,,,Joiner,,,2020/beis/BEIS_Government_Major_Projects_Portfolio_data_September_2019.xlsx,2018-09-30,MOJ_0042_1819-Q2,Amber/Red,1200.0,2020-03-01,MOJ_0042_1819-Q2,probation programme,MOJ_0042_1819-Q2,gmpp_id,Probation Programme,Amber/Red,1200.0,2020-03-01,both,True
NCA_0001_1415-Q2,NCA Transformation Programme,AR 2019,1819-Q2,NCA,Amber,2014-04-01 00:00:00,2022-03-31 00:00:00,62.8,51,-11.799999999999997,-0.18789808917197448,306.8,,,Government Transformation and Service Delivery,8.002739726027396,NCA_0001_1415-Q2-1819-Q2,,,Not new,,,2020/beis/BEIS_Government_Major_Projects_Portfolio_data_September_2019.xlsx,2018-09-30,NCA_0001_1415-Q2,Amber,306.8,2022-03-31,NCA_0001_1415-Q2,nca transformation programme,,gmpp_id,,,,,left_only,False
ONS_0002_1112-Q1,Census & Data Collection Transformation Programme,AR 2019,1819-Q2,ONS,Amber,2015-01-01 00:00:00,2025-03-31 00:00:00,94,89.5,-4.5,-0.047872340425531915,906.5,,,Government Transformation and Service Delivery,10.252054794520548,ONS_0002_1112-Q1-1819-Q2,,,Not new,,,2020/beis/BEIS_Government_Major_Projects_Portfolio_data_September_2019.xlsx,2018-09-30,ONS_0002_1112-Q1,Amber,906.5,2025-03-31,ONS_0002_1112-Q1,census and data collection transformation programme,,gmpp_id,,,,,left_only,False
MOD_0101_1516-Q1,New Style of Information Technology (Base),AR 2020,1920-Q2,MOD,Amber/Red,2015-04-01 00:00:00,2022-03-31 00:00:00,Exempt,Exempt,Exempt,Exempt,Exempt,,,ICT,7.002739726027397,,,,Not new,David Lynam,To deliver a cost-effective and modern â€˜New Style of ITâ€™ across the Defence estate.,2020/beis/BEIS_Government_Major_Projects_Portfolio_data_September_2019.xlsx,2019-09-30,MOD_0101_1516-Q1,Amber/Red,,2022-03-31,MOD_0101_1516-Q1,new style of information technology,MOD_0101_1516-Q1,gmpp_id,New Style of Information Technology (Base),Amber/Red,,2022-03-31,both,True
MOD_0110_1718-Q1,MODnet Evolve,AR 2020,1920-Q2,MOD,Amber/Red,2016-02-29 00:00:00,2021-09-01 00:00:00,Exempt,Exempt,Exempt,Exempt,Exempt,,,ICT,5.50958904109589,,,,Not new,David Lynam,Sustain OFFICIAL and SECRET Information Communications and Technology (ICT) services in the Base and Base Overseas environments from the end of the ATLAS New Style of IT (Base) (NSOIT(B)) contract.,2020/beis/BEIS_Government_Major_Projects_Portfolio_data_September_2019.xlsx,2019-09-30,MOD_0110_1718-Q1,Amber/Red,,2021-09-01,MOD_0110_1718-Q1,modnet evolve,MOD_0110_1718-Q1,gmpp_id,MODnet Evolve,Amber/Red,,2021-09-01,both,True
MOD_0115_1718-Q2,Mechanised Infantry Programme,AR 2020,1920-Q2,MOD,Amber,2018-04-02 00:00:00,2032-12-31 00:00:00,7.837,8.161,0.32399999999999984,0.0413423503892,4663.305,,,Military Capability,14.758904109589041,,,,Not new,Simon Hamilton,"Delivers agile Mechanised Infantry able to operate at reach, at speed, in complex terrain and with low logistic need.",2020/beis/BEIS_Government_Major_Projects_Portfolio_data_September_2019.xlsx,2019-09-30,MOD_0115_1718-Q2,Amber,4663.305,2032-12-31,MOD_0115_1718-Q2,mechanised infantry programme,MOD_0115_1718-Q2,gmpp_id,Mechanised Infantry Programme,Amber,4663.31,2032-12-31,both,True
MOD_0033_1112-Q1,MARSHALL,AR 2020,1920-Q2,MOD,Amber,2006-04-03 00:00:00,2024-12-31 00:00:00,127.259,129.152,1.8929999999999865,0.0148751758225,1335.622,,,Military Capability,18.75890410958904,,,,Not new,Richard Barrow,Delivering a sustainable Air Traffic Management capability.,2020/beis/BEIS_Government_Major_Projects_Portfolio_data_September_2019.xlsx,2019-09-30,MOD_0033_1112-Q1,Amber,1335.622,2024-12-31,MOD_0033_1112-Q1,marshall,MOD_0033_1112-Q1,gmpp_id,MARSHALL,Amber,1335.62,2024-12-31,both,True
MOD_0036_1112-Q1,Maritime Sustainment Programme,AR 2020,1920-Q2,MOD,Green,2005-07-25 00:00:00,2019-02-28 00:00:00,0,0.812,0.812,,618.808,,,Military Capability,13.605479452054794,,,,Not new,D Lamb,The Military Afloat Reach and Sustainability (MARS) Tankers will replace the current single hulled tankers operated by the Royal Fleet Auxiliary.,2020/beis/BEIS_Government_Major_Projects_Portfolio_data_September_2019.xlsx,2019-09-30,MOD_0036_1112-Q1,Green,618.808,2019-02-28,MOD_0036_1112-Q1,maritime sustainment programme,MOD_0036_1112-Q1,gmpp_id,Maritime Sustainment Programme,Green,618.81,2019-02-28,both,True
MOD_0079_1213-Q1,Lightning Programme,AR 2020,1920-Q2,MOD,Amber,2001-10-01 00:00:00,2035-03-31 00:00:00,711.858,750.371,38.513000000000034,0.0541020821568,10393.3,,,Military Capability,33.51780821917808,,,,Not new,David Bradshaw,"To deliver a multi-role, carrier-capable aircraft, to be operated jointly by the Royal Air Force and Royal Navy.",2020/beis/BEIS_Government_Major_Projects_Portfolio_data_September_2019.xlsx,2019-09-30,MOD_0079_1213-Q1,Amber,10393.3,2035-03-31,MOD_0079_1213-Q1,lightning programme,MOD_0079_1213-Q1,gmpp_id,Lightning Programme,Amber,10393.3,2035-03-31,both,True
MOD_0111_1718-Q1,Joint Crypt Key Programme,AR 2020,1920-Q2,MOD,Exempt,Exempt,Exempt,Exempt,Exempt,Exempt,Exempt,Exempt,,,ICT,Exempt,,,,Not new,David Lynam,To support the department's Information Assurance Capability.,2020/beis/BEIS_Government_Major_Projects_Portfolio_data_September_2019.xlsx,2019-09-30,MOD_0111_1718-Q1,EXEMPT,,,MOD_0111_1718-Q1,joint crypt key programme,MOD_0111_1718-Q1,gmpp_id,Joint Crypt Key Programme,EXEMPT,,,both,True
MOD_0117_1718-Q2,Future Maritime Support Programme,AR 2020,1920-Q2,MOD,RED,2016-09-26 00:00:00,2030-03-31 00:00:00,14.478,20.196,5.718000000000002,0.394944053046,11127.659,,,Military Capability,13.517808219178082,,,,Not new,Matthew Harrison,Commercial arrangements for the provision of Ship & Submarine Engineering and Naval Base Services.,2020/beis/BEIS_Government_Major_Projects_Portfolio_data_September_2019.xlsx,2019-09-30,MOD_0117_1718-Q2,Red,11127.659,2030-03-31,MOD_0117_1718-Q2,future maritime support programme,MOD_0117_1718-Q2,gmpp_id,Future Maritime Support Programme,Red,11127.66,2030-03-31,both,True
MOD_0100_1516-Q1,Future Beyond Line Of Sight,AR 2020,1920-Q2,MOD,Amber/Red,2011-01-01 00:00:00,2041-12-31 00:00:00,Exempt,Exempt,Exempt,Exempt,Exempt,,,ICT,31.019178082191782,,,,Not new,Stephen Fisher,Replaces the existing UK sovereign SKYNET 5 secure space-based satellite communications capability.,2020/beis/BEIS_Government_Major_Projects_Portfolio_data_September_2019.xlsx,2019-09-30,MOD_0100_1516-Q1,Amber/Red,,2041-12-31,MOD_0100_1516-Q1,future beyond line of sight,MOD_0100_1516-Q1,gmpp_id,Future Beyond Line Of Sight,Amber/Red,,2041-12-31,both,True
MOD_0116_1718-Q2,Fleet Solid Support,AR 2020,1920-Q2,MOD,Amber,2016-04-01 00:00:00,2030-04-30 00:00:00,0.657,0.657,0,0,Exempt,,,Military Capability,14.087671232876712,,,,Not new,Paul Marshall,"Auxiliary Shipping to provide stores, ammunition and food sustainment to Naval Forces at Sea.",2020/beis/BEIS_Government_Major_Projects_Portfolio_data_September_2019.xlsx,2019-09-30,MOD_0116_1718-Q2,Amber,,2030-04-30,MOD_0116_1718-Q2,fleet solid support,MOD_0116_1718-Q2,gmpp_id,Fleet Solid Support,Amber,,2030-04-30,both,True
MOD_0080_1213-Q1,DREADNOUGHT,AR 2020,1920-Q2,MOD,Amber,2011-04-14 00:00:00,Exempt under Freedom of Information Act 2000 sections 24 (National Security) 26 (Defence) and 35  (Formulation of government policy).,1613.355,1613.356,0.0009999999999763531,6.19826386614e-07,30099.344,,,Military Capability,Exempt,,,,Not new,Timothy Hodgson,"The design, development and manufacture of the Dreadnought ballistic missile submarines.",2020/beis/BEIS_Government_Major_Projects_Portfolio_data_September_2019.xlsx,2019-09-30,MOD_0080_1213-Q1,Amber,30099.344,,MOD_0080_1213-Q1,dreadnought,MOD_0080_1213-Q1,gmpp_id,DREADNOUGHT,Amber,30099.34,,both,True
MOD_0114_1718-Q1,Defence Estate Optimisation ,AR 2020,1920-Q2,MOD,Amber/Red,2016-11-01 00:00:00,2041-03-31 00:00:00,19.37,11.75,-7.620000000000001,-0.393391843056,1754.74,,,Military Capability,24.427397260273974,,,,Not new,Sherin Aminossehe,"Helping create a smaller, better and a more efficient estate to deliver the required Military Capability.",2020/beis/BEIS_Government_Major_Projects_Portfolio_data_September_2019.xlsx,2019-09-30,MOD_0114_1718-Q1,Amber/Red,1754.74,2041-03-31,MOD_0114_1718-Q1,defence estate optimisation,MOD_0114_1718-Q1,gmpp_id,Defence Estate Optimisation,Amber/Red,1754.74,2041-03-31,both,True
MOD_0017_1112-Q1,Crowsnest Programme,AR 2020,1920-Q2,MOD,Red,2013-03-31 00:00:00,2023-06-30 00:00:00,87.087,75.241,-11.846000000000004,-0.136024894646,429.434,,,Military Capability,10.254794520547945,,,,Not new,Adrian Orchard,Equip 10 Merlin Mk2 helicopters with an advanced airborne surveillance system to meet the Force Protection requirement of the Maritime Task Group. ,2020/beis/BEIS_Government_Major_Projects_Portfolio_data_September_2019.xlsx,2019-09-30,MOD_0017_1112-Q1,Red,429.434,2023-06-30,MOD_0017_1112-Q1,crowsnest programme,MOD_0017_1112-Q1,gmpp_id,Crowsnest Programme,Red,429.43,2023-06-30,both,True
MOD_0078_1213-Q1,Core Production Capability,AR 2020,1920-Q2,MOD,Amber,2012-04-01 00:00:00,2028-04-30 00:00:00,163.577,163.107,-0.46999999999999886,-0.00287326457876,1826.708,,,Military Capability,16.09041095890411,,,,Not new,Tim Hodgson,"Delivers safe nuclear reactor cores to meet the Royal Navy's submarine programme, now and for the long term. ",2020/beis/BEIS_Government_Major_Projects_Portfolio_data_September_2019.xlsx,2019-09-30,MOD_0078_1213-Q1,Amber,1826.708,2028-04-30,MOD_0078_1213-Q1,core production capability,MOD_0078_1213-Q1,gmpp_id,Core Production Capability,Amber,1826.71,2028-04-30,both,True
MOD_0094_1415-Q3,Contracting; Purchasing and Finance,AR 2020,1920-Q2,MOD,Amber,2011-12-01 00:00:00,2021-08-13 00:00:00,4.97,4.894,-0.07599999999999962,-0.015291750503,130.202,,,Government Transformation and Service Delivery,9.706849315068494,,,,Not new,Lee Rimmer,To provide a single online end to end procurement system for all MOD procurement activity.,2020/beis/BEIS_Government_Major_Projects_Portfolio_data_September_2019.xlsx,2019-09-30,MOD_0094_1415-Q3,Amber,130.202,2021-08-13,MOD_0094_1415-Q3,contracting purchasing and finance,MOD_0094_1415-Q3,gmpp_id,Contracting; Purchasing and Finance,Amber,130.2,2021-08-13,both,True
MOD_0077_1213-Q1,Complex Weapons,AR 2020,1920-Q2,MOD,Amber,2008-03-31 00:00:00,2032-04-01 00:00:00,755.261,728.748,-26.51299999999992,-0.0351044208558,28717.221,,,Military Capability,24.019178082191782,,,,Not new,John Cunningham,Delivers Complex Weapons for use by the 3 Front Line Commands.,2020/beis/BEIS_Government_Major_Projects_Portfolio_data_September_2019.xlsx,2019-09-30,MOD_0077_1213-Q1,Amber,28717.221,2032-04-01,MOD_0077_1213-Q1,complex weapons,MOD_0077_1213-Q1,gmpp_id,Complex Weapons,Amber,28717.22,2032-04-01,both,True
MOD_0118_1718-Q3,Clyde Infrastructure,AR 2020,1920-Q2,MOD,Amber,2015-09-07 00:00:00,2032-03-30 00:00:00,112.7,117.7,5,0.04,1774.573,,,Military Capability,16.572602739726026,,,,Not new,Matt Harrison,"Managing the design, delivery and transition into operational use, new build and updated infrastructure facilities in HMNB Clyde (Faslane and Coulport).",2020/beis/BEIS_Government_Major_Projects_Portfolio_data_September_2019.xlsx,2019-09-30,MOD_0118_1718-Q3,Amber,1774.573,2032-03-30,MOD_0118_1718-Q3,clyde infrastructure,MOD_0118_1718-Q3,gmpp_id,Clyde Infrastructure,Amber,1774.57,2032-03-30,both,True
MOD_0064_1112-Q2,Carrier Enabled Power Projection,AR 2020,1920-Q2,MOD,Amber,2011-01-31 00:00:00,2030-12-31 00:00:00,1.782,1.752,-0.030000000000000027,-0.016835016835,21.57,,,Military Capability,19.92876712328767,,,,Not new,Richard Knighton,"An integrated and sustainable joint capability, interoperable with NATO and coalition allies. The project will  enable the projection of UK Carrier Strike and Littoral Manoeuvre power, the ability to support a Special Forces raid as well as delivering Humanitarian Assistance and Defence Diplomacy.",2020/beis/BEIS_Government_Major_Projects_Portfolio_data_September_2019.xlsx,2019-09-30,MOD_0064_1112-Q2,Amber,21.57,2030-12-31,MOD_0064_1112-Q2,carrier enabled power projection,MOD_0064_1112-Q2,gmpp_id,Carrier Enabled Power Projection,Amber,21.57,2030-12-31,both,True
MOD_0076_1213-Q1,Astute Boats 1-7,AR 2020,1920-Q2,MOD,Amber/Red,Exempt,Exempt,467.432,424.113,-43.31900000000002,-0.0926744424858,10769.423,,,Military Capability,Exempt,,,,Not new,Tim Hodgson,"The design, development and manufacture of Astute class submarines.",2020/beis/BEIS_Government_Major_Projects_Portfolio_data_September_2019.xlsx,2019-09-30,MOD_0076_1213-Q1,Amber/Red,10769.423,,MOD_0076_1213-Q1,astute boats 1 7,MOD_0076_1213-Q1,gmpp_id,Astute Boats 1-7,Amber/Red,10769.42,,both,True
MOD_0085_1314-Q2,Army Basing Programme,AR 2020,1920-Q2,MOD,Amber/Green,2013-05-22 00:00:00,2021-03-31 00:00:00,307.953,314.49,6.537000000000035,0.0212272651996,2270.791,,,Military Capability,7.863013698630137,,,,Not new,David Southall,An infastructure led transformation programme to enable the Army 2020 structure and withdraw of personnel from Germany.,2020/beis/BEIS_Government_Major_Projects_Portfolio_data_September_2019.xlsx,2019-09-30,MOD_0085_1314-Q2,Amber/Green,2270.791,2021-03-31,MOD_0085_1314-Q2,army basing programme,MOD_0085_1314-Q2,gmpp_id,Army Basing Programme,Amber/Green,2270.79,2021-03-31,both,True
MOD_0092_1415-Q3,Armoured Infantry 2026,AR 2020,1920-Q2,MOD,Amber/Red,2014-12-04 00:00:00,2026-12-31 00:00:00,Exempt,Exempt,Exempt,Exempt,Exempt,,,Military Capability,12.082191780821917,,,,Not new,Simon Hamilton,"Deliver an Armoured Infantry that is more capable, with enhanced lethality and upgraded situational awareness, better integration with dismounts and improved combined arms cooperation.",2020/beis/BEIS_Government_Major_Projects_Portfolio_data_September_2019.xlsx,2019-09-30,MOD_0092_1415-Q3,Amber/Red,,2026-12-31,MOD_0092_1415-Q3,armoured infantry 2026,MOD_0092_1415-Q3,gmpp_id,Armoured Infantry 2026,Amber/Red,,2026-12-31,both,True
MOD_0091_1415-Q3,Armoured Cavalry 2025,AR 2020,1920-Q2,MOD,Amber,2014-12-04 00:00:00,2025-04-30 00:00:00,694.712,643.003,-51.708999999999946,-0.0744322827301,6288.95,,,Military Capability,10.41095890410959,,,,Not new,Simon Hamilton,To deliver an integrated multi-role capability that will include the delivery of the AJAX armoured fighting vehicle and its training solution into service.,2020/beis/BEIS_Government_Major_Projects_Portfolio_data_September_2019.xlsx,2019-09-30,MOD_0091_1415-Q3,Amber,6288.95,2025-04-30,MOD_0091_1415-Q3,armoured cavalry 2025,MOD_0091_1415-Q3,gmpp_id,Armoured Cavalry 2025,Amber,6288.95,2025-04-30,both,True
MOD_0119_1920-Q2,Armed Forces Recruitment Project,AR 2020,1920-Q2,MOD,Amber/Red,2018-03-15 00:00:00,2023-02-01 00:00:00,5.1,5.1,0,0,1730.24,,,Military Capability,4.887671232876713,,,,Joiner,Sharon Nesmith,"The Armed Forces Recruiting Programme (AFRP) is the tri-Service (tS) programme responsible for delivering a single, common tS Recruiting Op Model for the Armed Forces.  ",2020/beis/BEIS_Government_Major_Projects_Portfolio_data_September_2019.xlsx,2019-09-30,MOD_0119_1920-Q2,Amber/Red,1730.24,2023-02-01,MOD_0119_1920-Q2,armed forces recruitment project,MOD_0119_1920-Q2,gmpp_id,Armed Forces Recruitment Project,Amber/Red,1730.24,2023-02-01,both,True
MOD_0001_1112-Q1,A400M,AR 2020,1920-Q2,MOD,Amber,2000-05-17 00:00:00,2024-03-31 00:00:00,197.815,186.194,-11.62100000000001,-0.0587468088871,3356.227,,,Military Capability,23.887671232876713,,,,Not new,Simon EDWARDS,Delivery of A400M ATLAS Air Transport Aircraft.,2020/beis/BEIS_Government_Major_Projects_Portfolio_data_September_2019.xlsx,2019-09-30,MOD_0001_1112-Q1,Amber,3356.227,2024-03-31,MOD_0001_1112-Q1,a400m,MOD_0001_1112-Q1,gmpp_id,A400M,Amber,3356.23,2024-03-31,both,True
MOD_0061_1112-Q1,WATCHKEEPER,AR 2020,1920-Q2,MOD,Amber/Green,1998-03-01 00:00:00,2021-03-31 00:00:00,0,0.04,0.04,-0.1249,1117.73,,,Military Capability,23.0986301369863,,,,Not new,Michael Dooley,"An unmanned air system (UAS) platform that will provide Intelligence, Surveillance, Target Acquisition and Reconnaissance capability to the land tactical commander in the context of Joint Operations.",2020/beis/BEIS_Government_Major_Projects_Portfolio_data_September_2019.xlsx,2019-09-30,MOD_0061_1112-Q1,Amber/Green,1117.73,2021-03-31,MOD_0061_1112-Q1,watchkeeper,MOD_0061_1112-Q1,gmpp_id,WATCHKEEPER,Amber/Green,1117.73,2021-03-31,both,True
MOD_0112_1718-Q1,Type 31e,AR 2020,1920-Q2,MOD,Amber,2016-04-01 00:00:00,2030-02-28 00:00:00,13.244,12.762,-0.4819999999999993,-0.0363938387194,Exempt under Section 43 of the Freedom of Information Act 2000 (Commercial Interests),,,Military Capability,13.92054794520548,,,,Not new,Paul Marshall,"Aims to deliver a pipeline of credible, affordable and exportable warships enabling Defence to increase its global footprint.",2020/beis/BEIS_Government_Major_Projects_Portfolio_data_September_2019.xlsx,2019-09-30,MOD_0112_1718-Q1,Amber,,2030-02-28,MOD_0112_1718-Q1,type 31e,MOD_0112_1718-Q1,gmpp_id,Type 31e,Amber,,2030-02-28,both,True
MOD_0055_1112-Q1,Type 26 Global Combat Ship Programme,AR 2020,1920-Q2,MOD,Amber,2008-07-21 00:00:00,2035-05-01 00:00:00,502.376,502.279,-0.09699999999997999,-0.000193082472093,Exempt under Section 43 of the Freedom of Information Act 2000 (Commercial Interests),,,Military Capability,26.794520547945204,,,,Not new,Paul Marshall,Procure 8 x Anti Submarine Warfare (ASW) ships and associated support.,2020/beis/BEIS_Government_Major_Projects_Portfolio_data_September_2019.xlsx,2019-09-30,MOD_0055_1112-Q1,Amber,,2035-05-01,MOD_0055_1112-Q1,type 26 global combat ship programme,MOD_0055_1112-Q1,gmpp_id,Type 26 Global Combat Ship Programme,Amber,,2035-05-01,both,True
MOD_0047_1112-Q1,Spearfish Upgrade Programme,AR 2020,1920-Q2,MOD,Red,2008-04-01 00:00:00,2024-03-31 00:00:00,37.678,35.316,-2.3619999999999948,-0.062689102394,414.519,,,Military Capability,16.008219178082193,,,,Not new,Bob Anstey ,To update the UK's submarine weapon systems. This includes improvements to the safety system to minimise residual risks and deliver improved performance against increasingly capable threats.,2020/beis/BEIS_Government_Major_Projects_Portfolio_data_September_2019.xlsx,2019-09-30,MOD_0047_1112-Q1,Red,414.519,2024-03-31,MOD_0047_1112-Q1,spearfish upgrade programme,MOD_0047_1112-Q1,gmpp_id,Spearfish Upgrade Programme,Red,414.52,2024-03-31,both,True
MOD_0042_1112-Q1,Queen Elizabeth Programme,AR 2020,1920-Q2,MOD,Amber,1998-12-01 00:00:00,2023-03-31 00:00:00,141.625,145.273,3.647999999999996,0.0257581641659,6782.651,,,Military Capability,24.345205479452055,,,,Not new,Martin Connell,"Deliver 2 x Queen Elizabeth Class aircraft carriers, capable of operating Lightning II and Merlin aircraft (Crowsnest/ASW), as key elements of the Carrier Enabled Power Projection Programme_x000D_
(CEPP).",2020/beis/BEIS_Government_Major_Projects_Portfolio_data_September_2019.xlsx,2019-09-30,MOD_0042_1112-Q1,Amber,6782.651,2023-03-31,MOD_0042_1112-Q1,queen elizabeth programme,MOD_0042_1112-Q1,gmpp_id,Queen Elizabeth Programme,Amber,6782.65,2023-03-31,both,True
MOD_0038_1112-Q1,Nuclear Warhead Capability Sustainment Programme,AR 2020,1920-Q2,MOD,Exempt,2008-04-01 00:00:00,2025-04-30 00:00:00,1087.997,1028.692,-59.305000000000064,-0.0545084223578,20900.747,,,Military Capability,17.09041095890411,,,,Not new,Paul Hollinshead,"To deliver and sustain the capability (skills, technology, science, personnel, production and support) to underwrite the UK nuclear warhead stockpile now and in the future.",2020/beis/BEIS_Government_Major_Projects_Portfolio_data_September_2019.xlsx,2019-09-30,MOD_0038_1112-Q1,EXEMPT,20900.747,2025-04-30,MOD_0038_1112-Q1,nuclear warhead capability sustainment programme,MOD_0038_1112-Q1,gmpp_id,Nuclear Warhead Capability Sustainment Programme,EXEMPT,20900.75,2025-04-30,both,True
MoD_0109_1617-Q2,New Style of Information Technology Deployed,AR 2020,1920-Q2,MOD,Amber,2015-04-01 00:00:00,2025-03-25 00:00:00,Exempt,Exempt,Exempt,Exempt,Exempt,,,Military Capability,9.98904109589041,,,,Not new,Andy Fallows,"The provision of an IT system which will deliver operational information service to Land, Air, Maritime and Joint users in all physical environments.",2020/beis/BEIS_Government_Major_Projects_Portfolio_data_September_2019.xlsx,2019-09-30,MOD_0109_1617-Q2,Amber,,2025-03-25,MOD_0109_1617-Q2,new style of information technology deployed,MOD_0109_1617-Q2,gmpp_id,New Style of Information Technology Deployed,Amber,,2025-03-25,both,True
MOD_0107_1617-Q1,PROTECTOR,AR 2020,1920-Q2,MOD,Amber,2009-04-30 00:00:00,2035-03-31 00:00:00,127.374,140.354,12.980000000000018,0.101904627318,1155.839,,,Military Capability,25.934246575342467,,,,Not new,Richard Barrow,Delivery of a Remotely Piloted Air System.,2020/beis/BEIS_Government_Major_Projects_Portfolio_data_September_2019.xlsx,2019-09-30,MOD_0107_1617-Q1,Amber,1155.839,2035-03-31,MOD_0107_1617-Q1,protector,MOD_0107_1617-Q1,gmpp_id,PROTECTOR,Amber,1155.84,2035-03-31,both,True
MOD_0106_1617-Q1,Maritime Patrol Aircraft ,AR 2020,1920-Q2,MOD,Amber,2016-06-13 00:00:00,2024-04-01 00:00:00,437.11,513.47,76.36000000000001,0.115976767145,2229.59,,,Military Capability,7.8054794520547945,,,,Not new,Richard Barrow,"To deliver a Maritime Patrol Aircraft (MPA) to provide persistent, responsive, effective and adaptive Military Capabilities in the Under Water, Above Water, Littoral and Land environments.  ",2020/beis/BEIS_Government_Major_Projects_Portfolio_data_September_2019.xlsx,2019-09-30,MOD_0106_1617-Q1,Amber,2229.59,2024-04-01,MOD_0106_1617-Q1,maritime patrol aircraft,MOD_0106_1617-Q1,gmpp_id,Maritime Patrol Aircraft,Amber,2229.59,2024-04-01,both,True
MOD_0105_1617-Q1,Land Environment Tactical Communication  and  Information Systems,AR 2020,1920-Q2,MOD,Amber,2013-10-16 00:00:00,2035-12-31 00:00:00,235.382,238.179,2.796999999999997,0.0118828117698,11399.76,,,Military Capability,22.221917808219178,,,,Not new,Jonathan Cole,A transformational change programme that will 'information-enable' the Land Environment in the full conduct of operations.,2020/beis/BEIS_Government_Major_Projects_Portfolio_data_September_2019.xlsx,2019-09-30,MOD_0105_1617-Q1,Amber,11399.76,2035-12-31,MOD_0105_1617-Q1,land environment tactical communication and information systems,MOD_0105_1617-Q1,gmpp_id,Land Environment Tactical Communication and Information Systems,Amber,11399.76,2035-12-31,both,True
MOD_0104_1617-Q1,Armour MBT 2025,AR 2020,1920-Q2,MOD,Amber,2014-12-04 00:00:00,2028-07-31 00:00:00,12.456,11.953,-0.5030000000000001,-0.0403821451509,1304.188,,,Military Capability,13.665753424657535,,,,Not new,Andrew Stuart,"An extension of the Armyâ€™s MBT capability as part of a balanced force, credible and employable against current and emerging threats, across the mosaic of conflict, and the identification of future capability options beyond 2035.",2020/beis/BEIS_Government_Major_Projects_Portfolio_data_September_2019.xlsx,2019-09-30,MOD_0104_1617-Q1,Amber,1304.188,2028-07-31,MOD_0104_1617-Q1,armour mbt 2025,MOD_0104_1617-Q1,gmpp_id,Armour MBT 2025,Amber,1304.19,2028-07-31,both,True
BEIS_0004_1920-Q2,Futured Shared Services Programme,AR 2020,1920-Q2,BEIS,Amber,2018-11-01 00:00:00,2023-05-31 00:00:00,32.24,32.24,0,0,423.916,,,ICT,4.580821917808219,,,,Joiner,Karl Hoods,"The Future Shared Services Programme was initiated in 2018, the programme is born out of a need to replace the existing Oracle and Workday platforms",2020/beis/BEIS_Government_Major_Projects_Portfolio_data_September_2019.xlsx,2019-09-30,BEIS_0004_1920-Q2,Amber,423.916,2023-05-31,BEIS_0004_1920-Q2,futured shared services programme,,gmpp_id,Future Shared Services Programme,Amber,423.92,2023-05-31,both,True
DECC_0010_1112-Q1,Smart Metering Implementation Programme,AR 2020,1920-Q2,BEIS,Amber,2009-12-02 00:00:00,2024-12-31 00:00:00,1065.90397207,1065.90397207,0,0,20136.9509301,,,Infrastructure and Construction,15.09041095890411,,,,Not new,Daron Walker,To offer every home and small business a Smart Meter by 2020.,2020/beis/BEIS_Government_Major_Projects_Portfolio_data_September_2019.xlsx,2019-09-30,DECC_0010_1112-Q1,Amber,20136.9509301,2024-12-31,DECC_0010_1112-Q1,smart metering implementation programme,DECC_0010_1112-Q1,gmpp_id,Smart Metering Implementation Programme,Amber,20136.95,2024-12-31,both,True
BEIS_0003_1819-Q2,The Next Magnox Operating Model,AR 2020,1920-Q2,BEIS,Amber/Green,2017-09-01 00:00:00,2019-09-01 00:00:00,3,3,0,0,5,,,Government Transformation and Service Delivery,2,,,,Not new,Alan Cumming,Changing the model for delivery of decommissioning of the Magnox Sites from the current Parent Body Organisation (PBO) model to an NDA Subsidiary Model.,2020/beis/BEIS_Government_Major_Projects_Portfolio_data_September_2019.xlsx,2019-09-30,BEIS_0003_1819-Q2,Amber/Green,5.0,2019-09-01,BEIS_0003_1819-Q2,the next magnox operating model,BEIS_0003_1819-Q2,gmpp_id,The Next Magnox Operating Model,Amber/Green,5.0,2019-09-01,both,True
BIS_0014_1415-Q3,New Polar Research Vessel,AR 2020,1920-Q2,BEIS,Amber,2014-05-01 00:00:00,2022-12-31 00:00:00,68,64.5,-3.5,-0.0514705882353,1403,,,Infrastructure and Construction,8.673972602739726,,,,Not new,Nigel Bird,Royal Research Ship Sir David Attenborough will replace two existing polar research/supply vessels with one dual purpose ship which planned to save Â£102m over 30 years,2020/beis/BEIS_Government_Major_Projects_Portfolio_data_September_2019.xlsx,2019-09-30,BIS_0014_1415-Q3,Amber,1403.0,2022-12-31,BIS_0014_1415-Q3,new polar research vessel,BIS_0014_1415-Q3,gmpp_id,New Polar Research Vessel,Amber,1403.0,2022-12-31,both,True
DECC_0013_1213-Q1,Magnox & RSRL PBO Competition,AR 2020,1920-Q2,BEIS,Amber,2012-04-03 00:00:00,2019-08-31 00:00:00,198,192,-6,-0.030303030303,2782,,,Infrastructure and Construction,7.413698630136986,,,,Not new,Alan Cumming,"The appointment of a Parent Body Organisation to manage the Magnox and RSRL SLCs to deliver all twelve sites into Care and Maintenance, with a 10% saving, over a 14 year period. The contract has subsequently been terminated and will now deliver a series of Milestones and Termination States over a five year period ending September 2019.     ",2020/beis/BEIS_Government_Major_Projects_Portfolio_data_September_2019.xlsx,2019-09-30,DECC_0013_1213-Q1,Amber,2782.0,2019-08-31,DECC_0013_1213-Q1,magnox and rsrl pbo competition,DECC_0013_1213-Q1,gmpp_id,Magnox & RSRL PBO Competition,Amber,2782.0,2019-08-31,both,True
BIS_0015_1516-Q1,Local Land Charges (LLC) Programme,AR 2020,1920-Q2,BEIS,Amber,2014-03-01 00:00:00,2023-11-17 00:00:00,32.5,7,-25.5,-0.784615384615,193.3,,,ICT,9.72054794520548,,,,Not new,Karina Singh,The Programme will deliver a single Local Land Charges (LLC) Service for England. ,2020/beis/BEIS_Government_Major_Projects_Portfolio_data_September_2019.xlsx,2019-09-30,BIS_0015_1516-Q1,Amber,193.3,2023-11-17,BIS_0015_1516-Q1,local land charges programme,BIS_0015_1516-Q1,gmpp_id,Local Land Charges (LLC) Programme,Amber,193.3,2023-11-17,both,True
BEIS_0001_1617-Q2,Heat Networks Investment Project,AR 2020,1920-Q2,BEIS,Amber,2015-11-25 00:00:00,2021-03-31 00:00:00,86.6,66.9,-19.69999999999999,-0.227482678984,375.9,,,Infrastructure and Construction,5.35068493150685,,,,Not new,Dan Osgood,Helping create a self-sustaining heat network market through Â£320m capital investment and short-term actions to address market barriers,2020/beis/BEIS_Government_Major_Projects_Portfolio_data_September_2019.xlsx,2019-09-30,BEIS_0001_1617-Q2,Amber,375.9,2021-03-31,BEIS_0001_1617-Q2,heat networks investment project,BEIS_0001_1617-Q2,gmpp_id,Heat Networks Investment Project,Amber,375.9,2021-03-31,both,True
DECC_0005_1112-Q1,Geological Disposal Facility Programme (GDF),AR 2020,1920-Q2,BEIS,Amber,2008-06-30 00:00:00,2040-12-31 00:00:00,46.522,46.522,0,0,12742.997,,,Infrastructure and Construction,32.52602739726027,,,,Not new,Stephen Speed,To site and construct a Geological Disposal Facility for the disposal for higher activity radioactive waste.,2020/beis/BEIS_Government_Major_Projects_Portfolio_data_September_2019.xlsx,2019-09-30,DECC_0005_1112-Q1,Amber,12742.997,2040-12-31,DECC_0005_1112-Q1,geological disposal facility programme,DECC_0005_1112-Q1,gmpp_id,Geological Disposal Facility Programme (GDF),Amber,12743.0,2040-12-31,both,True
CO_0022_1819-Q4,Transforming Government Security,AR 2020,1920-Q2,CO,Amber/Green,2016-10-01 00:00:00,2020-04-01 00:00:00,12.5,12.5,0,0,31.044,,,Government Transformation and Service Delivery,3.5013698630136987,,,,Joiner,Michael Brennan,"Improve security outcomes by raising minimum standards, provide clarity for security across HMG, provide governance and security leadership to enable a better understanding and management of the threats and risks to government and its assets. _x000D_
",2020/beis/BEIS_Government_Major_Projects_Portfolio_data_September_2019.xlsx,2019-09-30,CO_0022_1819-Q4,Amber/Green,31.044,2020-04-01,CO_0022_1819-Q4,transforming government security,CO_0022_1819-Q4,gmpp_id,Transforming Government Security,Amber/Green,31.04,2020-04-01,both,True
CO_0014_1516-Q2,Government Hubs Programme,AR 2020,1920-Q2,CO,Amber,2015-05-01 00:00:00,2036-03-31 00:00:00,19.08,19.08,0,0,564.1,,,Government Transformation and Service Delivery,20.931506849315067,,,,Not new,Martin Sellar,"The Government Hubs Programme will consolidate and modernise the government's office estate, creating an office network that supports smarter working and great places to work.",2020/beis/BEIS_Government_Major_Projects_Portfolio_data_September_2019.xlsx,2019-09-30,CO_0014_1516-Q2,Amber,564.1,2036-03-31,CO_0014_1516-Q2,government hubs programme,CO_0014_1516-Q2,gmpp_id,Government Hubs Programme,Amber,564.1,2036-03-31,both,True
CO_0019_1617-Q4,Government as a Platform,AR 2020,1920-Q2,CO,Amber/Green,2015-12-31 00:00:00,2020-03-31 00:00:00,17,12,-5,-0.294117647059,90,,,ICT,4.252054794520548,,,,Not new,Chris Russell,"Development of common platforms for use by digital services across government to avoid duplication of effort._x000D_
",2020/beis/BEIS_Government_Major_Projects_Portfolio_data_September_2019.xlsx,2019-09-30,CO_0019_1617-Q4,Amber/Green,90.0,2020-03-31,CO_0019_1617-Q4,government as a platform,CO_0019_1617-Q4,gmpp_id,Government as a Platform,Amber/Green,90.0,2020-03-31,both,True
CO_0015_1516-Q2,GOV UK Verify,AR 2020,1920-Q2,CO,Red,2012-04-01 00:00:00,2020-03-31 00:00:00,3,17.9,14.899999999999999,4.96666666667,206.1,,,ICT,8.002739726027396,,,,Not new,Lisa Barrett,A new way to prove who you are online and for public service providers to be assured you are who you say you are,2020/beis/BEIS_Government_Major_Projects_Portfolio_data_September_2019.xlsx,2019-09-30,CO_0015_1516-Q2,Red,206.1,2020-03-31,CO_0015_1516-Q2,gov uk verify,CO_0015_1516-Q2,gmpp_id,GOV UK Verify,Red,206.1,2020-03-31,both,True
CO_0018_1617-Q3,Common Technology Services,AR 2020,1920-Q2,CO,Amber/Green,2016-04-01 00:00:00,2020-03-31 00:00:00,4.96,1.3,-3.66,-0.737903225806,44.19,,,Government Transformation and Service Delivery,4,,,,Not new,Chris Russell,"Enabling Government to transform the way Civil Servants work by supporting departments during the adoption of modern, flexible and secure technology that will increase their efficiency and deliver value for money.",2020/beis/BEIS_Government_Major_Projects_Portfolio_data_September_2019.xlsx,2019-09-30,CO_0018_1617-Q3,Amber/Green,44.19,2020-03-31,CO_0018_1617-Q3,common technology services,CO_0018_1617-Q3,gmpp_id,Common Technology Services,Amber/Green,44.19,2020-03-31,both,True
CO_0020_1718-Q4,Commercial Capability Expansion Programme,AR 2020,1920-Q2,CO,Amber/Red,2017-04-01 00:00:00,2020-03-31 00:00:00,2.3,3.126,0.8260000000000001,0.359130434783,11.7,,,Government Transformation and Service Delivery,3,,,,Not new,Gareth Rhys Williams,Improve commercial capability across central government and the wider public bodies sector by expanding capability building interventions applied to commercial specialists (at Grade 6 and above) into new target populations.,2020/beis/BEIS_Government_Major_Projects_Portfolio_data_September_2019.xlsx,2019-09-30,CO_0020_1718-Q4,Amber/Red,11.7,2020-03-31,CO_0020_1718-Q4,commercial capability expansion programme,CO_0020_1718-Q4,gmpp_id,Commercial Capability Expansion Programme,Amber/Red,11.7,2020-03-31,both,True
CO_0023_1920-Q1,Transforming CCS,AR 2020,1920-Q2,CO,Amber,2019-04-01 00:00:00,2022-03-31 00:00:00,8.23,7.85,-0.3800000000000008,-0.0461725394897,28.34,,,Government Transformation and Service Delivery,3,,,,Joiner,Simon Tse,The Transforming CCS programme will encompass both digital delivery and organisational transformation to deliver the transformation vision that will transition CCS into a digitally enabled organisation that puts the customer at the heart of everything it does.,2020/beis/BEIS_Government_Major_Projects_Portfolio_data_September_2019.xlsx,2019-09-30,CO_0023_1920-Q1,Amber,28.34,2022-03-31,CO_0023_1920-Q1,transforming ccs,CO_0023_1920-Q1,gmpp_id,Transforming CCS,Amber,28.34,2022-03-31,both,True
DCMS_0014_1920-Q2,Rural Gigabit Connectivity Programme,AR 2020,1920-Q2,DCMS,Red,2019-05-01 00:00:00,2021-05-01 00:00:00,79.5,41.059,-38.441,-0.483534591195,212.8,,,Infrastructure and Construction,2.0027397260273974,,,,Joiner,Raj Kalia,The Rural Gigabit Connectivity Programme will pilot and test innovative approaches to deploying full fibre in the most difficult to reach areas where the market alone is unlikely to deliver.,2020/beis/BEIS_Government_Major_Projects_Portfolio_data_September_2019.xlsx,2019-09-30,DCMS_0014_1920-Q2,Red,212.8,2021-05-01,DCMS_0014_1920-Q2,rural gigabit connectivity programme,DCMS_0014_1920-Q2,gmpp_id,Rural Gigabit Connectivity Programme,Red,212.8,2021-05-01,both,True
DCMS_0012_1819-Q2,Birmingham 2022 Commonwealth Games,AR 2020,1920-Q2,DCMS,Amber/Red,2017-12-21 00:00:00,2023-03-31 00:00:00,63.363,34.97,-28.393,-0.448100626549,777.919,,,Infrastructure and Construction,5.276712328767124,,,,Not new,Dean Creamer,Delivery of the Birmingham 2022 Commonwealth Games.,2020/beis/BEIS_Government_Major_Projects_Portfolio_data_September_2019.xlsx,2019-09-30,DCMS_0012_1819-Q2,Amber/Red,777.919,2023-03-31,DCMS_0012_1819-Q2,birmingham 2022 commonwealth games,DCMS_0012_1819-Q2,gmpp_id,Birmingham 2022 Commonwealth Games,Amber/Red,777.92,2023-03-31,both,True
DCMS_0008_1516-Q4,Blythe House Programme,AR 2020,1920-Q2,DCMS,Amber/Green,2015-04-01 00:00:00,2023-03-31 00:00:00,77.7,95.69,17.989999999999995,0.231531531532,210.239,,,Infrastructure and Construction,8.002739726027396,,,,Not new,Dean Creamer,Ensure Blythe House is put to its most efficient and effective use in order to deliver maximum value for money and that its museums are able to care for their collections in the most efficient and effective way.,2020/beis/BEIS_Government_Major_Projects_Portfolio_data_September_2019.xlsx,2019-09-30,DCMS_0008_1516-Q4,Amber/Green,210.239,2023-03-31,DCMS_0008_1516-Q4,blythe house programme,DCMS_0008_1516-Q4,gmpp_id,Blythe House Programme,Amber/Green,210.24,2023-03-31,both,True
DCMS_0011_1718-Q3,5G Testbeds & Trials ,AR 2020,1920-Q2,DCMS,Amber,2017-02-28 00:00:00,2021-03-31 00:00:00,67.4,37.7,-29.700000000000003,-0.440652818991,232.75,,,Infrastructure and Construction,4.087671232876712,,,,Not new,James Heath ,"To foster, build and lead the development of the UK's 5G ecosystem.",2020/beis/BEIS_Government_Major_Projects_Portfolio_data_September_2019.xlsx,2019-09-30,DCMS_0011_1718-Q3,Amber,232.75,2021-03-31,DCMS_0011_1718-Q3,5g testbeds and trials,DCMS_0011_1718-Q3,gmpp_id,5G Testbeds & Trials,Amber,232.75,2021-03-31,both,True
DCMS_0013_1819-Q3,4th National Lottery Licence Competition,AR 2020,1920-Q2,DCMS,Amber,2018-11-16 00:00:00,2023-08-01 00:00:00,7.84,13.208,5.368,0.684693877551,64.339,,,Government Transformation and Service Delivery,4.7095890410958905,,,,Joiner,John Tanner,"The project aims to run a competition to award the next National Lottery licence (4th), that delivers statutory duties of due propriety and player protection, while incentivising responsible innovation and maximising returns to good causes. ",2020/beis/BEIS_Government_Major_Projects_Portfolio_data_September_2019.xlsx,2019-09-30,DCMS_0013_1819-Q3,Amber,64.339,2023-08-01,DCMS_0013_1819-Q3,4th national lottery licence competition,DCMS_0013_1819-Q3,gmpp_id,4th National Lottery Licence Competition,Amber,64.34,2023-08-01,both,True
DCMS_0010_1718-Q3,Local Full Fibre Networks,AR 2020,1920-Q2,DCMS,Red,2017-04-01 00:00:00,2021-12-01 00:00:00,132.4,82.018,-50.382000000000005,-0.380528700906,321.1,,,Infrastructure and Construction,4.671232876712328,,,,Not new,Raj  Kalia ,Designed to stimulate greater commercial investment in full fibre networks across the UK to deliver faster and more reliable connectivity.,2020/beis/BEIS_Government_Major_Projects_Portfolio_data_September_2019.xlsx,2019-09-30,DCMS_0010_1718-Q3,Red,321.1,2021-12-01,DCMS_0010_1718-Q3,local full fibre networks,DCMS_0010_1718-Q3,gmpp_id,Local Full Fibre Networks,Red,321.1,2021-12-01,both,True
DCMS_0009_1516-Q4,700 MHz Clearance Programme,AR 2020,1920-Q2,DCMS,Amber/Green,2015-01-13 00:00:00,2022-01-01 00:00:00,156,94.2,-61.8,-0.396153846154,595,,,Infrastructure and Construction,6.972602739726027,,,,Not new,Raj  Kalia ,Investing up to Â£600m to clear the 700MHz spectrum by mid-2020 for use for mobile broadband services in the future.,2020/beis/BEIS_Government_Major_Projects_Portfolio_data_September_2019.xlsx,2019-09-30,DCMS_0009_1516-Q4,Amber/Green,595.0,2022-01-01,DCMS_0009_1516-Q4,700 mhz clearance programme,DCMS_0009_1516-Q4,gmpp_id,700 MHz Clearance Programme,Amber/Green,595.0,2022-01-01,both,True
DEFRA_0006_1516-Q1,DEFRA UNITY PROGRAMME,AR 2020,1920-Q2,DEFRA,Amber,2014-11-01 00:00:00,2020-04-30 00:00:00,140.3,142.7,2.3999999999999773,0.02,1067.6,,,ICT,5.498630136986302,,,,Not new,CHRIS  HOWES,The Defra UnITy Programme has been established to exploit the opportunity presented from the expiry of its two largest ICTcontracts. The programme will now run until 04/2020 to develop a delivery mechanism leveraging good outcomes in a multi-vendor environment.,2020/beis/BEIS_Government_Major_Projects_Portfolio_data_September_2019.xlsx,2019-09-30,DEFRA_0006_1516-Q1,Amber,1067.6,2020-04-30,DEFRA_0006_1516-Q1,defra unity programme,DEFRA_0006_1516-Q1,gmpp_id,DEFRA Unity Programme,Amber,1067.6,2020-04-30,both,True
DFE_0011_1819-Q2,Social Work England,AR 2020,1920-Q2,DFE,Amber,2016-05-09 00:00:00,2019-09-30 00:00:00,6.591,11.003,4.412,0.669397663481,21.311,,,Government Transformation and Service Delivery,3.3945205479452056,,,,Not new,Sam Olsen,"Establishing a new specialist social work regulator, Social Work England, which will focus on public protection and practice improvement. ",2020/beis/BEIS_Government_Major_Projects_Portfolio_data_September_2019.xlsx,2019-09-30,DFE_0011_1819-Q2,Amber,21.311,2019-09-30,DFE_0011_1819-Q2,social work england,DFE_0011_1819-Q2,gmpp_id,Social Work England,Amber,21.31,2019-09-30,both,True
DFE_0010_1819-Q1,T Level Programme,AR 2020,1920-Q2,DfE,Amber/Red,2016-10-25 00:00:00,2023-09-30 00:00:00,105.6,123.6,18,0.170454545455,155.6,,,Government Transformation and Service Delivery,6.934246575342466,,,,Not new,Jennifer Coupland,"To manage the development and delivery of new T Level qualifications, closure and benefit realisation",2020/beis/BEIS_Government_Major_Projects_Portfolio_data_September_2019.xlsx,2019-09-30,DFE_0010_1819-Q1,Amber/Red,155.6,2023-09-30,DFE_0010_1819-Q1,t level programme,DFE_0010_1819-Q1,gmpp_id,T Level Programme,Amber/Red,155.6,2023-09-30,both,True
DFE_0012_1920-Q1,Test Operation Services Transition Programme  (TOpS),AR 2020,1920-Q2,DFE,Amber/Red,2018-09-01 00:00:00,2020-03-30 00:00:00,10.999,11.14,0.14100000000000001,0.0128193472134,125.609,,,Government Transformation and Service Delivery,1.5780821917808219,,,,Joiner,Una Bennett,Programme of work to move from a multi supplier model to a single supplier model ,2020/beis/BEIS_Government_Major_Projects_Portfolio_data_September_2019.xlsx,2019-09-30,DFE_0012_1920-Q1,Amber/Red,125.609,2020-03-30,DFE_0012_1920-Q1,test operation services transition programme,DFE_0012_1920-Q1,gmpp_id,Test Operation Services Transition Programme (TOpS),Amber/Red,125.61,2020-03-30,both,True
DFE_0006_1415-Q3,Priority School Building Programme 2,AR 2020,1920-Q2,DFE,Amber,2014-05-01 00:00:00,2025-02-25 00:00:00,740.8,716.22,-24.579999999999927,-0.0331803455724,2398.5,,,Infrastructure and Construction,10.830136986301369,,,,Not new,Rory Kennedy,Meeting the needs of the school buildings in the very worst condition across the country. ,2020/beis/BEIS_Government_Major_Projects_Portfolio_data_September_2019.xlsx,2019-09-30,DFE_0006_1415-Q3,Amber,2398.5,2025-02-25,DFE_0006_1415-Q3,priority school building programme 2,DFE_0006_1415-Q3,gmpp_id,Priority School Building Programme 2,Amber,2398.5,2025-02-25,both,True
DFE_0009_1617-Q2,Apprenticeships Reform Programme,AR 2020,1920-Q2,DFE,Amber/Red,2015-05-08 00:00:00,2021-04-01 00:00:00,2470.01,2182.99943231,-287.01056769000024,-0.116198139964,11347.41,,,Government Transformation and Service Delivery,5.904109589041096,,,,Not new,Keith Smith,"To create more high quality apprenticeships, meet the skills needs of employers and the country, to create progression for apprentices and to widen participation and social mobility in apprenticeships.",2020/beis/BEIS_Government_Major_Projects_Portfolio_data_September_2019.xlsx,2019-09-30,DFE_0009_1617-Q2,Amber/Red,11347.41,2021-04-01,DFE_0009_1617-Q2,apprenticeships reform programme,DFE_0009_1617-Q2,gmpp_id,Apprenticeships Reform Programme,Amber/Red,11347.41,2021-04-01,both,True
DFID_0001_1112-Q1,St Helena Airport,AR 2020,1920-Q2,DFID,Amber/Green,2005-03-15 00:00:00,2026-08-31 00:00:00,3.9,4.54,0.6400000000000001,0.164102564103,445.72,,,Infrastructure and Construction,21.476712328767125,,,,Not new,Alasdair Wardhaugh,,2020/beis/BEIS_Government_Major_Projects_Portfolio_data_September_2019.xlsx,2019-09-30,DFID_0001_1112-Q1,Amber/Green,445.72,2026-08-31,DFID_0001_1112-Q1,st helena airport,DFID_0001_1112-Q1,gmpp_id,St Helena Airport,Amber/Green,445.72,2026-08-31,both,True
DFT_0001_1112-Q1,Crossrail Programme,AR 2020,1920-Q2,DFT,Red,2008-07-22 00:00:00,,1137.7,1131.2,-6.5,-0.00571328118133,17630.9,,,Infrastructure and Construction,Crossrail,,,,Not new,Matthew Lodge,A new high-frequency rail service which will increase rail-based capacity in London by up to 10% and cut journey times across London and the South East.,2020/beis/BEIS_Government_Major_Projects_Portfolio_data_September_2019.xlsx,2019-09-30,DFT_0001_1112-Q1,Red,17630.9,,DFT_0001_1112-Q1,crossrail programme,DFT_0001_1112-Q1,gmpp_id,Crossrail Programme,Red,17630.9,,both,True
DFT_0033_1819-Q1,East Coast Mainline Programme,AR 2020,1920-Q2,DFT,Amber,2014-04-01 00:00:00,2023-12-01 00:00:00,208.8,166.7,-42.10000000000002,-0.2,1040.4,,,Infrastructure and Construction,9.673972602739726,,,,Not new,Cavendish Elithorn,"Improving capacity and frequency of the services on the East Coast Mainline, increasing passenger seat capacity to major stations along the route, reducing journey times and improving the customer experience through the introduction of new trains.",2020/beis/BEIS_Government_Major_Projects_Portfolio_data_September_2019.xlsx,2019-09-30,DFT_0033_1819-Q1,Amber,1040.4,2023-12-01,DFT_0033_1819-Q1,east coast mainline programme,DFT_0033_1819-Q1,gmpp_id,East Coast Mainline Programme,Amber,1040.4,2023-12-01,both,True
DFT_0026_1617-Q1,Great Western Route Modernisation (GWRM) including electrification,AR 2020,1920-Q2,DFT,Amber,2011-12-01 00:00:00,2024-12-31 00:00:00,289,324,35,0.121107266436,5007,,,Infrastructure and Construction,13.093150684931507,,,,Not new,Matthew Lodge,"An extensive programme to modernise existing infrastructure on the Great Western mainline. It will create faster and more reliable services, better stations and increased freight capacity.",2020/beis/BEIS_Government_Major_Projects_Portfolio_data_September_2019.xlsx,2019-09-30,DFT_0026_1617-Q1,Amber,5007.0,2024-12-31,DFT_0026_1617-Q1,great western route modernisation including electrification,DFT_0026_1617-Q1,gmpp_id,Great Western Route Modernisation (GWRM) including electrification,Amber,5007.0,2024-12-31,both,True
DFT_0005_1112-Q1,Intercity Express Programme,AR 2020,1920-Q2,DFT,Amber,2005-06-01 00:00:00,2020-06-04 00:00:00,38.46,38.11,-0.3500000000000014,-0.00910036401456,6445.73,,,Infrastructure and Construction,15.01917808219178,,,,Not new,Matthew Lodge,"Renewing the UK's high speed train fleet on the Great Western and East Coast. Through Train Operating Companies IEP is a key means to deliver the passenger benefits including more capacity, improved reliability, reduced journey times, and better environmental performance.",2020/beis/BEIS_Government_Major_Projects_Portfolio_data_September_2019.xlsx,2019-09-30,DFT_0005_1112-Q1,Amber,6445.73,2020-06-04,DFT_0005_1112-Q1,intercity express programme,DFT_0005_1112-Q1,gmpp_id,Intercity Express Programme,Amber,6445.73,2020-06-04,both,True
DFT_0027_1617-Q1,Midland Main Line Programme,AR 2020,1920-Q2,DFT,Amber,2011-01-01 00:00:00,2024-12-31 00:00:00,299.3,288.34,-10.960000000000036,-0.0366187771467,1671.2,,,Infrastructure and Construction,14.008219178082191,,,,Not new,Cavendish Elithorn,Modernisation of the Midland Main Line Route to provide more passenger capacity and reduced journey times into London and between major Midland cities.,2020/beis/BEIS_Government_Major_Projects_Portfolio_data_September_2019.xlsx,2019-09-30,DFT_0027_1617-Q1,Amber,1671.2,2024-12-31,DFT_0027_1617-Q1,midland main line programme,DFT_0027_1617-Q1,gmpp_id,Midland Main Line Programme,Amber,1671.2,2024-12-31,both,True
DFT_0028_1617-Q1,North of England Programme,AR 2020,1920-Q2,DFT,Amber/Red,2009-07-23 00:00:00,2022-12-31 00:00:00,753,251,-502,-0.666666666667,5849,,,Infrastructure and Construction,13.449315068493151,,,,Not new,Cavendish Elithorn,"The enhancements provided by the North of England Programme will support economic growth, bring improved journey times, offer additional train services and enable modern trains to run across the North.",2020/beis/BEIS_Government_Major_Projects_Portfolio_data_September_2019.xlsx,2019-09-30,DFT_0028_1617-Q1,Amber/Red,5849.0,2022-12-31,DFT_0028_1617-Q1,north of england programme,DFT_0028_1617-Q1,gmpp_id,North of England Programme,Amber/Red,5849.0,2022-12-31,both,True
DFT_0029_1617-Q1,South West Route Capacity,AR 2020,1920-Q2,DFT,Amber/Green,2012-07-16 00:00:00,2019-12-31 00:00:00,49.42,34.16,-15.260000000000005,-0.31,817.7,,,Infrastructure and Construction,7.463013698630137,,,,Not new,Matthew Lodge,Programme of infrastructure upgrades and new rolling stock to increase passenger capacity including enhancements works at Waterloo station.,2020/beis/BEIS_Government_Major_Projects_Portfolio_data_September_2019.xlsx,2019-09-30,DFT_0029_1617-Q1,Amber/Green,817.7,2019-12-31,DFT_0029_1617-Q1,south west route capacity,DFT_0029_1617-Q1,gmpp_id,South West Route Capacity,Amber/Green,817.7,2019-12-31,both,True
DFT_0016_1112-Q1,Thameslink Programme,AR 2020,1920-Q2,DFT,Amber,2005-07-01 00:00:00,2026-12-31 00:00:00,84.1,169.2,85.1,1.01189060642,7269.4,,,Infrastructure and Construction,21.515068493150686,,,,Not new,Matthew Lodge,A significantly enhanced high-frequency rail service which will increase rail-based capacity in London and across the wider South East and provide new journey opportunities. ,2020/beis/BEIS_Government_Major_Projects_Portfolio_data_September_2019.xlsx,2019-09-30,DFT_0016_1112-Q1,Amber,7269.4,2026-12-31,DFT_0016_1112-Q1,thameslink programme,DFT_0016_1112-Q1,gmpp_id,Thameslink Programme,Amber,7269.4,2026-12-31,both,True
DFT_0021_1314-Q3,Rail Franchising Programme,AR 2020,1920-Q2,DFT,Amber/Red,2015-01-15 00:00:00,2019-09-14 00:00:00,3.17,2.12,-1.0499999999999998,-0.331230283912,24.47,,,Government Transformation and Service Delivery,4.6657534246575345,,,,Not new,Peter Wilkinson,To secure the provision of passenger rail services as set out under the Railways Act 1993 (as amended) by letting Rail Franchises.,2020/beis/BEIS_Government_Major_Projects_Portfolio_data_September_2019.xlsx,2019-09-30,DFT_0021_1314-Q3,Amber/Red,24.47,2019-09-14,DFT_0021_1314-Q3,rail franchising programme,DFT_0021_1314-Q3,gmpp_id,Rail Franchising Programme,Amber/Red,24.47,2019-09-14,both,True
DFT_0004_1112-Q1,High Speed Rail Programme (HS2),AR 2020,1920-Q2,DFT,Red,2009-01-14 00:00:00,2033-12-31 00:00:00,3732.5,2784.7,-947.8000000000002,,55700,,,Infrastructure and Construction,24.97808219178082,,,,Not new,Clive Maxwell,"HS2 will form the backbone of the UKâ€™s transport network, connecting eight out of ten of Britainâ€™s largest cities. By making it easier to move between the North, Midlands and South, cutting many journeys by half, HS2 will make it easier for people to live and work where they want.",2020/beis/BEIS_Government_Major_Projects_Portfolio_data_September_2019.xlsx,2019-09-30,DFT_0004_1112-Q1,Red,55700.0,2033-12-31,DFT_0004_1112-Q1,high speed rail programme,DFT_0004_1112-Q1,gmpp_id,High Speed Rail Programme (HS2),Red,55700.0,2033-12-31,both,True
DfT_0023_1516-Q3,Heathrow Expansion Programme,AR 2020,1920-Q2,DFT,Amber,2015-07-01 00:00:00,2050-12-31 00:00:00,9.38,9.375,-0.005000000000000782,0,32607.78,,,Infrastructure and Construction,35.52602739726027,,,,Not new,Caroline Low,The Heathrow Expansion Programme covers the Government activities to enable delivery of a new Northwest runway at Heathrow Airport (subject to the granting of development consent).,2020/beis/BEIS_Government_Major_Projects_Portfolio_data_September_2019.xlsx,2019-09-30,DFT_0023_1516-Q3,Amber,32607.78,2050-12-31,DFT_0023_1516-Q3,heathrow expansion programme,DFT_0023_1516-Q3,gmpp_id,Heathrow Expansion Programme,Amber,32607.78,2050-12-31,both,True
DFT_0025_1617-Q1,East West Rail Programme (Western Section),AR 2020,1920-Q2,DFT,Red,2011-11-30 00:00:00,2024-06-30 00:00:00,112.1,100,-12.099999999999994,-0.107939339875,1091.5,,,Infrastructure and Construction,12.591780821917808,,,,Not new,Cavendish Elithorn,The programme will reconstruct and upgrade a partly disused railway between Bicester and Milton Keynes /Bedford allowing for the introduction of new passenger services improving connectivity and journey times along the corridor.,2020/beis/BEIS_Government_Major_Projects_Portfolio_data_September_2019.xlsx,2019-09-30,DFT_0025_1617-Q1,Red,1091.5,2024-06-30,DFT_0025_1617-Q1,east west rail programme,DFT_0025_1617-Q1,gmpp_id,East West Rail Programme (Western Section),Red,1091.5,2024-06-30,both,True
DFT_0020_1314-Q2,A14 Cambridge to Huntingdon Improvement Scheme,AR 2020,1920-Q2,DFT,Green,2012-09-01 00:00:00,2021-09-30 00:00:00,401,323.2,-77.80000000000001,-0.194014962594,1435.3,,,Infrastructure and Construction,9.084931506849315,,,,Not new,Christopher Taylor,To improve the A14 which is a major national and inter-urban regional transport artery between Cambridge and Huntingdon to relieve congestion and support both national and regional economic growth.,2020/beis/BEIS_Government_Major_Projects_Portfolio_data_September_2019.xlsx,2019-09-30,DFT_0020_1314-Q2,Green,1435.3,2021-09-30,DFT_0020_1314-Q2,a14 cambridge to huntingdon improvement scheme,DFT_0020_1314-Q2,gmpp_id,A14 Cambridge to Huntingdon Improvement Scheme,Green,1435.3,2021-09-30,both,True
DFT_0024_1516-Q4,A303 Amesbury to Berwick Down,AR 2020,1920-Q2,DFT,Amber,2014-12-01 00:00:00,2028-06-01 00:00:00,39.7,39.7,0,0,1919.9,,,Infrastructure and Construction,13.509589041095891,,,,Not new,Christopher Taylor,Freeflowing dual carriageway replacing the current single lane on the A303 between Amesbury and Berwick down including a twin bored tunnel under the majority of the world heritage site and a northern by-pass of Winterbourne Stoke.,2020/beis/BEIS_Government_Major_Projects_Portfolio_data_September_2019.xlsx,2019-09-30,DFT_0024_1516-Q4,Amber,1919.9,2028-06-01,DFT_0024_1516-Q4,a303 amesbury to berwick down,DFT_0024_1516-Q4,gmpp_id,A303 Amesbury to Berwick Down,Amber,1919.9,2028-06-01,both,True
DFT_0031_1819-Q1,A428 Black Cat to Caxton Gibbet,AR 2020,1920-Q2,DFT,Amber/Green,2015-04-01 00:00:00,2025-04-01 00:00:00,11.02,19.3,8.280000000000001,0.751361161525,809.98,,,Infrastructure and Construction,10.008219178082191,,,,Not new,Christopher Taylor,The scheme provides a new off-line two lane dual carriageway between Black Cat roundabout on the A1 in Bedfordshire and Caxton Gibbet roundabout on the A428 in Cambridgeshire.,2020/beis/BEIS_Government_Major_Projects_Portfolio_data_September_2019.xlsx,2019-09-30,DFT_0031_1819-Q1,Amber/Green,809.98,2025-04-01,DFT_0031_1819-Q1,a428 black cat to caxton gibbet,DFT_0031_1819-Q1,gmpp_id,A428 Black Cat to Caxton Gibbet,Amber/Green,809.98,2025-04-01,both,True
DFT_0034_1920-Q2,A12 Chelmsford to A120 Widening,AR 2020,1920-Q2,DfT,Amber,2015-04-01 00:00:00,2028-05-01 00:00:00,12.98,12.98,0,0,1145.37,,,Infrastructure and Construction,13.093150684931507,,,,Joiner,Dean Sporn,A12 Chelmsford to A120 Widening â€“ widening the A12 to three lanes between junction 19 (north of Chelmsford) and junction 25 (A120 interchange). ,2020/beis/BEIS_Government_Major_Projects_Portfolio_data_September_2019.xlsx,2019-09-30,DFT_0034_1920-Q2,Amber,1145.37,2028-05-01,DFT_0034_1920-Q2,a12 chelmsford to a120 widening,DFT_0034_1920-Q2,gmpp_id,A12 Chelmsford to A120 Widening,Amber,1145.37,2028-05-01,both,True
DfT_0022_1415-Q4,Lower Thames Crossing,AR 2020,1920-Q2,DFT,Amber,2014-05-30 00:00:00,2028-07-31 00:00:00,165,165,0,0,6052.2,,,Infrastructure and Construction,14.180821917808219,,,,Not new,christopher taylor,A new free-flowing road crossing of the Lower Thames east of Gravesend and Tilbury. It will improve network resilience and the performance of the existing crossings at Dartford enabling local regional and national economic growth.,2020/beis/BEIS_Government_Major_Projects_Portfolio_data_September_2019.xlsx,2019-09-30,DFT_0022_1415-Q4,Amber,6052.2,2028-07-31,DFT_0022_1415-Q4,lower thames crossing,DFT_0022_1415-Q4,gmpp_id,Lower Thames Crossing,Amber,6052.2,2028-07-31,both,True
DH_0063_1819-Q3,GP IT Futures Programme,AR 2020,1920-Q2,DH,Amber/Red,2016-09-01 00:00:00,2023-03-31 00:00:00,35.9869948827,50.954774397,14.967779514299998,0.415921906321,423.000520488,,,ICT,6.580821917808219,,,,Joiner,Masood Nazir,"The GP IT Futures programme will deliver a new procurement framework, to replace the General Practice Systems of Choice (GPSoC) procurement framework. In so doing, it will create an open, competitive and innovative market with an ultimate goal to creating a world leading health ecosystem which will underpin the requirements set out in the NHS Long Term Plan.",2020/beis/BEIS_Government_Major_Projects_Portfolio_data_September_2019.xlsx,2019-09-30,DH_0063_1819-Q3,Amber/Red,423.000520488,2023-03-31,DH_0063_1819-Q3,gp it futures programme,DH_0063_1819-Q3,gmpp_id,GP IT Futures Programme,Amber/Red,423.0,2023-03-31,both,True
DH_0017_1112-Q1,PHE Science Hub,AR 2020,1920-Q2,DH,Amber/Red,2013-06-28 00:00:00,2025-06-30 00:00:00,311.247,188.936,-122.311,-0.392970855944,2656.318,,,Infrastructure and Construction,12.013698630136986,,,,Not new,Richard Gleave,"To create an integrated national centre of excellence for public health science, to act as an enabling platform to ensure the scientific expert advice for protection of the publicâ€™s health against threats.",2020/beis/BEIS_Government_Major_Projects_Portfolio_data_September_2019.xlsx,2019-09-30,DH_0017_1112-Q1,Amber/Red,2656.318,2025-06-30,DH_0017_1112-Q1,phe science hub,DH_0017_1112-Q1,gmpp_id,PHE Science Hub,Amber/Red,2656.32,2025-06-30,both,True
DH_0031_1314-Q1,National Proton Beam Therapy (PBT) Service Development Programme,AR 2020,1920-Q2,DH,Amber/Red,2012-01-01 00:00:00,2018-05-30 00:00:00,48.4526,66.6111946067,18.1585946067,0.374770282848,1247.2397,,,Government Transformation and Service Delivery,6.413698630136986,,,,Not new,Cathy Edwards,Develop NHS Proton Beam Therapy centres to treat patients for whom evidence supports proton therapy as the most clinically effective treatment. ,2020/beis/BEIS_Government_Major_Projects_Portfolio_data_September_2019.xlsx,2019-09-30,DH_0031_1314-Q1,Amber/Red,1247.2397,2018-05-30,DH_0031_1314-Q1,national proton beam therapy service development programme,DH_0031_1314-Q1,gmpp_id,National Proton Beam Therapy (PBT) Service Development Programme,Amber/Red,1247.24,2018-05-30,both,True
DH_0060_1617-Q1,NHS UK,AR 2020,1920-Q2,DH,Amber,2016-04-01 00:00:00,2020-12-31 00:00:00,9.201,8.618,-0.5830000000000002,-0.0633626779698,54.954,,,Government Transformation and Service Delivery,4.7534246575342465,,,,Not new,Polly Bishop,"Transforming the website NHS Choices, and designing a digital service that better connects patients to the information and services that they need.",2020/beis/BEIS_Government_Major_Projects_Portfolio_data_September_2019.xlsx,2019-09-30,DH_0060_1617-Q1,Amber,54.954,2020-12-31,DH_0060_1617-Q1,nhs uk,DH_0060_1617-Q1,gmpp_id,NHS UK,Amber,54.95,2020-12-31,both,True
DH_0046_1415-Q1,Medical Examiners Programme,AR 2020,1920-Q2,DH,Amber/Red,2007-07-24 00:00:00,2020-09-30 00:00:00,38,38,0,0,68.4,,,Government Transformation and Service Delivery,13.197260273972603,,,,Not new,Mark Davies,Introducing the role of medical examiners to provide a system of effective medical scrutiny applicable to all deaths that do not require a coronerâ€™s investigation.,2020/beis/BEIS_Government_Major_Projects_Portfolio_data_September_2019.xlsx,2019-09-30,DH_0046_1415-Q1,Amber/Red,68.4,2020-09-30,DH_0046_1415-Q1,medical examiners programme,DH_0046_1415-Q1,gmpp_id,Medical Examiners Programme,Amber/Red,68.4,2020-09-30,both,True
DH_0062_1819-Q3,Local Health and Care Records,AR 2020,1920-Q2,DH,Amber,2018-03-31 00:00:00,2022-03-31 00:00:00,55.28,28.83,-26.450000000000003,-0.478473227207,763.93,,,ICT,4.002739726027397,,,,Joiner,Tim Donohoe,"The aim of the programme is to create an information sharing environment that helps our health and care services continually improve the treatments we use, that health and care professionals have access to a comprehensive care record with the information they need to inform their care decisions, when and where they need it, and can empower people to make informed choices about their own health and care. Being able to analyse the data to enable more precise and actionable interventions and support the development of population health management and access to a rich information base of de-personalised and anonymous information to support research into conditions, the development of new treatments, and pathways for care .",2020/beis/BEIS_Government_Major_Projects_Portfolio_data_September_2019.xlsx,2019-09-30,DH_0062_1819-Q3,Amber,763.93,2022-03-31,DH_0062_1819-Q3,local health and care records,DH_0062_1819-Q3,gmpp_id,Local Health and Care Records,Amber,763.93,2022-03-31,both,True
DH_0061_1617-Q3,IT Infrastructure Sourcing Programme,AR 2020,1920-Q2,DH,Red,2014-12-01 00:00:00,2019-06-30 00:00:00,19.4,22.461,3.061,0.157783505155,121.4,,,ICT,4.580821917808219,,,,Not new,Nick O'Reilly,Implementing a mix of internal and external supplier towers and a strengthened retained IT organisation. ,2020/beis/BEIS_Government_Major_Projects_Portfolio_data_September_2019.xlsx,2019-09-30,DH_0061_1617-Q3,Red,121.4,2019-06-30,DH_0061_1617-Q3,it infrastructure sourcing programme,DH_0061_1617-Q3,gmpp_id,IT Infrastructure Sourcing Programme,Red,121.4,2019-06-30,both,True
DH_0041_1314-Q2,Health & Social Care Network,AR 2020,1920-Q2,DH,Amber,2012-03-29 00:00:00,2021-03-31 00:00:00,75.53,71.1,-4.430000000000007,-0.0586521911823,392.76,,,ICT,9.01095890410959,,,,Not new,Tom Denwood,A key transitional stage in achieving the vision of making digital health and social care services ubiquitously available over the internet.,2020/beis/BEIS_Government_Major_Projects_Portfolio_data_September_2019.xlsx,2019-09-30,DH_0041_1314-Q2,Amber,392.76,2021-03-31,DH_0041_1314-Q2,health and social care network,DH_0041_1314-Q2,gmpp_id,Health & Social Care Network,Amber,392.76,2021-03-31,both,True
DH_0058_1516-Q4,Data Processing Services Programme,AR 2020,1920-Q2,DH,Amber,2015-02-23 00:00:00,2020-03-31 00:00:00,12.1123,12.837,0.7247000000000003,0.0598317412878,69.4975,,,ICT,5.104109589041096,,,,Not new,Tim Donohoe,"To deliver a modern data platform (DSP) to improve how NHS Digital manages, analyses and provides access to data for healthcare planning and research.",2020/beis/BEIS_Government_Major_Projects_Portfolio_data_September_2019.xlsx,2019-09-30,DH_0058_1516-Q4,Amber,69.4975,2020-03-31,DH_0058_1516-Q4,data processing services programme,DH_0058_1516-Q4,gmpp_id,Data Processing Services Programme,Amber,69.5,2020-03-31,both,True
DH_0065_1819-Q4,Clinical Triage Platform (CTP),AR 2020,1920-Q2,DH,Amber,2016-04-01 00:00:00,2021-03-31 00:00:00,9.71,8.48,-1.2300000000000004,-0.126673532441,33.364,,,ICT,5,,,,Joiner,Samit Shah,"The programmeâ€™s overall aim is to support â€˜first contact resolutionâ€™, that is, to the greatest extent where we can, we should deal with the patientsâ€™ concern there and then, and ensure patients are treated by the most appropriate healthcare professionals in the most appropriate place for their needs.",2020/beis/BEIS_Government_Major_Projects_Portfolio_data_September_2019.xlsx,2019-09-30,DH_0065_1819-Q4,Amber,33.364,2021-03-31,DH_0065_1819-Q4,clinical triage platform,DH_0065_1819-Q4,gmpp_id,Clinical Triage Platform (CTP),Amber,33.36,2021-03-31,both,True
DWP_0009_1112-Q1,Universal Credit Programme,AR 2020,1920-Q2,DWP,Amber,2011-11-17 00:00:00,2024-12-31 00:00:00,1059.9715,1010.26358069,-49.70791931000008,-0.0468955243733,12716.9535,,,Government Transformation and Service Delivery,13.131506849315068,,,,Not new,Neil Couling,"Universal Credit replaces six separate benefits and tax credits for working age people, bringing together in and out of work systems into one, to make work pay. ",2020/beis/BEIS_Government_Major_Projects_Portfolio_data_September_2019.xlsx,2019-09-30,DWP_0009_1112-Q1,Amber,12716.9535,2024-12-31,DWP_0009_1112-Q1,universal credit programme,DWP_0009_1112-Q1,gmpp_id,Universal Credit Programme,Amber,12716.95,2024-12-31,both,True
DWP_0028_1819-Q3,Health Transformation Programme,AR 2020,1920-Q2,DWP,Red,2018-03-28 00:00:00,2024-03-31 00:00:00,87.516,66.3817780762,-21.1342219238,-0.241489806708,6598.7639,,,Government Transformation and Service Delivery,6.013698630136986,,,,Joiner,James Bolton ,"To offer a more joined-up service to disabled people, the DWP Health Transformation Programme will be integrating the services that deliver PIP and Work Capability Assessments from 2021.nsform the health and disability services we provide for people with disabilities and health conditions.",2020/beis/BEIS_Government_Major_Projects_Portfolio_data_September_2019.xlsx,2019-09-30,DWP_0028_1819-Q3,Red,6598.7639,2024-03-31,DWP_0028_1819-Q3,health transformation programme,DWP_0028_1819-Q3,gmpp_id,Health Transformation Programme,Red,6598.76,2024-03-31,both,True
DWP_0016_1213-Q2,"Fraud, Error and Debt Programme",AR 2020,1920-Q2,DWP,Amber/Green,2012-04-02 00:00:00,2020-12-01 00:00:00,99.6789191012,93.2370791079,-6.441839993299993,-0.0646259013579,1219.84917299,,,Government Transformation and Service Delivery,8.67123287671233,,,,Not new,Bozena Hillyer,"Delivers major transformational outcomes designed to ensure the department manages fraud, error and debt in a systematic way._x000D_
",2020/beis/BEIS_Government_Major_Projects_Portfolio_data_September_2019.xlsx,2019-09-30,DWP_0016_1213-Q2,Amber/Green,1219.84917299,2020-12-01,DWP_0016_1213-Q2,fraud error and debt programme,DWP_0016_1213-Q2,gmpp_id,"Fraud, Error and Debt Programme",Amber/Green,1219.85,2020-12-01,both,True
FCO_0012_1718-Q4,Atlas Programme (IPA ID 2410),AR 2020,1920-Q2,FCO,Amber/Red,2016-05-01 00:00:00,2021-10-31 00:00:00,13.281137449,13.281137449,0,0,93.8287145784,,,ICT,5.504109589041096,,,,Not new,Andrew Sanderson,To support the FCO's Diplomacy 20:20 agenda and the Government's shared services strategy through the implementation of a modern Oracle Cloud based Enterprise Resource Planning (ERP) system.,2020/beis/BEIS_Government_Major_Projects_Portfolio_data_September_2019.xlsx,2019-09-30,FCO_0012_1718-Q4,Amber/Red,93.8287145784,2021-10-31,FCO_0012_1718-Q4,atlas programme,FCO_0012_1718-Q4,gmpp_id,Atlas Programme (IPA ID 2410),Amber/Red,93.83,2021-10-31,both,True
FCO_0010_1617-Q3,Echo 2 Programme,AR 2020,1920-Q2,FCO,Amber/Red,2015-09-01 00:00:00,2021-09-30 00:00:00,EXEMPt,EXEPT,-,0,EXEMPT,,,ICT,6.0849315068493155,,,,Not new,Stephen Robbins,"A joint initiative between DfID, FCO and the British Council to re-procure the current Connectivity and Voice & Video services, covering a network of over 500 offices in over 170 countries.",2020/beis/BEIS_Government_Major_Projects_Portfolio_data_September_2019.xlsx,2019-09-30,FCO_0010_1617-Q3,Amber/Red,,2021-09-30,FCO_0010_1617-Q3,echo 2 programme,FCO_0010_1617-Q3,gmpp_id,Echo 2 Programme,Amber/Red,,2021-09-30,both,True
FCO_0011_1718-Q3,Washington Embassy Refurbishment,AR 2020,1920-Q2,FCO,Amber,2017-01-01 00:00:00,2022-12-12 00:00:00,8,8,0,0,118.7,,,Infrastructure and Construction,5.947945205479452,,,,Not new,Anthony Whitehead,"Refurbishment and upgrading of key buildings on our Washington, USA, compound.",2020/beis/BEIS_Government_Major_Projects_Portfolio_data_September_2019.xlsx,2019-09-30,FCO_0011_1718-Q3,Amber,118.7,2022-12-12,FCO_0011_1718-Q3,washington embassy refurbishment,FCO_0011_1718-Q3,gmpp_id,Washington Embassy Refurbishment,Amber,118.7,2022-12-12,both,True
HO_0031_1415-Q1,Digital Services at the Border (DSAB),AR 2020,1920-Q2,HO,Amber/Red,2014-02-12 00:00:00,2019-03-31 00:00:00,37.7,37.7,0,0,452.1,,,ICT,5.131506849315069,,,,Not new,John Gillan,To deliver digital services that will provide systems capable of transforming the way that Border Force (BF) and its partners operate.,2020/beis/BEIS_Government_Major_Projects_Portfolio_data_September_2019.xlsx,2019-09-30,HO_0031_1415-Q1,Amber/Red,452.1,2019-03-31,HO_0031_1415-Q1,digital services at the border,HO_0031_1415-Q1,gmpp_id,Digital Services at the Border (DSAB),Amber/Red,452.1,2019-03-31,both,True
HO_0029_1314-Q4,Immigration Platform Technologies (IPT),AR 2020,1920-Q2,HO,Amber/Red,2013-04-01 00:00:00,2020-09-30 00:00:00,30,44.34,14.340000000000003,0.478,304.95,,,ICT,7.504109589041096,,,,Not new,Deborah Chittenden,Delivering the technology and information systems to support the immigration service now and in the future.,2020/beis/BEIS_Government_Major_Projects_Portfolio_data_September_2019.xlsx,2019-09-30,HO_0029_1314-Q4,Amber/Red,304.95,2020-09-30,HO_0029_1314-Q4,immigration platform technologies,HO_0029_1314-Q4,gmpp_id,Immigration Platform Technologies (IPT),Amber/Red,304.95,2020-09-30,both,True
HO_0036_1617-Q2,National Law Enforcement Data Programme (NLEDP),AR 2020,1920-Q2,HO,Amber/Red,2014-04-01 00:00:00,2023-03-31 00:00:00,67.5,87.4283,19.928299999999993,0.295234074074,469.4,,,ICT,9.002739726027396,,,,Not new,Stephen Webb,Will replace the current Police National Computer (PNC) and Police National Database (PND) systems with one modernised solution.,2020/beis/BEIS_Government_Major_Projects_Portfolio_data_September_2019.xlsx,2019-09-30,HO_0036_1617-Q2,Amber/Red,469.4,2023-03-31,HO_0036_1617-Q2,national law enforcement data programme,HO_0036_1617-Q2,gmpp_id,National Law Enforcement Data Programme (NLEDP),Amber/Red,469.4,2023-03-31,both,True
HO_0033_1415-Q3,Home Office Biometrics (HOB) Programme,AR 2020,1920-Q2,HO,Amber,2014-04-01 00:00:00,2021-09-30 00:00:00,85.56,85.56,0,0,869.7,,,ICT,7.504109589041096,,,,Not new,Stephen Webb,"Home Office wide convergence programme for biometrics within Government, covering border security, law enforcement and intelligence.",2020/beis/BEIS_Government_Major_Projects_Portfolio_data_September_2019.xlsx,2019-09-30,HO_0033_1415-Q3,Amber,869.7,2021-09-30,HO_0033_1415-Q3,home office biometrics programme,HO_0033_1415-Q3,gmpp_id,Home Office Biometrics (HOB) Programme,Amber,869.7,2021-09-30,both,True
HO_0034_1516-Q2,Cyclamen Project,AR 2020,1920-Q2,HO,Amber/Green,2014-04-01 00:00:00,2020-03-31 00:00:00,Exempt,Exempt,-,Exempt,Exempt,,,Government Transformation and Service Delivery,6.002739726027397,,,,Not new,Paul Dean,"Cyclamen equipment provides the capability to detect and intercept, and thereby deter the illicit movement of radiological materials into the United Kingdom.",2020/beis/BEIS_Government_Major_Projects_Portfolio_data_September_2019.xlsx,2019-09-30,HO_0034_1516-Q2,Amber/Green,,2020-03-31,HO_0034_1516-Q2,cyclamen project,HO_0034_1516-Q2,gmpp_id,Cyclamen Project,Amber/Green,,2020-03-31,both,True
HO_0037_1718-Q1,Asylum Accommodation and Support Transformation (AAST) ,AR 2020,1920-Q2,HO,Amber/Green,2016-08-29 00:00:00,2019-09-03 00:00:00,328.58,300.07,-28.50999999999999,-0.0867673017226,4605,,,Government Transformation and Service Delivery,3.0136986301369864,,,,Not new,Sean  Palmer,"Aims to deliver an asylum accommodation and support model which will ensure the safety and security of service users and their host communities and represents value for money for the UK Government, learning the lessons from previous asylum support contracts.",2020/beis/BEIS_Government_Major_Projects_Portfolio_data_September_2019.xlsx,2019-09-30,HO_0037_1718-Q1,Amber/Green,4605.0,2019-09-03,HO_0037_1718-Q1,asylum accommodation and support transformation,HO_0037_1718-Q1,gmpp_id,Asylum Accommodation and Support Transformation (AAST),Amber/Green,4605.0,2019-09-03,both,True
HO_0032_1415-Q1,Technology Platforms for Tomorrow (TPT),AR 2020,1920-Q2,HO,Amber,2014-02-01 00:00:00,2019-03-31 00:00:00,69.97,64.1265,-5.843500000000006,-0.0835143632986,602.57,,,ICT,5.161643835616438,,,,Not new,Peter Rose,"Delivering modern End User Devices and collaboration tooling, replacing the Departmentâ€™s legacy application estate with the use of cloud services.",2020/beis/BEIS_Government_Major_Projects_Portfolio_data_September_2019.xlsx,2019-09-30,HO_0032_1415-Q1,Amber,602.57,2019-03-31,HO_0032_1415-Q1,technology platforms for tomorrow,HO_0032_1415-Q1,gmpp_id,Technology Platforms for Tomorrow (TPT),Amber,602.57,2019-03-31,both,True
HO_0030_1415-Q1,Metis Programme,AR 2020,1920-Q2,HO,Amber/Red,2016-09-01 00:00:00,2019-06-01 00:00:00,53.3,56.12,2.8200000000000003,0.0529080675422,290.53,,,ICT,2.747945205479452,,,,Not new,Richard Hornby,"To move to an updated Enterprise Resource Planning tool (ERP) and a common shared service model to provide transactional human resource (HR), finance (including payroll) and procurement services",2020/beis/BEIS_Government_Major_Projects_Portfolio_data_September_2019.xlsx,2019-09-30,HO_0030_1415-Q1,Amber/Red,290.53,2019-06-01,HO_0030_1415-Q1,metis programme,HO_0030_1415-Q1,gmpp_id,Metis Programme,Amber/Red,290.53,2019-06-01,both,True
HO_0016_1213-Q1,Emergency Services Mobile Communications Programme (ESMCP),AR 2020,1920-Q2,HO,Amber/Red,2011-06-01 00:00:00,2022-12-31 00:00:00,816.998652481,816.998652481,0,0,9521.91685329,,,Infrastructure and Construction,11.591780821917808,,,,Not new,Stephen Webb,Aims to replace the mobile communications service used by the three Emergency Services and other public safety users with an Emergency Services Network (ESN).,2020/beis/BEIS_Government_Major_Projects_Portfolio_data_September_2019.xlsx,2019-09-30,HO_0016_1213-Q1,Amber/Red,9521.91685329,2022-12-31,HO_0016_1213-Q1,emergency services mobile communications programme,HO_0016_1213-Q1,gmpp_id,Emergency Services Mobile Communications Programme (ESMCP),Amber/Red,9521.92,2022-12-31,both,True
HO_0038_1819-Q3,DBS Service Transition,AR 2020,1920-Q2,HO,Amber/Green,2018-08-01 00:00:00,2021-03-31 00:00:00,23.12,20.75,-2.370000000000001,-0.102508650519,27.43,,,Government Transformation and Service Delivery,2.665753424657534,,,,Joiner,Gary Blanchard,"The DBS Service Transition Programme has been established to transfer services securely, and in doing so maintain the capability and capacity of DBS to achieve its core responsibilities.",2020/beis/BEIS_Government_Major_Projects_Portfolio_data_September_2019.xlsx,2019-09-30,HO_0038_1819-Q3,Amber/Green,27.43,2021-03-31,HO_0038_1819-Q3,dbs service transition,HO_0038_1819-Q3,gmpp_id,DBS Service Transition,Amber/Green,27.43,2021-03-31,both,True
MOJ_0044_1920-Q2,Prison Technology Transformation Programme (PTTP),AR 2020,1920-Q2,MoJ,Amber/Red,,,0,0,0,,0,,,ICT,0,,,,Joiner,Adrian  Scott,"The programme has been commissioned to replace the common technology solution across all public prisons in England and Wales.  It will also provide new technology services to HMPPS HQ and Prisons ( Staff/Users) who are still on the legacy â€œQuantumâ€ prison system. Providing staff across the prison service with modern, mobile technology services that are a pleasure to use, and which make their duties easier to perform.",2020/beis/BEIS_Government_Major_Projects_Portfolio_data_September_2019.xlsx,2019-09-30,MOJ_0044_1920-Q2,Amber/Red,0.0,,MOJ_0044_1920-Q2,prison technology transformation programme,MOJ_0044_1920-Q2,gmpp_id,Prison Technology Transformation Programme (PTTP),Amber/Red,,,both,True
MOJ_0038_1718-Q4,HMCTS Facilities Management Reprocurement Project (FMRP),AR 2020,1920-Q2,MOJ,Amber,2017-03-01 00:00:00,2019-12-31 00:00:00,0,6.38,6.38,,1039.53,,,Government Transformation and Service Delivery,2.835616438356164,,,,Not new,Tim James,To re-procure replacement contracts for the expiring Total Facilities Management (TFM) contracts which provide services to the HMCTS estate.,2020/beis/BEIS_Government_Major_Projects_Portfolio_data_September_2019.xlsx,2019-09-30,MOJ_0038_1718-Q4,Amber,1039.53,2019-12-31,MOJ_0038_1718-Q4,hmcts facilities management reprocurement project,MOJ_0038_1718-Q4,gmpp_id,HMCTS Facilities Management Reprocurement Project (FMRP),Amber,1039.53,2019-12-31,both,True
MOJ_0040_1718-Q3,YOUTH JUSTICE REFORM PROGRAMME,AR 2020,1920-Q2,MOJ,Amber/Red,2016-12-12 00:00:00,2022-12-31 00:00:00,22.5,18.9,-3.6000000000000014,-0.16,345.08,,,Government Transformation and Service Delivery,6.054794520547945,,,,Not new,Helga Swidenbank,"To make youth custody a place of safety, both for children and those who work there; and to improve the life chances of children in custody. ",2020/beis/BEIS_Government_Major_Projects_Portfolio_data_September_2019.xlsx,2019-09-30,MOJ_0040_1718-Q3,Amber/Red,345.08,2022-12-31,MOJ_0040_1718-Q3,youth justice reform programme,MOJ_0040_1718-Q3,gmpp_id,Youth Justice Reform programme,Amber/Red,345.08,2022-12-31,both,True
MoJ_0045_1920-Q2,Wellingborough New Build Prison,AR 2020,1920-Q2,MoJ,Amber,2018-08-17 00:00:00,2022-06-14 00:00:00,189.638007803,122.985557601,-66.652450202,-0.351472001708,6316.01461811,,,Infrastructure and Construction,3.8273972602739725,,,,Joiner,Robin Seaton,"This project is to design, build and procure private services to operate a new, Category C resettlement prison at Wellingborough.",2020/beis/BEIS_Government_Major_Projects_Portfolio_data_September_2019.xlsx,2019-09-30,MOJ_0045_1920-Q2,Amber,6316.01461811,2022-06-14,MOJ_0045_1920-Q2,wellingborough new build prison,MOJ_0045_1920-Q2,gmpp_id,Wellingborough New Build Prison,Amber,6316.01,2022-06-14,both,True
MOJ_0042_1819-Q2,Probation Programme,AR 2020,1920-Q2,MOJ,Amber/Red,2017-10-01 00:00:00,2020-03-01 00:00:00,617,954.7784,337.77840000000003,0.547452836305,8235.2338,,,Government Transformation and Service Delivery,2.4164383561643836,,,,Not new,Jim Barton,"Aims to open commercial discussions with Community Rehabilitation Companies (CRCs) , that run probation services, to agree an option for early termination of contracts by mutual agreement and negotiate amendments to contracts to secure service improvements during an exit period.",2020/beis/BEIS_Government_Major_Projects_Portfolio_data_September_2019.xlsx,2019-09-30,MOJ_0042_1819-Q2,Amber/Red,8235.2338,2020-03-01,MOJ_0042_1819-Q2,probation programme,MOJ_0042_1819-Q2,gmpp_id,Probation Programme,Amber/Red,8235.23,2021-04-01,both,True
MOJ_0039_1718-Q3,Prison Education Programme,AR 2020,1920-Q2,MOJ,Green,2017-04-01 00:00:00,2019-06-30 00:00:00,156.5,156.5,0,0,763.3,,,Government Transformation and Service Delivery,2.2465753424657535,,,,Not new,Adrian Scott,Provision of education services for adult prisons in England. ,2020/beis/BEIS_Government_Major_Projects_Portfolio_data_September_2019.xlsx,2019-09-30,MOJ_0039_1718-Q3,Green,763.3,2019-06-30,MOJ_0039_1718-Q3,prison education programme,MOJ_0039_1718-Q3,gmpp_id,Prison Education Programme,Green,763.3,2019-06-30,both,True
MOJ_0041_1819-Q1,Prisoner Escort and Custody Services (PECS) Generation 4 Programme,AR 2020,1920-Q2,MOJ,Amber/Green,2017-04-01 00:00:00,2020-09-30 00:00:00,8.14,8.34,0.1999999999999993,0.02457002457,1635.83,,,Government Transformation and Service Delivery,3.5013698630136987,,,,Not new,Gary Badley," PECS Gen 4 Programme, procures business critical contracts ensuring the continued safe and decent movement of prisoners between police stations, courts & prisons.",2020/beis/BEIS_Government_Major_Projects_Portfolio_data_September_2019.xlsx,2019-09-30,MOJ_0041_1819-Q1,Amber/Green,1635.83,2020-09-30,MOJ_0041_1819-Q1,prisoner escort and custody services generation 4 programme,MOJ_0041_1819-Q1,gmpp_id,Prisoner Escort and Custody Services (PECS) Generation 4 Programme,Amber/Green,1635.83,2020-09-30,both,True
MOJ_0032_1617-Q2,MoJ Future FM ,AR 2020,1920-Q2,MOJ,Amber/Red,2016-07-01 00:00:00,2018-04-01 00:00:00,83.5,74.3,-9.200000000000003,-0.110179640719,430.2,,,Government Transformation and Service Delivery,1.7506849315068493,,,,Not new,Andy Mills,"To re-procure the expiring facilities management contracts which provide services to the shared estates cluster._x000D_
",2020/beis/BEIS_Government_Major_Projects_Portfolio_data_September_2019.xlsx,2019-09-30,MOJ_0032_1617-Q2,Amber/Red,430.2,2018-04-01,MOJ_0032_1617-Q2,moj future fm,MOJ_0032_1617-Q2,gmpp_id,MoJ Future FM,Amber/Red,430.2,2018-04-01,both,True
MOJ_0028_1314-Q2,HMCTS Reform,AR 2020,1920-Q2,MOJ,Amber/Red,2015-12-01 00:00:00,2023-12-31 00:00:00,263.47,244.25,-19.220000000000027,-0.0729494819144,2153.17,,,Government Transformation and Service Delivery,8.087671232876712,,,,Not new,Susan Acland-Hood,"Modernise the infrastructure and deliver a better and more flexible service to court users; modernise and transform courts and tribunal service to increase efficiency, improve service quality and reduce the cost to the tax payer. _x000D_
",2020/beis/BEIS_Government_Major_Projects_Portfolio_data_September_2019.xlsx,2019-09-30,MOJ_0028_1314-Q2,Amber/Red,2153.17,2023-12-31,MOJ_0028_1314-Q2,hmcts reform,MOJ_0028_1314-Q2,gmpp_id,HMCTS Reform,Amber/Red,2153.17,2023-12-31,both,True
MoJ_0043_1920-Q2,Glen Parva New Build Prison,AR 2020,1920-Q2,MoJ,Amber,2019-01-31 00:00:00,2023-11-05 00:00:00,16.0301101769,9.917,-6.113110176899999,-0.38135172556,6104.77,,,Infrastructure and Construction,4.764383561643836,,,,Joiner,Robin Seaton,"This project is to design, build and procure private services to operate a new, Category C resettlement prison at Glen Parva.",2020/beis/BEIS_Government_Major_Projects_Portfolio_data_September_2019.xlsx,2019-09-30,MOJ_0043_1920-Q2,Amber,6104.77,2023-11-05,MOJ_0043_1920-Q2,glen parva new build prison,MOJ_0043_1920-Q2,gmpp_id,Glen Parva New Build Prison,Amber,6104.77,2023-11-05,both,True
MOJ_0003_1112-Q1,Electronic Monitoring,AR 2020,1920-Q2,MOJ,Amber/Red,2011-05-10 00:00:00,2024-08-31 00:00:00,70.1,90.2401294653,20.140129465300006,0.287305698507,580.5,,,Government Transformation and Service Delivery,13.32054794520548,,,,Not new,Adrian Scott,Implementing a new electronic monitoring system and a service for the day-to-day monitoring of subjects wearing the devices. ,2020/beis/BEIS_Government_Major_Projects_Portfolio_data_September_2019.xlsx,2019-09-30,MOJ_0003_1112-Q1,Amber/Red,580.5,2024-08-31,MOJ_0003_1112-Q1,electronic monitoring,MOJ_0003_1112-Q1,gmpp_id,Electronic Monitoring,Amber/Red,580.5,2024-08-31,both,True
NCA_0001_1415-Q2,NCA Transformation Programme,AR 2020,1920-Q2,NCA,Amber,2014-04-01 00:00:00,2022-03-31 00:00:00,480.061412129,480.061412129,0,0,5302.13666773,,,Government Transformation and Service Delivery,8.002739726027396,,,,Not new,Nina Cope,"The NCA's Transformation Programme will deliver the culture, capability and capacity to enable the NCA to be a world-class law enforcement agency, leading the work to cut serious and organised crime.",2020/beis/BEIS_Government_Major_Projects_Portfolio_data_September_2019.xlsx,2019-09-30,NCA_0001_1415-Q2,Amber,5302.13666773,2022-03-31,NCA_0001_1415-Q2,nca transformation programme,,gmpp_id,,,,,left_only,False
ONS_0002_1112-Q1,Census & Data Collection Transformation Programme,AR 2020,1920-Q2,ONS,Amber,2015-01-01 00:00:00,2025-03-31 00:00:00,141.521,141.521,0,0,905.591,,,Government Transformation and Service Delivery,10.252054794520548,,,,Not new,Iain Moore McCormack Bell,"Delivering a successful 2021 Census, researching how to make it the last of its kind and transforming the work of ONS in how we collect, process and analyse data.",2020/beis/BEIS_Government_Major_Projects_Portfolio_data_September_2019.xlsx,2019-09-30,ONS_0002_1112-Q1,Amber,905.591,2025-03-31,ONS_0002_1112-Q1,census and data collection transformation programme,,gmpp_id,,,,,left_only,False
HMRC_0012_1415-Q1,Tax Free Childcare,AR 2020,1920-Q2,HMRC,Amber,2013-09-10 00:00:00,2015-12-01 00:00:00,45.44,41.92,-3.519999999999996,-0.08,356.87,,,Government Transformation and Service Delivery,2.2246575342465755,,,,Not new,Angela MacDonald,Responsible for delivering the childcare service through which parents can apply for Tax-Free Childcare and the DfE’s 30 hours free childcare initiative.,2020/beis/BEIS_Government_Major_Projects_Portfolio_data_September_2019.xlsx,2019-09-30,HMRC_0012_1415-Q1,Amber,356.87,2015-12-01,HMRC_0012_1415-Q1,tax free childcare,HMRC_0012_1415-Q1,gmpp_id,Tax Free Childcare,Amber,356.87,2015-12-01,both,True
HMRC_0014_1415-Q4,Customs Declaration Services,AR 2020,1920-Q2,HMRC,Amber/Red,2013-10-16 00:00:00,2019-12-31 00:00:00,69.92,69.92,0,0,334.14,,,ICT,6.210958904109589,,,,Not new,Jim Harra,To provide a more flexible customs declaration system to meet future needs.,2020/beis/BEIS_Government_Major_Projects_Portfolio_data_September_2019.xlsx,2019-09-30,HMRC_0014_1415-Q4,Amber/Red,334.14,2019-12-31,HMRC_0014_1415-Q4,customs declaration services,HMRC_0014_1415-Q4,gmpp_id,Customs Declaration Services,Amber/Red,334.14,2019-12-31,both,True
HMRC_0015_1617-Q1,Building Our Future Locations Programme ,AR 2020,1920-Q2,HMRC,Amber/Green,2016-01-05 00:00:00,2026-03-31 00:00:00,387.7,348.3,-39.39999999999998,-0.1,2835.9,,,Government Transformation and Service Delivery,10.241095890410959,,,,Not new,Justin Holliday,"HMRC will be a transformed organisation operating from 13 large, modern Regional Centres (RCs), 5 Specialist Sites and a London Headquarters equipped with the digital infrastructure and training facilities needed to support and motivate our people, and from which we can better serve our customers as an effective, efficient and impartial tax and payments authority.",2020/beis/BEIS_Government_Major_Projects_Portfolio_data_September_2019.xlsx,2019-09-30,HMRC_0015_1617-Q1,Amber/Green,2835.9,2026-03-31,HMRC_0015_1617-Q1,building our future locations programme,HMRC_0015_1617-Q1,gmpp_id,Building Our Future Locations Programme,Amber/Green,2835.9,2026-03-31,both,True
HMRC_0020_1819-Q3,Securing our Technical Future,AR 2020,1920-Q2,HMRC,Amber,2018-04-01 00:00:00,2022-06-30 00:00:00,86.41,85.45,-0.9599999999999937,-0.01,312.06,,,ICT,4.249315068493151,,,,Joiner,Denise Dourado,"The SOTF Programme has been established to ‘stabilise’ HMRC's current estate which is aged and out of support as a result of limited on-going maintenance; remediating high priority vulnerabilities; exiting our 3 data centres the contracts for which expire in 2022. The programme will migrate all services within the data centres to the new supported platforms, Cloud and Crown Hosting (for physical assets), enabling HMRC to fully exploit the benefits of Cloud and Crown hosting opportunities.",2020/beis/BEIS_Government_Major_Projects_Portfolio_data_September_2019.xlsx,2019-09-30,HMRC_0020_1819-Q3,Amber,312.06,2022-06-30,HMRC_0020_1819-Q3,securing our technical future,HMRC_0020_1819-Q3,gmpp_id,Securing our Technical Future,Amber,312.06,2022-06-30,both,True
HMRC_0017_1617-Q2,Making Tax Digital for Business,AR 2020,1920-Q2,HMRC,Amber/Green,2016-04-01 00:00:00,2024-03-31 00:00:00,75.26,78.96,3.6999999999999886,0.05,402.07,,,ICT,8.002739726027396,,,,Not new,Ruth Stanier,Delivering modernised IT to digitise tax reporting for businesses and agents and delivering a better customer experience.,2020/beis/BEIS_Government_Major_Projects_Portfolio_data_September_2019.xlsx,2019-09-30,HMRC_0017_1617-Q2,Amber/Green,402.07,2024-03-31,HMRC_0017_1617-Q2,making tax digital for business,HMRC_0017_1617-Q2,gmpp_id,Making Tax Digital for Business,Amber/Green,402.07,2024-03-31,both,True
