bidder_id,cpv_division,f_full,f_price,f_prior,f_lot,n_lost,realised_rate,n_won
00034186,66,0.021824657467074255,0.030048538824697907,0.012931621216933618,0.027519289489413505,21,0.0,18
00132012,31,0.0875829205399129,0.029991873367991428,0.06724443032805481,0.06938165700069782,3,0.0,3
00132486,45,0.27228384068941136,0.23679523952186832,0.06724443032805481,0.19799127019179436,2,0.0,5
0013500191,15,0.0487858070707049,0.06104020221612388,0.05603702527337901,0.06675399395433564,3,0.0,3
00209131,73,0.0008787548730650892,0.00033634384936442446,0.030565650149115827,0.0005897897205722399,6,0.0,3
00292575,14,0.22588978062441717,0.1206526440920075,0.05603702527337901,0.10571481949162252,1,0.0,3
00292818,44,0.16895046432155406,0.19714862223986565,0.04803173594861058,0.17191652447266093,3,0.0,4
00380267,15,0.09799069344853707,0.06514269186643956,0.16702776895503427,0.06809259046029544,2,0.0,3
00426302,09,0.037482682246460244,0.047815129970712085,0.02401586797430529,0.037231994032868844,12,0.14285714285714285,7
00426354,60,0.051538625458270884,0.03791033458117929,0.05603702527337901,0.03372775579904169,4,0.0,3
00428426,85,0.17719040846903025,0.11565640098725938,0.06724443032805481,0.10747806288134187,1,0.0,3
00443000,15,0.03745581679515045,0.03530870422519126,0.14846912796003045,0.044254645752768475,6,0.0,5
00444010,15,0.06916478229200174,0.06695979969842372,0.048031735948610585,0.08569336225097368,7,0.125,8
00445676,15,0.10006488270324965,0.08450819602633156,0.04202776895503426,0.08289618319171674,10,0.0,4
00445914,15,0.04657645784584884,0.05328902545921267,0.08652674635704719,0.051174529360013155,20,0.037037037037037035,27
00445920,15,0.054128158577490045,0.04496519725916343,0.008621080811289079,0.06338841401878802,41,0.0,33
00447681,15,0.042322054866604196,0.04328218297683917,0.037358016848919345,0.03681445146540399,6,0.0,11
00447729,15,0.0505341718755934,0.04828962297299072,0.04202776895503426,0.04583229407804437,17,0.0,8
00447853,15,0.0629346404429074,0.06335275890213748,0.22822221850738283,0.06431759333150239,46,0.10526315789473684,19
00480862,33,0.06739429337251542,0.05294750519179299,0.05698102808878717,0.06212435696277759,2,0.0,12
00481198,33,0.04938135614164834,0.08484553724281531,0.029693825592006094,0.07815181657762763,7,0.08333333333333333,24
00991410,03,0.11971187921356052,0.13418583928598019,0.04202776895503426,0.12135361073266222,1,0.0,3
00991806,03,0.039507621630179304,0.03968819034685467,0.04202776895503426,0.04009555045459715,1,0.0,3
01270285,45,0.47398167056607576,0.43909157533449356,0.037358016848919345,0.4976508455701545,3,1.0,7
01354898,45,0.34138016659107495,0.39546539905869105,0.04202776895503426,0.4738330801057456,1,0.6666666666666666,3
01388420,71,0.6759205823508869,0.7197879923731276,0.048031735948610585,0.7820145872702093,5,1.0,3
01558862,55,0.04328476796341547,0.08019106690567343,0.03735801684891934,0.09466680982671807,7,0.0,17
01558922,55,0.06444016869840011,0.14218116796506314,0.018679008424459673,0.18176661346317943,26,0.0,32
01733288,15,0.015070087036575214,0.012153297350531372,0.048031735948610585,0.017338625793516915,2,0.0,3
01747787,55,0.19411788530584118,0.14698113941421645,0.06724443032805481,0.17438685451933597,17,0.0,7
01764610,55,0.09018848742213702,0.04309202009528501,0.048031735948610585,0.04561725781360634,2,0.0,4
01880670,09,0.06323215393999325,0.08491788575624161,0.051393159678472085,0.06685082307208608,12,0.05263157894736842,19
01880670,44,0.16142910167481614,0.17861797250691308,0.051393159678472085,0.2332753560277414,1,0.0,3
01975330,33,0.024834107819789692,0.0325311390731544,0.04202776895503426,0.02258824011931583,1,0.0,5
01976358,33,0.029464270231927454,0.0518956418931828,0.03426210645231472,0.029132536840231947,1,0.0,11
01976387,33,0.04123413716921419,0.08755565496945669,0.07423456398001523,0.028454907785130327,1,0.0,4
01977642,33,0.10539228068756328,0.1282187699736584,0.16702776895503427,0.11776520433922066,5,0.0,6
01980963,33,0.02835147133018122,0.024198049465875355,0.025863242433867235,0.03809822404108354,1,0.0,6
02070915,73,0.004831948629308393,0.0023634529454829513,0.06724443032805481,0.004799085422698493,24,0.9090909090909091,11
02071168,73,0.006490547659900665,0.0033647070411558806,0.06724443032805481,0.00659281514455148,9,1.0,5
02072239,79,0.05828606476662235,0.06073426715278284,0.016811107582013703,0.04679896183713657,8,0.0,14
02124953,33,0.0304668638830695,0.03302647016460538,0.04803173594861058,0.03566384415917058,3,0.0,6
02128158,90,0.10068063829937927,0.07678871506878213,0.048031735948610585,0.10771943184003092,5,0.125,8
02495431,73,0.03282359212260765,0.03821022291134961,0.04202776895503426,0.0335602813977327,10,0.0,13
02568176,50,0.28093066008127965,0.28208550074311367,0.06724443032805481,0.2682491301824629,1,0.0,7
02568259,50,0.09670069350944249,0.1094976889027924,0.04202776895503426,0.08216054651182386,2,0.0,3
02829777,71,0.3219160787258931,0.3319980214358768,0.059903132093340354,0.31503172691341047,6,0.0,14
03112917,34,0.022089681238464658,0.026560290708608075,0.06724443032805481,0.02947220465043416,1,0.0,3
03293304,15,0.0440022407014926,0.04873546954421984,0.03362221516402741,0.042600358769330694,9,0.0,4
03333370,45,0.11937858162469507,0.15739655461632623,0.02101388447751713,0.15182961797801472,14,0.0,5
03335563,45,0.2510375828192504,0.4032490309638725,0.037358016848919345,0.35693117030119703,1,0.375,8
03345018,45,0.4385133634180802,0.669538351764382,0.33348537640211967,0.69417804142539,2,0.0,4
03345863,90,0.03558100521944293,0.047139606674497785,0.04202776895503426,0.029980088867795896,1,0.0,3
03348962,45,0.3113779789936831,0.33592016137267955,0.048031735948610585,0.2976009509126197,7,0.0,3
03358216,45,0.35021451760218,0.5078315059059882,0.028018512636689506,0.424194827285355,1,0.3333333333333333,3
03448630,45,0.41069392942291355,0.285885251654192,0.14601388447751712,0.24008047490349202,12,0.3333333333333333,3
03448860,45,0.5750253433808771,0.5887127749671066,0.0973425896516781,0.5889375257994494,30,0.55,20
03450778,71,0.311251774084248,0.3107050792770827,0.04202776895503426,0.2649694362564289,3,0.5,4
03450778,73,0.01326292590737362,0.00894347732784598,0.04202776895503426,0.009927147194378863,27,0.28125,32
03579041,45,0.09937652931891133,0.08386612742106032,0.36135184597002284,0.09006894264414028,15,0.75,4
03579058,45,0.12583336434432568,0.06998460940489654,0.048031735948610585,0.06383801406088428,2,0.0,4
03579590,45,0.30079748117033156,0.3316567407854748,0.1112486738876321,0.23392217633095716,11,0.2,5
03580251,45,0.5059793247964668,0.41951817478950115,0.06724443032805481,0.47095026173625953,2,0.0,3
04012321,44,0.043078229667432626,0.02467663620415123,0.014618354419142351,0.03562147221638372,4,0.0,3
04725906,50,0.05994464106360629,0.07964275234563273,0.028018512636689506,0.06123514322517405,1,0.0,3
04725929,50,0.13295011141839122,0.08952816766509579,0.06724443032805481,0.10326020111729944,1,0.3333333333333333,3
04728690,73,0.0009971979105686327,0.0005246396477982342,0.06724443032805481,0.0008339479702522253,4,0.1,10
04742425,45,0.47157774517088924,0.44936040465934357,0.05603702527337901,0.48010045320467865,1,0.3333333333333333,3
04832737,50,0.02684142953403582,0.03238356691125604,0.037358016848919345,0.024599997869921064,12,0.0,5
05388693,45,0.19612588007152734,0.13928601964316423,0.08351388447751713,0.1657943206512343,3,0.0,4
05388983,15,0.08249538062087933,0.061813287695926075,0.06724443032805481,0.06928272547315859,1,0.0,4
05408668,45,0.6068957912304641,0.5881733660933401,0.024015867974305292,0.6341471898947157,2,0.8333333333333334,6
05409745,15,0.055805584071498736,0.040896423997562305,0.05603702527337901,0.05547216803151077,7,0.0,9
05415852,33,0.027980319160863177,0.037342465455361365,0.01035831125302538,0.04222075344930871,103,0.10294117647058823,68
05416892,71,0.6068182103332256,0.5354186075587518,0.03362221516402741,0.5367898471795203,11,0.5714285714285714,7
05433011,45,0.05409627750598004,0.06892288824891683,0.030565650149115824,0.05028244972910523,5,0.0,8
05495259,15,0.23910605042333544,0.13722022860964328,0.12147474105820674,0.15774519997295092,1,0.0,4
05511001,15,0.044601652932622374,0.047533315148635034,0.022414810109351604,0.052510481888640645,5,0.0,6
05761620,24,0.024039873983945775,0.014053077337541986,0.025863242433867235,0.01742559776140987,1,0.0,3
05785454,34,0.03684780758444416,0.02728776363139443,0.06724443032805481,0.033253428242627885,4,0.0,3
05837085,30,0.08192258306113553,0.08935990931400783,0.05809661528870757,0.07892523765395149,16,0.0,12
05837085,32,0.07780817414452292,0.10735031055874267,0.05809661528870757,0.10322015239480803,2,0.0,6
05837085,48,0.0649391009745986,0.060370370898525164,0.05809661528870757,0.03642691404323021,4,0.0,4
13333602,45,0.42310082057981524,0.3952853783271441,0.06724443032805481,0.4603287110290204,1,0.0,3
13417240,34,0.031138096770678483,0.056748989729107815,0.06724443032805481,0.025996939986999052,1,0.0,3
13428292,42,0.08697102177101398,0.08579404566502578,0.06724443032805481,0.04459345067221335,2,0.0,4
13433137,33,0.08515515568344209,0.07244501820285865,0.04948970932001014,0.05599772633386595,7,0.0,15
13441711,15,0.07593082057631928,0.06569372468785405,0.028018512636689506,0.09876719508525986,1,0.3333333333333333,3
13441711,55,0.0866635070284426,0.05574200767001797,0.028018512636689506,0.06769446685406472,4,0.0,3
13456569,14,0.02866535326102811,0.03003724992039447,0.04803173594861058,0.028519509089409895,3,0.0,3
13460921,45,0.08245871497377809,0.11935868616030172,0.03362221516402741,0.09240568651875662,1,0.0,3
13535033,15,0.02601748285756762,0.018157075631160764,0.04202776895503426,0.038568485676328555,11,0.0,15
13553723,44,0.049549324671116966,0.05495969456545124,0.02586324243386724,0.041247168741754596,6,0.0,3
13608660,31,0.03416094973620228,0.05689708480255914,0.025863242433867235,0.058814034481075264,19,0.25,4
13638750,31,0.14389075563044257,0.1465315500260671,0.048031735948610585,0.15790004595960874,4,0.25,4
13655435,50,0.0501893380456506,0.04053515869215112,0.07860130303766319,0.03192224917243836,12,0.0,11
13694889,73,0.0010306973574947462,0.0003192694057159037,0.06724443032805481,0.0005745151095262749,3,0.0,6
13715373,50,0.013503810660241667,0.017546591037073466,0.025863242433867235,0.027028847235669045,2,0.16666666666666666,6
13828321,55,0.4488004206282505,0.2686243333366255,0.13362221516402742,0.32015840061387923,10,0.3333333333333333,3
13837840,55,0.46349585069188615,0.21261442885089232,0.13362221516402742,0.2720408166107242,2,0.0,4
13993936,45,0.4709287018517904,0.41762046668963687,0.04803173594861058,0.4089843005079829,12,0.35714285714285715,14
14146210,15,0.033511967389068455,0.041664988569414314,0.06808616636000558,0.04200172072686041,16,0.029850746268656716,67
14207791,45,0.0765013823140683,0.09946223851950096,0.018679008424459673,0.09931172427393836,20,0.07692307692307693,13
14228451,34,0.03855827045037167,0.04181357075060472,0.03362221516402741,0.03423333058782108,6,0.0,3
14231737,15,0.07756440151754526,0.051437228161784594,0.2168111075820137,0.062433259870931776,8,0.0,14
14236166,30,0.09918324845762358,0.08471793541201236,0.04772221970143836,0.0853446471733014,5,0.0,9
14271671,15,0.028723280406239674,0.02806647696676083,0.03362221516402741,0.025745427178321612,2,0.0,4
14307570,44,0.0822127649306723,0.0765525931032492,0.04202776895503426,0.07886303040908967,4,0.0,4
14310460,42,0.19000706167933665,0.15907084741892702,0.06724443032805481,0.13042312445349546,4,0.0,6
14311749,39,0.04347444229824128,0.044889082698302774,0.02101388447751713,0.04649129196187146,4,0.0,7
14333937,64,0.036794737024216366,0.03148598144014889,0.028018512636689506,0.030817114680262544,12,0.1111111111111111,9
1433916706,33,0.027006964510027487,0.031183696161955814,0.06724443032805481,0.03925484148664771,4,0.0,3
1533511687,77,0.0867695120740058,0.08212186530306434,0.06724443032805481,0.06562658512471238,4,0.0,3
1577800010,33,0.024628243900799495,0.016377966379012926,0.06724443032805481,0.019263524585774138,1,0.0,5
16285602,66,0.05384196129591297,0.03331778060666304,0.05603702527337901,0.04856736994647725,7,0.0,5
16285789,50,0.03946651193797031,0.03856465007635544,0.030565650149115827,0.04316137782903558,13,0.1111111111111111,9
16297019,71,0.11666345290350223,0.11369433743316422,0.06724443032805481,0.1034494740245877,2,0.0,4
16400836,72,0.03170187982274322,0.03285873147906673,0.05603702527337901,0.0397522712987101,3,0.0,4
1759701761,33,0.08138559837845775,0.06816980654438518,0.04202776895503426,0.06506199067348442,5,0.0,3
1806106711,33,0.03086701109776434,0.028558009273558834,0.06724443032805481,0.022579744872519406,3,0.0,5
1817713376,32,0.281130901604093,0.14757724757698998,0.048031735948610585,0.1966673255389212,1,0.0,3
1829901706,33,0.04689604540559042,0.03901514115799156,0.05603702527337901,0.04014513313807875,6,0.0,10
1858320426,15,0.05105380902471117,0.030527789890253898,0.06724443032805481,0.029623398446790378,2,0.0,7
1871824801,33,0.05339124768971639,0.08329717849567715,0.03362221516402741,0.0799012329301957,3,0.0,3
19027846,55,0.2727964625276646,0.09030488949607855,0.145053137027838,0.12880642345157076,7,0.5384615384615384,13
19160739,55,0.6262466277652845,0.24217774680006404,0.16702776895503427,0.3004850652771293,2,0.5,4
1920402058,55,0.2866308201037334,0.24797963802445233,0.048031735948610585,0.35961077770890515,2,0.3333333333333333,3
19243202,33,0.04988005391315939,0.042341291810812,0.08908147677601826,0.04208973019664847,6,0.0,6
1927503573,33,0.05012482942986399,0.04169770114729985,0.05603702527337901,0.0627474015314116,6,0.0,3
19288759,44,0.029611991200353526,0.021373958062822163,0.03362221516402741,0.02063579757963231,3,0.0,3
1929205450,33,0.07008847466440637,0.039050305890926305,0.03362221516402741,0.026843659768016052,2,0.0,3
19315887,50,0.24643824125411942,0.18015545445248096,0.037358016848919345,0.2227706700424379,6,0.6,5
19331194,30,0.10939395650046035,0.08547222167950749,0.10157487615827278,0.08821277867954078,8,0.1,10
19331194,32,0.11080927742968452,0.09122226842160534,0.10157487615827278,0.08362892488234847,2,0.0,3
19407661,33,0.035972693910695984,0.026623113039298502,0.048031735948610585,0.031056964430458408,7,1.0,7
19411125,66,0.019518984880493355,0.03660546641421063,0.024015867974305292,0.026675350317099382,13,0.14285714285714285,7
1945811128,15,0.018385979247557464,0.020814705338912894,0.06724443032805481,0.01985558109821125,4,0.0,4
1947909716,77,0.03391636192456199,0.020029369944814975,0.06724443032805481,0.031036028714364346,2,0.0,3
1955300085,33,0.07465737622776661,0.025663866369794057,0.05603702527337902,0.0488444867050781,5,0.3333333333333333,3
1966016154,09,0.03393769549623961,0.040238027908898556,0.11124867388763209,0.0414394790878897,19,0.07692307692307693,13
1975613134,03,0.03667241652782232,0.05656157676634627,0.04803173594861058,0.053370028675292204,3,0.0,4
1995712183,03,0.14871883410939,0.09765400391020743,0.08351388447751713,0.08078330562367969,2,0.3333333333333333,3
20009888,30,0.07128123498416207,0.06828039088365201,0.06314113923352091,0.06422849481985368,11,0.2,5
20028213,30,0.062327849531087554,0.06307451578624748,0.039300651518831595,0.054769417180741395,8,0.0,10
20038832,44,0.04652330556037288,0.05326008272540755,0.012931621216933616,0.04752338813960657,11,0.0,8
20048339,33,0.013549353720328498,0.010252322606661451,0.06724443032805481,0.018335020407572122,2,0.16666666666666666,6
20049451,48,0.03296837875089861,0.028314944342240793,0.017695902717909162,0.024792296056898495,4,0.0,3
2010407506,03,0.13363587357782689,0.14198096398662555,0.06724443032805481,0.18219129935965112,1,0.0,3
2013413398,15,0.031174627982800997,0.020975392729811478,0.03362221516402741,0.03529258645085083,13,0.0,15
2018705895,18,0.03246635757005959,0.055211403734247114,0.03362221516402741,0.03787416118803188,4,0.0,4
2020304752,15,0.0327789609969405,0.046772866583211795,0.05603702527337901,0.050076049261471745,2,0.0,7
20257936,24,0.2908218330671619,0.22965966166562707,0.048031735948610585,0.1609933943575191,4,0.0,12
20272290,45,0.5156663214586968,0.5378387082751684,0.06724443032805481,0.4396376637690867,1,0.25,4
20344871,66,0.02763200494667378,0.03228201689337906,0.025863242433867235,0.026162420052958997,18,0.08333333333333333,12
20423276,15,0.06434403917581344,0.05256777199317764,0.030565650149115827,0.04505457167601561,6,0.0,4
20463185,33,0.08276581287913057,0.17202122991612792,0.11135184597002284,0.09956732299253558,6,0.0,7
20474912,66,0.05749718821501081,0.04076980808767766,0.06724443032805481,0.0570571771341719,4,0.0,4
2051400453,39,0.14567163908631492,0.09663024213999866,0.06724443032805481,0.1196295452388815,2,0.0,3
20546451,34,0.024067878617875696,0.03744658252350325,0.03711728199000761,0.03093246741302011,3,0.0,7
20572715,34,0.049218627869498134,0.057489898628236905,0.025863242433867235,0.06826911756591035,5,0.0,3
20602646,45,0.1853282642651326,0.21450484032940453,0.04803173594861058,0.16560021995641652,3,0.3333333333333333,3
20602681,66,0.017395307446219758,0.03086809194735514,0.02101388447751713,0.03689121309816829,11,0.2,5
2061807745,15,0.08048866492042106,0.05646638217849628,0.06724443032805481,0.0825338218649019,2,0.25,4
20635255,85,0.04918855954218503,0.048699746116538774,0.06724443032805481,0.08756444698098687,1,0.0,3
2070220504,45,0.09393635336109527,0.07012527075402897,0.06724443032805481,0.060520535864972635,2,0.0,3
2070714081,15,0.023918490494013053,0.023966200307458618,0.05603702527337901,0.03764149098680106,1,0.0,3
20742465,33,0.004775628410701725,0.003172388449087994,0.022414810109351604,0.004104874610074227,15,0.0,10
20774040,45,0.6157121843299872,0.7535891582591552,0.13362221516402742,0.7031812533244243,1,0.3333333333333333,3
20797696,34,0.027077053570956758,0.07654152961714177,0.022414810109351604,0.047003276067453,3,0.0,5
20806124,33,0.03634649222072352,0.026430434167725947,0.007641412537278957,0.034348990161242335,13,0.03571428571428571,28
20806124,38,0.018052409474876203,0.0339463002558416,0.007641412537278956,0.04735693264554227,5,0.3333333333333333,3
2083115214,79,0.1372175297628176,0.134864178285181,0.13362221516402742,0.14919050760120894,5,0.0,3
20875278,33,0.04604234418203731,0.07408998517685864,0.05603702527337901,0.07370485621661976,4,0.0,5
2094710887,55,0.34365637956975964,0.2575383917606806,0.048031735948610585,0.3352261400751805,2,0.3333333333333333,3
20954500,16,0.0541391655244874,0.0849176558806764,0.06724443032805481,0.05311784772331149,1,0.0,3
2102919923,33,0.03623154361495773,0.03699126417622422,0.06724443032805481,0.03360950635090478,3,0.0,3
21033653,33,0.04706636065387992,0.05090704959544163,0.02101388447751713,0.04899746120807508,24,0.0,6
21078029,15,0.1422254977071516,0.08265431624047978,0.06724443032805481,0.05706039641261593,8,0.0,9
2118405625,15,0.047855896606738564,0.028663631947399886,0.06724443032805481,0.042575823087765,3,0.0,7
2126618602,33,0.0423883588346112,0.03220666151170305,0.048031735948610585,0.03750959899408509,10,0.0,7
2127718486,33,0.06028343630285782,0.05695227769107327,0.06724443032805481,0.062192099826120076,2,0.3333333333333333,3
21296513,55,0.1120386917128342,0.08913823364675016,0.04803173594861058,0.08413625574926425,3,0.0,3
21337459,30,0.061975975419431825,0.07491990268181571,0.024015867974305292,0.059756712358590244,16,0.0,21
2134501563,33,0.03322356309042274,0.015761889224015696,0.05603702527337901,0.01666329600569034,7,0.0,5
21394227,09,0.048552761308817804,0.040878186225300706,0.048031735948610585,0.05212436490221579,4,0.0,4
2144115708,15,0.028930895100329545,0.023426035174479443,0.06724443032805481,0.02501288839381867,6,0.0,3
2148907030,15,0.04069744482412363,0.03355436149986954,0.04202776895503426,0.028443624324790057,2,0.0,4
21505980,15,0.047748451873650316,0.03737855501110303,0.051393159678472085,0.05312846209959493,31,0.28125,32
21510644,66,0.02526787988688432,0.028786701879134145,0.07423456398001521,0.02879314097305161,27,0.0,4
2152308619,15,0.028688365754147266,0.02799188320418292,0.06724443032805481,0.03564684746334446,3,0.0,3
21543199,24,0.013223514535690829,0.0104750474290712,0.06362962626858448,0.014154261440386194,2,0.0,7
21559409,66,0.011729097306228304,0.016751292471298824,0.06724443032805481,0.010401411952397173,10,0.0,5
21560766,72,0.03506925739451159,0.03662471977719242,0.048031735948610585,0.02969664621894324,71,0.0,59
2159010343,15,0.09690591857409199,0.06235536602209227,0.06724443032805481,0.04986455368240503,3,0.3333333333333333,3
2159908062,55,0.022169867636830688,0.031619987748900465,0.02101388447751713,0.0704856982207214,2,0.0,8
21607462,30,0.029639888758165516,0.019425611499556378,0.05603702527337901,0.025259147308907687,4,0.0,3
21620913,15,0.04569598180172276,0.04943506714752745,0.01769590271790916,0.05050435711903405,29,0.18181818181818182,11
21632299,24,0.005984464623716486,0.007035504376613954,0.01601057864953686,0.005306309373048056,2,0.25,4
21632299,33,0.027392074711936453,0.022041020443328722,0.01601057864953686,0.028578507214157164,2,0.0,3
21633086,33,0.039661544065899286,0.050182132771185745,0.02376566488813475,0.051366497712393176,153,0.0469208211143695,341
21635240,39,0.11603011148385117,0.12292215917522951,0.05603702527337901,0.13023995984340242,13,0.2857142857142857,7
21637291,45,0.38309073530038623,0.5313477897468242,0.05603702527337901,0.5737410639849144,1,0.6666666666666666,3
21642228,33,0.057398598355446986,0.06573778182549526,0.03075334859319343,0.06410785208474327,106,0.0,40
2165716177,03,0.0795809622984986,0.05087228191627662,0.04803173594861058,0.03961327774003006,3,0.0,3
21673832,48,0.028079403262740287,0.07411367892093625,0.04202776895503426,0.07498025591550916,1,0.0,5
21673832,64,0.040723592237877776,0.047572101310679626,0.04202776895503426,0.05000042186695023,5,0.16666666666666666,6
21680915,33,0.10534600227355452,0.12541438738144534,0.04803173594861058,0.09455341133101387,3,0.0,3
2169000145,15,0.04359371266615664,0.035871485601014746,0.06724443032805481,0.04533644563990578,4,0.0,4
21701113,90,0.06008333758018893,0.036415349663414524,0.03362221516402741,0.056319350591866546,3,0.0,10
2172717576,15,0.0607388868076007,0.05744391909031244,0.06724443032805481,0.06095445097446563,1,0.0,3
21738520,45,0.38551549508184296,0.37013409714871626,0.19088887880575345,0.31661792719101045,4,0.5,8
21738610,33,0.05023240763607674,0.05616145241594571,0.01084587585936368,0.05594547999970125,75,0.06097560975609756,82
21869802,33,0.061973910247692235,0.05306322975211463,0.11504214316000946,0.05683298196273363,26,0.0,23
21870998,66,0.07943085744148669,0.053177298721659355,0.06724443032805481,0.04433458855179885,13,0.0,9
2188418387,15,0.0321736504221398,0.029711205970712796,0.06724443032805481,0.03126526635822949,3,0.0,9
2189819676,15,0.08107664798552311,0.10346625172532134,0.05567592298501143,0.10747394544148192,5,0.0,8
21904823,55,0.1279990668286175,0.12164097762073357,0.048031735948610585,0.10937752842388879,88,0.0,3
21947206,33,0.08193903679932615,0.1060358571761749,0.005796933648970243,0.10689963731038757,76,0.020833333333333332,48
2195211336,03,0.017482291176694486,0.01476224830201781,0.06724443032805481,0.01371812093656598,1,0.0,4
2195518827,98,0.1329228670974296,0.22631401657265476,0.048031735948610585,0.08367708789991662,1,0.0,3
2195609589,15,0.10884019284345159,0.07371014809887695,0.028018512636689506,0.10047680402495829,3,0.0,4
2200713737,90,0.03680997688388927,0.03645636718498362,0.06724443032805481,0.04326433720677441,3,0.0,3
2202416922,03,0.03905935844002955,0.030507161967518247,0.02101388447751713,0.022218901516648834,2,0.0,3
2204506763,33,0.022896695036096815,0.03475994031030499,0.05603702527337901,0.03685117554163869,4,0.0,3
2204925665,33,0.04574007651396755,0.047275138195194834,0.04202776895503426,0.05980253580427465,2,0.0,6
22065477,33,0.03978509787166157,0.06376513265065177,0.03817777576115069,0.06249513842214139,21,0.0,20
2209105643,72,0.02959639802297497,0.07103574800874,0.06724443032805481,0.02668441270278979,3,0.0,3
2211109119,03,0.07196224486981959,0.05237976607893478,0.05603702527337902,0.04677351415292994,10,0.0,3
2215400215,39,0.06805230214565586,0.06669878170878706,0.028018512636689506,0.06350228847095053,8,0.0,6
2215520350,15,0.06531245239906623,0.05230071728767942,0.06724443032805481,0.04907259900335942,2,0.0,3
22167290,42,0.15478956443271377,0.16135883193340508,0.05603702527337901,0.12935243056513232,3,0.0,3
2219801825,15,0.01461596616505625,0.022099210330449922,0.048031735948610585,0.021372869942391265,1,0.0,3
22202218,45,0.5540524315953307,0.6549006338555613,0.256632473203098,0.6742765565190508,6,0.8,10
2220617311,33,0.11863310876062483,0.118279068162726,0.037358016848919345,0.1266775102463545,6,0.0,3
2224708158,15,0.02995682995479887,0.03896371292132053,0.010506942238758565,0.02705872840284444,5,0.0,24
2229506457,33,0.030758458644474823,0.04114296205602625,0.03362221516402741,0.03858222643437478,3,0.0,5
2235425612,15,0.05154555407155736,0.022572038017801936,0.06724443032805481,0.049762731475840274,1,0.0,5
22357406,45,0.4200552575704587,0.28257512482246294,0.256632473203098,0.25713691269640765,8,0.6666666666666666,6
2236111934,15,0.05440864560246642,0.05669653995718014,0.06724443032805481,0.04803395668085336,1,0.0,3
22366931,50,0.02411364050722993,0.021450832961780245,0.05603702527337901,0.022184636692885736,1,0.0,5
22372423,34,0.02996462796178651,0.030644722645832442,0.025863242433867235,0.041391134546986105,8,0.0,3
2238602025,33,0.056201409766662797,0.0356744213036669,0.04803173594861058,0.035835983986568544,6,0.0,5
22392354,33,0.027672374580003906,0.024757272706607294,0.11135184597002284,0.024621665479755285,2,0.125,8
22392459,15,0.08349336225370907,0.10460352685839029,0.13362221516402742,0.11958701746627375,3,0.0,5
2239327596,33,0.05244398469181274,0.04787967266788364,0.06724443032805481,0.04830473980085073,5,0.0,5
22404614,09,0.04692466387491819,0.05508972396921587,0.024015867974305292,0.04101825476587159,4,0.0,6
22404614,15,0.043572901852778324,0.05851730576932729,0.02401586797430529,0.06386069471700166,3,0.0,6
2240624961,33,0.03684266352112105,0.07576284739771397,0.04202776895503426,0.081664476210009,5,0.0,5
2241915794,33,0.028102739169825874,0.035086491892667014,0.05603702527337901,0.04383337970184071,3,0.0,3
2248923864,03,0.06557934712935619,0.04665904576169888,0.019777773625898474,0.04136086140501984,1,0.0,3
2251102688,39,0.07775750696087794,0.11593773451010407,0.048031735948610585,0.059740007272725965,2,0.0,5
2251318065,55,0.17020093451332158,0.08639837371049022,0.05603702527337901,0.1286833854488372,2,0.0,3
2253821476,03,0.02980956885660308,0.031634520366688276,0.037358016848919345,0.02621778788408489,1,0.0,3
2254203118,33,0.026530026836089467,0.03147056272745582,0.06724443032805481,0.03363311205898843,1,0.0,3
22555520,45,0.4115622885234732,0.4280634606688722,0.12147474105820674,0.4512352984020643,2,0.6,5
22572748,33,0.02125647890912639,0.018845996586497993,0.03362221516402741,0.019639162555654403,7,0.0,7
2262714930,33,0.03860844117906803,0.044660651288516776,0.05603702527337901,0.03397717003695364,2,0.0,5
22647877,15,0.029582961313701868,0.017225414427931747,0.011593867297940486,0.028633747865956852,1,0.0,5
2267007013,45,0.11637230531824129,0.10917129375992563,0.06724443032805481,0.11571092928776515,3,0.0,3
22736629,31,0.032461285036538425,0.04010371111446955,0.037358016848919345,0.03742898818904648,4,0.0,4
22830943,72,0.023406803521504142,0.015595836800513001,0.06724443032805481,0.03906024746287633,5,0.0,3
2283203183,50,0.02388784961737636,0.016809891622577913,0.05603702527337902,0.017656011977488756,5,0.0,3
2284518879,15,0.03582336377235141,0.023023010797942195,0.06724443032805481,0.06566892972393851,3,0.0,5
2285517516,15,0.044183353462740056,0.03817486463908614,0.06724443032805481,0.04561691913002966,2,0.0,3
22859846,64,0.06996288483355426,0.04709270661939172,0.037358016848919345,0.030389744908734827,2,0.0,3
2286201852,15,0.0237879480170414,0.01660308073075889,0.05603702527337901,0.0428853006593826,3,0.0,3
22891175,72,0.024500958196572113,0.014182549381827047,0.04202776895503426,0.03513636988179472,2,0.0,5
22906244,30,0.0740848949420105,0.055912691828112995,0.018679008424459673,0.05201509799542173,19,0.09090909090909091,11
22922786,33,0.027193998755860736,0.04067418754348494,0.02620043434588773,0.03548708001697979,9,0.0,21
2302001376,33,0.04574926643236267,0.07398212912755596,0.12147474105820674,0.0898940354837183,1,0.0,5
23043331,15,0.03143602792904052,0.023771254337121538,0.06724443032805481,0.032402202087459385,19,0.0,8
23057072,09,0.04923739420529578,0.05280265429552817,0.04803173594861058,0.05947441670515294,3,0.0,4
23063575,15,0.08726314898462285,0.08590467903181745,0.037358016848919345,0.12100232806187412,1,0.0,3
23080390,73,0.001813203908167692,0.0005551376714094051,0.06724443032805481,0.0008557378097445043,3,0.0,4
23107516,22,0.033348401334742206,0.03768745955505344,0.025863242433867235,0.04212785003655421,5,0.0,5
2312400238,15,0.060471585806550356,0.1505230447934577,0.06724443032805481,0.09032628724508647,1,0.0,3
2313106328,33,0.0395363931851584,0.03837136272393064,0.051393159678472085,0.03877830236138898,13,0.0,6
2313617308,55,0.008357819438671386,0.014953407771381265,0.06724443032805481,0.021863153289465462,3,0.0,3
23137670,45,0.6182851613693646,0.6216847279965934,0.06724443032805481,0.48338975043364807,1,0.3333333333333333,3
2321613037,33,0.049101523656790366,0.053003203295469814,0.05603702527337901,0.04065400209630275,1,0.0,3
23239413,55,0.12305643113748944,0.1173802102449657,0.06724443032805481,0.10606324106597509,1,0.6666666666666666,3
23247708,90,0.04797556962640399,0.023796322625705812,0.06724443032805481,0.0317179983295761,3,0.0,3
23251561,45,0.6522270620496105,0.655350184340229,0.21238383196729763,0.6527332511778917,5,0.125,8
2328722461,33,0.017040419816780582,0.020038342643198016,0.04202776895503426,0.013310564785506932,1,0.14285714285714285,7
23291827,33,0.04247510736258089,0.046105185721013256,0.08340555379100685,0.04622671342497755,81,0.08823529411764706,34
2332708205,55,0.3488573574755402,0.26115067326462377,0.02586324243386724,0.35567522925619977,3,0.0,5
2337621790,03,0.051811818900245395,0.0563653052338122,0.06724443032805481,0.04291027622665423,1,0.0,3
2337715537,60,0.05734956330154985,0.036567621789031515,0.06724443032805481,0.0344284579003999,2,0.0,4
2342200579,45,0.09315422696542659,0.08515920167076742,0.06724443032805481,0.04744609906377159,3,0.0,3
23477806,09,0.04319873297058155,0.04346399354907579,0.05603702527337901,0.04759758166697171,4,0.0,4
2349911015,15,0.03161905172666609,0.04041067309679728,0.04202776895503426,0.045823427106950074,1,0.0,3
2350504021,33,0.12282724062695423,0.13239241443853203,0.11135184597002284,0.09900356074342964,3,0.0,6
2350614833,15,0.06978672786279128,0.07248132801096117,0.06724443032805481,0.11225305330952401,2,0.0,4
2350614833,55,0.180384019911292,0.28422647397357403,0.06724443032805481,0.2981647385619908,1,0.2,5
23521635,34,0.05895708343919223,0.06522762083585333,0.09734258965167808,0.07440963006179191,4,0.0,9
23522853,24,0.01186682979305616,0.014677231754033975,0.03369921365293206,0.017163150927139822,16,0.2631578947368421,19
23522853,33,0.026921863599701445,0.040110079858124086,0.03369921365293206,0.028124494234840952,12,0.0,16
23522853,38,0.03194194478179988,0.04357916425513481,0.03369921365293206,0.04102529159215396,16,0.058823529411764705,34
23522853,42,0.23998602473009276,0.2734983288550364,0.03369921365293206,0.28325468220467587,1,0.16666666666666666,6
23548019,33,0.11054654182183396,0.05653603338817614,0.06724443032805481,0.06294350652089842,2,0.0,3
2355417730,03,0.20154044118882836,0.09628690605799561,0.037358016848919345,0.10082158554527504,2,0.0,4
23581034,34,0.0355500640477009,0.029648774080443092,0.03362221516402741,0.03618798086715312,2,0.0,6
23588912,09,0.055291861344759066,0.06872314936682516,0.16702776895503427,0.03579188158067685,2,0.0,6
23608000,44,0.06055887559154638,0.04478139033394127,0.05603702527337901,0.047695899934659315,4,0.0,3
2361010448,03,0.024590816768509285,0.03249065767026922,0.037358016848919345,0.03479605895926547,5,0.0,3
2366604095,15,0.12301968165208138,0.1219755689303749,0.028018512636689506,0.09543265257068943,4,0.0,7
23702466,30,0.09013048420379899,0.06993287101170108,0.08908147677601827,0.07537120208497758,14,0.0,8
23706562,35,0.07668306908132538,0.050817052710133793,0.05603702527337901,0.07074659413874491,3,0.0,4
23717551,03,0.1243202294531558,0.07130943194020613,0.018679008424459673,0.051662133697049514,1,0.75,4
23717551,15,0.035912899506426926,0.0475186760691977,0.018679008424459673,0.04757136234133152,4,0.6,10
23722888,09,0.031004673042092267,0.035317267627118835,0.024015867974305292,0.03989612524287505,14,0.0,18
23730451,39,0.0604876953369592,0.06599942259137793,0.025863242433867235,0.048933886900565146,8,0.0,3
2375206349,15,0.06188042150525155,0.04443479604268089,0.06724443032805481,0.0555935954889577,3,0.0,7
23768657,15,0.11468594979132044,0.043539772480859495,0.06724443032805481,0.09150215400822277,2,0.0,11
2377200673,03,0.08110935054623784,0.07956837959215503,0.05603702527337901,0.07414149454856736,8,0.0,6
2378916847,30,0.07127413694676105,0.06424782445622498,0.05603702527337901,0.07020840682200705,8,0.0,3
2383201196,45,0.07398456349926857,0.09099098976637268,0.048031735948610585,0.05360241063457347,4,0.3333333333333333,3
2385819268,33,0.021660849031212456,0.04808295256560603,0.025863242433867235,0.028442882973462792,5,0.0,4
23860120,30,0.13403898503507625,0.08416873865550473,0.048031735948610585,0.07897694069441936,2,0.0,3
23863399,30,0.048591568189666305,0.04253265582925708,0.037358016848919345,0.04380022320581438,10,0.14285714285714285,7
23872470,33,0.013260147287298109,0.012082179777654484,0.07032748166527758,0.011880873780639175,1,0.0,16
23887879,33,0.0941084879461015,0.13390141306190279,0.030565650149115827,0.1035719089502425,14,0.0,11
23957545,44,0.07801080946129672,0.09277503201976982,0.02586324243386724,0.07774616698112402,6,0.0,11
23971114,33,0.05898817517060785,0.0839540087754588,0.16702776895503427,0.08840820429244876,10,0.0,5
2399909996,33,0.040824089583137366,0.03946488297315235,0.037358016848919345,0.03894539369264482,4,0.0,3
2402512100,90,0.048374670421513825,0.031912255158203715,0.06724443032805481,0.04129352050833963,3,0.0,7
2404111190,77,0.04441234445427998,0.0388665519227994,0.05603702527337901,0.028869322602802734,7,0.0,6
24083083,30,0.07139274521619272,0.062438307550004235,0.01084587585936368,0.06234550269734873,18,0.0,15
24095427,30,0.07182172246176712,0.09391865414570015,0.02726983982939335,0.08566329419859614,24,0.0,17
24095427,50,0.03639419719720185,0.06378820152515359,0.02726983982939335,0.04557372184270676,21,0.2857142857142857,7
2410401293,15,0.1359536936066428,0.1527929943940595,0.048031735948610585,0.10870210369740532,1,0.0,5
2412913818,15,0.08311351030964963,0.15116099749537243,0.037358016848919345,0.15953007806946728,4,0.0,5
2413714589,55,0.009051735151671852,0.015147238655907709,0.06724443032805481,0.018967466716140937,3,0.0,3
24150945,15,0.036953120767817295,0.03428261707613901,0.048031735948610585,0.041934390256250065,5,0.0,11
24157485,45,0.47378078995465883,0.4309127289328651,0.3336222151640274,0.45564709110938884,10,0.3333333333333333,3
2419402671,15,0.01920747459493575,0.022601930629680453,0.2227036919400457,0.026069282926198468,2,0.0,3
24228435,24,0.051451976516062724,0.032981700894515735,0.037358016848919345,0.055539035997744436,6,0.0,3
24228435,33,0.05424180538908341,0.03749870300926997,0.037358016848919345,0.0419252504325127,4,0.0,3
24246094,33,0.024448828970357817,0.017758231940719172,0.05603702527337901,0.025708568552191464,3,0.0,6
2428511634,33,0.06181667165289771,0.03908238720510492,0.05603702527337901,0.03884196983608542,7,0.0,8
2429105276,33,0.030320747658154908,0.027928796876883884,0.03362221516402741,0.021070606414266144,1,0.0,7
24316073,09,0.054791646335831196,0.05138719129129324,0.07536200489162174,0.05659264965421045,54,0.0,7
2432400943,33,0.024631838127858817,0.037816319069116464,0.016811107582013703,0.03202577943026513,4,0.0,4
24340261,45,0.4828695285938989,0.5186303287135737,0.13362221516402742,0.5775542817672016,1,0.6666666666666666,3
2435406029,03,0.07363679135472834,0.06165693263301879,0.06724443032805481,0.05697475201322583,1,0.0,4
24389020,30,0.07622459883294241,0.06326049837550056,0.04202776895503426,0.05615981099055816,12,0.0,6
24433519,15,0.06101452616241293,0.07586887839530201,0.06724443032805481,0.08063279054823125,2,0.0,4
2448816206,33,0.021848634661333903,0.01487034807766056,0.06724443032805481,0.013571000730878097,2,0.0,3
2449003933,15,0.043234358555014556,0.02461542396302182,0.06724443032805481,0.02811135223233039,1,0.0,3
2451004681,55,0.04515880258062353,0.059498207231174896,0.030565650149115827,0.04843809510247019,11,0.0,3
2452014059,39,0.05498893995037937,0.03354154267717548,0.022414810109351604,0.020232166694351347,1,0.0,4
24533681,73,0.001653135736258493,0.00038107574218424487,0.06724443032805481,0.0006813585066634903,2,0.0,5
24543159,45,0.7794739427727186,0.814445354376448,0.2227036919400457,0.8024639557935285,2,0.75,4
2456300693,45,0.6282765072866419,0.5858078414870076,0.06724443032805481,0.6826302705046563,2,0.0,3
2456900510,34,0.034618005895275306,0.029384126169115996,0.05603702527337901,0.02956562838791418,11,0.0,5
24607793,33,0.030607499598899985,0.029309350291712815,0.044540738388009135,0.033346445917586315,9,0.0,26
2463618841,33,0.041020990167206214,0.036520499575369,0.04202776895503426,0.04582955096647963,5,0.0,3
2463916481,03,0.030689000010137038,0.036072228731523846,0.10278631935694417,0.033486041621209856,4,0.0,3
24714833,09,0.14870009350906035,0.11467663082010726,0.3811587251171624,0.1623456634697006,4,0.0,11
24740569,33,0.0426789032069134,0.0348396226284533,0.05809661528870757,0.05403282252142949,13,0.0,14
24740569,38,0.05077494511668681,0.05817014359689014,0.05809661528870757,0.0843159501966812,1,0.3333333333333333,3
2474103373,32,0.15023527969114175,0.11842022699802601,0.06724443032805481,0.09249656243286351,2,0.0,4
24741764,33,0.10484593209624452,0.09092915897747228,0.044079663238495735,0.09904004266378669,47,0.05263157894736842,38
24756872,03,0.06763941517025886,0.07507883913760437,0.04772221970143836,0.07775817590005382,3,0.0,8
24756872,15,0.006974838247055862,0.005333933590365677,0.04772221970143836,0.004912989939050612,130,0.0,33
2476512961,33,0.0092617931771357,0.017463925004108326,0.028018512636689506,0.02113442250499758,1,0.0,5
2477611256,30,0.10667293232348657,0.06523600414758018,0.05603702527337901,0.09650111183943032,1,0.0,4
2477902104,55,0.13304868802959913,0.2300549266384873,0.22270369194004572,0.2351051261769364,10,0.0,5
24788518,15,0.030971923239772364,0.025100499751415126,0.024015867974305292,0.0345099595573011,9,0.0,6
24789564,15,0.03121564156263948,0.030344951020788935,0.025863242433867235,0.03226387366797142,16,0.0,4
2488216333,22,0.16686198545517397,0.09518090368079597,0.04803173594861058,0.12283315605609148,3,0.0,14
24887315,55,0.08804941626896892,0.1032705078637879,0.05603702527337901,0.12596420866427485,4,0.0,3
24942675,14,0.027650118282040552,0.04259889778501004,0.013448886065610963,0.049708181718208164,5,0.0,7
24998380,33,0.07075903501436023,0.04455257500740953,0.06724443032805481,0.05406863244668571,5,0.0,3
2500202398,15,0.0221144975130553,0.028220599567778976,0.06724443032805481,0.045074655884330864,1,0.0,3
25010654,33,0.027107008130879053,0.030125601502429624,0.030565650149115824,0.036171057686226395,9,0.0,3
25021316,50,0.2255148154898737,0.25052335274889065,0.04202776895503426,0.21581946822610987,3,0.25,4
25021641,30,0.03771905993473518,0.06333557724924149,0.04098635353754867,0.06544782601236562,4,0.0,13
25021641,48,0.013141134374917186,0.021380812508361487,0.04098635353754867,0.02237428904540209,1,0.0,3
2502307697,55,0.23158990261522033,0.20238918868406203,0.06724443032805481,0.2285478524161388,2,0.25,4
25067695,33,0.06895163313290636,0.08448562832819782,0.025863242433867235,0.07348046785392666,19,0.0,12
2506915934,15,0.0992958693395081,0.05763263410181637,0.06724443032805481,0.04272755456198334,2,0.0,5
25073081,15,0.13649310739531703,0.12265159106947758,0.04202776895503426,0.17645767462956347,5,0.0,5
2510709092,15,0.02821135100646888,0.0407620442071835,0.06724443032805481,0.0399406820881789,1,0.0,3
2511600692,09,0.01826982850679885,0.020572782887237653,0.04202776895503426,0.030797951270805486,1,0.0,3
25120857,09,0.03336793672009865,0.033436811350873744,0.04202776895503426,0.04733744250014417,2,0.3333333333333333,6
25184975,33,0.08325942958139369,0.07559291941361586,0.15886772150667974,0.06973075067151872,28,0.0625,16
2525701221,33,0.054378424600528795,0.06670899111244102,0.04202776895503426,0.06191125451996921,4,0.0,3
25284872,50,0.02443302787954659,0.022374294706251602,0.03362221516402741,0.021494591616440652,1,0.3333333333333333,3
25298093,44,0.04835522437985985,0.0384505940182668,0.05567592298501142,0.04404949722842789,3,0.0,4
25298093,45,0.04693003259646856,0.025780720393521177,0.05567592298501142,0.04099111584723673,1,0.0,4
2535905156,03,0.10254971580163914,0.11538966625549936,0.05603702527337901,0.1121584859812046,6,0.0,3
2539300174,44,0.05051223003017976,0.08746513772455873,0.037358016848919345,0.06925429385819792,8,0.0,3
25394112,22,0.05827946027640796,0.09800051827982506,0.023200965876696844,0.07959404742493885,8,0.0,4
25394112,30,0.11590642755235885,0.1654733187361458,0.023200965876696844,0.13686735573972825,12,0.0,34
25415133,15,0.07015375734022516,0.05235967366414588,0.19468517930335616,0.07188731865294146,1,0.0,4
25464410,39,0.16962704580933305,0.12466347660218335,0.17970939628002108,0.14751733482647222,8,0.0,4
25467012,34,0.028541205642164797,0.01382199488755199,0.06724443032805481,0.024147575031590603,2,0.3333333333333333,3
2547419509,15,0.061941066809978816,0.049585280404013284,0.06724443032805481,0.05279659880847243,3,0.0,3
2550106527,15,0.033389796638540394,0.02745301592737312,0.06724443032805481,0.02903306427006817,6,0.8571428571428571,7
25551379,30,0.057449745490962385,0.06709872803307884,0.013448886065610963,0.057422048070919204,64,0.0625,16
25551379,39,0.10783030657901527,0.1846234916443019,0.013448886065610963,0.16508283480889716,7,0.0,6
2558204616,33,0.00991355882820189,0.014883344777818037,0.008405553791006852,0.011569894150198594,9,0.0,15
2577705653,33,0.025117078541702073,0.009346756792332349,0.02586324243386724,0.014988330610216108,3,0.0,4
2578503369,39,0.04495352456063304,0.07361530921515749,0.05603702527337901,0.07531693408957157,4,0.0,5
2580815821,15,0.04173458986877342,0.0532823381716727,0.05603702527337901,0.04620118483307039,1,0.0,6
2584003090,03,0.07477364398822534,0.09140329509209208,0.019777773625898474,0.08515870622706986,2,0.3333333333333333,3
2585102057,77,0.009598101561534967,0.014501555740881964,0.06724443032805481,0.01335038463684801,1,0.0,3
2585613891,33,0.04614245147689139,0.024014082230208376,0.06724443032805481,0.03487752964423065,4,0.0,3
2588204416,33,0.07256622843659573,0.05184702505674134,0.04202776895503426,0.04701108146684702,28,0.0,4
2595510535,15,0.029367406441994662,0.022411609234596546,0.05603702527337901,0.036785164957907894,3,0.0,4
2596124009,15,0.05038733988102463,0.044440772703844146,0.06724443032805481,0.0905686380713843,1,0.0,3
2596311956,39,0.12342527768017557,0.06908447720007076,0.06724443032805481,0.09497499150107404,1,0.0,4
25992149,55,0.10713709619383201,0.08516689103120718,0.048031735948610585,0.09718225308937868,4,0.0,3
2600320856,03,0.039441232051580316,0.04219319437988337,0.05603702527337901,0.028586284087568713,4,0.0,4
2604310654,15,0.06349733286948493,0.05452518724143844,0.06724443032805481,0.06066988134593694,1,0.0,3
2608006750,15,0.03951116881415094,0.043255481050628077,0.06724443032805481,0.03778754239300765,7,0.0,4
2609204476,50,0.06567096833556571,0.030221946969724932,0.06724443032805481,0.03053834923828531,1,0.0,4
2609318968,22,0.05548084073487622,0.04499380937655222,0.03362221516402741,0.04357303098002721,4,0.0,6
2613114668,33,0.03484723115462962,0.05716318683389164,0.06724443032805481,0.0452729646670212,4,0.0,5
2629614440,03,0.06932260380860476,0.06808974955271892,0.16702776895503427,0.05281326178038545,1,0.0,6
2629905046,33,0.027052950151632785,0.03125027755549204,0.037358016848919345,0.03745132392955513,1,0.0,3
2630121501,77,0.025849440475857955,0.03775786244491946,0.037358016848919345,0.03895598113302507,3,0.0,5
26315758,50,0.17911323450913202,0.16020443923607386,0.06724443032805481,0.12811534847472159,5,0.0,5
2632807787,15,0.037843008948159056,0.02561020306882458,0.022414810109351604,0.03401979855926922,22,0.0,6
2639622016,77,0.04909582062127484,0.04070401931121275,0.048031735948610585,0.03800391173249908,8,0.0,10
2670320791,33,0.05629389428944387,0.03477344730119631,0.04202776895503426,0.047893173746022595,6,0.0,5
2675406030,45,0.09643647496180326,0.09327952810592638,0.06724443032805481,0.11401622878396332,1,0.0,3
2679110757,38,0.011447047068855114,0.008045664430588802,0.06724443032805481,0.013387084650642691,2,0.0,3
2686821566,03,0.05367191725348332,0.06033545303297837,0.06724443032805481,0.06101971941995514,2,0.0,4
2697801834,77,0.045439684716180026,0.029497097351379307,0.05603702527337901,0.040989101064848016,8,0.0,3
2703512656,90,0.04711761664873931,0.027819587698789592,0.06724443032805481,0.040935335659392696,2,0.0,9
2708209572,15,0.030551807460800273,0.023310802412631414,0.048031735948610585,0.027106499883958912,2,0.0,3
2713215864,33,0.03563117078450606,0.03768606850390021,0.14846912796003045,0.028456620152899653,5,0.0,4
2714016642,33,0.07045921151688983,0.04366974899649648,0.06724443032805481,0.04519856621285529,2,0.0,6
2718007479,33,0.04972884591317431,0.0376993333537378,0.06724443032805481,0.05015464178482346,3,0.0,3
2720407158,15,0.04303761865712358,0.05630226882383722,0.05603702527337902,0.04253877759864509,5,0.125,8
2721016269,09,0.09858649129979115,0.1279445242556601,0.030565650149115827,0.11078027704742821,4,0.0,3
2721517272,15,0.028489006234854425,0.026867534862691847,0.06724443032805481,0.04695887447684038,2,0.0,3
2723924406,03,0.052005689963024744,0.03785603761060408,0.04803173594861058,0.041400235728890074,12,0.0,4
2727209841,15,0.008704830508248024,0.015905509524516363,0.037358016848919345,0.021112073665759543,1,0.16666666666666666,6
2727212556,50,0.04394041722863936,0.04978287076150459,0.05603702527337901,0.04036235070037763,1,0.0,3
2729015546,33,0.05079363844666269,0.03834159626963821,0.06724443032805481,0.030079535390475802,2,0.0,4
2732807811,15,0.07827061850046896,0.06949578940865972,0.06724443032805481,0.07199941442494044,1,0.0,3
2733810612,15,0.027078102862834214,0.017087037295133944,0.05603702527337901,0.027422299421997098,1,0.0,3
2742803870,60,0.05421377512859202,0.04950224145264275,0.048031735948610585,0.04646127712305387,2,0.0,3
2743814386,33,0.04897816148609151,0.032622629656519596,0.022414810109351604,0.032798735101582696,8,0.0,5
2744015045,44,0.028964352924221285,0.02434695814859757,0.06724443032805481,0.02314771484388242,1,0.0,3
2745007960,15,0.044433580627066906,0.03164451178795475,0.048031735948610585,0.03236901625155126,15,0.0,3
2751402307,33,0.04225423298762629,0.036608319682162785,0.037358016848919345,0.023733122666315165,2,0.0,5
2758316599,15,0.054418918529671054,0.03945037196668611,0.05603702527337901,0.07098868889980026,2,0.0,3
2761711147,15,0.07501802131454852,0.06199264535606887,0.06724443032805481,0.06030344708131811,2,0.0,3
2767710434,33,0.03675965442150118,0.037852556529783594,0.030565650149115827,0.04399091702151108,3,0.0,6
2769112221,15,0.14172240035005212,0.14250886950351535,0.022414810109351604,0.1775127840945922,2,0.1,10
2772812653,33,0.028878128154418113,0.026948213212682686,0.06724443032805481,0.02734805764368042,7,0.0,5
2779803572,79,0.013152870735537489,0.013536728417882003,0.06724443032805481,0.009540273657833968,12,0.0,4
2782207775,33,0.059446287681900356,0.054296282387300276,0.04803173594861058,0.07308953762210962,3,0.0,13
2782712094,15,0.041040932163668796,0.08636513212836894,0.037358016848919345,0.09103819078421617,1,0.0,5
2788308790,33,0.03272408484124419,0.016586381234463193,0.05603702527337901,0.025690579077002028,1,0.0,3
2789803609,33,0.019288836058929386,0.018130183867027198,0.06724443032805481,0.023904040246073212,2,0.0,3
2794107242,33,0.02359916040279099,0.02679027547568003,0.01601057864953686,0.02634713049888586,4,0.0,11
2794716130,03,0.0641190788159282,0.060289004731224,0.04202776895503426,0.06343152740933258,1,0.0,3
2794716130,15,0.07290915260707966,0.06135824979613273,0.04202776895503426,0.05917275112080663,10,0.0,7
2802012432,32,0.052539685428325614,0.046385936762770245,0.03362221516402741,0.06486620943929303,2,0.0,3
2803407670,39,0.05776496323678937,0.07787177861601816,0.05603702527337901,0.0970589141518366,3,0.6666666666666666,3
2805108393,15,0.09742188770262687,0.07551757262693949,0.06724443032805481,0.09467421011235334,1,0.0,5
2811009556,33,0.0304125384146974,0.01679640953676689,0.2227036919400457,0.0305998895534518,1,0.0,5
2812522309,03,0.023025624294296356,0.04335963680792587,0.06724443032805481,0.028904599802970797,1,0.0,4
2822610919,31,0.037113431691164905,0.04695705533830573,0.04202776895503426,0.027124328001788815,1,0.0,3
2825917918,03,0.10705782408645732,0.08110000802906259,0.2227036919400457,0.08482805394958186,3,0.0,4
2828510101,15,0.060867788347417476,0.042523263402729876,0.06724443032805481,0.10071508322416965,1,0.0,3
2830204938,03,0.16964325757647464,0.1395787307436629,0.06724443032805481,0.1483620406206198,4,0.0,4
2833400499,15,0.12107372491283157,0.03469320791716462,0.07860130303766319,0.04495304791551261,3,0.0,6
2833907367,55,0.522024679318261,0.17609306015616633,0.16702776895503427,0.25154356031242725,1,0.5,4
2835908069,33,0.028867779648876216,0.04168913884764565,0.04202776895503426,0.04567621748119807,2,0.0,3
2845111718,15,0.05371140039486019,0.05460667010379998,0.05603702527337901,0.08132364158114591,2,0.0,4
2849921500,15,0.04594662881083543,0.07481432116076789,0.06724443032805481,0.04376172061996865,2,0.0,5
2850100871,79,0.0098111516015925,0.010066556837149207,0.06724443032805481,0.012885347800718226,4,0.0,14
2854808112,45,0.20645655469480212,0.15005109850346998,0.048031735948610585,0.13623423303256235,2,0.0,5
2855703754,15,0.028504626264524772,0.019149423234327993,0.06724443032805481,0.022441675607694937,1,0.0,5
2859900927,03,0.08476154229129589,0.07598970113315053,0.04803173594861058,0.07382390785029518,6,0.0,4
2860302329,15,0.03882397008956083,0.07321782059469045,0.024015867974305292,0.05624254969799901,2,0.0,3
2861514135,15,0.05641240341160179,0.04024035315044532,0.06724443032805481,0.041801415925416835,1,0.0,6
2865109495,15,0.029410674843556837,0.05368695351818403,0.05603702527337901,0.04093471714630925,1,0.0,3
2867409317,15,0.049789019554491575,0.04974916381172217,0.06724443032805481,0.05707386281273547,1,0.0,3
2870621710,77,0.050312654440105666,0.05197012734726105,0.14846912796003045,0.036742064028425725,11,0.0,9
2876007054,42,0.04173970601587765,0.026031566790233336,0.06724443032805481,0.02671789842151964,2,0.0,3
2880703693,55,0.06831933941517894,0.03863561238379123,0.030565650149115824,0.0909980289832336,5,0.0,6
2881921235,15,0.03921385811684243,0.042249109833569894,0.048031735948610585,0.035046753712657606,1,0.0,3
2883911856,18,0.11366634313643068,0.06055601859023703,0.06724443032805481,0.05128861500331179,2,0.5,4
2884902554,33,0.02246321304214981,0.017742837080157038,0.05603702527337901,0.024788296191355447,1,0.0,4
2888117571,15,0.014454800726915844,0.02293805944215538,0.028018512636689506,0.037711191862393585,2,0.0,11
2896012736,33,0.09766448768696685,0.09843447116795809,0.06724443032805481,0.05982595640073072,1,0.0,4
2904008788,15,0.07037577195535696,0.06078385877651252,0.05603702527337901,0.04013534404956791,4,0.0,5
2904405364,15,0.10288432350430379,0.1255317947935154,0.06724443032805481,0.0903089877719013,1,0.0,7
2906316443,15,0.08057103214154863,0.11143534794815996,0.06724443032805481,0.1037888042054988,2,0.0,4
2908112534,33,0.04317175650499341,0.035492771810239986,0.048031735948610585,0.04725693334305507,5,0.0,3
2911510301,30,0.04440398306359588,0.10773728733782324,0.037358016848919345,0.11192312575942212,1,0.0,5
2913809439,77,0.026389302114207036,0.03882184026846773,0.06724443032805481,0.025009015063094775,10,0.0,7
2917118742,15,0.06364702793509917,0.051670667609145654,0.03362221516402741,0.056115217098455746,11,0.0,7
2922506948,33,0.046854887480060815,0.05617806992273665,0.08351388447751713,0.06224533643639336,7,0.0,3
2928602605,15,0.17766317164654574,0.08665183253507666,0.04202776895503426,0.08113187004984358,1,0.4,5
2930815922,15,0.038605412671453704,0.04244544084930101,0.06724443032805481,0.04228069039180988,3,0.0,7
2931607704,15,0.1862426078321946,0.21636029573913482,0.04803173594861058,0.2334849242981681,3,0.0,11
2937220823,33,0.04074700600957214,0.01741109858320029,0.03362221516402741,0.02551823053333688,9,0.2857142857142857,7
2941208630,15,0.04284874299737026,0.034113616215332834,0.06724443032805481,0.03318224506035626,10,0.0,3
2941715179,90,0.047567012901591925,0.022395245449500945,0.2227036919400457,0.01830794603721835,1,0.0,3
2945005696,03,0.01738285889042076,0.028888684927685482,0.030565650149115824,0.027842972939932726,5,0.0,10
2953524895,33,0.021252245849009217,0.022488235019572148,0.037358016848919345,0.021511483676276952,3,0.0,5
2955606096,72,0.024525383437312642,0.014486423722793918,0.06724443032805481,0.019582153675782612,1,0.0,5
2957505171,09,0.11871008867383688,0.08466122835095254,0.06724443032805481,0.10174637833717272,1,0.0,3
2965801597,33,0.020310087082584312,0.024108547510458947,0.05603702527337901,0.02406491230875889,3,0.3333333333333333,3
2965900135,15,0.11996154038222437,0.12559806001424045,0.06724443032805481,0.11897767405935138,2,0.0,3
2968315256,50,0.04715931407659476,0.03554021642575234,0.048031735948610585,0.024790817800303545,1,0.0,5
2976702118,03,0.09551330301512947,0.07468489953812489,0.05603702527337902,0.06848592892460334,5,0.0,3
2986902982,34,0.040968263650213076,0.045180339033326085,0.028018512636689506,0.04963380087659522,12,0.0,5
2987408034,50,0.058298923825054035,0.054243006230459995,0.06724443032805481,0.0409857646807141,2,0.0,3
2988515396,60,0.051949766173589665,0.03637910287842348,0.06724443032805481,0.047418245253780716,2,0.0,3
2991409334,30,0.08184576500720003,0.2694236928042367,0.06724443032805481,0.0821458958770489,1,0.0,3
2993622083,15,0.025584999161024916,0.01966815454127347,0.06724443032805481,0.029430115989605602,4,0.0,4
2995408122,33,0.02659156888544337,0.023760025876879864,0.06724443032805481,0.024506339827500653,11,0.0,3
2997802060,33,0.029230303681812023,0.021834677573786664,0.06724443032805481,0.028729596689540508,8,0.0,3
3000617459,15,0.07465015979652367,0.06162474828354214,0.06724443032805481,0.117264205313799,3,0.0,3
30019801,71,0.3950844659740136,0.4811537125597801,0.06724443032805481,0.46937946462284696,10,0.0,7
3003709607,15,0.04683950666156839,0.03800105291661577,0.04803173594861058,0.08410182287594879,3,0.0,5
30051316,45,0.4443145938950453,0.4361153687390455,0.06724443032805481,0.3860616435448117,6,0.3333333333333333,6
30062176,15,0.11458659520565519,0.09326898319679716,0.12147474105820673,0.08812720635496561,3,0.0,4
30064105,15,0.03057680033700149,0.05263313300262136,0.017695902717909162,0.050214453448535895,9,0.0,21
3010222578,45,0.11370634909002889,0.07983720764411503,0.06724443032805481,0.09064583283887437,2,0.3333333333333333,3
30105738,18,0.12405092723287661,0.13198017439057005,0.13900925631834474,0.11664219262432343,11,0.14285714285714285,7
30115243,66,0.04838208566260733,0.025651086046641704,0.05603702527337901,0.039132154752696255,7,0.0,3
30116577,72,0.049695381621819905,0.04497759814939568,0.06724443032805481,0.05533752919205714,2,0.0,3
30126040,30,0.19242346334462837,0.137563793117331,0.18268797468000375,0.13633985213491803,8,0.0,11
30147542,50,0.16912545198921727,0.1852495165110315,0.05603702527337901,0.1086055051808829,3,0.0,5
30149094,33,0.03056154534378906,0.035896137041655694,0.16702776895503427,0.03500608319261085,12,0.3333333333333333,6
30162314,30,0.10579334185429287,0.12353876534559832,0.048031735948610585,0.08467395746220624,2,0.0,3
3017723461,33,0.043021744508639284,0.03396073071910849,0.048031735948610585,0.04930065265037049,2,0.0,3
30177378,33,0.04499202056307043,0.03371755278893772,0.013448886065610963,0.03296011398002464,7,0.0,8
30194498,09,0.0650319302093016,0.05858248682807216,0.07032748166527758,0.0534785608556578,78,0.058823529411764705,17
30198513,33,0.05159263088141125,0.05341415982454082,0.06724443032805481,0.057679818807174946,1,0.0,5
30207826,45,0.22992914042432344,0.2748569165251722,0.04202776895503426,0.21057931405765926,1,0.25,4
3021911130,44,0.03889497309080947,0.03669798708216393,0.048031735948610585,0.04728404050919517,2,0.0,3
30256061,30,0.050867412548191805,0.06429223603090152,0.06550198349678817,0.057653189086632986,86,0.0,35
30256061,32,0.09341810487780763,0.07567847385411827,0.06550198349678817,0.07481553278516542,5,0.0,3
3026901931,33,0.04729541220541788,0.07462577013341776,0.04202776895503426,0.06588995543994469,2,0.0,3
30296209,14,0.06614170070683963,0.052872271647129605,0.06724443032805481,0.0564773603437442,3,0.0,3
30297532,45,0.3195372707874003,0.2816257592970122,0.048031735948610585,0.2363092854514109,7,0.0,5
30305401,33,0.028995449624137856,0.04046538615009409,0.012931621216933618,0.03443471101055575,1,0.0,6
30318447,15,0.06160143687023961,0.05816340581685505,0.037358016848919345,0.047412548421366496,5,0.0,5
30320090,45,0.2275393154242609,0.10924537251602184,0.14846912796003045,0.12097687634111608,4,0.2,5
30332681,44,0.23569179088836092,0.1276469543531071,0.13362221516402742,0.18745362797865014,1,0.0,3
30336890,44,0.09204266521439655,0.08290269641402866,0.08908147677601827,0.07319285443972277,8,0.0,8
3034419230,33,0.027841913308329098,0.025733184074268035,0.06724443032805481,0.022202771042283936,4,0.0,3
3034707149,03,0.018900688542253886,0.027771302412926763,0.037358016848919345,0.0242035887638435,2,0.0,5
30353261,77,0.017821304762359325,0.014071354372437464,0.06724443032805481,0.023908480406344197,2,0.0,4
30354307,50,0.059040412988981786,0.037943786173118534,0.06724443032805481,0.034727716910751584,5,0.0,5
30368697,50,0.05117939920433827,0.07663003440087832,0.017695902717909162,0.088585496532819,4,0.0,5
3037005893,77,0.05066227934456219,0.037933955037400116,0.2595802390711415,0.06589936329440783,3,0.0,3
30374040,34,0.08816674490660337,0.029002201350269752,0.2227036919400457,0.04913576987205225,1,0.0,3
30394678,15,0.027726899540817473,0.03585625281731479,0.037358016848919345,0.03679416874798678,5,0.0,6
30397329,31,0.03142486676441348,0.030196617682041935,0.06681110758201371,0.022080311481279164,8,0.3333333333333333,12
30398035,33,0.03395048875897231,0.021770685251949674,0.02101388447751713,0.02126837684793576,17,0.0,16
3043304550,33,0.05575871539608174,0.03896255926901178,0.06724443032805481,0.04217711920166202,1,0.0,3
3043317657,39,0.12675625695612264,0.08770319209690253,0.06724443032805481,0.09922654588999277,2,0.0,4
3043618347,33,0.0401081513538973,0.04593097453665982,0.030565650149115827,0.04137718050695226,4,0.0,3
30438135,45,0.13190717510921393,0.13362373912540706,0.06724443032805481,0.12280692540167407,2,0.3333333333333333,3
30442560,09,0.037612477062388204,0.07257764568375658,0.044540738388009135,0.07649917212072832,1,0.0,30
30446015,15,0.036936148353678276,0.05115678453997019,0.04803173594861058,0.07736512994592148,3,0.0,5
30454707,33,0.06403049286631632,0.06035237680800192,0.07423456398001523,0.06193090054001186,9,0.0,3
3048023118,15,0.03976788298659132,0.10777368717636236,0.037358016848919345,0.07518282283133693,1,0.0,4
30481196,34,0.07911438832713179,0.06380850886038321,0.05603702527337901,0.06464793248360938,2,0.0,3
3050711045,34,0.03867880135236412,0.04766725155466279,0.06724443032805481,0.03998113249650996,11,0.42857142857142855,7
30511419,77,0.00749743044237233,0.009147828190948665,0.048031735948610585,0.01914145176889107,5,0.0,4
30530447,55,0.1225152456933564,0.16090407220446037,0.04202776895503426,0.23117044067225337,11,0.0,4
30540001,33,0.0699433348955695,0.04832751825539833,0.04202776895503426,0.042972470669473004,38,0.0,26
3054621957,33,0.03575211822088948,0.03918925148323123,0.037358016848919345,0.03741325501415769,6,0.0,5
30559953,09,0.037605336250051725,0.033190707789596784,0.05603702527337901,0.030073488509162034,2,0.0,3
30563645,45,0.46202569052766307,0.5655039726516904,0.2595802390711415,0.6056927132353527,5,0.6666666666666666,3
30574751,30,0.14771578692877768,0.16736644787826443,0.07032748166527758,0.1329124519903227,10,0.0,9
30574751,50,0.056957148920849916,0.06474393920228007,0.07032748166527758,0.06300890715779774,1,0.0,3
30578379,33,0.015862555948324128,0.009613031955279782,0.037358016848919345,0.013155910946651117,2,0.0,11
3058118937,30,0.03566000608563086,0.024871180971073308,0.06724443032805481,0.035598095655919995,6,0.0,3
3058415783,33,0.014415086498136031,0.017574916461447657,0.04202776895503426,0.029720623265985017,6,0.0,3
30586931,90,0.04937777718302346,0.0295836608033552,0.025863242433867235,0.030627486407986237,2,0.16666666666666666,6
30592901,79,0.040005566959261704,0.039729579784612085,0.06724443032805481,0.05452572958457548,2,0.3333333333333333,3
30604691,71,0.3821973857276816,0.37326953028168064,0.13362221516402742,0.3766678925652298,9,0.3333333333333333,6
3061821055,33,0.043933427645308644,0.03521267028449517,0.030565650149115827,0.04064448098665578,7,0.0,6
30619226,50,0.09356326443800553,0.04097543090022178,0.04202776895503426,0.0552823126035418,1,0.0,3
3062219036,45,0.11018041048712138,0.08640678295169144,0.06724443032805481,0.0946550844811071,1,0.0,3
30635431,34,0.030894911239820428,0.016952271176377244,0.048031735948610585,0.026493686477744968,1,0.0,6
30636739,15,0.05429234061196623,0.035220582964309216,0.0973425896516781,0.05038821611393129,15,0.0,14
30643369,15,0.10007239619166218,0.07703262439095143,0.024015867974305292,0.11162196482023647,13,0.0,9
3065013000,33,0.06789793673106802,0.04431323972180286,0.06724443032805481,0.03441508161244288,8,0.0,3
30652504,85,0.1395109211705523,0.13906092595061403,0.05603702527337902,0.20456613191839032,10,1.0,3
30658663,34,0.023017536285751677,0.01678845099889706,0.028018512636689506,0.017008007876070392,3,0.0,4
30674051,22,0.08501870699795254,0.032893986312413546,0.13362221516402742,0.06758388031302706,4,0.0,3
3068221067,15,0.07700747213437589,0.060697316482757134,0.06724443032805481,0.08119301117518764,12,0.0,3
30692374,48,0.061311696990825205,0.034970303662720345,0.08908147677601827,0.03263760310343127,7,0.0,4
3071706960,15,0.04524625360621425,0.025171141748473003,0.06724443032805481,0.05878158307994823,1,0.25,8
30722204,16,0.05384272553174726,0.04936757627855711,0.07582323071909713,0.04375539734708087,6,0.2,5
30722204,31,0.053638754657763535,0.06401437125818674,0.07582323071909713,0.02836265991121416,5,0.2,5
30722204,34,0.08017676653458182,0.06753862070908118,0.07582323071909713,0.06399175338478266,10,0.0,8
30726680,38,0.021797041298257512,0.018907514914313184,0.028018512636689506,0.02928930140298614,4,0.0,4
30731879,45,0.3003035870371516,0.2611784457976353,0.19468517930335616,0.3037294770692661,5,0.25,4
30732375,45,0.6104652321891939,0.5180589705783645,0.555748143442685,0.5543984962657507,10,0.8181818181818182,11
3073606757,03,0.054658046507328154,0.05787887838315165,0.03362221516402741,0.06152080686434893,32,0.0,25
30757072,03,0.04661382755286878,0.03726581834636212,0.09044444324814023,0.03840464829641691,3,0.0,3
30757072,15,0.03655642065983588,0.04075112539104196,0.09044444324814023,0.06112007888633348,31,0.08695652173913043,23
30765625,33,0.054424999440484824,0.06716622303203759,0.08061782584220081,0.06508538771187002,81,0.125,56
30768013,55,0.1617863207894298,0.12134867857135358,0.04803173594861058,0.118397156125375,3,0.0,4
3077012283,15,0.08028953458742866,0.1194810264167015,0.05603702527337901,0.14387078910722775,1,0.0,3
3077403474,79,0.016674255918215468,0.008909727834453315,0.025863242433867235,0.015234950290560306,2,0.0,15
30782174,48,0.0320640085813384,0.017807437049547802,0.048031735948610585,0.021903323146881464,1,0.0,3
3080600976,33,0.058876581703546954,0.07124302532530936,0.06724443032805481,0.06473163054128334,2,0.0,3
3081011778,03,0.014699735614581898,0.03421635340944807,0.04202776895503426,0.047410403301826075,1,0.0,3
3081506022,09,0.08382262506797687,0.029318072108514413,0.05603702527337901,0.05179247964930476,1,0.0,3
3082217193,90,0.07508936242699071,0.061386278039928056,0.06724443032805481,0.06279453423907477,7,0.0,7
3083615123,33,0.03884069439788706,0.041695319946307305,0.03362221516402741,0.03865021126319677,7,0.0,6
30860173,66,0.01794771668899439,0.04275564570294735,0.048031735948610585,0.04497787049483269,13,0.0,14
3087506383,03,0.03307354877184982,0.04320177304793338,0.017816295355203654,0.03902675536285511,6,0.0,4
3087506383,15,0.04603373474165273,0.06349230128479226,0.017816295355203654,0.06866869694616794,70,0.0,44
3088012066,33,0.06571552902462378,0.03662650578207579,0.05603702527337901,0.03797358408730006,3,0.0,3
30886474,33,0.05518411162764524,0.0319999922774355,0.10157487615827278,0.036949291033347265,4,0.0,3
3089205550,15,0.048319444499472924,0.04673295589299545,0.05603702527337901,0.05344490036843161,4,0.0,5
30894003,55,0.15107608754461074,0.12528067533001297,0.048031735948610585,0.1374208491110483,8,0.0,6
3091119647,33,0.1812092917512904,0.08158043078812346,0.06724443032805481,0.10125816911673041,2,0.0,4
30922538,50,0.044235406690298566,0.021582468494390362,0.048031735948610585,0.019119225843074975,1,0.0,4
30928420,50,0.057053930437296306,0.06299332284482838,0.03735801684891934,0.0473734341987137,7,0.0,3
3093314090,18,0.10458294887290896,0.064632350758193,0.05603702527337901,0.060678297472953606,1,0.6666666666666666,3
30941257,03,0.050676820845245996,0.04594303392789796,0.16687301083144815,0.03860342217108487,4,0.4,5
3095115790,09,0.038270435038925694,0.04719584758878895,0.05603702527337901,0.029077728259126044,2,0.0,4
30955757,15,0.09744498938381108,0.12926385202678362,0.12147474105820674,0.12242104019779135,10,0.0,6
30956420,71,0.5158601499298191,0.3609478178213317,0.19088887880575345,0.4137405007901176,6,0.8,5
30972388,30,0.08046154347713173,0.08977928083841616,0.028018512636689506,0.06486177049613336,7,0.0,5
30976452,16,0.04468738157709718,0.0600925968208268,0.024294948211641344,0.0517920629372571,6,0.0,13
30976452,34,0.07661901140799504,0.05722839485080775,0.024294948211641347,0.05473579951453541,2,0.0,3
30976452,43,0.023286232133760503,0.04382630019979654,0.024294948211641347,0.06572371975313798,2,0.0,3
3102506983,37,0.1779695276251063,0.15786766306889954,0.06724443032805481,0.1629757074354795,1,0.0,3
3105917824,55,0.007819061640386144,0.013135895698173241,0.03362221516402741,0.016785344166738235,5,0.0,5
31072342,45,0.26031244700335193,0.19754955609761546,0.05603702527337901,0.20227232629596528,6,0.6666666666666666,3
3107802398,92,0.25018111393642106,0.22769503895661186,0.048031735948610585,0.2019905383963644,1,0.0,3
31078365,09,0.07129980188082924,0.09574745253843706,0.02101388447751713,0.08416795699368802,8,0.0,5
31078920,33,0.10172787129293481,0.09516918978029029,0.05603702527337901,0.10092561455928709,4,0.0,4
31091208,30,0.08760901077953923,0.10483207723794637,0.027837961492505715,0.09843495680569259,10,0.058823529411764705,17
31091208,32,0.07263066461155478,0.08159859358891777,0.027837961492505708,0.07072135197037817,7,0.14285714285714285,7
31091208,48,0.041843017925962935,0.05246490504890675,0.02783796149250571,0.04238138521948005,9,0.0,8
31091208,72,0.08263563289303304,0.07580922636502462,0.02783796149250571,0.12876638536099627,3,0.0,6
3109304482,50,0.03642190905170577,0.02528824021446066,0.10278631935694417,0.04933536359461643,2,0.0,4
31096185,50,0.11858068598663417,0.11133986460451395,0.016811107582013703,0.11114893597255865,6,0.0,5
31111009,31,0.04575994379771449,0.17731382777848848,0.059903132093340354,0.16675391551628663,4,0.0,3
31111009,32,0.053546676325950546,0.19860292036998387,0.059903132093340354,0.1041375618280131,1,0.0,5
31111009,38,0.021085649718824356,0.03043642105098287,0.059903132093340354,0.03948944439963912,2,0.0,11
31117042,33,0.0372742690741063,0.055122048302727156,0.05420277689550343,0.06419400478201234,41,0.0,44
31150069,50,0.04611958019242804,0.053229170100376894,0.05603702527337901,0.05527873390215106,1,0.0,3
31154435,66,0.03583425639632314,0.02938353488293609,0.05603702527337901,0.023485021306271222,12,0.0,5
31166456,31,0.06306019167370637,0.0395238936251214,0.028018512636689506,0.037670499844096435,15,0.1,10
31175036,79,0.04343533260523882,0.05533098669034634,0.015282825074557912,0.0628463090532421,10,0.08333333333333333,12
31192638,30,0.04552666776911438,0.06736537628466625,0.03362221516402741,0.07040089741434036,1,0.0,6
31198357,34,0.034679351101502165,0.028268967860889505,0.16687301083144815,0.039690923058228196,1,0.25,4
31223828,71,0.39896421766176393,0.4486724756512562,0.05603702527337901,0.3896470784704364,1,0.0,3
31259168,15,0.058984692174397405,0.06472046167446135,0.0805593845393198,0.06522250028355105,65,0.05,40
3126816851,09,0.06860936401867655,0.0414573892436139,0.04202776895503426,0.039313737411995626,6,0.0,6
31277611,38,0.039205816122487004,0.03284092140213972,0.06724443032805481,0.035905816269188116,1,0.0,3
31287944,33,0.05998002618210614,0.059080809737736543,0.030565650149115827,0.05650961430879658,8,0.0,10
3129204077,33,0.0884447076828128,0.07894293439060047,0.06724443032805481,0.06986787169238988,3,0.0,4
31299436,72,0.10439287032751589,0.05492697306413116,0.05603702527337901,0.04517896028379332,2,0.0,16
31299514,44,0.039362828540642596,0.0442057417057378,0.06724443032805481,0.02720882884772578,2,0.0,5
3130700943,33,0.058971655748954646,0.042373497847857176,0.030565650149115827,0.03426190200478464,2,0.0,6
31317122,33,0.06966216864937491,0.0618855313889016,0.06724443032805481,0.07889417452222541,2,0.0,7
31337633,09,0.013299552809273042,0.020445118538144624,0.030565650149115827,0.02032129267432551,1,0.0,3
3134016167,39,0.11838668660400549,0.12623265106593298,0.06724443032805481,0.12216398649602302,1,0.6666666666666666,3
31341901,42,0.07815840502507007,0.11939268636122258,0.048031735948610585,0.15744563639059578,2,0.0,3
31345733,15,0.06479374062066989,0.039654822713003225,0.048031735948610585,0.05258687962068377,8,0.0,9
31348357,15,0.015555692522677316,0.030184086503436847,0.02101388447751713,0.036158393713943374,7,0.0,4
31349261,09,0.03755138459049218,0.04958610137988545,0.02401586797430529,0.06267791835399698,3,0.4444444444444444,9
31351527,33,0.020822642293041975,0.025494561239011383,0.006113130029823165,0.02417635743634639,20,0.0,51
31351527,38,0.029687068428145485,0.03031974808879202,0.006113130029823165,0.0428086547634782,3,0.0,3
31364143,44,0.02878866480870653,0.021441837867273453,0.05603702527337901,0.023157439469134608,2,0.0,3
31393258,71,0.26402946664865035,0.24366666630474568,0.04202776895503426,0.3381789037307195,3,0.0,4
31423376,33,0.026811641610606788,0.01595487533531172,0.14846912796003045,0.01829330813859558,7,0.2222222222222222,9
3144212445,39,0.12521208837482978,0.1250574340854913,0.06724443032805481,0.10288329485031796,6,0.0,3
3144912330,33,0.03500656100869287,0.035151688300607255,0.05603702527337901,0.030204448370585522,2,0.0,6
31467020,33,0.06668643965197978,0.07292428261809179,0.019777773625898474,0.21336377019999012,1,0.0,3
31473118,33,0.020152490333575992,0.04368092857114808,0.2409012306466819,0.031942926827992595,2,0.0,4
31481658,45,0.39324313140326506,0.4814141324976109,0.10840555379100685,0.46768915093974683,9,0.4,5
31483723,71,0.08738822418840728,0.06714445265697695,0.06724443032805481,0.0990399018611721,2,0.0,3
31484879,15,0.06073314832649466,0.08687542953231091,0.06724443032805481,0.061163532282551676,8,0.14285714285714285,7
31488758,55,0.025783471575005643,0.02396561276876292,0.05603702527337901,0.03119327017724843,2,0.0,3
3149201037,15,0.014254423912109722,0.02121027960396566,0.028018512636689506,0.030473292879097915,8,0.0,10
31497254,45,0.15248122690423419,0.17925020740213085,0.03362221516402741,0.1773372094836176,3,0.0,3
3149920876,03,0.06138879869952133,0.08013445129322387,0.16702776895503427,0.09369232463678843,1,0.0,3
31506682,38,0.03641196293654827,0.03484890359938715,0.025863242433867235,0.04628798179658788,1,0.0,4
31526583,32,0.02460290668723598,0.04692336298561945,0.017695902717909162,0.0419777597530657,3,0.0,3
31526583,39,0.03840511175491235,0.044425733743342244,0.017695902717909162,0.05009176061552196,3,0.3333333333333333,3
31541926,45,0.6023578127271422,0.430478116867112,0.29202776895503424,0.5094845215512552,2,0.4,5
3154717680,15,0.03945493619042264,0.02945267027500334,0.06724443032805481,0.02585563276573694,7,0.0,4
31559190,44,0.029569155710736695,0.020096083314289963,0.028018512636689506,0.02911498103059324,1,0.5,4
3156811574,44,0.05594050375305143,0.06459841598290411,0.048031735948610585,0.0671928014862766,2,0.0,3
31572294,33,0.055907640481298704,0.06628494119124362,0.025863242433867235,0.056901466495909055,7,0.16666666666666666,6
31607028,38,0.0371448141299112,0.027908840557656106,0.02401586797430529,0.03348118449343756,3,0.0,3
31607028,39,0.03556553306138949,0.03346731069972452,0.024015867974305292,0.04221258269194915,1,0.0,5
31607392,50,0.038754368845109625,0.02964566387168065,0.02101388447751713,0.024412662774651678,1,0.0,3
31631511,22,0.047955782613757235,0.04164861395621423,0.04202776895503426,0.06999945138947511,4,0.0,4
3163207286,15,0.013443309300300818,0.021371450501412724,0.048031735948610585,0.021041319357305854,1,0.0,3
31650052,66,0.04589101905577067,0.05137800053182437,0.14846912796003045,0.061218543703233465,6,0.0,3
3165211254,55,0.13257177471192927,0.11992189331178468,0.028018512636689506,0.20940956639771552,8,0.0,11
31676353,15,0.05215877749819359,0.035048715614868005,0.04803173594861058,0.03931927279940952,6,0.0,7
31680066,33,0.05606726688637245,0.052308735200598346,0.05603702527337901,0.042586261884967794,4,0.0,5
3168209595,03,0.036681531324298605,0.0331768125807671,0.012007933987152644,0.03516834852386163,3,0.0,4
3168209595,15,0.05831549449949981,0.05533395783800476,0.012007933987152646,0.05542134780412555,14,0.25,8
3169004820,15,0.08695547267467714,0.05494613633509471,0.06724443032805481,0.11828960528995877,1,0.0,7
31694681,79,0.021169042945536433,0.021002857211958388,0.06724443032805481,0.01583095820836765,2,0.0,8
3169712593,30,0.11856943351672179,0.08121404015364549,0.05603702527337901,0.07104938218568635,6,0.0,3
3169805834,33,0.0912910567551743,0.1040396443134632,0.06724443032805481,0.08841048011429657,1,0.0,3
3170603228,72,0.09363603128939249,0.03604093637015926,0.06724443032805481,0.019236605026801277,1,0.75,4
31720260,72,0.045143937258377724,0.051318704398265726,0.022414810109351604,0.059220953047945835,3,0.0,6
3174619494,30,0.08440760615143518,0.09243994294975665,0.06724443032805481,0.0992329742300695,8,0.0,3
3175309695,15,0.08918719062891203,0.06548501548634769,0.05603702527337902,0.06114557147856271,10,0.0,4
31779471,45,0.02141837600812596,0.028007449012040816,0.025863242433867235,0.024173869668373062,4,0.0,7
31789596,45,0.31567727223753606,0.3798950512253794,0.028018512636689506,0.28459518552710594,7,0.25,4
31798269,45,0.26533530330222893,0.20161808732691552,0.19088887880575345,0.28323869970732907,3,0.0,3
31803954,50,0.07997658108366665,0.04550139135777882,0.048031735948610585,0.04254786461112154,5,0.0,3
31806976,33,0.03174795573585144,0.04402705526374476,0.022414810109351604,0.04135310457548281,2,0.0,9
3180820003,15,0.04722542075100944,0.03401979208573824,0.06724443032805481,0.039600935990126096,3,0.0,3
3181110777,33,0.033288274800508805,0.03160583767811632,0.037358016848919345,0.035336019156150686,2,0.0,4
31813171,34,0.06927113080727373,0.03039771553053306,0.06724443032805481,0.029406000250601298,1,0.0,3
31816235,15,0.06277619310977704,0.0328941345910417,0.11112962917718124,0.04271278382652385,3,0.0,3
31816235,33,0.06612140189310912,0.07284402513330097,0.11112962917718124,0.07247120567974237,6,0.0,9
3182604435,03,0.044312761190467745,0.03914843707502608,0.048031735948610585,0.04377083708915298,1,0.0,4
3182604435,15,0.06498827658314597,0.10772060859702003,0.04803173594861058,0.08492497313320002,3,0.0,7
31830396,45,0.6307957242114265,0.6827634309627069,0.06724443032805481,0.7278386649702433,1,1.0,3
31852954,09,0.06063337853496963,0.060436318695646134,0.024015867974305292,0.06041764587837985,17,0.0,4
3186006937,33,0.038469597927673016,0.050182464542333216,0.019777773625898474,0.03445427044753839,2,0.125,8
31862978,18,0.025789532765808913,0.03846827291838938,0.04202776895503426,0.034210256112469827,4,0.0,8
31867934,30,0.07517606448739031,0.06677067168293829,0.030565650149115824,0.06975222023238623,10,0.0,9
31874826,33,0.042055358926538916,0.05833469432417381,0.03362221516402741,0.05809843028673395,6,0.0,6
31877277,15,0.05076436875669253,0.05597473402086123,0.06724443032805481,0.055277627734726706,2,0.0,4
3188510136,15,0.02426688155054293,0.02018310806775876,0.06724443032805481,0.02575720998848161,3,0.0,3
3188815471,33,0.09791922335299678,0.055511977661321855,0.06724443032805481,0.061797644340706365,1,0.3333333333333333,3
3190024516,33,0.06256996464400834,0.04112636619185881,0.06724443032805481,0.04765132741686836,3,0.0,5
31915956,09,0.05538317969910908,0.07383694319889758,0.0438976598900036,0.06606933806853188,57,0.0,9
31918234,45,0.12277657510034251,0.3030296650978369,0.010188550049705276,0.26989088668871264,4,0.3333333333333333,3
3193315959,33,0.04393408644567806,0.033541229283150835,0.04803173594861058,0.040129475664020586,3,0.0,3
31939411,30,0.08452154879099162,0.06019406015641019,0.04202776895503426,0.06112952734355425,12,0.0,9
3196007019,15,0.013707539229730815,0.015111040723863165,0.04202776895503426,0.019862473428308644,1,0.0,3
31964715,45,0.27878030175847573,0.2963271582887201,0.2168111075820137,0.23515990017046393,17,0.42857142857142855,7
32036829,14,0.015844800333108144,0.042808891096686764,0.016811107582013703,0.07100851334381494,1,0.0,6
3205712411,30,0.016937833843404356,0.05447451704086908,0.04202776895503426,0.03591723255719887,1,0.0,3
32066539,33,0.03033658082697023,0.01659313810887851,0.025863242433867235,0.02394440495204715,4,0.0,12
32068913,22,0.07055648918453082,0.06871465686877343,0.028018512636689506,0.09599037382659531,6,0.0,13
32077336,34,0.06038713161541005,0.04700497163347638,0.04202776895503426,0.04285697281852504,1,0.0,3
32081955,79,0.12412956200124256,0.09909409451464433,0.06724443032805481,0.051816541764042975,1,0.0,5
32087902,45,0.21879339261358538,0.22186893993935683,0.14846912796003045,0.25365239756686214,5,0.0,3
3212206540,33,0.034090313055332805,0.03178633843462596,0.048031735948610585,0.04901017352267674,1,0.0,5
3212206540,50,0.013704790134099237,0.005455676062414232,0.048031735948610585,0.005340321816182612,2,0.0,3
32126702,33,0.044495406689082556,0.05336213153693782,0.13344888606561095,0.060988310645735205,17,0.0,19
32140051,37,0.08786709043366162,0.0866480158622856,0.33348537640211967,0.2134734680523156,2,0.0,3
32150929,30,0.13456380601986936,0.08958697733446971,0.030565650149115827,0.06935528317914114,2,0.0,7
32157279,33,0.05175960717740032,0.06360850812652334,0.04767800309469947,0.06579419859052067,27,0.11764705882352941,17
32157279,38,0.10507503649568325,0.2065403566839117,0.04767800309469947,0.22342125189544143,1,0.0,3
3215814315,03,0.022696660544149896,0.0472838825816074,0.04202776895503426,0.0356346345604443,1,0.0,5
3216001223,50,0.19811958926199796,0.19199830470949278,0.06724443032805481,0.09529890196939063,2,0.0,3
32162049,72,0.07670881354682313,0.05801198381821559,0.2227036919400457,0.09007110316469369,4,0.625,8
32168763,22,0.13571854219902288,0.14224198728490672,0.06724443032805481,0.11492928640137956,5,0.16666666666666666,6
3218721957,50,0.023539479567954717,0.02241226677014619,0.06724443032805481,0.03387126786943053,1,0.0,5
3220811985,33,0.01925841513652214,0.01884892700101448,0.048031735948610585,0.02167607090360316,2,0.0,3
32210799,39,0.06274712747544114,0.03072478852862699,0.06073737052910337,0.03281022387078918,2,0.3333333333333333,3
3221701201,33,0.06383952945804544,0.0550686234869732,0.06724443032805481,0.04607434201926384,3,0.0,3
32233780,15,0.043244522941559976,0.04774151775883779,0.06724443032805481,0.03987872427514544,6,0.0,3
3224610613,15,0.06376706848203718,0.08326258778993403,0.048031735948610585,0.061821801391055586,5,0.0,3
32250025,09,0.057390031445906445,0.05858191532409661,0.03362221516402741,0.06664322936075812,2,0.0,4
32256828,33,0.1159787501759243,0.08594412618401473,0.06724443032805481,0.08573605402607697,1,0.0,3
32262779,15,0.07982912517801323,0.06930468191591922,0.2052393135246259,0.06009961132582403,12,0.0,7
32290523,71,0.1668687143996506,0.11012727718787857,0.21238383196729763,0.09444121491297112,3,0.0,5
3229604298,33,0.03469388698125144,0.02255048978576919,0.06724443032805481,0.033112344236984816,3,0.0,5
32298653,15,0.09219994629182171,0.05759253524656775,0.015282825074557912,0.056390341608235174,10,0.0,12
32304724,33,0.01325968636723315,0.01243795573281726,0.14454073838800913,0.01354197148583575,14,0.0,8
32316792,15,0.03540151954779884,0.03590670018354933,0.04202776895503426,0.03800097277336032,5,0.0,3
32318370,44,0.0548903506479286,0.0535911158896639,0.05344888606561096,0.049919239587213504,12,0.0,8
32338465,39,0.1437104332871023,0.16235359574719677,0.03362221516402741,0.1938167999569195,4,0.0,3
32343522,45,0.46917045875064867,0.3072259226091273,0.4336222151640274,0.3331733867161967,1,0.0,3
32349901,71,0.35364293883632103,0.28227329742692725,0.09544443940287672,0.2541417945617629,9,0.0,4
32350021,71,0.38287462207147865,0.3187246758861504,0.06724443032805481,0.449625951847779,3,0.0,4
32365441,09,0.15608891922552334,0.0940150287109756,0.07787407172134246,0.08327976887801669,7,0.0,15
32376626,34,0.05657323281795687,0.03580162462305874,0.13362221516402742,0.04641316329121602,8,0.0,4
32391576,72,0.061850811658883946,0.03988815650846032,0.05603702527337901,0.04295808047149102,8,0.5,4
32393788,24,0.2294609694158229,0.12277217961726498,0.06724443032805481,0.17443487260162735,2,0.0,3
32393877,18,0.04124755826989972,0.07699965691044784,0.014618354419142351,0.05695412364290792,5,0.0,8
32398592,72,0.013481163608469984,0.014747029417826244,0.05603702527337902,0.014462090023401148,5,0.12,25
3241312508,33,0.053784888012705256,0.03362806966733038,0.06724443032805481,0.03880437528924979,4,0.0,5
3241508638,33,0.0955676281989398,0.053773627342397684,0.06724443032805481,0.0621053857362692,2,0.0,3
3241516110,33,0.07541817508827814,0.07034668366243721,0.06724443032805481,0.07527467884097495,1,0.0,3
32423953,45,0.11994476794683978,0.1488599006368814,0.02101388447751713,0.11265449387394458,1,0.15384615384615385,13
3242713995,79,0.040653490418424025,0.022942718613207472,0.06724443032805481,0.05232382452831427,1,0.0,7
32454672,50,0.2493704305178939,0.2832449696982509,0.06724443032805481,0.27905821079525844,1,0.0,6
32489155,09,0.03355900931194146,0.0474655697468453,0.04019544761012378,0.05224754958860689,61,0.0,11
32490244,37,0.05828111808102572,0.12977543678631698,0.03771560804547782,0.1743204335698317,8,0.75,4
32490244,39,0.025550123362838593,0.024557346077099043,0.03771560804547782,0.02469821553535248,25,0.1111111111111111,18
32490244,42,0.11047178334160136,0.11938958900032785,0.03771560804547782,0.1520716458594955,3,0.0,3
32490244,44,0.03996405794021894,0.04142417071257283,0.03771560804547782,0.03698441866256911,43,0.02702702702702703,37
3251417444,15,0.051364649946427685,0.09197509929573365,0.06724443032805481,0.08964229638985062,1,0.0,3
32521649,03,0.060520172629794054,0.06127327942716648,0.09426569894870161,0.05276652956837207,7,0.058823529411764705,17
32521649,15,0.0517520815732157,0.05443609669991956,0.09426569894870161,0.06494035086908027,29,0.0,44
3253601027,33,0.09772367875312211,0.06282405605542496,0.06724443032805481,0.07151291722034872,4,0.0,4
3255423077,03,0.05659800533551743,0.045290906826077594,0.06724443032805481,0.04592853249855203,3,0.0,3
32556556,42,0.05574852395680779,0.12231063758205242,0.02586324243386724,0.09679454401829528,3,0.3333333333333333,3
3256318241,33,0.01983154283965588,0.01931739993624669,0.037358016848919345,0.019182054398963123,5,0.0,5
32563804,50,0.01521080812586968,0.08379262521395171,0.02101388447751713,0.10936956341242852,3,0.0,8
32565288,39,0.032419870890059696,0.035286010176191575,0.04202776895503426,0.028869271147303487,7,0.0,10
32577984,34,0.0360392939876721,0.04624496424979741,0.03362221516402741,0.05665695932259371,4,0.0,3
3258109355,45,0.16417401827530156,0.14757436631896848,0.06724443032805481,0.1507777807185749,4,0.5,4
3258518842,03,0.039579231240877887,0.05097166199919084,0.06724443032805481,0.039376149205088806,5,0.0,4
3258718686,15,0.13771755485057693,0.07509739285511526,0.05603702527337901,0.060874378789351855,1,0.0,5
32587888,38,0.085135620872936,0.035194625317688404,0.06724443032805481,0.03846040505945897,2,0.0,5
3259515082,15,0.02275612164550812,0.031158733580710925,0.03362221516402741,0.03627276800370659,5,0.25,8
3262415604,33,0.03314775328014359,0.023901622755248216,0.06724443032805481,0.02516275484612527,2,0.0,4
32625535,45,0.7318144544055217,0.7206725690487784,0.06724443032805481,0.7168209761911251,1,0.6666666666666666,3
32628997,15,0.03006692885024461,0.05271969068496993,0.04202776895503426,0.04226640719703425,1,0.0,3
32635131,90,0.040651606137512994,0.03080538374266184,0.06724443032805481,0.02932051326576842,7,0.0,4
32639930,71,0.06534918441162857,0.07040493019436278,0.04202776895503426,0.04550234425442796,4,0.0,4
32639930,90,0.036186036830924195,0.06564298026479418,0.04202776895503426,0.045575832655995345,5,0.125,8
32654545,09,0.06647405540567061,0.06336292557924723,0.04202776895503426,0.05900165855816698,132,0.024390243902439025,41
3266504459,77,0.04060300238480622,0.046932141865713595,0.037358016848919345,0.051830524547265465,6,0.0,4
32670703,34,0.0697466323431131,0.06533842761316434,0.07758656166605288,0.0630497556903415,16,0.0,23
3267215532,33,0.03552627999867323,0.03392808821527844,0.06724443032805481,0.04133267900023261,3,0.0,4
3268504151,15,0.02824344010289551,0.025238626994043056,0.030565650149115827,0.03899537502606622,14,0.0,4
32693102,45,0.05584158189169601,0.08301723637079592,0.06724443032805481,0.03284464855396285,1,1.0,3
32704590,15,0.04984829076969393,0.041409284025068153,0.048031735948610585,0.06533462264968841,4,0.0,3
32713453,45,0.4436019338158348,0.38182973861959146,0.06724443032805481,0.34800045331877694,2,0.25,4
32727466,45,0.3281509020650517,0.3484644888921374,0.1398781339238798,0.3222287078878648,36,0.07142857142857142,14
3272908800,03,0.06691653703050103,0.05844762797958364,0.19088887880575345,0.06920042011546525,1,0.0,3
32730526,03,0.03022953275988666,0.0322732407851584,0.03362221516402741,0.02368933922390315,2,0.25,4
3274300853,15,0.015593549824593114,0.026044073498751222,0.048031735948610585,0.033650891928357504,2,0.0,3
32751546,03,0.06477744340802508,0.04682244119322156,0.03362221516402741,0.05731342406934355,1,0.0,5
32751546,15,0.05839596115565116,0.0518575584800639,0.03362221516402741,0.05545497942019028,11,0.25,16
3276101587,03,0.04561190192273169,0.0520546724373427,0.048031735948610585,0.05243099523923806,1,0.0,7
32774165,39,0.20193020776495044,0.1893726562280084,0.06724443032805481,0.18965877112331705,5,0.25,4
32819771,39,0.12965523026737494,0.0766113695857775,0.08351388447751713,0.09717877759684965,4,0.0,9
32828388,43,0.03900233824057587,0.07012326882648719,0.08343650541572407,0.09976294844490328,3,0.0,10
32828388,50,0.022401003231858008,0.11041875759544853,0.08343650541572407,0.07524250630124947,2,0.16666666666666666,6
32833094,72,0.023250091269532227,0.01358048772537681,0.06724443032805481,0.018859708292244245,18,0.75,4
32835987,45,0.4088454884016911,0.3020022017421233,0.14601388447751712,0.28758824161086183,5,0.0,7
32851616,45,0.8130250060699306,0.7832982867404444,0.34578600561630646,0.8024434427981257,29,0.9,20
32861210,34,0.14631375597777402,0.21629552901890708,0.06724443032805481,0.1695222093991249,1,0.0,3
3287813604,15,0.05289063847877561,0.032547023915956465,0.3337460216628963,0.04141311334523996,2,0.6666666666666666,3
32881326,30,0.14369753810754837,0.14714300647126213,0.022414810109351604,0.1073597813771763,4,0.125,8
32917708,50,0.20076257063495895,0.35964525996389674,0.05603702527337901,0.2645378307317431,2,0.5,4
32923203,09,0.03260585544512787,0.040520163848506825,0.03362221516402741,0.03022968044132438,2,0.0,3
32934959,15,0.015934969704759012,0.029464915038795884,0.024015867974305292,0.04692583699548117,2,0.0,10
32938047,09,0.024099528246289838,0.030500132825305778,0.006465810608466809,0.033052394320352674,13,0.0,14
32962186,31,0.03251550864865739,0.018148757233858823,0.022414810109351604,0.027560669411533723,1,0.0,5
32983765,48,0.042745269441097695,0.039817582321379316,0.037358016848919345,0.033369841110864176,5,0.0,6
32990002,24,0.01517936792149559,0.015585445416924438,0.011593867297940486,0.017693628301501833,14,0.09090909090909091,11
32990002,33,0.06718988989011117,0.05012537384096046,0.011593867297940486,0.04337961458771491,3,0.25,4
3299510931,72,0.061499627987301485,0.10000320157820237,0.06724443032805481,0.06303255678333147,6,0.5,4
33001226,45,0.24014873411667217,0.3356029860241874,0.028018512636689506,0.2788700785657405,1,0.0,4
33010822,34,0.04755802336931317,0.03803444573867013,0.036114112206493895,0.04465188117767042,24,0.0,14
33020233,45,0.15848356127762556,0.17037186878994215,0.09544443940287672,0.15896820702344577,9,0.0,3
3306018560,15,0.07445765319460011,0.0725330968644478,0.06724443032805481,0.12131022876752566,3,0.0,3
33075701,24,0.04755841252372265,0.05598378857854538,0.030565650149115827,0.06133784337179595,3,0.0,4
33078655,79,0.04829122060396443,0.05335098969294551,0.29202776895503424,0.07820109679818797,2,0.0,3
33086430,48,0.06475303641683679,0.03575697839910208,0.06724443032805481,0.05476417139975731,2,0.0,5
33090871,44,0.06640760244063093,0.07137071964205616,0.08985469814001054,0.06857472977497367,18,0.0,9
3310802034,33,0.04831472140762594,0.0489126393920572,0.04803173594861058,0.05021476562631902,3,0.0,4
33109363,50,0.10131254652442957,0.0572831777725747,0.04202776895503426,0.07429918337670316,1,0.25,4
33124465,09,0.07050458283111756,0.07127207403507986,0.037358016848919345,0.06189557317498188,8,0.0,3
33127487,79,0.07664259878289831,0.060646880586045504,0.048031735948610585,0.04847840140393386,11,0.0,6
33142526,33,0.02611483383267767,0.051118251391008125,0.11135184597002284,0.06240304585553018,1,0.0,9
33152597,66,0.012929159509826973,0.019589985860512023,0.06724443032805481,0.026511259093623896,6,0.0,9
33154479,45,0.8084617897810935,0.8168657517033857,0.06724443032805481,0.808525592219417,2,1.0,6
33190684,24,0.033016426347397015,0.026758404117497303,0.06724443032805481,0.03873690516004822,1,0.0,3
3319308818,33,0.040195743249802976,0.03443846728714564,0.04202776895503426,0.04451572447397063,9,0.0,7
33221471,44,0.046163794267882016,0.04515930118228498,0.05603702527337902,0.05596956083194051,5,0.0,4
33221885,24,0.03414592763426917,0.047499650623014145,0.018679008424459673,0.04020767261592347,3,0.0,4
33254046,15,0.026278644738585266,0.04541374761709506,0.02801851263668951,0.05179934737622592,5,0.0,3
3328800518,03,0.06461763438909858,0.026984862554412403,0.04202776895503426,0.05025147707979807,1,0.0,3
3328800518,15,0.03455548893315049,0.03642431205058942,0.04202776895503426,0.024832687110477716,2,0.0,6
33290649,90,0.03354256975517247,0.028771843815936726,0.037358016848919345,0.050125840736238915,2,0.0,3
33295475,66,0.017543257433068626,0.021244305505243356,0.06724443032805481,0.02591505668332551,3,0.0,5
33300207,44,0.07712720564310124,0.03843448542874746,0.13900925631834474,0.03716886848303805,8,0.1111111111111111,9
33305671,24,0.20323416930101726,0.11126046459855414,0.19468517930335616,0.0849097100144532,3,0.0,6
33308206,33,0.014697567321422767,0.028816717271316072,0.017695902717909162,0.04046245740823545,5,0.0,3
33308688,45,0.22377218972654397,0.2588382952549748,0.07032748166527758,0.22358592646668446,1,0.4,5
33410877,39,0.02856389478200062,0.053009281205400084,0.012452672282973113,0.04625702108540643,2,0.07142857142857142,14
33415613,45,0.2729624310954341,0.11809096735632878,0.2227036919400457,0.11303436789768158,3,0.3333333333333333,3
33432796,09,0.03659032126743062,0.028954563692478508,0.037358016848919345,0.04334194829539745,6,0.0,6
3345211097,15,0.12862123286125618,0.06748132567099104,0.06724443032805481,0.08827034939620736,1,0.0,3
3345521117,15,0.09649378615343429,0.07912509499499289,0.2227036919400457,0.09056435189164387,3,0.0,4
3347915487,33,0.07484195818236682,0.10275174085282097,0.04803173594861058,0.09506568098594421,3,0.0,3
3352815378,34,0.03414300347766883,0.03980940725440201,0.048031735948610585,0.03303869133424987,15,0.0,8
3353712160,33,0.2690683065049523,0.26295054489129344,0.06724443032805481,0.2545045757751311,2,0.0,6
33555092,45,0.7394655712220151,0.766669858509974,0.06724443032805481,0.730330720575825,4,0.6666666666666666,3
33603690,33,0.0434368172036367,0.09416074471813524,0.017695902717909162,0.13782469978730683,3,0.18181818181818182,11
33609949,45,0.47977419219801015,0.5161939203982097,0.10278631935694418,0.564827733356176,5,0.0,3
3363504184,55,0.2754963745175775,0.25943452482846446,0.06724443032805481,0.38474427907356906,5,0.0,3
3363703914,37,0.06817896768109828,0.0708709889784301,0.19088887880575345,0.09917944808339979,2,0.2,5
33658865,45,0.7186420231647631,0.7374464338331052,0.2157712397541257,0.7462472051574253,62,0.6333333333333333,30
33667438,33,0.061573453649527196,0.06917955913539443,0.025863242433867235,0.05789388908013608,25,0.1111111111111111,9
33667686,03,0.04888963101149678,0.04460270807333169,0.024015867974305292,0.04381024293959614,9,0.0,7
33667686,15,0.06260172771712269,0.06319032083532566,0.024015867974305292,0.06731035616829825,18,0.125,8
3367908873,03,0.03787436347263902,0.056966513297649665,0.06724443032805481,0.025365662970256084,1,0.0,3
33703603,14,0.03419732203501203,0.02196880310571342,0.025863242433867235,0.03224602541559559,5,0.0,3
33761120,71,0.010537546579891732,0.018396026061368594,0.05603702527337901,0.022220459793041495,2,0.0,3
33768346,45,0.38289037219295674,0.4162250137621488,0.04175694223875857,0.3987980588112406,30,0.7142857142857143,28
33769732,31,0.2017849268467085,0.2538120432951783,0.028018512636689506,0.3055711363796552,1,0.0,3
33778270,45,0.5809137552163937,0.6444484243303393,0.03362221516402741,0.7639112051434808,1,0.2857142857142857,7
33786763,32,0.015931664881668976,0.061536310455199056,0.037358016848919345,0.046185303796047655,2,0.0,4
33816242,71,0.34899391161372645,0.24986764712579307,0.2595802390711415,0.24968091817632931,5,0.8,5
33816436,44,0.06887098033031659,0.1127013467603461,0.04202776895503426,0.08900653795846548,1,0.0,3
33833362,79,0.11349258348152169,0.13679631120367336,0.05603702527337902,0.11871621794480633,10,0.3333333333333333,3
33864982,45,0.23090264307613007,0.2607155626365283,0.048031735948610585,0.2476761467614807,4,0.6,5
33897028,34,0.08389347672506856,0.07740746603647174,0.06724443032805481,0.06503505565034115,4,0.14285714285714285,7
33908322,66,0.022815258440171533,0.02997107078445202,0.037358016848919345,0.03157530347112958,4,0.0,3
33925714,45,0.1327537699408632,0.12557530100091352,0.06724443032805481,0.1462947985011251,5,0.25,4
33951598,90,0.017123909143687582,0.027922296634061122,0.06724443032805481,0.038610059976370854,2,0.0,3
3396015717,45,0.06700147872620277,0.1011629364233027,0.06724443032805481,0.10237920911875412,2,0.0,3
3396114904,33,0.03613246223836972,0.0504848521034995,0.03362221516402741,0.06144777250511927,1,0.0,3
33966190,45,0.4531452812749665,0.40476269745731247,0.048031735948610585,0.3831235405643873,8,0.3333333333333333,3
33985407,33,0.05869686353009293,0.036080852593571695,0.15486507684429549,0.039768839711902544,9,0.0,5
3399013690,03,0.08947947337287498,0.06292827301182925,0.06724443032805481,0.060760095814231536,2,0.5714285714285714,7
34048360,33,0.105464587946117,0.08908334415242995,0.030565650149115827,0.09293314775789653,4,0.0,5
34055948,33,0.03451244508839936,0.036463193989894935,0.02801851263668951,0.04265267236985354,5,0.0,4
34084649,45,0.28424256538866877,0.25461885402986695,0.06724443032805481,0.26372858328409343,2,0.0,9
34094924,09,0.06797953726282444,0.03703030609520503,0.13742483244942788,0.04052385281593273,6,0.0,5
3409810255,33,0.0474359195448321,0.034609493724049714,0.04202776895503426,0.06715806581303353,2,0.0,3
3410708327,79,0.07210056191979161,0.05549106559220626,0.05603702527337901,0.09976280033068331,2,0.0,6
34168990,45,0.2666087023923591,0.2935654803227743,0.07423456398001523,0.26616669854641545,9,0.8333333333333334,6
34184403,38,0.04733905761734619,0.017009939279835126,0.05603702527337901,0.03106699310978006,2,0.42857142857142855,7
34200887,03,0.0282589379179107,0.0320062167894998,0.005094275024852638,0.02761523108702747,19,0.0,27
34200887,15,0.03832451012578123,0.03694055282152495,0.005094275024852638,0.048472879553678516,44,0.029411764705882353,34
34248190,34,0.10499126199189654,0.0918640235856657,0.10278631935694417,0.09723564081861956,7,0.0,8
34252469,45,0.7491298646026973,0.7614367951823044,0.18067592298501142,0.7553558019931316,49,0.8620689655172413,29
34253187,44,0.04445463870054446,0.03870627790527458,0.022414810109351604,0.03440308406035172,1,0.0,3
34257839,30,0.05014683036060146,0.027713559642451837,0.037358016848919345,0.04412064803463401,3,0.0,4
34260071,45,0.2082058658442925,0.251245885968971,0.06724443032805481,0.2277165753596426,2,0.0,3
3427811659,33,0.018984664818251045,0.02209076463537532,0.03362221516402741,0.02334264242198115,6,0.0,3
3427911418,03,0.028618142739558337,0.020898943512280724,0.06724443032805481,0.02278161230607051,1,0.0,4
34280208,45,0.29810011550719606,0.22374221173841488,0.16687301083144815,0.22398333467844392,7,0.42857142857142855,7
34291733,33,0.07064874472244438,0.05166310406723431,0.02101388447751713,0.05092800228584006,8,0.0,4
34294404,33,0.8395405395696587,0.8727211401047921,0.16702776895503427,0.9316051147157419,1,0.0,3
34294928,38,0.014752868974873498,0.02154844703171747,0.03362221516402741,0.019155358190595117,1,0.3333333333333333,3
3429705248,03,0.027138814276424485,0.022218811607349127,0.037358016848919345,0.024489891483185852,2,0.0,7
3429912067,33,0.05171180968480626,0.03538691477723956,0.06724443032805481,0.04027466285125113,3,0.0,3
34313966,44,0.06404621799127651,0.053488813961296885,0.06724443032805481,0.056855436938261096,2,0.0,3
34322677,50,0.15474102360241093,0.11341843830586083,0.04803173594861058,0.10933380803189462,3,0.5,4
34327586,45,0.6654638527109795,0.5851534621260344,0.048031735948610585,0.6744937039200734,2,0.75,4
34329599,45,0.4389321968017952,0.36718722449195385,0.2227036919400457,0.4287635127068396,3,0.6,5
3433507474,15,0.06498030614229217,0.04331344205362938,0.06724443032805481,0.051512153606545374,1,0.0,3
3434607933,33,0.09644418659643883,0.11490899280739729,0.04803173594861058,0.10714250480428288,6,0.0,3
34356004,50,0.021272178179179896,0.009033435038371724,0.14846912796003045,0.010176933521280478,1,0.0,3
34379765,42,0.043496674703531205,0.05254269578769806,0.030565650149115827,0.0445472744405523,1,0.0,4
34389511,24,0.014528804683947164,0.012202384763877324,0.048031735948610585,0.012568822594108532,1,0.3333333333333333,3
34391269,45,0.2644499990760417,0.18498692700501768,0.05603702527337902,0.2419964273568421,5,0.25,4
34392042,09,0.04125552638163436,0.04848910849059622,0.10278631935694417,0.04255673309783862,36,0.0,20
34394610,45,0.5815814703395725,0.6214544586286002,0.05603702527337902,0.5672596012683115,5,0.3333333333333333,3
34396623,44,0.07927331985389506,0.10347200518058648,0.11135184597002283,0.10287375274517584,7,0.0,4
3439711110,33,0.028651544859552847,0.030532089012892772,0.022414810109351608,0.03240581640926081,7,0.0,4
3440410732,15,0.01366525528621843,0.020480670386446794,0.048031735948610585,0.016697597521240705,1,0.0,3
34407781,15,0.19377532278407952,0.09011972191905701,0.06681110758201371,0.08931665505338028,7,0.08333333333333333,12
34409800,19,0.028483780370633448,0.026310119557339463,0.04202776895503426,0.017729449530304583,1,0.0,3
3441408036,03,0.01877750853042318,0.012541204591879884,0.06724443032805481,0.023775798622182577,1,0.3333333333333333,3
34427263,44,0.055181167185307335,0.07524930106153381,0.02586324243386724,0.06053976555355767,6,0.0,4
34436220,55,0.15654130173556002,0.1686468033555246,0.04803173594861058,0.13269189636196335,3,0.0,3
34470916,45,0.12121495281094012,0.1421956192755758,0.04803173594861058,0.12493537036969488,3,0.3333333333333333,3
34475029,33,0.07174027571501687,0.05237595452466306,0.030565650149115827,0.11381724884970024,2,0.0,3
34494612,33,0.08638749629073295,0.07699050416687783,0.02101388447751713,0.08964477935071259,8,0.14285714285714285,7
34502350,34,0.04550618539107453,0.026385851348173964,0.04202776895503426,0.03169781438490044,6,0.0,5
3455512754,15,0.04610642171536678,0.030969998568919258,0.06724443032805481,0.041215505265883995,9,0.0,4
34557106,15,0.04527802874531539,0.036188522612575366,0.028018512636689506,0.03680733381720231,2,0.2,5
34558382,34,0.039129490757500024,0.04464680749545572,0.11135184597002284,0.052321154098532094,9,0.0,12
3457804385,15,0.039930549344123364,0.04115196549635624,0.06724443032805481,0.058871007419309423,1,0.0,5
34588113,33,0.11262728951434026,0.09721721545661735,0.06724443032805481,0.06277293282698254,2,0.0,5
34612093,32,0.08083610615392021,0.12769605991904104,0.03362221516402741,0.08663613646005058,2,0.0,3
34617039,90,0.02492089165317497,0.028023169933732293,0.037358016848919345,0.019094603582976925,5,0.0,5
34630002,42,0.2698732918699729,0.37902524115815545,0.05603702527337901,0.48617266592325503,1,0.0,4
34632649,33,0.04028838438695456,0.03601807169599556,0.030565650149115827,0.039872951690544854,6,0.0,13
34633789,09,0.06365861194112117,0.07739532063721702,0.051393159678472085,0.07258304244405876,47,0.0,14
34704021,50,0.04397659258157394,0.08113138799842652,0.06724443032805481,0.026109072846658518,3,0.0,3
34743914,34,0.047999939382704776,0.0467207959501102,0.05603702527337901,0.03878886475005186,3,0.0,3
34758648,15,0.015464058384455779,0.014824390112248235,0.05603702527337901,0.022237079301283588,1,0.0,3
34763967,30,0.10593328963552255,0.07000810424793266,0.10890249289061783,0.10305992587802079,4,0.0,11
34763967,48,0.030531851629256774,0.03245924141629179,0.10890249289061783,0.041869773430037074,4,0.0,3
34764976,79,0.1470295556218334,0.13466546608370852,0.06724443032805481,0.16656673345363984,4,0.0,3
34781258,09,0.014365975615264153,0.020835666701713346,0.019777773625898474,0.020676916471512447,3,0.0,4
3478701438,34,0.03453098723547747,0.01751559642128788,0.14846912796003045,0.0306379115077219,1,0.25,4
34824605,45,0.09795656353460953,0.06060156698061855,0.16702776895503427,0.048835066293315806,1,0.3333333333333333,6
34837389,48,0.07219956875263178,0.04314488120480518,0.12147474105820674,0.03804877681346851,2,0.0,4
34839344,33,0.020227455892743666,0.026220093912815195,0.020878471119379283,0.030799252572362833,39,0.09090909090909091,44
3484405531,15,0.025815828495357154,0.026982468213649156,0.06724443032805481,0.019283891581882654,2,0.0,3
3484905686,33,0.029887941482209437,0.04744189821137705,0.03362221516402741,0.06020847199041085,1,0.0,3
3485008901,33,0.026559918478316093,0.03838993222455274,0.12147474105820674,0.03968236680776106,1,0.0,6
34854163,44,0.0561221349816097,0.036358040445027155,0.06724443032805481,0.031042707992849566,9,0.0,3
34857494,42,0.04170557968780471,0.025358073239088477,0.06724443032805481,0.02221581725039291,1,0.5,4
34864103,14,0.16837408018787273,0.10605252179727778,0.06724443032805481,0.1224867797895959,7,0.0,4
3486812945,38,0.05330371634828166,0.046415283343761514,0.06724443032805481,0.03320683937002222,1,0.0,3
34886897,15,0.018681283026399757,0.026920295121877106,0.011593867297940486,0.032144689233853746,4,0.0,35
34886991,33,0.010622927603149606,0.02317495829004769,0.022414810109351604,0.02723901782878201,2,0.14285714285714285,7
34891802,30,0.07443135366473021,0.04123456785820989,0.05603702527337901,0.04618257681858288,3,0.14285714285714285,7
34898640,45,0.35962445491279066,0.35221452118753604,0.05809661528870757,0.35607386975671385,11,0.5,4
34915215,50,0.07262078418596629,0.0548864321376138,0.06724443032805481,0.05216268962052359,1,0.0,3
34928439,45,0.3598763162311869,0.34717032006898524,0.04202776895503426,0.27784125644348023,4,0.16666666666666666,6
34933742,09,0.05801939262248147,0.06359913696690246,0.04836810802778835,0.05807301906657748,109,0.01694915254237288,59
34935074,45,0.08073591951521164,0.11146740872010268,0.012452672282973113,0.13513875295778324,2,0.0,5
3495910475,33,0.033008530929737386,0.02193778195223914,0.04202776895503426,0.024690924477403363,11,0.0,4
34962773,79,0.08324941131579236,0.05433759427180735,0.048031735948610585,0.07063999308423342,2,0.0,3
34972839,79,0.06480976774259303,0.02803438453063577,0.06724443032805481,0.023884103881948514,2,0.0,3
34980064,33,0.01921544170005839,0.030582327133532115,0.022270369194004568,0.031688584315239916,38,0.03125,32
34980064,38,0.043692956679261194,0.05197406765543659,0.022270369194004568,0.05077453091129993,4,0.3333333333333333,3
34980064,50,0.029325307585703536,0.041513542377371974,0.022270369194004564,0.04624231668660934,3,0.0,3
35005002,79,0.09149858270080477,0.1107824454578414,0.05603702527337901,0.113676149932119,2,0.0,3
35018912,37,0.19536681973872905,0.19470191100450926,0.06724443032805481,0.18831443649778315,6,0.041666666666666664,24
35033071,45,0.3133381441303833,0.18437227509209153,0.06724443032805481,0.24330862864787542,2,0.0,3
35046274,34,0.01945532139857996,0.01560954410805028,0.015282825074557914,0.014982806483419469,1,0.0,3
35047973,70,0.2604064162633286,0.2525616777941838,0.019777773625898474,0.2226290891039306,4,0.0,3
35047973,90,0.051847210196363715,0.05215427709631456,0.019777773625898474,0.05069185395207433,51,0.0,37
35054725,15,0.057115971116619944,0.05047269598525452,0.025863242433867235,0.052629260508787315,28,0.0,10
35072566,34,0.04522042485240348,0.03882011522479062,0.05603702527337901,0.05739167438408991,2,0.0,3
35092210,34,0.04900420844707781,0.05811073939246566,0.03362221516402741,0.06640278349904165,6,0.0,10
3513003302,33,0.03963346468489086,0.04935619622658897,0.048031735948610585,0.04788795111385884,4,0.0,3
3519110039,03,0.03627887268557938,0.05986868279984004,0.06724443032805481,0.04209474908347311,4,0.0,4
35194534,33,0.07726457500942685,0.06962137521679922,0.13362221516402742,0.07176504377870911,9,0.0,6
35222037,45,0.009498828197745878,0.00974504041127815,0.030565650149115827,0.009597538612140018,11,0.0,8
35224322,79,0.007223123228398876,0.002414799563152096,0.06724443032805481,0.0022177615579237805,13,0.0,7
35244815,34,0.05070831398080866,0.049952847152724016,0.12045061532334095,0.05486341783004837,29,0.14285714285714285,21
35244815,50,0.027704455667983737,0.015991502423808108,0.12045061532334095,0.015131021481803703,3,0.09090909090909091,11
35261920,33,0.03959980868573758,0.0413398609843042,0.028018512636689506,0.04415004449167529,13,0.07142857142857142,14
35269494,45,0.2189698992312366,0.10753546606640789,0.13362221516402742,0.11965910131724493,5,0.2,5
35329474,31,0.11602570581556775,0.16376023344441523,0.037358016848919345,0.14400246086869023,5,0.3333333333333333,3
35360336,77,0.024199918132096675,0.03617180825127897,0.048031735948610585,0.02234965925691748,2,0.0,4
3537706457,33,0.030204683041633464,0.03471900686640774,0.05603702527337901,0.03846877180131884,2,0.0,3
3539203967,33,0.03951824175083041,0.03754749910210069,0.048031735948610585,0.05173541796397337,2,0.0,3
35456735,45,0.13046438068353955,0.19808984250276013,0.19088887880575345,0.24287324237545474,1,0.5,4
3546506996,72,0.04053231438375427,0.03782403253713797,0.06724443032805481,0.041257923036901754,4,0.3333333333333333,3
35467396,30,0.07749833191835477,0.04649253972207014,0.037358016848919345,0.056286393119728224,4,0.0,3
3548911009,44,0.07277641602972972,0.10045518176890648,0.06724443032805481,0.07278724978292989,4,0.0,4
3550502015,33,0.03295981380981145,0.05715686697811306,0.03362221516402741,0.04965321295236874,6,0.0,3
35505698,09,0.02779982603398706,0.04250853941658476,0.10157487615827278,0.05511232488756854,3,0.14285714285714285,14
35537363,44,0.12636937610987342,0.12535411957458212,0.06724443032805481,0.10505619820080397,1,0.0,5
3555408777,30,0.07276464991371731,0.059587471480136364,0.06724443032805481,0.059789519705463146,1,0.0,3
35561841,24,0.12154214927673279,0.08883487738436764,0.06724443032805481,0.1357374047725509,5,0.0,5
3557505763,33,0.0784607163587406,0.04819931777087617,0.04202776895503426,0.04221570187334316,10,0.0,6
35596172,31,0.06429369084444683,0.0909533203811916,0.06724443032805481,0.08216651262862348,5,0.0,6
35601826,55,0.07224456279998694,0.08833022779888354,0.10278631935694417,0.08784433925909906,9,0.9543859649122807,285
35636403,09,0.1177918035734324,0.0751206690768471,0.037358016848919345,0.08042007316440786,3,0.0,4
35645266,34,0.05998565537236206,0.03982779961118941,0.04202776895503426,0.0637437675763835,4,0.0,4
3565907515,77,0.031089591234065007,0.030392836696855843,0.06724443032805481,0.02727500384371262,3,0.0,5
35659221,39,0.16117408954348642,0.12042031553103465,0.06871241622471394,0.130755491427444,10,0.16666666666666666,12
35661419,45,0.3215918174104442,0.23876618834738503,0.06724443032805481,0.25312276907400555,13,0.2727272727272727,11
35662229,15,0.003434524765525717,0.005845469293551194,0.03259078418634815,0.0062590345170395485,8,0.0,15
35662229,33,0.04139107438193419,0.03829145932262079,0.03259078418634815,0.0486391497654706,2,0.0,5
35665544,55,0.06669190044276,0.048032865138829706,0.05603702527337901,0.034906112969581744,1,0.0,3
35670769,30,0.055065018848579145,0.03176564211342938,0.028018512636689506,0.031062740995810707,1,0.0,6
35674029,24,0.04177562421490526,0.036667942381114156,0.03362221516402741,0.04023000696590059,5,0.0,9
35691506,85,0.18463414947036258,0.10182363995259106,0.048031735948610585,0.0747283864387442,1,0.0,4
35691773,31,0.0980971457646026,0.14334739814622152,0.06724443032805481,0.0523410022829009,1,0.07142857142857142,14
35701456,33,0.03496911651025003,0.01901359108655897,0.04202776895503426,0.026658710789132307,1,0.0,5
35738706,35,0.16820880210162814,0.18862069725975428,0.05603702527337901,0.1828621403167362,2,0.0,3
3574508149,33,0.02273691211866227,0.012328465525882473,0.04202776895503426,0.01914327835110075,1,0.2,5
3578004346,03,0.1267626273642401,0.10822597262908022,0.06724443032805481,0.09237668029935313,10,0.0,5
3578004346,15,0.07953274592311067,0.05268888758856026,0.06724443032805481,0.0595362589359328,39,0.125,56
35800585,45,0.29287903752854105,0.1994878964144126,0.15164646143819427,0.25110322957529757,16,0.2,10
35807622,34,0.03398491371981108,0.040388984883349736,0.02401586797430529,0.036909894948657415,6,0.1111111111111111,9
35809174,71,0.05131173604157738,0.0620059211523249,0.04202776895503426,0.04879240200429725,8,0.0,7
35809661,33,0.05994972530011822,0.042685946194613605,0.037358016848919345,0.04145114312856408,13,0.0,4
35812737,45,0.22646879102646622,0.21039068519427834,0.06724443032805481,0.31690676783671656,2,0.3333333333333333,3
3582506333,15,0.015184697790577704,0.016198281135535605,0.05603702527337901,0.03779447108946887,1,0.0,10
35828684,45,0.07573150863028724,0.06342150388053076,0.06724443032805481,0.08685743342706334,2,0.0,3
35842316,18,0.16283291245870252,0.08414525676763956,0.06724443032805481,0.12022130274262803,5,0.0,3
35848260,44,0.09842202245886793,0.11772238412402444,0.028018512636689506,0.13086941848755942,1,0.0,3
35856355,34,0.055679718675417,0.05732742135797833,0.018679008424459673,0.05058846242673382,4,0.2857142857142857,7
3587108794,33,0.04530444131185998,0.035275638714469225,0.037358016848919345,0.029564999475166977,4,0.0,3
35880173,34,0.04141723767886542,0.04376654428680517,0.02101388447751713,0.046565259540728605,5,0.0,4
35891028,34,0.09463794692195404,0.09447722712590396,0.10278631935694417,0.08227861178948549,11,0.0,7
35910527,45,0.1136754609343219,0.11986350720874257,0.028018512636689506,0.12658972403877045,3,0.3333333333333333,6
35967285,34,0.03774784149921072,0.07372719310279138,0.019777773625898474,0.04379642676376048,4,0.09090909090909091,11
35969556,55,0.03425164386224741,0.0583136097387068,0.06724443032805481,0.05840629541955724,3,0.36363636363636365,11
3598513431,33,0.03746234824696794,0.03038264404630715,0.06724443032805481,0.035168066669869845,3,0.0,3
36002620,30,0.02588368256839666,0.02647422901698957,0.018679008424459673,0.028608763946273756,2,0.0,13
36029422,15,0.05455383026813204,0.032550402473062054,0.14846912796003045,0.03652436970124974,4,0.0,3
3604209088,44,0.07714035932090674,0.0775423161805735,0.06724443032805481,0.07191795774162019,1,0.0,3
36046034,33,0.016474877914624,0.03381422504973222,0.01601057864953686,0.02740751473031071,2,0.0,4
36051023,45,0.09986113522632833,0.13462175963294895,0.030565650149115827,0.12508040659177844,13,0.0,4
36053114,45,0.3701467604474938,0.35523869256394436,0.12147474105820674,0.32010966438739863,1,0.8,5
36066710,09,0.04555184759738823,0.03787895744765032,0.04803173594861058,0.026102112804500376,3,0.0,3
36066802,44,0.14863811055846987,0.1352737194428861,0.06724443032805481,0.12308622781384689,2,0.0,3
36085246,16,0.038823859658697085,0.07222873140265855,0.04049158035273558,0.07508006336124365,2,0.0,7
36085246,34,0.07573410728223089,0.08214460105823207,0.04049158035273558,0.08778244627322931,7,0.0,8
36100693,45,0.38098841505864006,0.33600065922877836,0.08351388447751713,0.3505316937724098,23,0.25,8
36107594,45,0.19742022216312552,0.22935296306663921,0.04803173594861058,0.2123591146294833,6,0.3333333333333333,3
36109649,50,0.06898225221645635,0.042607542809408,0.06724443032805481,0.05534245086528367,1,0.0,3
36113325,33,0.01983307433870087,0.021878764150022715,0.04454073838800913,0.0339355587865231,3,0.15789473684210525,19
36114271,33,0.05658478827061701,0.03793104033592054,0.037358016848919345,0.043779470595391834,5,0.0,5
36121980,77,0.005255944946054362,0.009351702646939958,0.037358016848919345,0.019205089837781113,4,0.0,5
36138329,33,0.03834876482542019,0.0638451156094106,0.048031735948610585,0.07371149178802171,1,0.0,3
36158696,31,0.03880131985370872,0.03733118006887386,0.037358016848919345,0.03870473914358656,2,0.0,4
36159024,31,0.005530379529069675,0.0049934121454369125,0.06724443032805481,0.004974747583833594,1,0.0,4
36173955,90,0.046371992206781024,0.03358596793238163,0.019777773625898474,0.03962460324757796,17,0.0,4
36181018,34,0.043772460826349925,0.04627984295429935,0.048031735948610585,0.03022459276885709,2,0.0,4
36191288,45,0.5904250137476583,0.5406350832899327,0.05603702527337901,0.5755009410283316,2,0.25,4
36214268,79,0.024451839175089713,0.041303709486330165,0.04202776895503426,0.047393968572562804,4,0.0,5
3622207543,15,0.07666036131023651,0.07527197440823243,0.05603702527337901,0.08226197616982599,3,0.0,4
3623711616,33,0.03672320606871628,0.035598236289214866,0.06724443032805481,0.023682975372057977,2,0.0,3
36248687,09,0.04012629802421632,0.05474158477733479,0.022902240994164262,0.05088306762027833,103,0.013333333333333334,75
36253988,39,0.04556643754690767,0.03373559157730115,0.07423456398001523,0.03685320987088675,12,0.0,12
36257034,24,0.018743881453562903,0.032426728163494206,0.009087085179466867,0.03334524939294729,9,0.0,15
36257647,24,0.011818184431464537,0.01354760612507885,0.10762006940775078,0.022771964351609605,1,0.0,5
36257647,33,0.056721282907525615,0.04088566067549006,0.10762006940775078,0.052736302074774234,2,0.0,11
36257647,38,0.025053995095040204,0.025595808136100198,0.10762006940775078,0.030432159285972038,2,0.0,18
36263362,45,0.20926727207823284,0.2575892163232132,0.03362221516402741,0.2152421540289116,1,0.4,5
36265663,33,0.05351211685091398,0.04701671888649607,0.019777773625898474,0.03294151468897408,2,0.0,7
36304293,34,0.038281653690106394,0.038675879029952696,0.05603702527337901,0.04997685866900409,3,0.0,3
36309904,34,0.06992252733448244,0.06611563650800549,0.05603702527337901,0.05892841449509747,6,0.0,3
36317648,34,0.04664351060112873,0.05974836166051128,0.03362221516402741,0.06426136438328467,3,0.0,5
36324681,09,0.07955627970535702,0.07342622263626127,0.07300694223875856,0.06916854222520963,20,0.045454545454545456,22
36324770,70,0.1085501125585688,0.06734594130570663,0.06724443032805481,0.08645595872022226,1,0.0,3
36330737,15,0.03591570307081812,0.049832557699393334,0.017695902717909162,0.048951415323028456,10,0.0,18
36342407,50,0.07791795352699636,0.06206715032766042,0.06724443032805481,0.0700083403879983,1,0.625,8
36352221,33,0.20623644067840396,0.4498364915952177,0.03362221516402741,0.6304272669951825,2,0.16666666666666666,6
36354758,34,0.03545323657544094,0.03762485344397453,0.03362221516402741,0.0421530220732593,8,0.0,6
36371878,33,0.02728981972740288,0.037009322071175264,0.04202776895503426,0.036180370614708336,3,0.0,3
36384833,79,0.0286512867355193,0.06217602241182164,0.06724443032805481,0.03926440563346592,3,0.16666666666666666,6
36390906,77,0.021285948092392835,0.027499588975418255,0.030565650149115827,0.030632211154990287,1,0.0,4
36406334,33,0.030631224348509144,0.03862946859171714,0.07860130303766319,0.04699649619611155,10,0.0,5
36427918,45,0.33396053433915013,0.30255137452640435,0.05603702527337901,0.35402271703801097,4,0.3333333333333333,3
36432040,45,0.24237572026041376,0.18694715093512268,0.048031735948610585,0.16560530523861136,10,0.08333333333333333,12
36439658,45,0.19960365473320926,0.15810719670747855,0.06724443032805481,0.17520815390392733,1,0.0,3
36449624,34,0.09267633952719746,0.0649648214512794,0.07860130303766319,0.06229338632817115,14,0.3333333333333333,6
36465159,50,0.09397806560126944,0.057748936844423275,0.14846912796003045,0.05173993830636279,17,0.0,8
36470766,24,0.18728715672532534,0.2642583627613809,0.02801851263668951,0.24359900572487944,5,0.375,8
36495890,42,0.004440352685423959,0.006481955499685065,0.05603702527337901,0.005370558126139612,1,0.0,3
36519759,33,0.0482400220273801,0.056447017680821804,0.010188550049705276,0.0540477280928521,6,0.04,25
36519759,50,0.05645413053450838,0.08785693951729265,0.010188550049705276,0.075138040252177,1,0.5,4
36549406,34,0.020458324418939734,0.018436683344703077,0.015282825074557914,0.020847109207640244,3,0.0,5
36549406,43,0.15972256069966204,0.14707479084811756,0.015282825074557914,0.14890599394052134,3,0.2222222222222222,9
36555734,50,0.06045473027132606,0.08064504036387464,0.03362221516402741,0.06066539155101349,6,0.25,8
36560388,42,0.22621541959284014,0.32145762460020166,0.04202776895503426,0.2515074110577238,2,0.2,5
36593041,22,0.039127362045776465,0.04555125026636771,0.037358016848919345,0.04041576614007617,2,0.0,6
36593565,15,0.03741299324522905,0.035321004920074596,0.06724443032805481,0.03447397481654271,3,0.0,3
36621754,45,0.23382959489273952,0.16407306729950313,0.2595802390711415,0.12224852357374624,1,0.0,4
36625790,50,0.10357802915529057,0.09334212461720637,0.06724443032805481,0.11204548246881499,5,0.0,3
36625942,48,0.023120793699685005,0.019959861956825104,0.02101388447751713,0.025939625042436725,7,0.0,6
36629968,33,0.03244071682220496,0.02719438303979194,0.037358016848919345,0.0394470749491493,1,0.3333333333333333,3
36632965,33,0.06934541832157677,0.03594678090201731,0.04202776895503426,0.04909622490178811,1,0.0,3
36641388,34,0.02838429182861239,0.028244921655025734,0.04175694223875857,0.02767336271881595,20,0.0,9
36699380,45,0.5706913293754371,0.6040313943921064,0.09544443940287672,0.6126522244669935,3,0.75,4
36705378,33,0.03544145639359623,0.03445271343164478,0.02586324243386724,0.0341126737939332,3,0.0,6
36716332,09,0.043805162790548274,0.0573911757877338,0.028490514044393584,0.05495314856628694,182,0.0,60
36723685,50,0.14015973878386903,0.10901717875087596,0.09544443940287672,0.102524026267775,9,0.0,8
36728306,22,0.10950479456551268,0.08785311593988429,0.06724443032805481,0.09805036704103627,5,0.0,4
36731895,09,0.07101848766713167,0.05463347826689094,0.06724443032805481,0.04859980215414989,12,0.3333333333333333,6
36746304,33,0.037019978326280824,0.03544599792727907,0.05344888606561096,0.046698130267983064,15,0.0,10
3675610324,33,0.04918348632439046,0.02591889263762275,0.05603702527337902,0.02713448527247076,5,0.0,8
36758278,33,0.20502020460623388,0.1578555970999635,0.05603702527337902,0.21484206554856827,5,0.0,6
36796670,90,0.03714671676509621,0.03852007423913534,0.037358016848919345,0.037473569455672415,5,0.25,4
36815278,14,0.11356184097829657,0.1354498707232826,0.12147474105820673,0.09271277052363253,3,0.5,4
36816271,33,0.043390884457461136,0.024672984366253346,0.022414810109351604,0.02877248398237715,12,0.0,6
3682807373,77,0.029057619467319534,0.05305576053930805,0.06724443032805481,0.0304017767646243,3,0.0,5
36839409,31,0.062040094176472334,0.04753004602208036,0.04202776895503426,0.03613266017760664,1,0.14285714285714285,7
36839655,24,0.12769486628166932,0.07666445390782378,0.16702776895503427,0.08215537422826019,4,0.0,3
36852220,09,0.014723978062929893,0.012900401454048168,0.03362221516402741,0.015393003766863709,1,0.0,5
36856010,45,0.44357142619931217,0.429831451403792,0.03362221516402741,0.42587918055366697,3,0.625,8
36858311,24,0.05055584644840065,0.036174191717607954,0.04202776895503426,0.03595849271857582,4,0.0,5
36860996,09,0.0636859552225353,0.07097491545097355,0.09525396786615535,0.07027114327366156,20,0.0,3
36861591,73,0.04257119208575975,0.045602917125774,0.05603702527337901,0.038600738867443446,19,0.1111111111111111,9
3686308494,33,0.036617462393113094,0.03167576215065885,0.05603702527337901,0.03996756022643303,1,0.0,3
36876283,34,0.026812063602148335,0.03890657712130992,0.04202776895503426,0.025822321161573118,1,0.2,5
36900876,33,0.027697625905274265,0.026561823117100508,0.022414810109351604,0.03426241420908902,3,0.0,5
36903044,76,0.19165103814522197,0.13368532607372072,0.06724443032805481,0.214448118881715,1,0.0,3
36904975,90,0.05587022361026584,0.04755509602893587,0.06724443032805481,0.05850246179997336,4,0.0,5
36907782,71,0.12531450362203087,0.1152645167442451,0.04202776895503426,0.11838958667622358,14,0.0,3
36908681,09,0.06118649752484946,0.05218318412372271,0.048031735948610585,0.04770624686509044,5,0.0,8
36935982,33,0.010429173754256048,0.023227392453647713,0.04202776895503426,0.03207585922328141,1,0.0,3
36947521,33,0.09480395288476054,0.06857285735437313,0.05603702527337902,0.05726309628501005,5,0.07142857142857142,14
3694902959,15,0.028899383357383807,0.03055094136083163,0.04202776895503426,0.039838030781655424,3,0.0,13
36952814,50,0.181844929329823,0.09960248940597255,0.05603702527337901,0.08808006301852424,2,0.0,4
3698609562,15,0.02326069481535253,0.026806500153885002,0.06724443032805481,0.040143245476595334,1,0.0,3
36989671,39,0.05968297235260959,0.05007842543031017,0.07860130303766319,0.044570155874334355,10,0.1111111111111111,9
37001696,50,0.05822970422733562,0.06243562428326404,0.025863242433867235,0.06041528090792876,7,0.25,4
37002375,33,0.006862104842885699,0.011993191781507574,0.030565650149115827,0.007777706732255755,3,0.0,3
37004660,39,0.03270310567907471,0.027906442164222122,0.06724443032805481,0.02801196529496094,2,0.0,3
37017486,44,0.12368675942671466,0.1469899113262638,0.051393159678472085,0.08497450902257409,3,0.0,3
37028530,15,0.061474150550263826,0.06257068026399104,0.048031735948610585,0.04357674184384577,1,0.0,4
37045106,38,0.04105962377482694,0.01778487481339815,0.048031735948610585,0.03285628551246562,2,0.0,5
37053849,50,0.1477179356220064,0.12453367041159269,0.05603702527337901,0.1130426071915246,18,0.0,6
37059699,15,0.06402037071638358,0.047816974898980576,0.06724443032805481,0.04764972956809346,9,0.0,10
37087616,33,0.08443037263837083,0.08940005436989024,0.06724443032805481,0.06913903746773446,2,0.0,3
37090770,33,0.0470615915699105,0.051963059778832296,0.0245918121225292,0.056118080697831405,32,0.0,19
37091926,50,0.12770974023533405,0.1536154559880109,0.037358016848919345,0.19213231079432075,4,0.25,4
37097032,24,0.012064855692472735,0.011825132487149894,0.06724443032805481,0.012770820555422967,1,0.0,3
37100998,30,0.10144421989602953,0.11169411603537951,0.02101388447751713,0.09494330369892576,18,0.07692307692307693,13
37102340,33,0.03274403404182858,0.025830263771632764,0.018679008424459673,0.032786111267547616,11,0.0,11
37124432,15,0.0544480309281106,0.024550970155772796,0.05603702527337901,0.02339674704275004,1,0.0,3
37141713,34,0.05459654928595611,0.049992758158069826,0.05344888606561096,0.08590263299029278,1,0.0,3
37167117,30,0.06513521233109104,0.05255547796160668,0.024015867974305292,0.05462718939431599,9,0.0,3
37180015,44,0.10686654533050371,0.10833149210651544,0.05603702527337901,0.09794487178041657,11,0.0,4
37186279,34,0.10519336165031336,0.07889800245703489,0.06724443032805481,0.05934817424985396,2,0.0,5
37191980,45,0.5544689130647558,0.603773634544804,0.19088887880575345,0.6559098299550605,3,0.0,3
37199010,45,0.129828543693967,0.09581994001827158,0.06724443032805481,0.0778247302246026,2,0.0,4
37199864,09,0.12491546466998352,0.11395866921953722,0.06724443032805481,0.11528485560196261,9,0.0,3
37214342,39,0.04594047657356567,0.04809639447154671,0.04202776895503426,0.04541097084498305,6,0.0,6
37214777,72,0.06261864532972013,0.08364279725283598,0.05603702527337901,0.16637393576510504,1,0.0,10
37224455,33,0.03462762752736537,0.028851513817149895,0.017695902717909162,0.029867268759245905,6,0.0,11
37224654,33,0.03595770766591391,0.035050700527503406,0.01601057864953686,0.038487526726569125,17,0.0,21
37245957,15,0.04926864630458802,0.02751071091554102,0.06724443032805481,0.02958264196622161,2,0.0,3
37246002,09,0.02827443900306507,0.02430038362436993,0.12147474105820673,0.023216214399110213,6,0.0,14
37260006,34,0.03462584609338394,0.030906549659082058,0.030565650149115827,0.03669687663484014,2,0.0,3
37272781,45,0.17520905080718158,0.16733144468699668,0.06724443032805481,0.16653023757824942,1,0.0,3
37276566,15,0.10091385756053345,0.06848361114543279,0.043103940375492714,0.08587429897199982,4,0.0,21
37288660,98,0.11797049419971396,0.058681066274693314,0.2227036919400457,0.07467805580512157,1,0.0,3
37306731,44,0.05506414795144639,0.06965402508574382,0.030565650149115827,0.06425800424191934,7,0.0,3
37306789,45,0.3282622550367505,0.3020658080123505,0.11135184597002286,0.28826342460785714,20,0.6666666666666666,15
37308833,24,0.0672985375727376,0.05250717682732593,0.02801851263668951,0.04183262656806464,10,0.0,5
37313183,48,0.049248783448986685,0.05494566379496784,0.04202776895503426,0.026146177329718766,1,0.0,3
37320399,44,0.1813716731517896,0.2646197044246664,0.11135184597002284,0.22937408439221113,2,0.0,3
37325948,45,0.24410097655242452,0.2510330926231347,0.037358016848919345,0.2860099419682819,2,0.0,5
37333587,09,0.10779696211730272,0.0758763202142164,0.05603702527337902,0.06657045583790108,20,0.0,3
37354345,14,0.05155515376859353,0.041344576390421627,0.018679008424459673,0.05093742447457994,20,0.2222222222222222,9
37354345,44,0.03590599451458997,0.025367676284019924,0.018679008424459673,0.031158211055921647,11,0.25,4
37356541,79,0.1465030869204814,0.11627240267701472,0.04202776895503426,0.06505943052938581,1,0.3333333333333333,3
37373478,18,0.026492409891898057,0.029169018492972258,0.07032748166527758,0.022054308323973423,2,0.42857142857142855,7
37381379,31,0.07651455729632597,0.03432728037022855,0.05603702527337901,0.06488373467668403,3,0.0,3
37382000,39,0.0659878408135987,0.08203850900056614,0.03362221516402741,0.0662794220196972,1,0.0,4
37383046,16,0.056936744107668906,0.05440245353111215,0.122959060612646,0.03617242557562453,1,0.0,3
37383046,43,0.09867609949886443,0.09455892507467839,0.12295906061264601,0.1312084120622252,5,0.0,6
37383046,50,0.2997004233227545,0.12024003587966697,0.122959060612646,0.11542249932800895,2,0.0,3
37395753,55,0.11225358642096077,0.07550222185402015,0.03362221516402741,0.08586395745496968,7,0.0,4
37398817,09,0.0659742334077938,0.0701833051663633,0.030565650149115827,0.06542546396137781,6,0.0,6
37399737,45,0.27123226012320784,0.2329276554299384,0.06724443032805481,0.2987560466486799,1,0.5,4
37403711,09,0.08337636100768005,0.09240767906621503,0.048031735948610585,0.058290174672807435,1,0.0,6
37408070,15,0.15510085182196381,0.0685362956615633,0.2668111075820137,0.057392444807360166,10,0.0,3
37408222,15,0.056463001705276766,0.04607445296366258,0.04202776895503426,0.03798441149971721,16,0.16666666666666666,6
37412155,33,0.057620969107650084,0.059143255448979075,0.016811107582013703,0.051784522966407384,47,0.058823529411764705,17
37413630,24,0.013642914712987918,0.014623124888649364,0.014618354419142351,0.026095454999590578,1,0.0,10
37421238,33,0.09564810510474293,0.07294957468368064,0.19088887880575345,0.06733951336801679,1,0.0,3
3742400339,15,0.03359339968267141,0.03873394928548453,0.06724443032805481,0.024115258108737325,1,0.0,7
37434048,44,0.09007881420669944,0.1069277969612333,0.048031735948610585,0.12969051755816924,2,0.0,3
37443639,33,0.04605728786823298,0.0440383631969794,0.03362221516402741,0.04552288401625696,16,0.0,6
37458493,45,0.3455922003390882,0.33884789581097,0.05603702527337901,0.4523304581265603,1,0.6666666666666666,3
37459539,34,0.03592078676701107,0.03706125093447256,0.012452672282973113,0.052183688462611545,14,0.3333333333333333,3
37464769,09,0.03015250847448523,0.042555714342816194,0.017695902717909162,0.05210369594101046,2,0.0,8
37479995,03,0.0986672840650673,0.06153949050169475,0.21238383196729763,0.06802135299479117,3,0.0,3
37493061,34,0.06332399039412875,0.08280429894023326,0.037358016848919345,0.10215680332203192,1,0.0,3
37500822,30,0.07694482870257081,0.04750977314164512,0.016811107582013703,0.025882785943413786,1,0.0,5
37502259,42,0.108211733037856,0.14846922289035674,0.018679008424459673,0.16664667096885266,4,0.0,9
37515425,33,0.051442334659996786,0.046753838918403755,0.07032748166527758,0.06503952220588055,4,0.0,18
37526987,71,0.48828489448797363,0.5906860384539947,0.06724443032805481,0.5359057832379439,2,0.6,5
37546893,33,0.042437781464667715,0.05094411048551066,0.030565650149115827,0.05453563592838252,2,0.16666666666666666,6
37582601,31,0.05873122254836231,0.05747353699789713,0.06724443032805481,0.048009406198589774,4,0.0,4
37606590,45,0.3924314056373873,0.4673884415403595,0.048031735948610585,0.4960184090446588,1,0.3333333333333333,3
37609984,33,0.013646135718717551,0.013699561244070006,0.037358016848919345,0.015802112367349873,1,0.0,6
37617639,90,0.0819236889179278,0.10875070452872936,0.12147474105820674,0.06781836985027047,8,0.2222222222222222,9
37620175,55,0.037841486360719635,0.14382760010992887,0.05603702527337901,0.1280500786143915,202,0.0,4
37622036,15,0.0496122832177405,0.06627826126852257,0.022414810109351604,0.08553794057710801,9,0.0,9
37632128,33,0.06996565198854081,0.06545313776479929,0.022414810109351604,0.06029493149532819,25,0.0,7
37647773,15,0.020451022701244454,0.024166648715846086,0.04803173594861058,0.022822168844703474,12,0.0,6
37653216,30,0.10042842719368748,0.07364453447802906,0.14042689872737563,0.07747099036467008,3,0.0,7
37653216,32,0.08284106685772798,0.05139953062709007,0.14042689872737563,0.060497260659385384,7,0.25,4
37655920,90,0.04012478131421652,0.057261183164560886,0.04202776895503426,0.0522739606647879,9,0.2,5
37660925,33,0.0435401333328801,0.027651038441286618,0.028018512636689506,0.032663743967506466,4,0.0,3
37669226,45,0.4999542361533935,0.4576603771583181,0.04202776895503426,0.44776053428938334,2,0.6666666666666666,3
37677991,03,0.04780959933794504,0.044953483585779996,0.2720058460957967,0.04307047834112715,6,0.0,7
37677991,15,0.05669507481489534,0.035891148784857115,0.2720058460957967,0.03697694141729263,27,0.15789473684210525,19
37677991,55,0.15167924684253836,0.1622745856056401,0.2720058460957967,0.18531364412748555,8,0.0,10
37685735,34,0.024577658693601814,0.016104074902833086,0.05603702527337901,0.03311187874104693,1,0.0,3
37685735,50,0.013581302803812428,0.006432262273155471,0.05603702527337901,0.008865751846007958,3,0.0,5
37690771,34,0.02634143846804741,0.03826754030561182,0.019777773625898474,0.03260432259456903,3,0.0,6
37691471,60,0.18884328076551563,0.1406023203067101,0.06724443032805481,0.16755698474195457,1,0.0,3
37699230,34,0.0708479348813079,0.04239647941599001,0.04803173594861058,0.05484589942890397,3,0.0,3
37706854,45,0.2744631214997338,0.25973404749296225,0.05603702527337901,0.2374768848753473,2,0.6666666666666666,3
37722736,34,0.04917241892308493,0.0842794746390467,0.06681110758201371,0.04986126674620476,8,0.0,4
37740167,15,0.05854834144217511,0.04347463339606501,0.06724443032805481,0.06699012548222757,1,0.0,3
37746750,34,0.018592845273037485,0.020094858626403686,0.05603702527337901,0.01666296624182932,1,0.0,3
37757055,79,0.05801944675562145,0.0653602326868405,0.06724443032805481,0.060357280231389955,10,0.0,12
37770296,30,0.006839641118357851,0.005994279481387059,0.06724443032805481,0.0067016128314584065,1,0.0,3
37775729,50,0.1624927431967442,0.15357148351472025,0.05603702527337901,0.14446416606169216,1,0.0,3
37778452,45,0.3454589532995148,0.35837529461943635,0.04202776895503426,0.33861039258838277,2,0.6666666666666666,3
37778452,71,0.13888038521362814,0.2507824527750881,0.04202776895503426,0.24965687065646608,1,1.0,4
37787425,15,0.06675690556639642,0.11596851636109136,0.010188550049705276,0.12184258672972266,30,0.0,6
37793266,55,0.06619593611003885,0.1316637681488586,0.030565650149115827,0.15655021134097785,32,0.0,26
37801182,35,0.07011134087843629,0.10511455288510892,0.2227036919400457,0.06921867358243139,2,0.0,3
37801512,45,0.4282372861446877,0.3178223605136684,0.12147474105820674,0.29528652953257933,4,0.5,6
37844650,15,0.1166135210094116,0.05952619525922952,0.05603702527337901,0.09447951985350478,2,0.0,3
37856467,09,0.0756228476308597,0.05147253553227919,0.05603702527337901,0.04345181180964026,15,0.0,5
37859819,50,0.054461958877932135,0.10123112052391176,0.015282825074557914,0.07289080863180032,1,0.0,4
37877430,09,0.06608875921263956,0.047300270743670984,0.16702776895503427,0.03987610483003671,24,0.25,4
37886989,33,0.017137455469367523,0.04874463971287739,0.018679008424459673,0.057986263912119584,2,0.0,9
37898486,24,0.06798162125938563,0.0650247809469646,0.06724443032805481,0.05682966931405522,4,0.0,4
37904393,09,0.024822072483182283,0.039155596824512834,0.03362221516402741,0.053214667262927444,6,0.0,3
37912699,03,0.030783881914796897,0.02562763216424358,0.01601057864953686,0.022678852481844758,1,0.0,5
37912699,15,0.031725882904436994,0.02512827512177275,0.01601057864953686,0.03816720618639259,9,0.0,33
37912699,55,0.05214351018168394,0.04843181245577422,0.01601057864953686,0.025314469888554583,1,0.0,3
37939071,03,0.05667459642049146,0.06949795267549023,0.019777773625898474,0.0723669499039569,2,0.0,3
37939071,09,0.0690192225979057,0.08591777106571093,0.019777773625898474,0.06501329062659084,19,0.0,9
37941143,44,0.0806019224284589,0.08050817901515057,0.07032748166527758,0.07612160246487586,23,0.0,8
37961573,45,0.09768657631818368,0.07901901964489695,0.04202776895503426,0.07910839109009565,2,0.0,5
37961573,79,0.08154921260441171,0.07019850729960783,0.04202776895503426,0.04249373891974796,2,0.0,3
37976553,34,0.03615331955745581,0.04387724159805602,0.06724443032805481,0.041062790641003724,2,0.0,4
37989206,79,0.035553615179194385,0.0505448051887542,0.030565650149115827,0.05366458460880408,8,0.25,4
37992156,33,0.25598235544798065,0.28118034226462035,0.028018512636689506,0.2675397519585087,1,0.0,12
38000735,45,0.543803725518048,0.7436051559768805,0.048031735948610585,0.7402607741176006,1,0.25,8
38005602,33,0.03217709899453674,0.03516500563674358,0.043103940375492714,0.04439568445742304,15,0.08333333333333333,24
38008192,33,0.036040073876608236,0.018542343914638146,0.15574814344268492,0.030473501206732687,1,0.0,4
38012384,50,0.0461860535235368,0.03629859920042277,0.06724443032805481,0.042446158490925645,3,0.16666666666666666,6
38013262,45,0.6802370265667227,0.6342837952955876,0.06724443032805481,0.6468659303498737,6,1.0,4
38013854,45,0.29396194705524153,0.27383374057366966,0.04202776895503426,0.26990440854595676,5,0.0,3
38019594,50,0.1202604907422497,0.08668187205473904,0.05603702527337901,0.07713625153407483,6,0.0,9
38043889,15,0.07926426233387789,0.0678835550706926,0.06724443032805481,0.057631294427768244,6,0.0,6
38050241,72,0.06191866844615556,0.03199896302576527,0.04202776895503426,0.05531101068401925,2,0.0,3
38057032,14,0.10029097305143085,0.08672314957096379,0.048031735948610585,0.11212598700847105,4,0.0,5
38088364,45,0.08837361457661048,0.07257678791255788,0.02586324243386724,0.08358897064118709,3,0.3333333333333333,3
38099219,45,0.191400584400165,0.09293351572865383,0.06724443032805481,0.07639210832363384,1,0.0,3
38116375,34,0.031870120475790804,0.029632885977085032,0.04202776895503426,0.040096222764177895,1,0.0,4
38119135,45,0.02632394136780346,0.018780760225831885,0.06724443032805481,0.014732976723789183,6,0.0,8
38129614,50,0.07511733510994194,0.07595284861126679,0.08343650541572407,0.08372704705313955,10,0.125,8
38131587,45,0.3573350313070892,0.31469016407348704,0.048031735948610585,0.3160612207575754,1,0.4,5
38133757,35,0.060266117924980524,0.04182502588151445,0.05603702527337902,0.047903014003081314,5,0.0,3
38143539,45,0.3555836993041785,0.3332359221540159,0.05603702527337901,0.24522313302845195,4,0.125,8
38149217,34,0.09223479790425376,0.03708863372784223,0.17970939628002108,0.055639079758389616,1,1.0,4
38154557,15,0.027310991097851497,0.06391415532247816,0.017695902717909162,0.06709807911920156,1,0.0,8
38158876,37,0.05191310430776465,0.05638275360833487,0.02101388447751713,0.06753068539131532,2,0.0,3
38159948,38,0.034965819425316236,0.07908876224749317,0.028018512636689506,0.11447481086193521,1,0.0,6
38192655,39,0.12654568570187302,0.1160450746639575,0.06314113923352091,0.12015478447945009,15,0.25,8
38194448,09,0.05189175012328257,0.06717512139740725,0.023442493888425862,0.07375462158619288,19,0.02,50
38203111,09,0.048198257404251266,0.03447648548565572,0.06724443032805481,0.03597496570026234,3,0.0,6
38237397,33,0.019665163707667466,0.030552476162044786,0.10619191598364881,0.032306368082569065,14,0.0,15
38237397,38,0.034689893937161265,0.05385285870503243,0.10619191598364881,0.04167296865770286,1,0.0,4
38238694,45,0.8317394449783948,0.7942917602053046,0.23830158226001957,0.8076711051390246,9,0.16666666666666666,6
38239436,30,0.24691099470224356,0.18361264363353413,0.06681110758201371,0.18599262896942156,5,0.2,5
38239436,48,0.053753477111043294,0.03323332765580401,0.06681110758201371,0.028227899625913235,7,0.0,5
38256839,45,0.27078831405962284,0.26240957568725665,0.030565650149115827,0.2759271284409471,13,0.5,4
38262067,38,0.11340813186586618,0.07934860781184082,0.05603702527337901,0.0635048173718515,1,0.2,5
38287170,71,0.4258053263375808,0.3984250075906897,0.06724443032805481,0.31720919402990305,3,0.25,4
38295616,50,0.05295533680453847,0.0581044888676496,0.03362221516402741,0.038133690600393066,4,0.0,8
38295925,30,0.11318994377033834,0.07003927652609963,0.08908147677601827,0.06928512153914367,18,0.0,13
38295925,39,0.06178430026865764,0.06705384663701247,0.08908147677601827,0.03546647154988805,2,0.0,3
38303253,15,0.06313625634754656,0.0671891460419886,0.03362221516402741,0.06235937226008379,3,0.0,4
38330105,90,0.013746071717929083,0.017389609579396458,0.030565650149115827,0.028549755268349908,1,0.0,3
38348751,33,0.014293683541431096,0.011144695506738248,0.017695902717909162,0.014918303148285116,14,0.0,8
38359763,09,0.02336628713456006,0.0487981204250468,0.05809661528870757,0.05960095079755068,4,0.0,7
38363188,55,0.059412931714244395,0.058003518714150354,0.06724443032805481,0.06974773671269642,1,0.0,4
38368123,45,0.44959708081280736,0.49711647344762655,0.05603702527337901,0.3751590850476676,1,0.6666666666666666,3
38373620,15,0.025960213790132393,0.03660360109139805,0.03362221516402741,0.03743038723017931,5,0.0,3
38373861,79,0.05110281183131828,0.07259254731581151,0.06724443032805481,0.03672381088902953,1,0.0,3
38381144,09,0.0775699960060865,0.04684783947345546,0.06724443032805481,0.04593328013713866,1,0.0,3
38387591,50,0.5828347461266894,0.5579078192937793,0.048031735948610585,0.5682019033934675,1,0.0,3
38391550,24,0.11079903310207322,0.034503499802763564,0.06724443032805481,0.06584050939930196,1,0.0,3
38396868,09,0.041695403254525316,0.049489634556620636,0.12147474105820673,0.03463538640742854,9,0.0,3
38396957,55,0.22447245184110987,0.12659035604991048,0.06724443032805481,0.16018522517274303,1,0.0,3
38402792,30,0.054664234022439306,0.043777936310588475,0.030565650149115824,0.0455056081856627,21,0.0,13
38406011,33,0.02323012619585663,0.048548141971756234,0.01963211892134684,0.05613171163965963,7,0.05970149253731343,67
38425940,15,0.05444612730595858,0.06817223248622604,0.024015867974305292,0.07175227583929876,5,0.14285714285714285,7
38440953,18,0.07479254359070477,0.11979558454447407,0.024015867974305292,0.08382043714560633,11,0.2857142857142857,7
38443865,90,0.01091086094944605,0.009476799306080284,0.06724443032805481,0.006887191144253514,35,0.0,3
38447702,45,0.3451952603766223,0.3962310031394824,0.2227036919400457,0.39038746772405264,4,0.6666666666666666,3
38469527,90,0.08572324464653376,0.06378894838299891,0.037358016848919345,0.04999226953237183,4,0.0,4
38470918,31,0.05325586086455545,0.04236900627359122,0.037358016848919345,0.05628577734242048,1,0.0,4
38475200,45,0.2638243042061995,0.2514934942155412,0.06724443032805481,0.24549545424855476,1,0.0,4
38491552,45,0.38885230027221857,0.4112598833264718,0.06724443032805481,0.38772907386869154,1,0.0,3
38505287,45,0.2322881058275816,0.285464477554214,0.05603702527337901,0.30048763101807574,2,0.6666666666666666,3
38506076,33,0.019700488621650455,0.0161040720043547,0.015282825074557912,0.01636747651328938,9,0.0,15
38507310,33,0.050815136486154995,0.049072203067238966,0.012931621216933618,0.052476202323278966,7,0.0,4
38517622,33,0.0426222737372217,0.04664709261236591,0.07623174502343248,0.055085625298561,98,0.031746031746031744,63
38517622,38,0.03201926319558945,0.03525328969304764,0.07623174502343248,0.04456428547303993,6,0.14285714285714285,7
38526925,45,0.0858425490875295,0.11318683386405363,0.14846912796003045,0.12035313966521706,1,0.4,5
38541812,90,0.0638750136613247,0.027223993761536475,0.06724443032805481,0.043710291284164725,1,0.0,3
38563752,09,0.14833302671429552,0.1312965928172981,0.03362221516402741,0.18342826761609834,3,0.0,12
38569225,14,0.023457168995478894,0.018395041830283697,0.06724443032805481,0.021823278562870592,2,1.0,3
38575071,50,0.053498444131251426,0.06197376810015684,0.05603702527337901,0.04600475307562255,4,0.0,7
38576300,33,0.06026065120062052,0.05212435839453255,0.014618354419142351,0.06255994026488976,17,0.0,27
38576300,38,0.031021090829085878,0.02830435958059068,0.014618354419142351,0.031191875208656534,18,0.0,12
38587794,45,0.36892741038792887,0.41084310110976086,0.055675922985011415,0.45102960604909376,7,0.6666666666666666,6
38591355,50,0.3327903918615863,0.3088771599038731,0.06724443032805481,0.2980134288935208,2,0.0,3
38598104,45,0.5195639828853271,0.43962128034287573,0.03362221516402741,0.5154821932704807,2,0.0,3
38598916,15,0.04921087194061043,0.036029976163885424,0.04202776895503426,0.04833020313419452,4,0.3333333333333333,3
38606078,33,0.07129313565705185,0.0941479151256964,0.03362221516402741,0.10455915946390747,13,0.0,19
38651382,72,0.04121448484715111,0.040346813893039096,0.030565650149115827,0.06782258042999421,2,0.3333333333333333,3
38655607,18,0.055883254603769465,0.04808083802999885,0.06724443032805481,0.028121351194226523,3,0.0,3
38672397,50,0.05290336581993695,0.05136477616148507,0.04202776895503426,0.04732628252683496,7,0.14285714285714285,7
38683189,33,0.033166841454492606,0.03081208570937456,0.128316236601549,0.04088291141150431,6,0.0,15
38698551,30,0.059186433202824684,0.08915433594407976,0.05603702527337902,0.07020322179553569,5,0.0,3
38703629,33,0.060337162828684836,0.08505765903488577,0.02401586797430529,0.08781776032648146,3,0.0,7
38716182,33,0.022593020128853617,0.040854331266916594,0.018679008424459673,0.037331982201291934,9,0.0,11
38716182,38,0.010892283910231263,0.01806201935460629,0.018679008424459673,0.020911639492463583,1,0.0,3
38717123,33,0.04214122416813449,0.060757041374409446,0.03181481313429224,0.06474397168006736,29,0.07407407407407407,27
38735747,33,0.06060982159959357,0.050033800634850564,0.041756942238758574,0.04576309368917918,52,0.0,11
38737616,33,0.07099455379545312,0.07104557728288886,0.034752314079586184,0.06959046357135483,66,0.0,68
38738625,33,0.05135663914385993,0.04098655353643741,0.025863242433867235,0.04509563609946723,19,0.0,5
38748221,90,0.05721868043079117,0.08036903740051407,0.02801851263668951,0.07120260493037314,10,0.0,5
38765893,09,0.06824591260784195,0.05014783897246654,0.06724443032805481,0.05073250257368221,7,0.2,5
38772399,09,0.05938610591151265,0.06389126330218392,0.03839008742187247,0.05973617967776697,74,0.0,22
38772535,90,0.04605984391061229,0.02595360588608133,0.06724443032805481,0.030824842686822236,10,0.3333333333333333,3
38800732,33,0.012117590461470583,0.010396154567487773,0.05603702527337901,0.0117152549450345,4,0.0,4
38806988,34,0.12102330318020611,0.07755101355495,0.048031735948610585,0.09710071820094131,2,0.0,3
38813199,09,0.10960516466759809,0.07625049922382077,0.05603702527337901,0.0926605911366886,4,0.0,7
38834879,90,0.032782965190607485,0.037753624336296726,0.022414810109351604,0.04407430482354916,10,0.0,6
38842764,55,0.180699266750257,0.052686425679021556,0.05603702527337901,0.058884245318666054,2,0.0,4
38863790,09,0.09859947614175721,0.06546794792814244,0.06724443032805481,0.06596261476795262,17,0.09090909090909091,22
38869215,45,0.18828942165666981,0.2511850277583902,0.04803173594861058,0.2813776017397495,3,0.0,5
38871512,42,0.07758982399247435,0.15240494929244522,0.11135184597002286,0.1062134270082575,5,0.4,5
38872495,45,0.10669967267356362,0.08531589072725453,0.048031735948610585,0.15032674131673326,5,0.0,3
38875234,31,0.06751046760422001,0.0713207651890453,0.2224148101093516,0.03811253921081832,6,0.0,10
38878062,38,0.1112494810349206,0.08818710190955625,0.05603702527337901,0.11234644124108785,2,0.3333333333333333,3
38888259,15,0.06774865441982428,0.08430142757153991,0.17970939628002108,0.060516770811426195,9,0.0,5
38889859,45,0.4863557812408649,0.3914076278799071,0.2336222151640274,0.38915142242125156,1,0.25,4
38899061,33,0.03643819644207787,0.039845843935174784,0.08908147677601826,0.05174075968259584,12,0.0,4
38900726,50,0.2999613499587935,0.4198814176449131,0.14846912796003045,0.2988781658003182,1,0.25,4
38915439,31,0.0579184659887067,0.100320182414257,0.037358016848919345,0.068448910650581,5,0.3333333333333333,3
38920229,14,0.09294499458917072,0.07097597434743029,0.028018512636689506,0.10563376982304835,3,0.0,7
38922252,71,0.4865470030387377,0.399182078316861,0.15574814344268492,0.36625178779352774,5,0.0,3
38923104,09,0.050785307171348555,0.0555450093558553,0.024015867974305292,0.06520855721769202,7,0.2727272727272727,11
38937520,34,0.045056896942781456,0.05062889925384904,0.030565650149115827,0.051876230490221574,6,0.0,4
38954855,33,0.0539166200953342,0.027861417882169167,0.06724443032805481,0.047671815840948206,1,0.0,8
38967639,34,0.030255617480021257,0.02397450562457117,0.02401586797430529,0.029976052005179957,6,0.0,3
38978420,15,0.05595486077481685,0.03695789626657276,0.06724443032805481,0.04713723736993838,4,0.0,6
38985773,44,0.04014114035892741,0.042011175479232374,0.06724443032805481,0.041867049714994456,4,0.0,4
38998824,33,0.014580499675905634,0.02115207315099743,0.10109764095879618,0.03070460421625147,24,0.07692307692307693,13
39000694,33,0.4583418593082885,0.7311777365395061,0.014009256318344753,0.7572725649362276,1,0.0,7
39014885,33,0.03752992425702708,0.03128629721538294,0.024015867974305292,0.030179348356243224,7,0.0,9
39021117,33,0.06387176002947699,0.05656532621712451,0.03362221516402741,0.052039333437059285,5,0.0,5
39039648,09,0.03217001356701714,0.04283006704468824,0.09781629535520366,0.04784374806387186,40,0.0,12
39048485,30,0.03876166785610015,0.038388935729027726,0.024015867974305292,0.0329086862585166,5,0.0,4
39053510,45,0.19055290362351052,0.15783589354831185,0.06724443032805481,0.20117778638566602,4,0.14285714285714285,7
39066488,33,0.07591619039556863,0.08104525744760327,0.03362221516402741,0.08322329839473704,2,0.0,6
39070065,90,0.010972596671489242,0.02038884497047667,0.03362221516402741,0.01521498041865712,3,0.0,5
39071655,31,0.02507539980970697,0.03098549243720259,0.028018512636689506,0.025629864708480377,4,0.0,3
39080628,71,0.4502196172026939,0.39330019017969386,0.19088887880575345,0.5481795975839884,1,0.0,4
39086059,45,0.5702245769161283,0.5255054415036902,0.29202776895503424,0.6264082104243245,2,0.3333333333333333,3
39086221,15,0.026606190581903017,0.02583386406368174,0.022414810109351604,0.028313949557036366,5,0.0,4
39086221,33,0.05824826972925019,0.05286951502822254,0.022414810109351604,0.05733920186127869,4,0.0,11
39087100,33,0.08264053325620557,0.12177178090101114,0.013448886065610963,0.14204230035450985,12,0.0,12
39090788,71,0.1461771175374499,0.10266022797140012,0.03362221516402741,0.05044566985640231,3,0.0,4
39098221,33,0.04926143703676409,0.05410206756524875,0.12147474105820673,0.06799694101375121,3,0.0,14
39103990,45,0.27427822598920687,0.23684798704573534,0.06724443032805481,0.24499043704863857,5,0.0,17
39104926,34,0.07901147132874872,0.05127993977759333,0.04803173594861058,0.044851968754595524,3,0.0,6
39111320,45,0.4024343639781227,0.3999381041326644,0.15574814344268492,0.4673018733874713,5,0.6666666666666666,3
39114735,45,0.10004253456932077,0.07292621971896084,0.06724443032805481,0.0688487374729104,2,0.0,3
39115519,33,0.07754668869008317,0.04458078127892395,0.145053137027838,0.049551746714082724,18,0.06451612903225806,31
39120927,45,0.46703929667320887,0.4792387248242469,0.05603702527337901,0.5350837070123,2,0.6666666666666666,3
39123006,09,0.060958819021509555,0.06820032030365993,0.030565650149115824,0.07236569828358268,18,0.1111111111111111,9
39127865,45,0.32164299583241407,0.359485345692091,0.019777773625898474,0.323046063627644,11,0.5,6
39138976,48,0.03066379174465979,0.024928594896689586,0.06724443032805481,0.03797580213123756,3,0.0,7
39139037,09,0.07585469265709074,0.06379349157353796,0.06724443032805481,0.06466322450761439,10,0.0,3
39140587,22,0.0295241812254087,0.024489834445907993,0.048031735948610585,0.050463405050517704,2,0.0,3
39144639,33,0.02382225881948294,0.026295269928965533,0.07860130303766319,0.029418188994304588,2,0.0,3
39153528,90,0.017701832724068556,0.020979690014818326,0.06724443032805481,0.042937862422386196,1,0.16666666666666666,6
39156686,72,0.14043520976134316,0.14619076706132145,0.06724443032805481,0.08095026983346824,2,0.1,10
39157868,71,0.4316821894033691,0.46064341481235765,0.05603702527337901,0.486759967379907,6,0.75,4
39197130,09,0.06310394852616666,0.05244944497618248,0.08652674635704719,0.05691639636325752,31,0.0,13
39202627,34,0.15664567044037367,0.06664783218551261,0.048031735948610585,0.07177058475542511,1,0.0,3
39215369,79,0.08933995454051888,0.09271557726665902,0.06724443032805481,0.08307395859425094,4,0.0,3
39223296,15,0.06552556386912199,0.06790638098474044,0.030565650149115827,0.06983508879490948,7,0.0,7
39224504,39,0.06491841970832156,0.08232617645748465,0.145053137027838,0.0749167275927239,13,0.1111111111111111,9
39224698,14,0.12626864131201654,0.10579806530555597,0.04202776895503426,0.1176140585092142,8,0.0,3
39230764,32,0.060750842319387106,0.09343364925494302,0.03362221516402741,0.13007481605287152,2,0.0,3
39230764,48,0.058699183690530364,0.04863620879418049,0.03362221516402741,0.0567727548552869,3,0.0,3
39230764,72,0.049187382951040505,0.05592924260433279,0.03362221516402741,0.06947523220696517,3,0.0,6
39231218,33,0.03074113313374538,0.05148654980489066,0.03516374083263879,0.055899238663620086,13,0.038461538461538464,26
39234237,18,0.07608315498024418,0.10305822785754896,0.08908147677601827,0.087692760381983,4,0.125,8
39234533,15,0.06378389649208444,0.06556467037272974,0.021013884477517127,0.07663905432957599,13,0.0,4
39241289,37,0.09015383864772308,0.11216376975760924,0.04202776895503426,0.13403642044094563,3,0.0,4
39248284,09,0.08271501859734165,0.0746541135999013,0.06681110758201371,0.06137877483277992,19,0.0,9
39251145,90,0.10307473634225783,0.02644047224721455,0.13362221516402742,0.04334098868402522,1,0.0,7
39263391,09,0.0575527941896774,0.04283813593342146,0.06724443032805481,0.04416598219476756,45,0.0,31
39280223,90,0.04183597428844935,0.028283702004161443,0.05603702527337901,0.03863583640189628,3,0.0,3
39299695,45,0.15442761523437043,0.1476048863120902,0.14846912796003045,0.16500455282098758,12,0.8,5
39321788,33,0.046062638041434796,0.05100003973908412,0.030565650149115827,0.057030844613691525,11,0.0,3
39330111,33,0.019232592571243677,0.040932488037563705,0.024744854660005075,0.04428508488058634,20,0.15384615384615385,13
39331210,33,0.03879318495392535,0.04245216036418189,0.03362221516402741,0.03881108363129224,2,0.0,5
39342111,50,0.041084075622514565,0.03336277616523475,0.013448886065610963,0.02912036733756303,3,0.0,3
39342111,71,0.17802321694128975,0.1827327814109765,0.013448886065610963,0.17344294982563796,2,0.0,3
39343817,09,0.044818547129497684,0.043617979656400276,0.12147474105820674,0.043839684549687605,7,0.0,4
39362358,15,0.033079215697422476,0.04943688553505429,0.012931621216933618,0.05070539154904769,21,0.0,23
39363972,45,0.18612343045847754,0.13977909023007778,0.048031735948610585,0.1786629921590254,1,0.0,6
39365029,14,0.031178802240700697,0.023115173335892428,0.03362221516402741,0.02881558952852663,3,0.25,4
39374206,15,0.06867453945367509,0.06269737849687611,0.19088887880575342,0.08513187125214229,11,0.0,3
39376931,14,0.1084818331096568,0.12901761945959944,0.030565650149115827,0.11799183048950983,8,0.0,7
39382835,24,0.014954728250951725,0.024188939208407968,0.013448886065610963,0.020355536536894814,6,0.0,4
39389872,48,0.05479951358649141,0.05699712175738621,0.030565650149115824,0.03562230383100236,5,0.0,7
39408677,72,0.05292589699428795,0.056893993887821646,0.11135184597002284,0.0663379270376626,43,0.75,24
39417349,30,0.0572529148438071,0.06740674346434848,0.01601057864953686,0.06701511022280575,16,0.0,3
39421842,39,0.03901686701875199,0.034584158317869505,0.01601057864953686,0.028003595671552226,7,0.0,5
39421842,44,0.03767022640249522,0.025065804977053838,0.01601057864953686,0.02514099813703081,12,0.0,15
39423347,31,0.06852788539184873,0.0995978047847563,0.03362221516402741,0.0835944369937815,4,0.0,5
39427231,48,0.0410872843685894,0.032299906509495636,0.025863242433867235,0.031159743774042438,8,0.0,3
39453334,50,0.05197629973052535,0.05386891919944587,0.037358016848919345,0.03231903441333547,1,0.0,3
39459829,38,0.1371026747797172,0.11007935776478733,0.18534567509112632,0.09943889582711997,3,0.3333333333333333,3
39459829,44,0.05316225350724056,0.07118476887292585,0.18534567509112632,0.04421992110760436,4,0.3333333333333333,3
39465345,38,0.030487760458269453,0.028383159693072743,0.048031735948610585,0.0472588703601918,1,0.0,4
39468849,18,0.06856889871479034,0.06355184050645359,0.07860130303766319,0.05846051348521339,2,0.0,4
39469334,30,0.11639602113064049,0.11280098519464084,0.05344888606561096,0.12387935858947118,9,0.25,4
39496478,33,0.06434358600105874,0.0808445609297464,0.01601057864953686,0.10496151342563911,11,0.0,7
39517560,44,0.09365320295946472,0.05757918982018082,0.019777773625898474,0.05698622433802561,6,0.0,5
39524274,09,0.02421221544308968,0.03055610630924924,0.028018512636689506,0.0359991802000713,4,0.0,7
39526580,33,0.04512103943160398,0.03952355268605773,0.10278631935694417,0.06310103067926864,1,0.25,4
39537875,39,0.10468315620592618,0.10619551144154372,0.06724443032805481,0.11154733505913608,4,0.0,9
39564055,90,0.13887458242897496,0.059780695463476204,0.048031735948610585,0.069066870595253,1,0.0,3
39568531,09,0.058334659438345204,0.06469540052536525,0.05139315967847209,0.06204613746983955,57,0.02857142857142857,35
39572642,09,0.042993685003537056,0.06349388308085101,0.06314113923352091,0.06092683439109909,54,0.0,22
39573316,44,0.03165494123748658,0.021875171001977767,0.04803173594861058,0.02537463063288459,6,0.0,5
39576385,09,0.04222578410871121,0.04425811916580489,0.122959060612646,0.04729166805259601,38,0.0,7
39577504,09,0.08122927170436407,0.05719942321989106,0.019777773625898474,0.049179055128811176,75,0.0,39
39580810,33,0.034002279228644,0.03265194675984349,0.06724443032805481,0.038278444557804395,8,0.08333333333333333,12
39582749,09,0.048383950027557326,0.059688779444352164,0.11135184597002284,0.06083794124064551,54,0.0,20
39583282,45,0.23684735810252536,0.24488495421324388,0.048031735948610585,0.26346322056917076,1,0.25,4
39584988,09,0.03869195430364208,0.0440624655850967,0.1168111075820137,0.0398045364791692,51,0.0,11
39585960,09,0.06404834969198979,0.0466554924403756,0.048031735948610585,0.04552139546662275,26,0.0,5
39586236,09,0.039658213628758834,0.052567412742133474,0.018679008424459673,0.041586515966600276,30,0.0,23
39587271,09,0.08016572637803354,0.05403458813068024,0.05567592298501143,0.0626453189339021,20,0.0,6
39588481,34,0.07450850358991107,0.043792000975630484,0.07423456398001523,0.046975415074607264,3,0.0,6
39589483,09,0.07522161007417037,0.04730331146468667,0.05603702527337901,0.05219240133149989,122,0.0,12
39590621,09,0.05813984174867898,0.04625005365679964,0.11135184597002284,0.042605370913170924,31,0.0,25
39592941,09,0.03339310548021526,0.03155701363907644,0.122959060612646,0.03523963229040261,59,0.04,25
39593306,09,0.06703466885952855,0.06305232425195037,0.06681110758201371,0.0476133124483268,36,0.03571428571428571,28
39594527,09,0.03160821739059728,0.04251778169308314,0.1368262090164173,0.043945351413781954,83,0.0425531914893617,47
39594603,30,0.0758950145427084,0.141226684982383,0.028018512636689506,0.09468847318784304,2,0.1,10
39595350,09,0.0839341692758503,0.06554470922269275,0.1853456750911263,0.08015765866651194,45,0.0,9
39619088,71,0.28023624067678954,0.133201633667094,0.05603702527337901,0.21310740173611928,1,0.0,4
39622195,71,0.406336282264731,0.2346457261572978,0.2336222151640274,0.23731875191998952,3,0.6666666666666666,3
39624900,90,0.04071469628518251,0.0444848988099277,0.021013884477517127,0.040819404046868187,13,0.0,16
39625877,15,0.05509414743730811,0.059035165653189,0.08351388447751715,0.06938041746844009,26,0.0625,16
39628401,45,0.28037271121268426,0.23901244594188464,0.05603702527337901,0.302021268513726,1,0.3333333333333333,3
39634860,09,0.06728216145021516,0.04072561861963941,0.06724443032805481,0.04305501543863851,62,0.09090909090909091,22
39635487,09,0.06604983384440771,0.0765423140029596,0.06681110758201371,0.07277793383352443,5,0.125,16
39639696,45,0.457736172084501,0.4170754678900989,0.2224148101093516,0.3586180402892588,2,0.3333333333333333,3
39652998,33,0.016997284078965523,0.009654256589006274,0.02101388447751713,0.01118105189131227,1,0.0,3
39670260,44,0.07651072758278482,0.08004081092371765,0.04202776895503426,0.07688275747425757,4,0.0,4
39685014,15,0.10471033099504154,0.09110640422727512,0.048031735948610585,0.10436706564966548,11,0.0,5
39693067,48,0.03662913635284969,0.046982582403485414,0.037358016848919345,0.03684148609568898,6,0.3333333333333333,3
39704225,31,0.04168451017415238,0.033244783421470143,0.048031735948610585,0.03558106375968824,15,0.06666666666666667,15
39705831,34,0.045345888982193536,0.04953181121034084,0.04202776895503426,0.04554295819524988,17,0.0,8
39711536,09,0.036607289801904024,0.05661344073354168,0.03650347111937928,0.06183163514279222,15,0.0,8
39720797,44,0.1461489131112416,0.11167322197457513,0.06724443032805481,0.10534954547224597,6,0.16666666666666666,6
39726263,09,0.05803779004660449,0.07051803410244452,0.05191604781422831,0.06613841335451505,145,0.029411764705882353,68
39727739,33,0.022579549402508413,0.019396217258435627,0.04202776895503426,0.024080822558819843,7,0.0,3
39744247,33,0.07426170607314977,0.1561866113732663,0.017695902717909162,0.20341053129432116,4,0.6666666666666666,3
39755327,72,0.026024581427389972,0.021692665984197747,0.06724443032805481,0.015112303432286282,6,0.0,20
39766763,45,0.2817880436818764,0.2509272791537339,0.06724443032805481,0.28656876797828895,1,0.08695652173913043,23
39770738,72,0.06842384771444557,0.049358142984917024,0.06724443032805481,0.05572640827235275,7,0.0,5
39772667,44,0.007282946114606328,0.006890457601957139,0.037358016848919345,0.007030024433682629,1,0.0,4
39775233,42,0.049935052760578136,0.05324887297971104,0.037358016848919345,0.056765659890423974,4,0.0,4
39782701,09,0.06819685086114681,0.047359682188185155,0.2224148101093516,0.041628967559246305,18,0.0,11
39785646,15,0.02375380676825102,0.08315158876896334,0.024015867974305292,0.04700863827739316,1,0.0,3
39785646,55,0.18790956704266756,0.13998131904648964,0.024015867974305292,0.109506688037444,2,0.08333333333333333,12
39796845,09,0.04838350675093592,0.05602685540311656,0.10261965676231297,0.046426557194849956,8,0.0,11
39798690,09,0.09906451692786533,0.09679978568550864,0.048031735948610585,0.07265412793080328,7,0.0,5
39803574,42,0.03704782717955043,0.027254741642878583,0.03362221516402741,0.02293346001293712,2,0.0,3
39803574,44,0.041559499951026396,0.025549198553261435,0.03362221516402741,0.026857110945272145,2,0.0,4
39806360,34,0.023599771441459624,0.02519682947235446,0.05603702527337901,0.031403293894172665,16,0.0,8
39807830,33,0.04747815594374701,0.06242240762425599,0.03362221516402741,0.07421497312463927,18,0.0,14
39810010,45,0.6376387711859303,0.5731931782396852,0.48908147677601826,0.6244792042254006,11,0.5,6
39812278,30,0.0700817516040442,0.08033772252664462,0.11135184597002284,0.0685326924998537,4,0.0,3
39821153,09,0.04693154015649948,0.02888222501569747,0.06724443032805481,0.040639839821313334,22,0.0,4
39822094,14,0.03391896415478703,0.08988950657299538,0.025863242433867235,0.130560465777147,1,0.2,5
39828934,44,0.04805083479712777,0.03174443683331888,0.06724443032805481,0.03684928466261661,5,0.0,4
39833043,33,0.050409068079683955,0.0569638255605666,0.03362221516402741,0.02894175009658291,4,0.0,3
39852696,72,0.09380145083728111,0.06374699832767702,0.06724443032805481,0.0448925961739569,4,0.0,28
39860150,33,0.08329162238626972,0.03992852810925999,0.02586324243386724,0.06641530194003877,3,0.2857142857142857,7
39868914,44,0.030552658997613266,0.042063178443950466,0.04202776895503426,0.03708538731265583,1,0.0,4
39871335,45,0.24733603064299214,0.2284983339165251,0.04803173594861058,0.21483769909368458,3,0.5,6
39881694,34,0.02924988887910778,0.03409387267227744,0.05603702527337902,0.032763567840743676,5,0.0,3
39894038,33,0.015463626134264252,0.02064061838455852,0.07423456398001523,0.02161136635379017,10,0.0,14
39894111,45,0.4341042340713869,0.4536277362015517,0.06724443032805481,0.3869509302562612,5,0.75,4
39908038,72,0.043314009563416224,0.05694009962279451,0.05603702527337901,0.06847788176518715,43,0.45161290322580644,31
39912334,09,0.030471254590070645,0.04128306445733458,0.06724443032805481,0.029946348997042002,1,0.0,3
39912774,33,0.1169560832013901,0.07006581848831081,0.13362221516402742,0.06980437559228932,4,0.0,3
39921354,45,0.17217266194404934,0.2023781793942465,0.037358016848919345,0.19726588702697845,4,0.25,4
39927597,33,0.06725542862015682,0.0747158690794584,0.037358016848919345,0.07179930580029374,10,0.0,6
39950584,48,0.06897387599153303,0.04716627602708664,0.02586324243386724,0.05575656880013501,3,0.0,4
39952932,50,0.06979791862013279,0.11801079796486874,0.03362221516402741,0.10467620781753503,13,0.0,8
39957930,09,0.05944655585865109,0.063294122325218,0.06724443032805481,0.04924237799380007,9,0.0,10
39971583,90,0.03127477750189934,0.04126408537338546,0.06724443032805481,0.030223180122893326,1,0.0,3
39986689,31,0.006234519816950091,0.005959081343856779,0.037358016848919345,0.003954677864087493,1,0.0,3
39996917,48,0.05731159476280157,0.03855034427852383,0.014618354419142351,0.04536172204458219,3,0.0,7
39996917,72,0.03781511951385441,0.044780961688025096,0.014618354419142351,0.059214933127991864,2,0.0,4
39999148,03,0.06156412219102525,0.05537952956736594,0.1905793625585812,0.05336782675548522,4,0.0,5
39999148,15,0.059998035337619625,0.04818329735143812,0.1905793625585812,0.06443661452083708,12,0.0,15
40010145,71,0.49340323959849086,0.40114787754736103,0.05603702527337901,0.3032211043820561,2,0.0,3
40026988,72,0.05794617015827078,0.04124360482409521,0.08908147677601827,0.06938092587425723,2,0.0,8
40027997,50,0.03694384342271686,0.027963016394462126,0.06724443032805481,0.02735914208349957,3,0.0,3
40049680,09,0.02303661200035008,0.021955392046025698,0.048031735948610585,0.0253688852850721,1,0.0,4
40068174,85,0.23330267612361144,0.1584590710509828,0.06724443032805481,0.15858831132997955,7,0.0,5
40072264,39,0.14909466638671287,0.0913558469011699,0.018679008424459673,0.06052905668951831,1,0.0,4
40090765,45,0.47062494986553327,0.4497563898233216,0.1168111075820137,0.48267683604543726,6,0.8333333333333334,6
40094433,34,0.018774241770706235,0.026813603086378385,0.06724443032805481,0.025031343419868644,1,0.0,4
40098434,55,0.033683289049681084,0.04883942257115426,0.05603702527337901,0.05159887307702792,2,0.0,4
40098570,30,0.09391928807200439,0.07012519712533678,0.2112074050546758,0.07493279521966989,10,0.0,12
40098570,32,0.14763529112319013,0.06461447138000927,0.2112074050546758,0.07867201675463238,3,0.0,3
40100480,90,0.03819619339259319,0.045835972046018164,0.030565650149115827,0.03968688814843139,6,0.0,5
40107642,14,0.04512069489042885,0.04433263607672477,0.030565650149115827,0.028422202934434218,3,0.0,5
40108819,79,0.10662166042981562,0.07604268463194437,0.05603702527337901,0.0538171480576341,1,0.0,3
40108887,79,0.06015622103234026,0.051831680005788784,0.04803173594861058,0.04783900858906881,3,0.0,7
40108908,79,0.0025578642656463326,0.0019615649723478765,0.04202776895503426,0.0019649040798770823,7,0.0,13
40108934,79,0.044598996503442914,0.06067754117416243,0.030565650149115827,0.05439884420181894,14,0.0,7
40108955,79,0.05298572320434287,0.0639636121488341,0.03735801684891934,0.05616285173163993,7,0.0,3
40109126,79,0.03106277353934742,0.1492359555538754,0.05603702527337901,0.08472627552845917,3,0.0,4
40109168,79,0.1700569573436036,0.1556262249969665,0.048031735948610585,0.1243873037657262,2,0.0,3
40111046,09,0.08736872987038138,0.06808922359227337,0.1495249017806991,0.06460583528014001,47,0.0,30
40113001,09,0.07141145815534368,0.05800208771585054,0.06724443032805481,0.06512208982961643,11,0.0,9
40121960,45,0.34203918407882844,0.3081448429287349,0.017695902717909162,0.31808153255447574,12,0.25,12
40128332,33,0.04093672483780209,0.03850191462518125,0.025863242433867235,0.0373783370114962,13,0.0,16
40130383,45,0.3532932476034292,0.3140298152512865,0.3651481464676256,0.323941681154139,5,0.6,15
40131916,90,0.05527898913845134,0.046478841807436624,0.04202776895503426,0.05428433956179551,2,0.0,5
40148165,45,0.7481749770844943,0.7278871928010514,0.12295906061264598,0.7450417920082384,34,0.7916666666666666,24
40168024,33,0.06467020960491833,0.07390397288786031,0.028018512636689506,0.06234790855946116,11,0.0,8
40169080,45,0.5596511185974057,0.6027730120770717,0.04803173594861058,0.6369016788720797,3,0.0,5
40170358,31,0.03555099217437549,0.07833378248382734,0.04202776895503426,0.03975420264043791,4,0.0,12
40175293,30,0.06761605250991795,0.05779345667129715,0.02101388447751713,0.06226781002974376,20,0.0,14
40175293,48,0.025200976720825986,0.03352343906636571,0.02101388447751713,0.03097176497281146,4,0.0,3
40193574,33,0.020568181105187263,0.012730517405082065,0.05603702527337901,0.015503297020161847,2,0.0,3
40193857,24,0.023285978721781474,0.037681065724326945,0.014618354419142351,0.049002358336023635,10,0.0,9
40199288,33,0.06726271873279877,0.0936503860018705,0.10157487615827278,0.09888508260425097,14,0.0,13
40207010,44,0.06917606069850313,0.06319559273390406,0.12979011953557076,0.06780054386231989,8,0.0,4
40207010,45,0.3793530132051422,0.17915828363128147,0.12979011953557076,0.1879898026775039,2,0.0,6
40207890,79,0.10276317953958758,0.09601644032923119,0.04803173594861058,0.07800156804352039,6,0.0,3
40216507,45,0.2900178720612452,0.32257983692006215,0.048031735948610585,0.29122101542575285,2,0.2,5
40217888,32,0.04923340238258353,0.0866437706067116,0.03362221516402741,0.0781795317223636,5,0.3333333333333333,3
40223320,45,0.6385696172608433,0.7389606759584123,0.04202776895503426,0.6790557930051837,2,0.42857142857142855,7
40223928,33,0.03956907124351312,0.04403066161868851,0.03362221516402741,0.03434820163210685,3,0.0,4
40227262,14,0.08152642744099256,0.06158084534204702,0.025863242433867235,0.062089687792053885,10,0.0,8
40229151,24,0.2717461359134288,0.26213452667456477,0.21238383196729763,0.18050733238662914,5,0.0,4
40229453,45,0.4087083163620988,0.43292223893909576,0.05603702527337901,0.5298847542381799,2,0.6666666666666666,3
40237768,09,0.1602802370955295,0.09720159822607438,0.06724443032805481,0.07799210177524717,4,0.0,3
40257391,34,0.11148555289259073,0.09268277240962979,0.06073737052910337,0.08006183515526745,14,0.5714285714285714,7
40257915,09,0.09261971792103206,0.09653373974440728,0.04202776895503426,0.09944419007985678,6,0.0,3
40263782,90,0.026721173471812232,0.021124524640915108,0.03362221516402741,0.03930955631779195,8,0.0,8
40266233,45,0.5359194518533547,0.5166334571847014,0.030565650149115827,0.5010615131420474,6,0.6,5
40273408,45,0.3719150356655225,0.2583332272343746,0.09544443940287672,0.3225846915356185,1,0.2857142857142857,7
40277858,90,0.0384355974613411,0.034076282182728,0.048031735948610585,0.0270002062882921,7,0.0,5
40283877,09,0.07481456151837934,0.060717261338959376,0.16702776895503427,0.054146106990016395,4,0.25,4
40286087,37,0.19801395077176262,0.1433567042039279,0.037358016848919345,0.1529530443266764,11,0.0,5
40292876,09,0.05522603722935127,0.04666448098693602,0.05567592298501142,0.045905008290642646,2,0.0,6
40293555,30,0.09234028048681284,0.11120822855924765,0.014009256318344753,0.07593790417553661,4,0.0,5
40293555,32,0.05562634104005617,0.062153266195415245,0.014009256318344753,0.05332619874849617,1,0.0,4
40309753,33,0.04454896563132324,0.04348264058554992,0.013448886065610963,0.041722173849606733,13,0.125,8
40323076,79,0.14814959439260544,0.09573581272761501,0.05603702527337901,0.07497827304412143,3,0.0,3
40333959,15,0.05649647759256033,0.06354722001723145,0.025863242433867235,0.05759482993680226,1,0.0,6
40340772,33,0.051906384706528405,0.05863995886338612,0.10278631935694417,0.05438455848342511,15,0.0,5
40342130,72,0.0695527275681468,0.04085851496270317,0.06724443032805481,0.04101833592655319,7,0.0,33
40374335,34,0.040169847865716285,0.04403587968177348,0.03362221516402741,0.05448019337454649,3,0.0,5
40375543,15,0.07756467455143351,0.06429382374846782,0.022414810109351604,0.07662561105224291,4,0.0,5
40375543,55,0.10621027093926487,0.052737439513828456,0.022414810109351604,0.04984406399075655,5,0.0,3
40381599,45,0.26386035913368916,0.3409250064302586,0.21238383196729763,0.3085240964351183,2,0.2,5
40404935,50,0.0944832908926299,0.14706809250706326,0.037358016848919345,0.11374685137035277,11,0.0,3
40422404,15,0.06910126613116192,0.0653046741464374,0.022414810109351604,0.07970844845033846,10,0.0,9
40436197,48,0.028387175323251933,0.019478208652312045,0.06724443032805481,0.014265009753657817,1,0.0,20
40439947,15,0.023353816198403144,0.03738420672649619,0.014009256318344753,0.05353104204008171,3,0.0,11
40442258,90,0.03146825158153166,0.02704173613584071,0.16702776895503427,0.04199093240020331,2,0.0,3
40450211,33,0.08073922704172791,0.05432000340959818,0.028430258545537747,0.05844577660245078,7,0.23076923076923078,13
40452418,45,0.3979076824232196,0.3554710562199048,0.14846912796003045,0.30119312978960405,4,0.0,5
40464528,09,0.061412514099677566,0.04947623080656193,0.06724443032805481,0.04261383419742326,14,0.14285714285714285,7
40469699,15,0.02974807445078193,0.02030355361350027,0.06724443032805481,0.01671252577300777,33,0.0,36
40470243,72,0.08673685495249714,0.06641444148455122,0.06724443032805481,0.058860547743395115,34,0.0,5
40477029,33,0.044528340251058944,0.04418191794701393,0.0712497619798314,0.05544409791005431,83,0.044444444444444446,90
40478106,34,0.03240893557779764,0.027375696978626803,0.024015867974305292,0.03033659148713113,4,0.0,3
40490605,71,0.21207634131150915,0.10443494162063713,0.13362221516402742,0.1312089267065365,2,0.0,3
40490605,98,0.04604780103269158,0.03300185687424242,0.13362221516402742,0.04165237010430709,4,0.25,4
40504235,45,0.23304816088833924,0.24169568978278508,0.10278631935694417,0.20325371323716054,3,0.125,8
40521344,33,0.018690490501115244,0.01755181964965329,0.015282825074557912,0.016104547464273054,5,0.0,14
40539205,90,0.0353224657856874,0.025285694260829564,0.14846912796003045,0.03170988579433086,11,0.0,3
40581739,33,0.06457079622061648,0.051305942800324626,0.06724443032805481,0.04932596485999994,23,0.03333333333333333,30
40594397,45,0.12241639753671135,0.11648928162664539,0.05603702527337901,0.14152210468484364,3,0.0,3
40603406,45,0.4782381280019529,0.4333803499536448,0.12147474105820674,0.4719803486967706,8,0.6666666666666666,6
40605911,48,0.03726335043338621,0.042361813693609335,0.05603702527337901,0.04099693924514095,3,0.3333333333333333,3
40617513,09,0.05440475952141562,0.06348046134553152,0.013448886065610963,0.05021919193603145,6,0.0,8
40627579,09,0.02918555461778876,0.02495075936585354,0.048031735948610585,0.01969951851980063,1,0.0,4
40665499,55,0.05742833288172902,0.035998248799044036,0.030565650149115827,0.036893651726626384,4,0.1,10
40692920,09,0.12280473805940421,0.09031880620817195,0.04803173594861058,0.09030762296253597,6,0.0,3
40711560,38,0.08087125161209271,0.06972302243483036,0.09344888606561096,0.07562946721661128,10,0.0,10
40717358,33,0.07735727635205546,0.055949829082298466,0.2336222151640274,0.044443287298450554,2,0.0,6
40733720,15,0.04731572405097799,0.039515937373862546,0.04202776895503426,0.03911226850231285,4,0.0,7
40733799,30,0.07834813724867415,0.07330383821429905,0.048031735948610585,0.07539242988240606,10,0.14285714285714285,7
40750285,30,0.13745799694080393,0.11937120212753696,0.07536200489162174,0.12147186512463323,10,0.3333333333333333,6
40771111,71,0.2739921538195947,0.21595277379613634,0.13362221516402742,0.2312098089935844,7,0.8,5
40777092,45,0.3819217636075147,0.369130840172234,0.13362221516402742,0.40332772657773747,8,0.125,8
40819184,33,0.021183154295694534,0.02850148109711998,0.030565650149115827,0.022256594383084465,2,0.0,3
40820760,44,0.023862472705855856,0.035648070406495064,0.06724443032805481,0.028223958824572976,1,0.0,3
40822312,33,0.14072270921047458,0.09524053510075545,0.06724443032805481,0.0995705642654274,4,0.6666666666666666,3
40826029,38,0.05647941516002084,0.07018054394543458,0.03362221516402741,0.04825096671488427,4,0.0,3
40835342,45,0.19826462924248367,0.2127417154799538,0.03362221516402741,0.26135285826879806,2,0.3333333333333333,3
40840299,33,0.039055330385481146,0.02748208869435522,0.06724443032805481,0.02637036194681945,9,0.0,5
40845612,09,0.08336007142864318,0.04368425033906349,0.06724443032805481,0.04553137743375322,14,0.2,5
40865183,42,0.26182707763281504,0.31276165160038455,0.06724443032805481,0.23515310200760398,1,0.6666666666666666,3
40866700,15,0.04993851226661782,0.044569886318113205,0.011593867297940486,0.04391549507533945,27,0.05,60
40866700,33,0.08448838079508618,0.07764880305872347,0.011593867297940486,0.08272748542374452,38,0.0,5
40872122,71,0.1176423674527248,0.031709208405828665,0.05603702527337901,0.05377382969806304,1,0.0,3
40877513,31,0.03865693281729341,0.039591000845759804,0.06724443032805481,0.06455954225120306,1,0.8,5
40879290,09,0.05337582277275281,0.04169152106307409,0.03362221516402741,0.03194555186999791,28,0.058823529411764705,17
40884096,09,0.05086088525254987,0.04927490037999377,0.014009256318344753,0.04064954842413573,1,0.0,4
40884405,45,0.2336953168399339,0.10087982247415767,0.06724443032805481,0.13195485744944005,1,0.0,3
40894078,03,0.060195728652171085,0.05873009273768964,0.06724443032805481,0.04444969977924685,2,0.0,6
40899998,45,0.19125545871155128,0.1119153955453657,0.06724443032805481,0.15701452518302,1,0.0,3
40903202,44,0.09923117261699818,0.10469036639738384,0.03362221516402741,0.08947777655638456,4,0.0,3
40939820,38,0.04500781667151306,0.05235369635843856,0.009339504212229836,0.05159532111876484,5,0.0,4
40945017,45,0.313394206380753,0.21838133971612525,0.04202776895503426,0.22654457860226973,1,0.0,3
40945059,79,0.11954444087960504,0.10138668317133968,0.06724443032805481,0.08270754941260718,12,0.0,9
40947480,45,0.2584417537469261,0.11156996196779162,0.2336222151640274,0.11756236679819645,4,0.6666666666666666,3
40954000,30,0.11318206699843379,0.10334689163222911,0.07032748166527758,0.08724756069013882,3,0.0,5
40954215,15,0.06472470030074658,0.03684353437119984,0.048031735948610585,0.03555653858356843,15,0.0,3
40955004,45,0.13294978222703277,0.1419027452842982,0.037358016848919345,0.13624463373511445,3,0.3333333333333333,3
40956872,09,0.07430792448523836,0.08656351626686831,0.012007933987152644,0.057478212696091706,3,0.05555555555555555,18
40957368,33,0.027516052138208333,0.038986245617511274,0.02101388447751713,0.04305225605924707,3,0.0,11
40957368,38,0.013034934776801973,0.017528419250408944,0.02101388447751713,0.01796305008675548,3,0.0,4
40980926,33,0.013697970674978454,0.041611869791810856,0.022414810109351604,0.0522642296705658,3,0.0,12
40986912,03,0.03032816474797727,0.02909233444006387,0.03362221516402741,0.018894214672222093,1,0.0,3
40986912,55,0.09337790942255796,0.087680349612707,0.03362221516402741,0.09548649070234859,3,0.0,5
40997861,15,0.05788219232888807,0.0942651091455044,0.048031735948610585,0.047003365264599105,1,0.0,4
41002072,34,0.017256793673576697,0.020244798378530993,0.05567592298501142,0.02757542398458961,3,0.1111111111111111,9
41003486,30,0.18844421489421523,0.1271739785217788,0.019777773625898474,0.14041865314468316,2,0.16666666666666666,6
41003486,32,0.02366447713202069,0.021260133387496723,0.019777773625898474,0.05808604637515264,1,0.5,4
41003486,48,0.10398809602793418,0.0741676740541493,0.019777773625898474,0.05732350259881783,3,0.0,5
41009874,09,0.1253574274213061,0.0676772504476794,0.06724443032805481,0.06129485166672908,3,0.0,3
41022256,09,0.09105251437284653,0.09116976393057914,0.12227036919400457,0.09278184282337408,8,0.0,19
41030210,34,0.05967901401289191,0.04473388363942937,0.05603702527337901,0.05333613665081531,9,0.16666666666666666,6
41037833,45,0.42684060405894186,0.3769436844669837,0.15574814344268492,0.3575083342051738,21,0.15789473684210525,19
41041022,45,0.3174939585228599,0.4157636666304021,0.12147474105820674,0.38713117602838343,2,0.6666666666666666,3
41041305,33,0.08496253001954301,0.12997413282734663,0.037358016848919345,0.10686688292938155,1,0.0,10
41047696,15,0.038590056499909924,0.039716607886411695,0.037358016848919345,0.034918231278325024,34,0.2,15
41055889,09,0.08408410959548308,0.061111880034954415,0.08351388447751713,0.06699197527126739,7,0.0,4
41065510,33,0.018284430058298246,0.013815284322997258,0.12147474105820674,0.012835203349093351,16,0.0,23
41074702,45,0.10162519526829543,0.22895382057022495,0.017695902717909162,0.26303045705117195,1,0.2,5
41077401,33,0.05416230934751352,0.06368034179977744,0.06724443032805481,0.05011946940980612,28,0.0,28
41083942,72,0.056600369298946664,0.07924004977936722,0.06724443032805481,0.1566893007206501,9,1.0,4
41086393,33,0.03331205240252652,0.04183374955787606,0.010188550049705276,0.04005853189289447,3,0.0,20
41087308,45,0.32106422284778596,0.3197474585465117,0.05603702527337901,0.27507017400820577,3,0.6666666666666666,3
41087491,09,0.0705425319558494,0.07148605698873611,0.04326337317852359,0.06936000614967876,28,0.0,6
41104270,31,0.01823556297420552,0.02387323421144239,0.11135184597002284,0.016537744581554846,2,0.0,9
41114116,33,0.09903262216424225,0.09499178915936903,0.04803173594861058,0.0866162590532396,6,0.0,3
41114179,14,0.03246974164423616,0.02664987049155706,0.048031735948610585,0.04097838874442363,4,0.0,3
41131435,09,0.03519593606235743,0.028360009271777946,0.10425694223875856,0.028035387615985258,2,0.0,4
41136522,30,0.06207559559656543,0.04285018242401433,0.06724443032805481,0.04195828053055839,10,0.0,6
41139172,33,0.029387351343417068,0.028207926900441643,0.011207405054675802,0.037196784909863355,6,0.0,5
41150966,45,0.28702826056724284,0.3233641795234265,0.2336222151640274,0.2940677763144132,5,0.3333333333333333,3
41152392,16,0.03486000909627073,0.06692333620906023,0.022414810109351604,0.040186538444003266,3,0.0,3
41165265,33,0.03177920284585339,0.034476779606080574,0.04202776895503426,0.024146543087374243,3,0.0,3
41166955,09,0.045080423909962516,0.03663979963006136,0.018679008424459673,0.04091165845902047,5,0.0,5
41172560,39,0.06532144809093368,0.038563121270453214,0.23362221516402737,0.04505977846556613,9,0.6666666666666666,3
41179608,45,0.6268655624793315,0.6490698871901583,0.025863242433867235,0.6963958707004255,1,0.2,5
41180299,72,0.02368547901263955,0.031653435568723284,0.06724443032805481,0.03393051774257583,2,0.0,3
41180896,33,0.034201101924270914,0.03004023969453142,0.06724443032805481,0.030781082852974498,8,0.0,5
41195855,90,0.04489182878389134,0.03154658653881475,0.06724443032805481,0.026454161952400912,6,0.0,6
41198044,45,0.33967581478444614,0.22381766109765427,0.06724443032805481,0.3199014348310768,1,0.5,4
41198416,45,0.1879155735802951,0.22108704435624893,0.04202776895503426,0.24672095008039166,6,0.3333333333333333,3
41200257,09,0.04971391110614508,0.07375263264500909,0.016811107582013703,0.06148553741235848,14,0.0,4
41202432,15,0.030682636913198058,0.030259229991580806,0.011593867297940486,0.03929589214916799,10,0.06666666666666667,15
41206217,30,0.11769617440283806,0.10702309428622339,0.028018512636689506,0.10893289617893606,17,0.14285714285714285,7
41207006,79,0.04386131322863265,0.0882817425271083,0.048031735948610585,0.06322331391544829,1,0.0,3
41224168,09,0.04593973807058934,0.03451721258496596,0.07413827003645053,0.04812440637434984,10,0.05,20
41226563,30,0.1499367959935925,0.05056868319272609,0.04202776895503426,0.07194837646486338,2,0.0,9
41235604,45,0.1139045047096238,0.12389599064374757,0.08985469814001054,0.16076203643487452,7,0.04,25
41255327,45,0.17513934130545938,0.17173840821988118,0.12147474105820673,0.21598072533353566,3,0.6666666666666666,6
41267243,45,0.3239176462867645,0.34186967037047955,0.19088887880575345,0.2690119195669428,3,0.6666666666666666,3
41272101,39,0.18230840897143727,0.1727629771994604,0.06073737052910337,0.14572752276386683,7,0.0,4
41275610,45,0.4077039306398976,0.3758839693096575,0.07860130303766319,0.33015764568783207,2,0.3333333333333333,9
41291061,45,0.4933817600867565,0.5596987575357966,0.2227036919400457,0.5290592030241976,1,0.3333333333333333,3
41293755,09,0.04501429128767929,0.025337640538974363,0.06724443032805481,0.02717013717282188,16,0.0,5
41305388,42,0.027745498437949493,0.047032454129342906,0.018679008424459673,0.049624104896521394,3,0.0,6
41311847,03,0.1685557598738053,0.06657516306179175,0.06724443032805481,0.06350244025883248,3,0.0,4
41311847,15,0.19707327700566185,0.1186019254719628,0.06724443032805481,0.12187999687063478,43,0.025,40
41317236,71,0.17386020858894904,0.2270469054754391,0.06724443032805481,0.24192653812647508,2,0.0,3
41319055,45,0.4143464116668137,0.40237802555167795,0.06724443032805481,0.32415109203469555,3,0.0,6
41319819,09,0.04368866428750938,0.04540256775593413,0.030565650149115827,0.04168686583730191,14,0.0,6
41323412,14,0.11119295924266481,0.09951873370148602,0.043103940375492714,0.08785220061146265,9,0.35714285714285715,14
41323412,44,0.041749156143745754,0.04502822866594876,0.043103940375492714,0.037796282661348234,4,0.09090909090909091,11
41331842,33,0.0685012781295102,0.08905482578840403,0.03362221516402741,0.06078488910494861,6,0.0,7
41334204,09,0.0928976833452527,0.08040234518481533,0.024015867974305292,0.08537609177442673,9,0.0,4
41335022,33,0.09262117444091005,0.06684710091081598,0.06681110758201371,0.05880249818458393,15,0.0,12
41336264,33,0.031861512380512186,0.03910714148164711,0.04202776895503426,0.03583891063692535,2,0.5,4
41343340,45,0.38694690743179994,0.3469691577996763,0.06724443032805481,0.33550601798256413,1,0.0,3
41347407,38,0.08853904156577791,0.03272636620215417,0.05603702527337901,0.05000173037018244,6,0.0,4
41351104,09,0.08698520334002036,0.07741994705993449,0.04607662591863014,0.07875173943498429,8,0.0,4
41356537,50,0.12719509830318004,0.2326043195637908,0.04803173594861058,0.14966275195634612,3,0.0,6
41362870,30,0.08561759530492719,0.08335830040756959,0.07423456398001523,0.05057591855349672,3,0.0,5
41367994,09,0.07319892488521951,0.06087753397301764,0.05603702527337901,0.04980831336261015,11,0.0,3
41372742,50,0.19117969247071123,0.1000686179003588,0.06724443032805481,0.10722385188288375,3,0.6666666666666666,3
41373547,50,0.1453330557570549,0.10361070800375988,0.05603702527337901,0.15190322942840445,2,0.0,5
41375408,42,0.028348035733962818,0.02010500628521157,0.05603702527337901,0.020320387535986556,4,0.0,5
41390227,45,0.42991418994217534,0.38936473225943635,0.02801851263668951,0.33681876324714616,5,0.0,4
41397479,45,0.1160695440271173,0.07050894758084807,0.037358016848919345,0.08855409073022698,4,0.0,3
41397479,71,0.019660482655450114,0.01147853735212984,0.037358016848919345,0.022006782327371327,1,0.0,3
41404407,33,0.04855393976047037,0.04809411712734554,0.018679008424459673,0.043089215900223764,25,0.08333333333333333,36
41412376,45,0.6469186166578494,0.6064480064303182,0.11504214316000946,0.6416693356025223,13,0.875,8
41412418,34,0.07061461386632954,0.044988778955376646,0.05603702527337901,0.03700998880336447,3,0.0,6
41419883,33,0.033296355465023665,0.04358651312108133,0.11118518337539164,0.04121294735913975,65,0.022727272727272728,44
41424340,33,0.060603305429839924,0.04217865764345184,0.04202776895503426,0.03796094170812459,5,0.0,13
41424340,38,0.04138693505648497,0.042633240302380346,0.04202776895503426,0.048707672868047135,4,0.0,3
41427817,09,0.04850369824536624,0.06847883568939692,0.029202776895503425,0.06574516669587294,546,0.044642857142857144,112
41435970,15,0.07505893490497073,0.050351024434711136,0.06724443032805481,0.05190379043557186,16,0.0,4
41442772,45,0.28292086659612553,0.352025010717583,0.07032748166527758,0.4176394778583557,12,0.3333333333333333,3
41447959,09,0.09673884594093543,0.06912239071921754,0.14846912796003045,0.06409765174206593,23,0.0,23
41448905,45,0.7193148547424155,0.6842907837331281,0.051393159678472085,0.7547513445154308,1,0.5,4
41449359,09,0.03023634551349692,0.045596168901130114,0.031205977494972358,0.0484194940370674,335,0.018018018018018018,111
41457155,71,0.38557052033068895,0.2867012524010176,0.048031735948610585,0.332894612470952,2,0.8571428571428571,14
41457417,45,0.2020775383339568,0.168016712030967,0.02586324243386724,0.1466262655697997,3,0.0,3
41457569,34,0.037242276419432396,0.06696078354073728,0.030565650149115827,0.06440850227107658,4,0.0,3
41466070,39,0.08915350189683902,0.13945650265607987,0.05603702527337901,0.16327469479585968,3,0.0,4
41468654,09,0.08352998011562772,0.054528410770229026,0.05603702527337901,0.05143903534751064,30,0.05263157894736842,19
41471604,45,0.49669916546490284,0.4547964706929917,0.06724443032805481,0.4470567895784497,3,1.0,3
41480582,71,0.05083640394875434,0.0345258069300156,0.05603702527337901,0.03945780765044498,4,0.0,6
41485685,45,0.23105027470517575,0.2664311692163358,0.13362221516402742,0.3149684541608327,4,0.75,4
41488340,33,0.05989792329357999,0.06268830119757872,0.06362962626858448,0.07873403755259716,30,0.0,3
41493759,33,0.048424909237080344,0.07339100124280097,0.011593867297940486,0.0615984971549135,13,0.0,20
41511636,45,0.33285762028657495,0.3339583502733521,0.05603702527337901,0.31002882355025724,3,0.3333333333333333,6
41513188,09,0.05649830611035499,0.06828823944424858,0.025863242433867235,0.06278460985670847,8,0.041666666666666664,24
41514045,15,0.04822766696518083,0.04322894896166248,0.04803173594861058,0.05136312969624341,12,0.0,5
41522098,33,0.05892045060569852,0.033641077393913636,0.06724443032805481,0.03077387150091123,40,0.0,10
41522192,32,0.02957962584737958,0.048506125342744615,0.014009256318344753,0.047928588744217356,3,0.0,3
41530346,33,0.02563576808721454,0.04356556891337764,0.04948970932001015,0.04580244596015231,16,0.0,21
41530346,38,0.015754791500974228,0.04110835944255188,0.04948970932001015,0.037969385766053534,1,0.0,5
41554748,30,0.08073240743642326,0.08198015628032411,0.051393159678472085,0.09278935700693279,9,0.09090909090909091,11
41558082,90,0.04258705278992004,0.042856825450670266,0.037358016848919345,0.04622593416786828,17,0.0,6
41559270,09,0.06507126321085184,0.05845515995429952,0.10109764095879617,0.05396952039985025,190,0.07317073170731707,41
41569560,44,0.04493204855988969,0.0454954889635181,0.05603702527337901,0.03974264729645258,2,0.0,3
41571077,48,0.05970017499949974,0.0767422828017038,0.048031735948610585,0.0443617942336847,1,0.0,5
41578292,33,0.10976554735700862,0.05782636298492823,0.19088887880575345,0.09852000212563958,1,0.16666666666666666,6
41582068,03,0.04017667646988993,0.07789172325787498,0.06724443032805481,0.0783024065274542,3,0.0,3
41587616,38,0.04446487201611401,0.052812623309775104,0.04202776895503426,0.08027907124570001,1,0.2,5
41589304,15,0.11091604277664646,0.07870696658718081,0.08554415773436601,0.07881791984148373,3,0.10526315789473684,19
41602230,32,0.058919470741735404,0.05606236838358852,0.05567592298501142,0.05093780781447659,8,0.0,4
41610262,45,0.54699487973054,0.4620987753532936,0.37069135018225263,0.4560409410689883,4,0.0,3
41612783,79,0.0583574850884736,0.09435330785266632,0.05603702527337901,0.061816984667094454,3,0.0,3
41622718,33,0.04487781714495427,0.04409106618466153,0.025863242433867235,0.04493489188276304,13,0.0,8
41632616,33,0.025281599907456452,0.028425866094755062,0.05603702527337901,0.029100536469347266,2,0.0,3
41644003,33,0.05030580364588269,0.04337968526518457,0.030565650149115827,0.042447159762315056,4,0.0,6
41644946,30,0.009467466707805138,0.009355679407763657,0.04202776895503426,0.010494135421328727,1,0.0,4
41651246,30,0.022713050091153535,0.020980995232971603,0.04202776895503426,0.026124511658395584,1,0.3333333333333333,3
41665589,09,0.11237801427642567,0.07250243176083133,0.06724443032805481,0.06689110305492214,70,0.15384615384615385,13
41676522,34,0.08867683048196547,0.04820857007418514,0.1235637833940842,0.045115236417511174,6,0.0,3
41676695,39,0.15906573627671045,0.1234690999130199,0.2224148101093516,0.13922015581099026,12,0.14285714285714285,7
41680942,79,0.04700667632346592,0.07718009344577885,0.03362221516402741,0.07081995878352974,9,0.0,5
41683524,37,0.04511796598002933,0.0536536180087642,0.030565650149115827,0.06141055627850709,27,0.16666666666666666,6
41686483,37,0.12566278663809538,0.09774855819648867,0.06724443032805481,0.129983498972697,1,0.0,3
41701548,09,0.09830195595388203,0.10807203490715545,0.037358016848919345,0.09211435836430833,6,0.0,32
41707796,77,0.05176655287060033,0.04543132295811494,0.06724443032805481,0.05074054228659267,3,0.0,4
41714500,09,0.06487945470988014,0.059803499942091255,0.04803173594861058,0.05137301899815939,3,0.0,8
41716575,44,0.08828413711169165,0.06438501583739799,0.19088887880575348,0.06726404842020034,13,0.0,3
41718792,45,0.4067642763235167,0.407524933193305,0.08351388447751713,0.3791284754821891,2,0.4444444444444444,9
41719136,45,0.2671774312045431,0.24667973757668646,0.06724443032805481,0.2636747502352127,7,0.6666666666666666,3
41728863,33,0.025327115651417553,0.02676819199575065,0.11135184597002284,0.031553974858980656,12,0.15384615384615385,13
41731242,45,0.7601476817286965,0.5718551406386737,0.2227036919400457,0.5885793603711182,1,0.6666666666666666,3
41744108,09,0.1022806973418773,0.08224538760935331,0.06724443032805481,0.07898871301070744,3,0.0,3
41744424,55,0.26212731496720537,0.13362638772162475,0.17970939628002108,0.13921757355432554,4,0.14285714285714285,7
41744728,09,0.05076635267016246,0.04319880215515535,0.04202776895503426,0.03514654761868823,5,0.0,5
41746840,71,0.6521765493616883,0.56180813822979,0.15574814344268492,0.6232869053983238,11,0.6666666666666666,3
41755462,33,0.0567653725117462,0.07045523399717457,0.07860130303766319,0.061519249121904485,6,0.0,6
41761118,09,0.06522321432257364,0.06324186288883603,0.053448886065610955,0.06745019472153238,20,0.0,5
41778757,45,0.42934795800864867,0.4686395214738161,0.05603702527337901,0.348395640067803,1,0.2857142857142857,7
41788608,90,0.06520524921259895,0.07418539872650348,0.04202776895503426,0.05923735905825066,9,0.0,6
41791689,33,0.08118106110074698,0.052815064559025016,0.06724443032805481,0.043254508601167925,10,0.0,6
41799955,39,0.06433169396473233,0.05608235641716118,0.04202776895503426,0.050900756519700115,14,0.2,5
41803243,42,0.18781220879822924,0.2134869124536649,0.19088887880575345,0.14450288698726704,2,0.75,4
41805476,33,0.012094620532749041,0.012239895731970126,0.030565650149115827,0.013625903208877558,1,0.0,4
41808629,45,0.13061320842248753,0.11591803219283983,0.05603702527337901,0.17286787462157,1,0.0,4
41823846,09,0.03829867544362306,0.04140043247074488,0.05809661528870757,0.04481964327059221,27,0.09523809523809523,84
41829696,09,0.05692340752625065,0.06003754548499447,0.017695902717909162,0.05499231428341976,46,0.17647058823529413,17
41832431,90,0.031651128346966526,0.03312319098130115,0.05603702527337901,0.03879042994776623,1,0.0,4
41835359,09,0.057697967641361134,0.05498485070437794,0.01601057864953686,0.0477417521386041,172,0.09090909090909091,88
41855003,18,0.06483941604601257,0.04397483547692802,0.04803173594861058,0.056757344870222416,3,0.0,3
41857346,55,0.11408116589399464,0.04635793466688146,0.04202776895503426,0.10460656203278056,1,0.0,3
41860186,30,0.05244606750862564,0.09087026967337372,0.03768100244581087,0.0770044445994579,26,0.0,3
41861043,39,0.26856996552883505,0.32030766317528886,0.048031735948610585,0.2787806871282397,2,0.0,3
41863208,33,0.04956807449898613,0.08446837423392503,0.039300651518831595,0.11504408814024616,15,0.0,8
41863915,09,0.09160299316820425,0.052838447596778346,0.06724443032805481,0.060170987253106566,5,0.3333333333333333,3
41876086,03,0.0706603154835446,0.06219010596586077,0.037358016848919345,0.04534890461635019,2,0.16666666666666666,6
41879354,39,0.10084904743207411,0.06828169388840018,0.16060082043112126,0.06261229765874654,7,0.0,7
41879354,45,0.5887987020723714,0.6040418089643578,0.16060082043112126,0.5729699893575543,1,0.3333333333333333,3
41881830,16,0.03785503951333477,0.06394154745615276,0.04202776895503426,0.030327298537290936,1,0.0,3
41884537,09,0.031354372768897756,0.04415126336269454,0.014618354419142353,0.03717927963647522,85,0.06756756756756757,74
41893248,15,0.024035209589619827,0.022447117311920835,0.06724443032805481,0.03246536144350449,23,0.0,15
41893248,33,0.046215795302843685,0.04573441155422027,0.06724443032805481,0.043748218626181265,4,0.0,10
41894173,34,0.054362801531465284,0.060703008812743854,0.04803173594861058,0.06798364481705292,3,0.0,3
41911015,44,0.014907263828546893,0.018807971600841293,0.16702776895503427,0.021270263561608185,1,0.0,4
41912883,50,0.03402197387157943,0.022013003374028256,0.06724443032805481,0.025311825024306317,2,0.0,3
41915030,09,0.029342122143523226,0.03752121457036981,0.029572432299243973,0.037366404746916146,46,0.02702702702702703,37
41916045,09,0.05109210153354355,0.04458590371309661,0.030565650149115827,0.047169773932420375,90,0.058823529411764705,51
41919370,34,0.04639880324428056,0.0537061384056774,0.01601057864953686,0.06446764857797829,4,0.0,4
41934472,45,0.0058034618663635965,0.004642455294441436,0.024015867974305292,0.006183376656168395,2,0.0,4
41937138,24,0.04478262170795938,0.03756426902434035,0.037358016848919345,0.03525694787297368,1,0.0,20
41943288,34,0.021524647365414703,0.013320229449064754,0.05603702527337901,0.022982263713290835,3,0.0,3
41945861,71,0.4170086899028409,0.44083332553172816,0.06724443032805481,0.44566815048510844,8,0.0,6
41947764,90,0.06326569905710049,0.061415261228129105,0.048031735948610585,0.04672634280196567,4,0.0,3
41956061,03,0.02698485893292535,0.025549921842793213,0.06724443032805481,0.019781378997162136,4,0.4,5
41956061,15,0.022679335967060194,0.02340406596490488,0.06724443032805481,0.01999767362543632,34,0.5882352941176471,17
41960916,34,0.0358115274838621,0.037737242193819846,0.028018512636689506,0.050077820337800914,6,0.0,9
41963063,72,0.0357418618908985,0.05341937775753445,0.06724443032805481,0.039370318548861936,21,0.5714285714285714,7
41964638,33,0.042090487635622495,0.06153410098036098,0.06724443032805481,0.0506531158769298,5,0.0,4
41966593,45,0.2310630088757484,0.2616017745732364,0.06724443032805481,0.1589338957917946,1,0.6666666666666666,3
41977762,42,0.03396313617297832,0.05645134759020684,0.02101388447751713,0.05981497918149805,4,0.0,5
41977762,50,0.1820399097884887,0.10569478905641976,0.02101388447751713,0.10008967011047691,3,0.11764705882352941,17
41980864,71,0.4087249271044273,0.1619306717266694,0.05603702527337901,0.24955346356579142,1,0.0,3
41982809,33,0.002128657321271817,0.0014950685402021684,0.019777773625898474,0.001807794510807006,6,0.1111111111111111,9
41986541,44,0.03426412058309672,0.03472078405112939,0.04202776895503426,0.061766059587946114,1,0.0,3
41987461,09,0.10212027778921132,0.06753243275418773,0.06724443032805481,0.06090223895532621,27,0.0,9
41988858,44,0.03472307337062192,0.04049268930958957,0.06724443032805481,0.03808047884868043,6,0.14285714285714285,7
41999833,09,0.06024062262837962,0.05343978481530657,0.10278631935694417,0.04915200147547897,68,0.038461538461538464,78
42010964,09,0.03595457566961817,0.029252647104426335,0.030565650149115827,0.032537968731731357,25,0.0,20
42013298,45,0.5528300137173737,0.47297592265089816,0.06724443032805481,0.4484156499484873,2,0.3333333333333333,3
42019312,31,0.030476059824233914,0.046856448240115346,0.04948970932001015,0.04959869838925547,4,0.0,15
42021505,90,0.07238367257840367,0.07228615950775265,0.048031735948610585,0.06927922699917474,2,0.0,3
42031167,42,0.07631878705347483,0.16291832346724877,0.06724443032805481,0.09890265804806557,1,0.2,5
42032202,34,0.050490386205011464,0.04532987203032133,0.05603702527337902,0.0590081182785532,5,0.0,4
42035266,09,0.07150139549661311,0.061838055448826305,0.10278631935694417,0.05840083913164631,27,0.015503875968992248,129
42036301,30,0.11982297392625534,0.11085675175239577,0.05840555379100685,0.08200291712760864,14,0.0,13
42038529,31,0.05435789957395512,0.047048475404733725,0.06724443032805481,0.05174470587487206,12,0.07692307692307693,13
42039669,44,0.14265805265661333,0.12727233856592543,0.022414810109351604,0.0774050514886963,3,0.3333333333333333,3
42045138,45,0.15113619645008095,0.2234581933102635,0.04202776895503426,0.1762284978097749,2,0.0,3
42046647,44,0.27858315709418113,0.1700316493714194,0.2595802390711415,0.17848914393210658,5,0.2,5
42054231,45,0.10663918811347227,0.1351006196707448,0.02586324243386724,0.09436100492274828,6,0.0,6
42055455,71,0.5250527123359972,0.5085581377389272,0.14846912796003042,0.5184416896068179,27,1.0,6
42056129,09,0.06039730783760696,0.05296681642347622,0.03362221516402741,0.05349802792695422,47,0.037037037037037035,27
42065463,03,0.05428512132981308,0.02635439123319959,0.048031735948610585,0.02426758165321597,9,0.0,6
42065463,15,0.1678862645588174,0.2040341574430931,0.048031735948610585,0.17360662716742542,1,0.0,4
42079460,38,0.03260250427236269,0.0334604421957675,0.06724443032805481,0.027743196705129574,4,0.0,3
42082379,09,0.03811758378425423,0.05489670593086283,0.014618354419142351,0.05575781826526379,96,0.06395348837209303,172
42086719,09,0.05787883758932396,0.05644699783276736,0.022414810109351604,0.06041881701196482,42,0.09302325581395349,43
42090458,09,0.07673935060007682,0.06290244087162425,0.05603702527337901,0.07034209058088194,7,0.0,4
42092130,09,0.06210578686186975,0.05369301128120781,0.2780185126366895,0.05128782333681819,79,0.038461538461538464,78
42092827,79,0.05502478122969519,0.049738471860225626,0.19088887880575345,0.049287929901414125,4,0.0,5
42093239,09,0.04435932149944896,0.0428881164626289,0.02101388447751713,0.0491511732662739,42,0.020833333333333332,48
42094646,09,0.057004715144617225,0.04451164449520594,0.048031735948610585,0.042994046722498735,11,0.5,4
42095943,09,0.02761844379778921,0.04307226143210247,0.019777773625898474,0.03982857984041367,78,0.016666666666666666,120
42101003,09,0.04178592400570429,0.046546440487146144,0.030565650149115827,0.04483908203051426,15,0.038461538461538464,52
42102122,09,0.05896962636346288,0.06113823509596357,0.028018512636689502,0.055377230554479996,37,0.0,44
42114410,09,0.056882962727167315,0.07046213295637138,0.011207405054675802,0.06724932493028851,98,0.0,59
42116114,30,0.08742253337111637,0.06942004038193621,0.02586324243386724,0.06516389884220904,6,0.0,5
42116114,32,0.06080079683760966,0.07066695320179237,0.025863242433867235,0.05539580100964207,5,0.0,3
42117825,09,0.03919991533737343,0.05879827161195624,0.02101388447751713,0.06414001812365756,16,0.03333333333333333,30
42121260,45,0.040840238516846775,0.05025896081138023,0.048031735948610585,0.06649792704771276,4,0.6666666666666666,3
42129720,09,0.048379910483343384,0.06397360264940778,0.019777773625898474,0.06934880795369534,33,0.0,92
42129888,09,0.03723575849412346,0.05318238957688422,0.024294948211641347,0.05604663662717475,99,0.007194244604316547,139
42132581,09,0.07705825261920064,0.09103717982182187,0.09544443940287672,0.09199536026062204,23,0.06,50
42141004,45,0.401234347844537,0.3727030526742771,0.06724443032805481,0.38608237844680793,2,0.42857142857142855,7
42144487,33,0.08241536808594366,0.10386525091159159,0.06724443032805481,0.17298967707178992,4,0.3333333333333333,3
42145798,09,0.04527520222363695,0.05038403092379268,0.015282825074557914,0.039180449509492565,29,0.020833333333333332,48
42151468,09,0.08403042250603465,0.051455461891606644,0.06724443032805481,0.05557002810593539,16,0.0,8
42153947,45,0.23931247340026285,0.24592491744111378,0.06724443032805481,0.2518979854345181,2,0.0,3
42159289,09,0.0468625405944059,0.0529745046949702,0.04948970932001014,0.04625576710039532,42,0.012345679012345678,81
42163452,45,0.44406787861654734,0.5265918368425854,0.2227036919400457,0.6499963670739463,1,0.6666666666666666,3
42165732,09,0.08316955863310317,0.0419606319560614,0.06724443032805481,0.055831484974659805,12,0.0,10
42171243,34,0.03008684163340818,0.02765015951461288,0.03362221516402741,0.038023868245064936,1,0.0,3
42206328,09,0.07313285433796471,0.04221830599627799,0.05603702527337901,0.04092572102414896,27,0.0,28
42210926,33,0.053344305828700644,0.053574853268507756,0.01713105322615736,0.05544554624399908,22,0.037037037037037035,27
42223804,09,0.07393133589046821,0.08638475807213973,0.030565650149115827,0.07302238875283601,49,0.0,45
42227163,30,0.07576577085555607,0.0664729866167295,0.011593867297940486,0.07186915593006561,15,0.0,8
42232756,48,0.09305224514878829,0.04572343335402915,0.06724443032805481,0.029291621851058797,1,0.0,3
42233257,55,0.0947874103545796,0.07828797652425529,0.06724443032805481,0.06825568116250684,2,0.6666666666666666,3
42246444,30,0.1021055310655045,0.07278355877357028,0.09344888606561096,0.07241053855543798,16,0.0,4
42254701,09,0.022556006420656013,0.025608453597366337,0.022414810109351604,0.0334264892071448,9,0.0,17
42257917,15,0.09639880073099985,0.07698096371917698,0.048031735948610585,0.08061672839184159,36,0.0,17
42264086,09,0.03539152942624751,0.13704782319845926,0.020367260120764404,0.12733794898636205,1,0.0,4
42268028,33,0.023392237260729132,0.029662228612457264,0.04171825270786204,0.03288975419390724,46,0.0,35
42285519,45,0.18618398525913582,0.16343171702163986,0.06724443032805481,0.18928820755629108,3,0.2,5
42289886,15,0.03450163585865213,0.028931869906075,0.05603702527337902,0.02951672861106011,5,0.0,5
42312621,15,0.04394666079281474,0.03584082332342443,0.03362221516402741,0.04491155295038028,10,0.0,7
42312883,33,0.021971101754648836,0.012668915769067807,0.04803173594861058,0.017597042715411123,3,0.0,3
42314346,45,0.3955922545479034,0.3220076906743857,0.05603702527337901,0.2896444078530533,8,0.0,3
42321814,03,0.07087053539332613,0.06836145470053016,0.06724443032805481,0.06202198427427952,32,0.10714285714285714,28
42321814,15,0.08937871492257712,0.06586708147384328,0.06724443032805481,0.08268232248635904,30,0.0,13
42322645,45,0.20768625133439805,0.23251293443574292,0.05603702527337901,0.22221795585201604,8,0.0,5
42327128,45,0.667333619878249,0.6281720709182429,0.05603702527337901,0.6094659122948418,3,0.3333333333333333,3
42346687,15,0.03319818018119552,0.02467846659009469,0.02101388447751713,0.028965146528146954,3,0.2,5
42346980,39,0.09827588505109135,0.11085129258300445,0.05603702527337901,0.11265598929748634,3,0.3333333333333333,3
42367267,34,0.03607319255896562,0.02217165747166275,0.10278631935694417,0.020783065605327503,7,0.2,10
42367288,39,0.10019410073939163,0.115295907703883,0.05603702527337901,0.10113617379521728,13,0.0,5
42399168,30,0.09781449394427023,0.09337223314124671,0.04202776895503426,0.07053764734389266,3,0.0,4
42399168,39,0.11884415355575187,0.10549903328950373,0.04202776895503426,0.10751325328078419,2,0.16666666666666666,6
42403886,44,0.08506231959074338,0.09541216673698807,0.028018512636689506,0.0883580394374749,4,0.0,6
42404696,32,0.018770083321230067,0.020170733310818114,0.030565650149115827,0.016675729898785224,1,0.0,3
42404696,39,0.07788942518945026,0.07267169103658198,0.030565650149115827,0.05829302175932991,2,0.0,9
42410378,31,0.046706066905129025,0.04177954076384353,0.03362221516402741,0.07610332708364032,1,0.0,3
42426945,33,0.05261934975367244,0.04261026653148425,0.048031735948610585,0.043890687676454536,2,0.0,4
42434736,33,0.043737931974363695,0.08453814394541198,0.016811107582013703,0.0949178871198681,1,0.0,3
42444456,09,0.10181477919765297,0.06553956771785809,0.05603702527337901,0.0700972344466067,9,0.0,3
42451510,09,0.036762095558361886,0.03779505959977311,0.06724443032805481,0.03598474178004169,17,0.0,9
42452740,50,0.09562528174008673,0.1644354100308193,0.03362221516402741,0.15024223822473312,2,0.0,6
42467190,45,0.12474440677902084,0.11648686225174938,0.04803173594861058,0.13192951336079842,3,0.25,4
42468262,09,0.11801549479649173,0.08384247382043167,0.05603702527337901,0.07554183129272209,73,0.0,42
42472703,30,0.016504029533627645,0.017083456910014127,0.04202776895503426,0.017500412939592924,2,0.0,3
42474208,09,0.05371297277683955,0.08982178849863812,0.014618354419142353,0.07806401448028617,22,0.0,30
42474978,44,0.06958796830336882,0.07285151168067017,0.030565650149115827,0.06460372428497327,1,0.0,3
42481278,45,0.47519717164688086,0.5185918795898457,0.06724443032805481,0.41630413514212605,1,0.75,4
42488074,45,0.4116780065921857,0.38405946031886967,0.06724443032805481,0.37226656439257066,3,0.0,3
42495102,72,0.05520022570355643,0.09719970256662411,0.06724443032805481,0.045345897889524076,9,0.0,4
42497927,33,0.014788500407849646,0.04266084717498899,0.029048307644353785,0.0434315065220088,6,0.0,22
42500253,33,0.09194693071153102,0.05510880011560117,0.06724443032805481,0.05729635354739195,4,0.0,3
42502360,33,0.04410798397348571,0.03704845217321757,0.019777773625898474,0.043518014584536184,84,0.0,7
42502926,48,0.26540993203298446,0.12247227709005576,0.19088887880575345,0.0961142173363754,2,0.0,4
42507568,45,0.18960044487412592,0.16984466108947982,0.06724443032805481,0.14375184573306124,2,0.0,3
42573724,50,0.17989980603071556,0.17383306435536983,0.048031735948610585,0.18599937101013225,7,1.0,4
42586016,45,0.12094615777074721,0.10826904555378941,0.07860130303766319,0.09676871099357003,11,0.36363636363636365,11
42588390,09,0.04763864318793084,0.05369800595367412,0.025863242433867235,0.049318145627925275,17,0.0,5
42600025,42,0.11633538853072042,0.20795887934835083,0.037358016848919345,0.21107604977710132,1,0.0,3
42601065,03,0.12019574061897056,0.10430743910486635,0.007153662800856896,0.11173999976476176,11,0.0,8
42601065,15,0.0236658646926874,0.023346944378977965,0.007153662800856896,0.0203242205752089,200,0.0,108
42605206,45,0.12105044163063802,0.22992397791780927,0.14846912796003045,0.28222732098194253,1,0.16666666666666666,6
42609420,45,0.09698784372915298,0.08925655843006267,0.04202776895503426,0.09539270992714999,2,0.3333333333333333,3
42623361,34,0.05790400998752803,0.04319243888150122,0.19088887880575345,0.04593400119187627,1,0.3333333333333333,3
42623890,09,0.1161858586085919,0.08005897397320913,0.06724443032805481,0.08118167638770354,2,0.0,4
42630206,09,0.13626200190835788,0.07947101508744099,0.19088887880575345,0.10018881086673809,9,0.0,7
42633956,15,0.011409362221803658,0.00946714511474193,0.06724443032805481,0.007918751169875745,88,0.0,140
42636166,09,0.09191816445853802,0.043230615194825,0.06724443032805481,0.051302049786642684,1,0.0,3
42647754,30,0.047309775214959396,0.1618187939411788,0.005094275024852638,0.09007739449919049,4,0.0,4
42647932,34,0.031627704109560714,0.019566209537779752,0.06724443032805481,0.01429556242311868,1,0.0,4
42649710,77,0.04357157074836415,0.050081668745756466,0.04202776895503426,0.026857663779154196,1,0.0,14
42654473,45,0.3357120317520977,0.22697146064010196,0.06724443032805481,0.2770306861690011,1,0.0,3
42655189,45,0.32626160355783973,0.3222393122885232,0.06724443032805481,0.33658471901370274,5,0.6666666666666666,3
42655440,42,0.07348907845064626,0.060494569274081464,0.028018512636689506,0.03778355803963778,1,0.0,3
42655519,45,0.28334385438169124,0.4465154411602743,0.037358016848919345,0.4548551234789042,3,0.0,4
42657940,18,0.05526367015031746,0.06064263001438461,0.030565650149115827,0.047137774047425564,12,0.6190476190476191,21
42667440,34,0.03244956349057315,0.0296830110732871,0.06724443032805481,0.04344934707622631,4,0.0,3
42668690,30,0.06281831837221924,0.052834713649313664,0.05603702527337901,0.05596818779103915,11,0.1111111111111111,9
42668821,15,0.046804573236353536,0.03387779025815965,0.03362221516402741,0.039166789501355145,18,0.0,10
42676235,45,0.25279145432311784,0.17089218518513682,0.08351388447751713,0.2010978170508483,3,0.25,4
42681690,33,0.07514692391493279,0.08442278479037313,0.06724443032805481,0.0771214867962981,6,0.5714285714285714,7
42686992,44,0.1555603731612446,0.14730020683846765,0.06724443032805481,0.148435951424947,2,0.0,4
42697365,42,0.07175146858981633,0.045810980573998836,0.06724443032805481,0.07240593757258608,2,0.0,3
42703169,71,0.6294080472527438,0.6468875508230484,0.03362221516402741,0.6871254155284345,7,0.8,5
42707632,45,0.5342917064195847,0.6009653023867572,0.06724443032805481,0.6229068848970198,2,0.0,3
42714956,15,0.10361629507710232,0.07170201919292166,0.048031735948610585,0.07315976590238003,4,0.0,3
42717957,33,0.054725429949267865,0.04243862507176621,0.01601057864953686,0.0446513405874241,13,0.0,9
42719687,09,0.03562545366699394,0.057697376691674504,0.037358016848919345,0.047453080574391966,16,0.03333333333333333,30
42722773,09,0.04829699198457492,0.052773311948631246,0.012452672282973113,0.06102088470877083,16,0.0,4
42726537,09,0.048273139684428784,0.039718361033206466,0.06724443032805481,0.047144124893490104,20,0.0,14
42744598,24,0.05513515215127438,0.03140519743724894,0.014009256318344753,0.0389660131250758,3,0.0,3
42744598,32,0.11151987075445369,0.10337787255897843,0.014009256318344753,0.07668892992569981,2,0.0,5
42751474,33,0.054737287055508864,0.04498409156005813,0.16702776895503427,0.040695920152682453,15,0.0,3
42759541,09,0.059710275084938445,0.05941788698115269,0.02101388447751713,0.06302540725304137,5,0.0,14
42764588,45,0.5508584061861637,0.515259936832038,0.05603702527337901,0.4760176135679253,3,0.45454545454545453,11
42769125,39,0.14812044700571272,0.09780072416525178,0.05603702527337901,0.13514101421901029,6,0.3,10
42773807,50,0.02263274559334961,0.015029991295768805,0.06724443032805481,0.015808518732681666,2,0.0,6
42775590,31,0.21051236604574924,0.23729714798046042,0.048031735948610585,0.21692672464645554,1,0.3333333333333333,3
42775590,34,0.026126282962354547,0.01771449912536189,0.048031735948610585,0.02739502139748326,1,0.0,4
42775998,34,0.065629104597094,0.07360847563443816,0.014618354419142353,0.074910546092976,11,0.2,25
42775998,43,0.1381928220514411,0.12401892474169181,0.014618354419142351,0.14647303028571276,1,0.0,4
42780175,45,0.009093774055689117,0.007464352193357175,0.022414810109351608,0.00896031078455889,7,0.0,7
42780491,09,0.06177113836492467,0.05803515899106486,0.048031735948610585,0.05152808759280701,5,0.3333333333333333,3
42781636,31,0.006853734471059999,0.0211343196573809,0.015282825074557914,0.0190606298549036,3,0.0,3
42783417,45,0.3227813564066773,0.39490184291796837,0.06724443032805481,0.42469385591774833,1,0.5,4
42784504,15,0.028896457009016174,0.035175623292535894,0.05603702527337901,0.04453495773251798,2,0.0,9
42785388,45,0.3184766970574736,0.3172995909978424,0.06724443032805481,0.3062741706134422,5,0.3333333333333333,3
42785393,72,0.04629297313183243,0.02594984991101392,0.06724443032805481,0.030633799693452243,2,0.0,6
42786575,31,0.09542066388350616,0.10797754424728896,0.2409012306466819,0.08609034451139612,3,0.0,10
42786575,34,0.020091881576263054,0.013555244876652236,0.2409012306466819,0.014036508492158541,2,0.0,7
42787596,34,0.04695123141866195,0.0509175613660269,0.037358016848919345,0.04454847054709542,8,0.16666666666666666,6
42795506,45,0.37897865301959327,0.4218217037236781,0.04202776895503426,0.3768253105826008,4,0.0,4
42799488,45,0.17022484417857298,0.15511549414089368,0.03735801684891934,0.14467204894866456,14,0.25,4
42801907,34,0.024927070035366067,0.050996950306830664,0.08351388447751713,0.05502308253173123,4,0.0,4
42803794,09,0.06093137129792363,0.05327717501007677,0.037358016848919345,0.06008181644232047,5,0.0,3
42809838,90,0.030979383133351517,0.02899641439662676,0.04202776895503425,0.03621914072539248,13,0.0,9
42814874,39,0.01928513475677481,0.015699884974868093,0.05603702527337902,0.016861185041787748,5,0.0,3
42817901,38,0.0356544740038928,0.044977927702266156,0.05603702527337902,0.05195054368778903,5,0.0,6
42818575,45,0.2746833427498682,0.2118673370518924,0.38115872511716237,0.20199467373782407,13,0.16666666666666666,6
42819207,34,0.05972979749812312,0.06351534879324287,0.04803173594861058,0.0670355051623976,6,0.0,11
42819343,09,0.06403220326899467,0.06427167882768715,0.048031735948610585,0.06359827485643184,14,0.1,30
42820720,45,0.21329385494708583,0.18914911094088843,0.06724443032805481,0.2233432323375545,1,0.0,3
42820893,33,0.050591520500574284,0.04820068415218672,0.06362962626858448,0.04748088611506216,12,0.0,24
42820893,38,0.05297294633620791,0.029686178294801694,0.06362962626858448,0.03772383946629398,1,0.0,10
42823131,71,0.2667087628656945,0.23879322303163383,0.06724443032805481,0.2904733790571524,2,0.0,3
42827548,09,0.06799624697377073,0.073393005588557,0.030565650149115827,0.06998586189155012,61,0.06976744186046512,43
42828295,09,0.05595979672912895,0.03653705179675681,0.06724443032805481,0.03130728684572355,13,0.0,7
42828866,09,0.0543436270574499,0.049453614312174855,0.04202776895503426,0.0363376348136975,18,0.0,13
42831727,30,0.08491668764112839,0.10271331499144805,0.08351388447751713,0.1684911779212198,2,0.16666666666666666,6
42834213,09,0.0585615640578678,0.055496791782956814,0.06724443032805481,0.05278033759674087,20,0.0,3
42841714,09,0.07786435321026074,0.05016967616947664,0.06724443032805481,0.0563224576781714,4,0.0,5
42844920,45,0.35409379923886347,0.3964997687446536,0.025863242433867235,0.38165035232847216,14,0.125,32
42846419,45,0.627127762975073,0.6866598645686383,0.05603702527337901,0.6507053847627879,7,1.0,3
42856359,50,0.01207821982034444,0.02231091807663357,0.014618354419142351,0.02166681549322601,6,0.0,5
42867334,09,0.04500627464335214,0.0385205082617261,0.05603702527337901,0.031113747592042093,3,0.0,4
42874268,33,0.027953604258721378,0.022538138821050033,0.037358016848919345,0.026158160978535332,13,0.0,4
42892355,09,0.09193517586389363,0.07414799752138605,0.19088887880575345,0.06825843530396204,124,0.06976744186046512,43
42893689,30,0.0937504099146757,0.09880821587806002,0.08985469814001054,0.11337997255449851,9,0.0,7
42897018,50,0.44923752957189006,0.4138889451362037,0.05603702527337901,0.5356524866313193,2,0.0,3
42898048,44,0.08148414238616065,0.0559597591751667,0.06724443032805481,0.08841530657785691,1,0.2,5
42901715,45,0.09708296317016742,0.111231606791398,0.04202776895503426,0.11948274228922895,1,0.0,3
42907209,09,0.05119681638639876,0.06577764572844597,0.011207405054675802,0.06027285372188394,9,0.0,6
42908024,34,0.04985805004826767,0.0714480426770466,0.05603702527337901,0.024218252791454425,2,0.0,3
42915052,44,0.04587658065182941,0.0434751906381108,0.037358016848919345,0.05441136728690113,4,0.0,4
42929751,09,0.06289923297297426,0.056484293548216206,0.048031735948610585,0.07800745870864521,1,0.0,3
42934824,34,0.019786950322368026,0.017172492689079673,0.02101388447751713,0.018063487574281598,6,0.0,5
42938389,31,0.14126977904047047,0.1743883606360243,0.06724443032805481,0.19297500400355627,2,0.25,4
42945354,34,0.013362774848720897,0.011816286855026316,0.028018512636689506,0.018544959995933176,2,0.0,3
42949165,09,0.06676094147194156,0.07528842790727527,0.05990313209334035,0.07330283975298856,50,0.07142857142857142,14
42949778,18,0.07227341119211156,0.038772746968359535,0.14846912796003045,0.05785870820183202,4,0.0,4
42952309,79,0.08472940472844785,0.12567939796256072,0.05603702527337901,0.08504659854300649,2,0.0,3
42957286,72,0.025179817834861864,0.02563970269470962,0.06724443032805481,0.02996041882306548,4,0.0,8
42964324,71,0.19460493203433862,0.14026276668587384,0.06724443032805481,0.14408767888874038,10,0.0,9
42977983,45,0.4966143833990235,0.45852475390038006,0.048031735948610585,0.348395640067803,1,0.5,6
42979027,33,0.03274940583865932,0.03854413695846087,0.01830441303616814,0.035302729624022866,69,0.0,39
42984629,33,0.028801119626284566,0.031301058336479455,0.019777773625898474,0.03656918798088081,5,0.0,14
42986448,30,0.0469083997593302,0.03702197433656321,0.010506942238758565,0.04019016722845539,3,0.16666666666666666,6
42986448,39,0.07656478284648267,0.08368244563084008,0.010506942238758565,0.05348024454928729,2,0.0,3
42986598,77,0.03776802837007127,0.018148401872109084,0.048031735948610585,0.020511922694715842,2,0.0,4
42990391,39,0.06914285791093432,0.069380740876588,0.037358016848919345,0.07962499658981256,10,0.5,4
42999483,39,0.10101406978243434,0.05154677271461184,0.18534567509112632,0.05529707105207072,11,0.0,13
43002514,30,0.2029870401804496,0.1871716467692015,0.10157487615827278,0.2679049918887916,1,0.25,8
43006207,44,0.059661482417268465,0.07310952354235907,0.03362221516402741,0.055644364362056914,6,0.125,8
43012009,09,0.07230505127491807,0.046239467128393,0.06724443032805481,0.046451324041061254,58,0.05128205128205128,39
43016265,33,0.0395458961534516,0.033299044420296346,0.048031735948610585,0.04761564690416912,2,0.0,3
43016569,09,0.1002428632206936,0.09910434590042712,0.048031735948610585,0.10556125684917611,9,0.0,5
43019711,33,0.023814475262003844,0.024648873341482656,0.048031735948610585,0.031136014590741983,4,0.0,6
43023728,39,0.043203915774037434,0.03011386671434584,0.02801851263668951,0.02711612437872964,5,0.0,4
43028820,33,0.010080269147750105,0.00958830082094053,0.030565650149115827,0.007399444559761276,1,0.0,6
43047618,15,0.04149306350186411,0.10166625109765391,0.02101388447751713,0.12009151119505591,14,0.0,7
43076937,03,0.02740482142098936,0.03254196849678676,0.06724443032805481,0.03444960208268215,8,0.0,3
43076937,15,0.015021574777248949,0.019231151677985465,0.06724443032805481,0.014509170532550797,38,0.1935483870967742,31
43087425,45,0.03806134374455425,0.055799259714834994,0.04202776895503426,0.03239762433110795,3,0.0,4
43090291,03,0.019481201960476258,0.03438423406677511,0.007004628159172376,0.04946084563636613,4,0.0,6
43090291,15,0.017485082452298403,0.019375070339886027,0.007004628159172376,0.03796612547112502,26,0.030303030303030304,33
43091830,09,0.07630655226690283,0.054249512227530626,0.05603702527337901,0.0666867711938499,9,0.0,6
43092388,33,0.031023174834444823,0.03352960989699392,0.04202776895503426,0.03495024645667878,5,0.0,3
43094935,15,0.052463560902532874,0.046398940229781624,0.037358016848919345,0.06598643047048519,9,0.0,6
43095609,44,0.04779582100370508,0.03715154699534856,0.06724443032805481,0.0426417986752027,1,0.0,4
43103326,51,0.20042683775167658,0.14592392269914892,0.25507189127295726,0.20778704738621484,2,0.25,4
43117868,45,0.34487306236751775,0.3461899522115469,0.06724443032805481,0.38195280246807434,1,0.0,3
43127829,09,0.02273354610391638,0.048251343939108925,0.011207405054675802,0.05025729554693825,3,0.0,8
43130685,45,0.5154043825431421,0.6255459428945279,0.03362221516402741,0.628468386155642,3,0.3333333333333333,3
43147604,45,0.5001375497388625,0.5767233898188199,0.05603702527337901,0.5827799732765498,1,0.0,3
43160066,30,0.0583342384473266,0.05547954760792691,0.03362221516402741,0.04789692649828543,4,0.0,5
43160066,39,0.052103643739214764,0.04662458745266866,0.03362221516402741,0.04969537879025677,1,0.0,4
43160850,79,0.007284472171090072,0.011336870998379546,0.06724443032805481,0.010149935406849005,1,0.0,8
43168425,15,0.026856004320228992,0.03409190296972149,0.05603702527337901,0.039291410359922674,2,0.0,3
43173310,09,0.09225850004375637,0.06082442868780357,0.2224148101093516,0.06064909138344107,61,0.0,7
43176766,30,0.07883981884870789,0.045874338743074075,0.11135184597002284,0.06384710845721807,2,0.0,3
43178559,24,0.02574033822610783,0.018989589360816742,0.06724443032805481,0.02923694962475561,3,0.3333333333333333,3
43179166,55,0.05716848702723999,0.10284501409499454,0.06724443032805481,0.13428026461705622,1,0.0,6
43181210,34,0.03327678705328391,0.03547622167346016,0.030565650149115824,0.03673770636366253,17,0.1111111111111111,9
43184777,45,0.20176292167931517,0.14145612555601175,0.06724443032805481,0.15665992012314622,4,0.0,3
43185440,33,0.0411705619056829,0.042836715840475395,0.12147474105820674,0.05517804134888071,14,0.05,20
43193268,45,0.1704105474539775,0.14154020622139155,0.06724443032805481,0.1463864542445704,28,0.25,12
43193268,50,0.14210018223838122,0.13545524648939714,0.06724443032805481,0.1159437018091675,10,0.0,4
43193268,51,0.06616748779766213,0.058223000396006454,0.06724443032805481,0.08346576059794789,8,0.0,3
43193268,75,0.0610060152915237,0.031174600815651474,0.06724443032805481,0.028571737235077294,3,0.0,3
43195993,33,0.052887858245497,0.06066394391465638,0.048031735948610585,0.05995490935236395,4,0.3333333333333333,6
43196316,45,0.7414884455670109,0.7701148963684631,0.06724443032805481,0.7761744662961765,3,0.6666666666666666,3
43197346,45,0.2256136066237234,0.2613180322128804,0.05603702527337901,0.2886918298021442,3,0.0,3
43197388,33,0.054453986096361075,0.05068054550176036,0.06724443032805481,0.05633084769326185,9,0.0,7
43199888,79,0.22061277601520807,0.1525692961825393,0.06724443032805481,0.15098628369376954,2,0.0,4
43204976,09,0.06572851547003654,0.04207074499508907,0.06724443032805481,0.04707372575927163,11,0.05555555555555555,18
43213142,15,0.04028445981389205,0.044234439006180265,0.018679008424459673,0.05237525883290629,9,0.14285714285714285,14
43228065,79,0.10960629373160552,0.1630580932802751,0.04803173594861058,0.11608661174313928,6,0.0,3
43237089,39,0.06938136068871759,0.05152657238815514,0.05603702527337901,0.059234913208578904,4,0.0,8
43248421,34,0.056516320180353845,0.049131890772974855,0.03362221516402741,0.03833338506528738,6,0.15384615384615385,13
43252113,09,0.054484504616832616,0.04655400646431691,0.06724443032805481,0.03632853880678623,4,0.0,5
43260428,09,0.08367960138197558,0.04452271683957129,0.05603702527337902,0.04280742586898777,10,0.0,3
43264658,15,0.13371774418806917,0.10480440296620462,0.06724443032805481,0.09846816245791665,7,0.0,7
43268872,33,0.06313522102639503,0.05996809128207994,0.06724443032805481,0.058206571411489626,19,0.0,17
43268998,33,0.027183636517920155,0.031397259933311036,0.05603702527337902,0.02671048043815135,5,0.0,13
43269090,50,0.11568713743931425,0.1260514496322602,0.08908147677601827,0.0910450197883878,15,0.0,6
43272936,33,0.07924755360643987,0.05906884444062056,0.06724443032805481,0.06516758898224523,9,0.1111111111111111,9
43278702,15,0.13487146405569495,0.0729435196025075,0.06724443032805481,0.057693334013387415,25,0.0,18
43278807,44,0.06941835618119647,0.08225220652076529,0.05603702527337901,0.061621463077379625,4,0.0,6
43286650,45,0.36299754988163657,0.23605002985291051,0.19088887880575345,0.14809403115213532,4,0.25,4
43294441,79,0.054708479192612375,0.04960272823251989,0.06724443032805481,0.0589749150436625,21,0.0,3
43302347,31,0.042272562777919076,0.03694709662008803,0.037358016848919345,0.02402313236987441,5,0.0,3
43304758,34,0.08915671816112031,0.09305249051002083,0.19088887880575345,0.09582648062006849,4,0.0,3
43311608,33,0.04293235689400358,0.04182600944748077,0.11135184597002284,0.04098497067993923,12,0.0,13
43317717,50,0.07672344474435687,0.08548807397017895,0.06724443032805481,0.10709456464577176,2,0.0,3
43325851,45,0.10125003963133503,0.16193168885915385,0.028018512636689506,0.1056026683953129,4,0.09090909090909091,11
43326530,09,0.06588715336754941,0.040620989751144095,0.06724443032805481,0.041135114619744804,10,0.0,3
43349647,03,0.13354220307116005,0.11050955179014604,0.05603702527337901,0.12922912084317162,1,0.0,4
43349647,15,0.03226457907628566,0.05249168643020962,0.05603702527337901,0.03353559102287431,4,0.0,3
43354699,09,0.02342436640934521,0.021847749559914465,0.04202776895503426,0.0229611296244603,1,0.1,10
43370380,33,0.06848213610579182,0.0698158104783585,0.05603702527337902,0.05893670402158789,5,0.0,3
43374186,42,0.1839591397555671,0.10853488776621334,0.05603702527337901,0.12489377606607759,1,0.0,5
43378458,34,0.02705951562428773,0.02157502269732125,0.030565650149115827,0.03200013408492722,4,0.3333333333333333,3
43379535,44,0.032938184396050674,0.024825973400555115,0.06724443032805481,0.021499865577494483,2,0.6666666666666666,3
43388424,45,0.30372736628661856,0.35695043629220385,0.05603702527337901,0.31814964712930827,3,0.0,6
43393371,15,0.05713182295779096,0.03281527317977569,0.06724443032805481,0.07684822652765677,4,0.0,3
43395782,30,0.10812751451171856,0.15538018608037624,0.025863242433867235,0.12516871743684183,2,0.0,5
43395782,32,0.07822417926453577,0.08231195522115774,0.025863242433867235,0.07445403654095838,1,0.25,4
43399625,45,0.17275541654412915,0.1606179614568624,0.06724443032805481,0.10147768362672377,4,0.1111111111111111,9
43404922,45,0.12958764855617808,0.12296915208963266,0.06724443032805481,0.1372703191221077,3,0.0,11
43418783,09,0.11626576674549832,0.08905777416584823,0.06724443032805481,0.08517622557606848,36,0.07407407407407407,81
43433775,18,0.04851676210867808,0.038928306790438065,0.06724443032805481,0.0373797612694757,6,0.2,5
43438815,50,0.046342298781418254,0.056980404279524076,0.06724443032805481,0.04293767491499177,14,0.0,6
43446145,33,0.04050103721652929,0.048650584782035294,0.08908147677601827,0.05849771705913964,5,0.0,10
43452850,09,0.0551778399589918,0.05459103048222733,0.06724443032805481,0.05234047195143363,10,0.1111111111111111,27
43464211,09,0.14822690368824415,0.12072529500524794,0.06724443032805481,0.09796489077137982,5,0.0,4
43465096,03,0.033998794090225944,0.02685479077363126,0.06724443032805481,0.029370553455487194,3,0.2,5
43499045,45,0.39292505764380825,0.35262884229654123,0.05603702527337901,0.3507848203127274,2,0.0,3
43505582,15,0.025092313243715286,0.03887363793689693,0.037358016848919345,0.03583062164848618,48,0.2222222222222222,36
43506696,33,0.07273910219164324,0.08994131576074445,0.10278631935694417,0.10664983531208538,17,0.0,5
43509985,30,0.06230922314230121,0.05071908978658178,0.025863242433867235,0.06929158319040743,16,0.0,18
43513881,45,0.10276274208282929,0.10625354838472036,0.06724443032805481,0.0940758601715258,1,0.0,6
43516374,34,0.056553524334821345,0.04130710218363267,0.048031735948610585,0.03946115318455756,1,0.0,4
43524008,09,0.069443235749603,0.05856564885643543,0.06724443032805481,0.054267193879793806,6,0.0,11
43527454,39,0.06853867290122535,0.0929242289095973,0.19088887880575345,0.07992547459463237,18,0.06666666666666667,15
43551775,45,0.19650573291060972,0.14069743032777166,0.06724443032805481,0.18419435550000696,4,0.0,10
43551890,32,0.034060232066337376,0.04094674602288413,0.048031735948610585,0.03934242498494452,1,0.3333333333333333,3
43553573,09,0.1038369696440469,0.10816161924316149,0.2227036919400457,0.08858688647606289,4,0.25,4
43574195,34,0.029240742362719847,0.026687613828137304,0.06724443032805481,0.024182840556530506,2,0.0,3
43589966,09,0.06732442352698806,0.0602873002418605,0.06724443032805481,0.058234376157683836,81,0.0,49
43594489,15,0.0705141450917036,0.08237744963595692,0.06724443032805481,0.048588053498946134,2,0.0,6
43595093,33,0.06271485013295156,0.06587428284072344,0.06724443032805481,0.06329610957798276,4,0.0,6
43598745,33,0.012442534246506402,0.01830811841832457,0.02801851263668951,0.027174753134036927,10,0.0,4
43603592,09,0.04252749595416667,0.04657088839235249,0.030565650149115824,0.04783829616471349,140,0.0,65
43604088,31,0.03009707074608473,0.0354847460667572,0.06724443032805481,0.03238707210800499,11,0.0,3
43605212,34,0.11417428634154034,0.12276682061582952,0.06724443032805481,0.08115715360964856,1,0.0,6
43610054,31,0.10431766673901302,0.21345232770109918,0.037358016848919345,0.09017262796766512,2,0.0,3
43621716,09,0.07645288953835097,0.05150043686630881,0.06724443032805481,0.05661467363185839,89,0.0,92
43624544,44,0.0868106567774214,0.10406471270574029,0.06724443032805481,0.08906219140300127,3,0.0,4
43630935,09,0.0944547012259982,0.07766376154281432,0.06724443032805481,0.06850709939459565,41,0.0,4
43640592,90,0.07462567284368682,0.06223909590988994,0.06724443032805481,0.061158053406007516,6,0.0,3
43658608,15,0.040104320608884754,0.08047970102372042,0.06724443032805481,0.08188368137807973,12,0.0,22
43661874,09,0.06341088817677597,0.05253796497210592,0.05603702527337902,0.053250685823692655,5,0.0,3
43678851,15,0.06122607983730528,0.10285640453835997,0.06724443032805481,0.06165252457602531,1,0.0,4
43680897,18,0.13031843707130267,0.13082094845029746,0.06724443032805481,0.09251129693844702,3,0.0,4
43683442,33,0.01497887702255111,0.0157183386723164,0.019777773625898474,0.01657319080580524,24,0.037037037037037035,27
43684121,33,0.05718459873018433,0.040476453632679155,0.06724443032805481,0.04729791645217397,4,0.0,14
43686841,09,0.08006421914134795,0.08190073005657196,0.06724443032805481,0.06923671760464575,4,0.0,3
43694796,45,0.19670716572232924,0.14902614415108398,0.29202776895503424,0.16053522729271635,17,0.45454545454545453,11
43694796,51,0.24379028632143454,0.14648112876605307,0.29202776895503424,0.17747747848336964,9,0.2,5
43699122,09,0.06954009021749291,0.05376407936548053,0.06724443032805481,0.055422217222151314,12,0.05263157894736842,19
43703861,33,0.05112765260643545,0.048087829869760276,0.03362221516402741,0.04524793315797713,23,0.06451612903225806,31
43709245,09,0.05098401779052215,0.04498849885055165,0.06724443032805481,0.04382490470894466,764,0.10975609756097561,82
43711390,18,0.03227467951554709,0.0294980530752367,0.06724443032805481,0.02519944244472338,2,0.0,4
43717455,03,0.05943633957295336,0.037782047552169455,0.05603702527337901,0.04181433262700377,6,0.0,5
43717455,15,0.06903504011003364,0.05398532670958897,0.05603702527337901,0.05700899558506961,41,0.0,40
43726412,09,0.10987222773768227,0.1236379748750858,0.03362221516402741,0.10357485659815187,4,0.0,9
43729979,09,0.052747892226568914,0.06823901183850276,0.028018512636689506,0.06132436764510612,144,0.075,80
43747867,45,0.06289157090203543,0.05290578341047984,0.06724443032805481,0.04061742853373069,1,0.0,3
43748808,24,0.0485368325846003,0.04026723795506208,0.06724443032805481,0.05542543886790975,13,0.07142857142857142,14
43748808,44,0.09970248916823166,0.10453646116382745,0.06724443032805481,0.09312516863277828,2,0.0,3
43759207,71,0.3230161079007513,0.32886312879060425,0.06724443032805481,0.40674920598928466,2,0.6666666666666666,3
43759275,09,0.0637962742723961,0.058566717565576305,0.06724443032805481,0.05671751160772759,8,0.2,5
43764552,33,0.02891491169352792,0.032264596043872724,0.05603702527337901,0.03810362000474548,6,0.0,7
43766172,09,0.05660698898827481,0.058093443871542444,0.06724443032805481,0.05956133116352017,9,0.0,9
43770393,45,0.15715088606318028,0.20192773202665465,0.06724443032805481,0.06613632872005833,1,0.0,3
43776484,30,0.048613907957029606,0.05772679487987685,0.06724443032805481,0.06281155284828285,1,0.125,8
43776484,32,0.03828178020102717,0.04632690587281744,0.06724443032805481,0.04630770299245117,2,0.6666666666666666,3
43776484,39,0.11342255082687766,0.13251398626212896,0.06724443032805481,0.1507462754584828,2,0.1,10
43801489,09,0.06195821183499677,0.054887528973567544,0.06724443032805481,0.053421812392452445,37,0.05,20
43805043,33,0.04579900948005835,0.036257228526539086,0.06724443032805481,0.03930481903507369,9,0.14285714285714285,7
43808856,15,0.057670561262294806,0.038569927067462074,0.06724443032805481,0.05076266081989559,14,0.0,4
43808856,33,0.0710893668296296,0.04977504455850887,0.06724443032805481,0.05001754821519273,399,0.028761061946902654,452
43810802,33,0.05646582109228316,0.04394896747420559,0.06724443032805481,0.047420409193975846,29,0.0,9
43814152,38,0.055617323973896286,0.12472970343530766,0.06724443032805481,0.09812697237368519,2,0.0,3
43828427,24,0.02625187052267406,0.01670728868554175,0.06724443032805481,0.013879352337955692,2,0.0,4
43839114,31,0.11998814454304113,0.09147923210543599,0.06724443032805481,0.09437037522448724,4,0.0,3
43839672,15,0.07534115537958345,0.09621381104810732,0.06724443032805481,0.10704220805654109,9,0.0,25
43875854,15,0.12105790566032916,0.15754848103325267,0.06724443032805481,0.20543943557598893,1,0.0,15
43878876,37,0.09682937963495068,0.15343175520387914,0.06724443032805481,0.1583437810007485,5,0.25,4
43880010,33,0.04284180204915144,0.04409599424203324,0.05603702527337901,0.03940661938367327,11,0.14285714285714285,14
43880602,34,0.035356931670427576,0.033765201330422503,0.06724443032805481,0.03800317753810247,10,0.0,13
43888596,09,0.09479888400666178,0.09146414327382887,0.06724443032805481,0.06736378118679788,4,0.0,6
43888659,09,0.048620480317174246,0.0413249011515321,0.06724443032805481,0.0481437533067142,6,0.0,7
43889453,31,0.028940012087153605,0.01909386882680369,0.06724443032805481,0.022154525794961438,2,0.25,4
43891001,33,0.05069986250808742,0.04726136283637634,0.06724443032805481,0.04833188252411888,75,0.020202020202020204,99
43895048,09,0.1303101266989485,0.08034170681246167,0.06724443032805481,0.08478535345610204,6,0.0,25
43911698,09,0.06829701133567745,0.06096333727907528,0.06724443032805481,0.05695561463940597,4,0.1111111111111111,9
43923237,24,0.19019577843918867,0.21579892291103847,0.06724443032805481,0.1963378283542082,2,0.0,6
43947169,15,0.08432506510733893,0.05207588194709338,0.06724443032805481,0.05005863845083339,1,0.5,6
43965848,09,0.05095686993713814,0.04369344894080553,0.06724443032805481,0.044291427415242494,396,0.0,42
43968519,33,0.11193135901642148,0.04601333927733341,0.06724443032805481,0.07377948961361673,1,0.125,8
43974391,45,0.02680858121048852,0.023907309868889816,0.06724443032805481,0.018208299455069486,7,0.0,5
43977041,22,0.05801081384965425,0.06484326287053091,0.06724443032805481,0.05021903794349523,5,0.8333333333333334,6
43977041,30,0.0754277935949269,0.07040531101985048,0.06724443032805481,0.0651479843406975,58,0.041666666666666664,48
43977041,33,0.047286661353220114,0.04380352294746775,0.06724443032805481,0.04099200255009917,9,0.0,5
43977041,39,0.08410001436699595,0.09896458468729499,0.06724443032805481,0.08927102648238727,8,0.25,4
43985513,34,0.026201323141434828,0.029844562153921138,0.06724443032805481,0.026275285422939734,2,0.25,4
43985513,50,0.07308459187694683,0.09494274487342305,0.06724443032805481,0.0749644222784757,8,0.3333333333333333,3
44001244,55,0.18865862052074997,0.09041570827865761,0.06724443032805481,0.1215144401986998,4,0.0,3
44004004,09,0.10536590688161204,0.10769971366967238,0.06724443032805481,0.07658829461020096,4,0.3333333333333333,3
44019424,30,0.09466907521732762,0.0881972344060341,0.06724443032805481,0.10044835032708518,9,0.16666666666666666,6
44028601,33,0.0409882525501752,0.02800871010048218,0.06724443032805481,0.019496244595363654,2,0.0,6
44037621,09,0.02864180072125637,0.024791869689275388,0.06724443032805481,0.02984225778494204,4,0.1,10
44055420,42,0.0743523350573836,0.035177741387998264,0.06724443032805481,0.04413256565876373,1,0.0,4
44074181,09,0.07319406152193282,0.06512331168375228,0.06724443032805481,0.05784147628513625,9,0.16666666666666666,6
44084561,39,0.028062234194476864,0.03347658560159134,0.06724443032805481,0.033753322362760255,4,0.3333333333333333,6
44086108,15,0.07118722164650372,0.061571752965542244,0.06724443032805481,0.046163062260510215,11,0.0,5
44090423,30,0.05346514115991183,0.05071438668307727,0.06724443032805481,0.05037960704732584,17,0.0,8
44102590,34,0.03841932905055789,0.03247777608451745,0.06724443032805481,0.03221708729512301,5,0.0,3
44103421,09,0.08772194658947251,0.07560875173824483,0.06724443032805481,0.07400548331971481,44,0.0,21
44119248,09,0.056304224226926804,0.04626635340257302,0.06724443032805481,0.045408110583730656,7,0.0,3
44127730,50,0.1256207778900027,0.13075924841647474,0.06724443032805481,0.12489844185135023,2,0.0,6
44149073,33,0.07568629442852089,0.11949374100448089,0.06724443032805481,0.10485651573558774,3,0.18181818181818182,11
44149529,45,0.07396877455984206,0.0804248746971019,0.06724443032805481,0.08135030027127121,2,0.0,17
44150324,33,0.03539335740715001,0.032290524144326815,0.06724443032805481,0.027375580030392924,1,0.0,3
44150424,45,0.4022270050284386,0.48668675332631794,0.06724443032805481,0.5096953453516527,2,0.75,4
44174382,33,0.04813198979200052,0.030183247082062905,0.06724443032805481,0.024658470155618003,1,0.0,3
44186031,24,0.054344781264886045,0.042280766934206966,0.06724443032805481,0.07042138224744758,7,0.25,4
44192349,14,0.14853807774849154,0.11018028064344178,0.06724443032805481,0.1395325028428978,8,0.3333333333333333,3
44256077,09,0.09022696670762811,0.06508877375618083,0.06724443032805481,0.07496095381636297,19,0.0,9
44265317,39,0.06116311488839232,0.07346936804514273,0.06724443032805481,0.04913046410123012,2,0.0,4
44281040,33,0.04791274105818469,0.0413212752118549,0.06724443032805481,0.04733959707306479,10,0.0,15
44286777,79,0.04774449973296546,0.04164043808143772,0.06724443032805481,0.04484708706974867,1,0.0,3
44288177,09,0.056053603669564876,0.04088990524550047,0.06724443032805481,0.04885442335428132,4,0.5,4
44301056,15,0.010663126032803538,0.016613816897016145,0.06724443032805481,0.019018136726941734,9,0.0,11
44311530,09,0.0655186298997837,0.06636464024708705,0.06724443032805481,0.0734123537602932,1,0.3333333333333333,3
44319152,30,0.04973792447175949,0.05780965388445111,0.06724443032805481,0.04985282260324004,48,0.1,10
44319519,71,0.3227124281170328,0.2603954965338563,0.06724443032805481,0.3029271107667253,2,0.6666666666666666,3
44341261,15,0.008639956970909274,0.005910629570964099,0.06724443032805481,0.0052451243772497535,36,0.0,30
44344854,45,0.5604771199053342,0.4396191251390436,0.06724443032805481,0.5181561966060853,4,0.0,4
44353937,09,0.043859039641333336,0.04053587135400676,0.06724443032805481,0.04100402981636678,13,0.0,37
44353997,33,0.06647215165543346,0.061084013810198005,0.06724443032805481,0.05410710172286536,22,0.07142857142857142,14
44368037,09,0.07368291701515606,0.061174827125130164,0.06724443032805481,0.0607194765603082,15,0.0,12
44371778,03,0.0878280355433129,0.08510450266208096,0.06724443032805481,0.05815939244638837,5,0.0,7
44371778,15,0.07050911112986599,0.05782490935765822,0.06724443032805481,0.05058242895879851,26,0.0,52
44372572,33,0.04031682192960861,0.028269869666080836,0.06724443032805481,0.02618309541397474,1,0.0,3
44375369,15,0.04223874785251953,0.05954974276276118,0.06724443032805481,0.04781643631869443,10,0.3333333333333333,9
44378553,09,0.08756799451261957,0.07047119247732987,0.06724443032805481,0.0695999544202749,7,0.0,6
44390324,80,0.17046774007961474,0.19952247303644408,0.06724443032805481,0.21488453441677177,1,0.0,3
44395736,15,0.05930460438865397,0.041141567568974836,0.06724443032805481,0.04269405262555413,23,0.02702702702702703,37
44432128,50,0.05036023238882315,0.07134031742861485,0.06724443032805481,0.04042445451791052,6,0.0,3
44476694,03,0.05763168813435594,0.04006061760450577,0.06724443032805481,0.02536742470246264,1,0.0,3
44476694,15,0.15101103688118248,0.10001998112612187,0.06724443032805481,0.07531227123399,8,0.0,3
44480716,33,0.032314362057901086,0.025348643044789714,0.06724443032805481,0.03815346577800782,2,0.0,4
44488783,09,0.07371715029581935,0.05159278177010493,0.06724443032805481,0.04989340574488959,4,0.0,4
44494907,09,0.04344770263313777,0.07005536170216638,0.06724443032805481,0.04718663617200421,1,0.0,4
44559026,33,0.02533396785278283,0.018247905178447658,0.06724443032805481,0.02338678970924754,3,0.0,5
44571750,09,0.05016235716580495,0.06160852466874639,0.06724443032805481,0.057419652034869095,10,0.0,3
44573573,15,0.028265486737294777,0.02407179056709859,0.06724443032805481,0.017586559527364817,3,1.0,4
44593973,09,0.07347068527414566,0.08994836442433896,0.06724443032805481,0.08338601791880547,3,0.0,9
44615310,44,0.04174479837919129,0.0407574420372646,0.06724443032805481,0.048695859139757075,1,0.75,4
44618065,09,0.05677940764071002,0.06893677987348601,0.06724443032805481,0.06482061387919978,12,0.0,3
44646071,15,0.060213711295136495,0.17667786813499275,0.06724443032805481,0.07551965101906997,1,0.0,11
44844146,15,0.07092410194958516,0.04866990194551228,0.06724443032805481,0.0367894673444332,19,0.0,15
44881078,09,0.04880730337434654,0.04437612126439055,0.06724443032805481,0.0412929493055524,40,0.0,21
5734580000,15,0.054293199567222214,0.0769943967197353,0.048031735948610585,0.08215948368702192,9,0.0,3
