bidder_id,cpv_division,f_full,f_price,f_prior,f_lot,n_lost,realised_rate,n_won
00034186,66,0.011830159556783088,0.014911826389850896,0.012931621216933618,0.012121374391675115,21,0.0,18
00132012,31,0.08339635306742345,0.0799400069509537,0.06724443032805481,0.09204390274994101,3,0.0,3
00132486,45,0.22976343657248333,0.20712726058291006,0.06724443032805481,0.1778880667323987,2,0.0,5
0013500191,15,0.01839890031339544,0.01593223380997238,0.05603702527337901,0.013974406000995629,3,0.0,3
00209131,73,0.02643121023166944,0.09856658071838252,0.030565650149115827,0.05714524546943681,6,0.0,3
00292575,14,0.03909837011604117,0.025598602973398735,0.05603702527337901,0.044805247768205686,1,0.0,3
00292818,44,0.12245793320838992,0.1582863324634631,0.04803173594861058,0.08750192557527482,3,0.0,3
00380267,15,0.10961142727099193,0.11626533901009845,0.16702776895503427,0.13316750332743704,2,0.0,3
00426302,09,0.03262275494488448,0.041599682020024106,0.02401586797430529,0.03997834765309828,12,0.0,7
00426354,60,0.22254343730192042,0.08360880670913248,0.05603702527337901,0.10461727839670461,4,0.0,3
00428426,85,0.11111719811092799,0.11692167123798285,0.06724443032805481,0.06777395330176667,1,0.0,3
00443000,15,0.08228910145919666,0.08116290187561585,0.14846912796003045,0.09569109747263765,6,0.0,5
00444010,15,0.04597278721245922,0.07252130421388445,0.048031735948610585,0.07118564812121868,7,0.0,8
00445676,15,0.06532249172087108,0.05070814218920276,0.04202776895503426,0.06148556811372892,10,0.25,4
00445914,15,0.1410078999750695,0.12825523538261321,0.08652674635704719,0.1231386667996924,20,0.37037037037037035,27
00445920,15,0.11639335137706537,0.1337668231544752,0.008621080811289079,0.14243730319426687,41,0.24242424242424243,33
00447681,15,0.0680766043795701,0.06419058478756802,0.037358016848919345,0.05561506755595736,6,0.09090909090909091,11
00447729,15,0.049268339464192526,0.0568837312316414,0.04202776895503426,0.05019840888453656,17,0.0,8
00447853,15,0.0678962832158686,0.06611835730718717,0.22822221850738283,0.07164133265018337,46,0.0,19
00480862,33,0.04748951409299435,0.03964174605922906,0.05698102808878717,0.04689544821326956,2,0.0,12
00481198,33,0.057173567071006494,0.09460263711010142,0.029693825592006094,0.10728165029507929,7,0.08333333333333333,24
00991410,03,0.052684673783168955,0.0463487181921002,0.04202776895503426,0.02957708466228353,1,0.0,3
00991806,03,0.04002564089156329,0.10854819140241681,0.04202776895503426,0.07653760914960235,1,0.0,3
01270285,45,0.21100472209382518,0.28266111123493626,0.037358016848919345,0.27822227350126744,3,1.0,7
01354898,45,0.30292434719644706,0.5541618322474493,0.04202776895503426,0.4758541379344298,1,0.0,3
01388420,71,0.5046059238201649,0.49774157946148917,0.048031735948610585,0.6325282397909209,5,1.0,3
01558862,55,0.03947379622832547,0.03503266131032505,0.03735801684891934,0.04387084545201101,7,0.0,17
01558922,55,0.02355739800337159,0.03813363957094082,0.018679008424459673,0.042639411365336825,26,0.0,32
01733288,15,0.15027346594648394,0.08681061879549998,0.048031735948610585,0.15312359704836606,2,0.0,3
01747787,55,0.036004228235214424,0.04318258818840307,0.06724443032805481,0.04430889548728366,17,0.0,7
01764610,55,0.07170820193656005,0.07447837915616534,0.048031735948610585,0.07225214917160244,2,0.0,4
01880670,09,0.06826510028362402,0.08770402514906499,0.051393159678472085,0.08770642801996133,12,0.0,19
01880670,44,0.4095012887285593,0.4652497977468649,0.051393159678472085,0.3617021700169993,1,0.0,3
01975330,33,0.017919786722771662,0.022452543751898382,0.04202776895503426,0.02290904995479743,1,0.0,5
01976358,33,0.022199851371137797,0.03621926166492878,0.03426210645231472,0.0271686585323778,1,0.0,11
01976387,33,0.046266412906139885,0.03246713775329923,0.07423456398001523,0.027911187871090638,1,0.0,4
01977642,33,0.1693935663049316,0.16310489568517658,0.16702776895503427,0.15517089937943723,5,0.0,6
01980963,33,0.019172877708664462,0.03273674087038259,0.025863242433867235,0.01964070491974787,1,0.0,6
02070915,73,0.03467945638129317,0.07650314755131003,0.06724443032805481,0.048488427547438186,24,0.9090909090909091,11
02071168,73,0.035508795812735076,0.07556464279010967,0.06724443032805481,0.05384712456581414,9,0.8,5
02072239,79,0.05394799135993788,0.06298680307026777,0.016811107582013703,0.025193340004551493,8,0.0,14
02124953,33,0.05904898522614351,0.1031812528637529,0.04803173594861058,0.08998457659918258,3,0.16666666666666666,6
02128158,90,0.04021531288733716,0.06484502105475297,0.048031735948610585,0.04371320122152331,5,0.0,8
02495431,73,0.031529701516862116,0.04718281956826614,0.04202776895503426,0.03987667620626963,10,0.0,13
02568176,50,0.21448185064553854,0.24690228673943776,0.06724443032805481,0.09602561817715062,1,0.0,7
02568259,50,0.202184601783421,0.2165118396622196,0.04202776895503426,0.18649905916341492,2,0.0,3
02829777,71,0.0999548683015493,0.19237958058850654,0.059903132093340354,0.18488753524010224,6,0.0,14
03112917,34,0.012670996784869755,0.02286422132310861,0.06724443032805481,0.01627287491501618,1,0.0,3
03293304,15,0.10969890000687339,0.07753531478452426,0.03362221516402741,0.07455982269859883,9,0.5,4
03333370,45,0.11017158385941253,0.14622922265730393,0.02101388447751713,0.1526732743974177,14,0.0,5
03335563,45,0.17958629141815366,0.3303354986652342,0.037358016848919345,0.17799659418246308,1,0.5,8
03345018,45,0.12237675304157088,0.1465461823769655,0.33348537640211967,0.24913197808789653,2,0.0,4
03345863,90,0.060754204213034596,0.041518070222363423,0.04202776895503426,0.05224021023753182,1,0.6666666666666666,3
03348962,45,0.32851686258609325,0.37117125184826344,0.048031735948610585,0.35295975276663905,7,0.0,3
03358216,45,0.4747110768865588,0.5253920427709051,0.028018512636689506,0.5255544231622925,1,0.3333333333333333,3
03448630,45,0.32755342425008616,0.314290613733903,0.14601388447751712,0.2839624401208542,12,0.3333333333333333,3
03448860,45,0.4447400880655755,0.4127436165053686,0.0973425896516781,0.4540620831835072,30,0.55,20
03450778,71,0.11455343764718788,0.10306564779995209,0.04202776895503426,0.09910297482995804,3,0.5,4
03450778,73,0.057228662285229666,0.06489814412982983,0.04202776895503426,0.048208838058049965,27,0.28125,32
03579041,45,0.0209926866605823,0.020982077065063335,0.36135184597002284,0.018483404638850728,15,0.75,4
03579058,45,0.059150747526426156,0.0653159970160818,0.048031735948610585,0.042923321593871244,2,0.0,4
03579590,45,0.15218069366711862,0.1598753417334031,0.1112486738876321,0.11821246564284524,11,0.0,5
03580251,45,0.4538247376090007,0.4783856415183817,0.06724443032805481,0.4666472880387721,2,0.3333333333333333,3
04012321,44,0.22418595285371945,0.22110828348068964,0.014618354419142351,0.18533301797619076,4,0.0,3
04725906,50,0.1926763784796466,0.199818513394205,0.028018512636689506,0.08421112750684173,1,0.0,3
04725929,50,0.059778603725476984,0.07965461628717659,0.06724443032805481,0.11693394100028448,1,0.3333333333333333,3
04728690,73,0.026811805778568523,0.07719050134499017,0.06724443032805481,0.054334569018512954,4,0.1,10
04742425,45,0.45802039724749133,0.4871795441271909,0.05603702527337901,0.3034179548641894,1,0.0,3
04832737,50,0.1355952806816777,0.12948719359695932,0.037358016848919345,0.08750811854374375,12,0.0,5
05388693,45,0.2308462075262431,0.1655471594658016,0.08351388447751713,0.10006201387760638,3,0.0,4
05388983,15,0.03092578719292575,0.028559813876653652,0.06724443032805481,0.02334056038038864,1,0.0,4
05408668,45,0.448423823304116,0.42974149944216444,0.024015867974305292,0.41477407142469025,2,0.8333333333333334,6
05409745,15,0.06003417978383503,0.04740111234322768,0.05603702527337901,0.04637134219355049,7,0.0,9
05415852,33,0.06797163390762413,0.058819405911707964,0.01035831125302538,0.05665976113723527,103,0.20588235294117646,68
05416892,71,0.29174088962429684,0.3700778133931971,0.03362221516402741,0.29161539478750026,11,0.42857142857142855,7
05433011,45,0.053534607651636465,0.04472814574601983,0.030565650149115824,0.03898676503365645,5,0.625,8
05495259,15,0.15462838065872606,0.16093559459144813,0.12147474105820674,0.14669599164252617,1,0.0,4
05511001,15,0.06282438802039696,0.06461304803479603,0.022414810109351604,0.05679914650218484,5,0.5,6
05761620,24,0.0832211747250562,0.05332627807362086,0.025863242433867235,0.06360362000439881,1,0.0,3
05785454,34,0.04576503121907602,0.04410016435225391,0.06724443032805481,0.052612687560957765,4,0.3333333333333333,3
05837085,30,0.02217741605139958,0.030761060111472577,0.05809661528870757,0.02522260807132639,16,0.0,12
05837085,32,0.013230353029733044,0.028569318550511088,0.05809661528870757,0.023756808126137355,2,0.0,6
05837085,48,0.008388398396355504,0.016839902115488258,0.05809661528870757,0.015178918728609929,4,0.0,4
13333602,45,0.5103083113094291,0.4357238500134014,0.06724443032805481,0.3956640565302168,1,0.0,3
13417240,34,0.16469408816189862,0.14864290943890274,0.06724443032805481,0.26639805874656675,1,0.0,3
13428292,42,0.039842056162448306,0.027985751990407707,0.06724443032805481,0.06103228365877312,2,0.0,4
13433137,33,0.0872253603929988,0.056012287138512515,0.04948970932001014,0.06076183325854466,7,0.06666666666666667,15
13441711,15,0.09350458692323714,0.08457024620704888,0.028018512636689506,0.10282264700957947,1,0.0,3
13441711,55,0.022757161283650584,0.026082244033708388,0.028018512636689506,0.019744120467738747,4,0.0,3
13456569,14,0.028957967882748847,0.059662403877666935,0.04803173594861058,0.07423285501819998,3,0.0,3
13460921,45,0.08082461997582203,0.06269428234185949,0.03362221516402741,0.06127582728330964,1,0.0,3
13535033,15,0.04449685328855015,0.09686872397615423,0.04202776895503426,0.12847299577779314,11,0.0,15
13553723,44,0.020052373866197945,0.017825368466996876,0.02586324243386724,0.018532408684668936,6,0.0,3
13608660,31,0.0897012149600858,0.1361643689476221,0.025863242433867235,0.11424199256315175,19,0.0,4
13638750,31,0.21909192916299142,0.22078056748031977,0.048031735948610585,0.32069337048216207,4,0.0,4
13655435,50,0.10423367259504111,0.06165274879533104,0.07860130303766319,0.0676828221883325,12,0.0,11
13694889,73,0.03401610947456339,0.1053422632373886,0.06724443032805481,0.05980314690719612,3,0.0,6
13715373,50,0.02088077211960895,0.02077974810841748,0.025863242433867235,0.03311544789921218,2,0.0,6
13828321,55,0.21368144738810085,0.1954654421730048,0.13362221516402742,0.13343970811554257,10,0.0,3
13837840,55,0.47701670396135554,0.29626248667842053,0.13362221516402742,0.12115884496990743,2,0.25,4
13993936,45,0.343990846436851,0.3583576065112781,0.04803173594861058,0.3920816746102948,12,0.2857142857142857,14
14146210,15,0.13369837830643178,0.156505584357607,0.06808616636000558,0.10717374228542534,16,0.04477611940298507,67
14207791,45,0.0437128384039135,0.051124184524071636,0.018679008424459673,0.056518068460840495,20,0.08333333333333333,12
14228451,34,0.03506135490899157,0.023239830278348805,0.03362221516402741,0.015906540284413562,6,0.0,3
14231737,15,0.04614588945236891,0.03133487076972545,0.2168111075820137,0.03794893072065694,8,0.0,13
14236166,30,0.01402702706332371,0.021054914241382863,0.04772221970143836,0.021108978697934072,5,0.1111111111111111,9
14271671,15,0.02234341916488522,0.03545932083654624,0.03362221516402741,0.0349874938794138,2,0.25,4
14307570,44,0.03586843648314718,0.04564048131285996,0.04202776895503426,0.03362430702447024,4,0.0,4
14310460,42,0.0997319688938025,0.0902969823095333,0.06724443032805481,0.12661324261492388,4,0.0,6
14311749,39,0.01220917537456598,0.025056688689565343,0.02101388447751713,0.02748596883126906,4,0.0,7
14333937,64,0.06378416251343638,0.06177871431460311,0.028018512636689506,0.06323130467762046,12,0.0,9
1433916706,33,0.03024196343205704,0.029075224367139323,0.06724443032805481,0.033440234809659165,4,0.0,3
1533511687,77,0.024820661323081188,0.024699880328635942,0.06724443032805481,0.019257120980475998,4,0.0,3
1577800010,33,0.032751017481229105,0.053061015918118536,0.06724443032805481,0.05614582640894223,1,0.0,5
16285602,66,0.031607813278488925,0.036923756077946915,0.05603702527337901,0.08708969148816248,7,0.0,5
16285789,50,0.04462367134981172,0.03960464341630825,0.030565650149115827,0.0439406450069925,13,0.0,9
16297019,71,0.02402132443448014,0.013993387288314847,0.06724443032805481,0.04237529698867719,2,0.0,4
16400836,72,0.012778343983556456,0.013843448391337642,0.05603702527337901,0.031197122558901114,3,0.0,4
1759701761,33,0.036191933307611876,0.039043879202679474,0.04202776895503426,0.03388426657630534,5,0.0,3
1806106711,33,0.029209798755089306,0.02865906456316622,0.06724443032805481,0.02315548746334598,3,0.0,5
1817713376,32,0.03553390502123591,0.04041233938457947,0.048031735948610585,0.02903758453862673,1,0.0,3
1829901706,33,0.040942642432655114,0.049642844965894724,0.05603702527337901,0.07034124005687932,6,0.0,10
1858320426,15,0.03149411242983431,0.03611401715254237,0.06724443032805481,0.043010127070293475,2,0.0,7
1871824801,33,0.06987510665204924,0.06872359385143645,0.03362221516402741,0.09897701037622726,3,0.0,3
19027846,55,0.2906125964592704,0.20905898465661263,0.145053137027838,0.13080570416095633,7,0.38461538461538464,13
19160739,55,0.38588063580086773,0.2521038839961699,0.16702776895503427,0.13322780710754772,2,0.25,4
1920402058,55,0.38777274681887786,0.33653366305963434,0.048031735948610585,0.15982653866433913,2,0.0,3
19243202,33,0.06105346566507704,0.039038285272026345,0.08908147677601826,0.036003477846198735,6,0.0,6
1927503573,33,0.135145114019119,0.08420995653311548,0.05603702527337901,0.07999751977175248,6,0.0,3
19288759,44,0.012690784848413668,0.012982145272070178,0.03362221516402741,0.010257906978523624,3,0.0,3
1929205450,33,0.052405215358297313,0.04516556504888167,0.03362221516402741,0.05805634236814784,2,0.0,3
19315887,50,0.22327808845202904,0.1744287263821933,0.037358016848919345,0.1255976028759465,6,0.6,5
19331194,30,0.010660418819019859,0.013448480309261393,0.10157487615827278,0.013180789713651208,8,0.1,10
19331194,32,0.0069587476309294904,0.006924072041793996,0.10157487615827278,0.008563837572578439,2,0.0,3
19407661,33,0.06063177585646072,0.030517423060527907,0.048031735948610585,0.023894807715522347,7,1.0,7
19411125,66,0.01620226704895452,0.013546506519720917,0.024015867974305292,0.010147435475289263,13,0.0,7
1945811128,15,0.053759744798890605,0.016607097950020307,0.06724443032805481,0.014882082836982027,4,0.25,4
1947909716,77,0.04524124940908085,0.028776754099234258,0.06724443032805481,0.04119638290339124,2,0.0,3
1955300085,33,0.003702113823506107,0.008170182595145042,0.05603702527337902,0.007147577871176059,5,0.0,3
1966016154,09,0.041706972417726626,0.04850440423059593,0.11124867388763209,0.040977595421028815,19,0.07692307692307693,13
1975613134,03,0.039397191393589666,0.04856269380225536,0.04803173594861058,0.027857834208750643,3,0.0,4
1995712183,03,0.10012819629962172,0.08350042964848597,0.08351388447751713,0.08414814152638174,2,0.0,3
20009888,30,0.007665526813800108,0.009832940372179315,0.06314113923352091,0.008371066188703674,11,0.0,5
20028213,30,0.008050563688116717,0.017537041259854655,0.039300651518831595,0.013322707654098594,8,0.0,10
20038832,44,0.04451220442114809,0.04252034101506493,0.012931621216933616,0.05173539852489704,11,0.0,8
20048339,33,0.01298004210279572,0.03354337669479458,0.06724443032805481,0.027196016356690444,2,0.0,6
20049451,48,0.010745003256414821,0.011063834060046367,0.017695902717909162,0.007873488299774054,4,0.0,3
2010407506,03,0.03132195735412984,0.02058098254753448,0.06724443032805481,0.024307608483573735,1,0.0,3
2013413398,15,0.05057323169323483,0.04580705173645145,0.03362221516402741,0.04679931944162536,13,0.06666666666666667,15
2018705895,18,0.02279079839584356,0.03444100619042795,0.03362221516402741,0.018097147983356654,4,0.0,4
2020304752,15,0.018643533537109885,0.02277218788491243,0.05603702527337901,0.022122399073937295,2,0.0,7
20257936,24,0.09628777858444948,0.15951003001935585,0.048031735948610585,0.12357588028012506,4,0.0,12
20272290,45,0.23831614321658798,0.39945862831224016,0.06724443032805481,0.2662310265875496,1,0.25,4
20344871,66,0.02096583373388076,0.0266152562644776,0.025863242433867235,0.01701877669414696,18,0.0,12
20423276,15,0.07446913365527232,0.05663374981474586,0.030565650149115827,0.06370603920731646,6,0.0,4
20463185,33,0.07507875510246292,0.06123700097177596,0.11135184597002284,0.054913600731501915,6,0.0,7
20474912,66,0.03214718824879825,0.03409611836156458,0.06724443032805481,0.11199964022118948,4,0.0,4
2051400453,39,0.026097500570445464,0.032460388414662644,0.06724443032805481,0.004888127065495853,2,1.0,3
20546451,34,0.02002022452432329,0.018976411875631174,0.03711728199000761,0.012702080181023518,3,0.0,7
20572715,34,0.014783654067992735,0.023768763625450738,0.025863242433867235,0.021047179434818236,5,0.0,3
20602646,45,0.03713420670559908,0.03027388745312591,0.04803173594861058,0.027306421125723384,3,0.0,3
20602681,66,0.015066708914663994,0.024594467469607285,0.02101388447751713,0.02459783452432186,11,0.2,5
2061807745,15,0.027758551445610166,0.013724707067755363,0.06724443032805481,0.023027625853500416,2,0.0,4
20635255,85,0.38089815911104297,0.09820318292886385,0.06724443032805481,0.10188507428411502,1,1.0,3
2070220504,45,0.01626302808217596,0.014086685892181665,0.06724443032805481,0.015828450670239327,2,0.0,3
2070714081,15,0.042295556817323374,0.05923690781849831,0.05603702527337901,0.07016227854473805,1,0.0,3
20742465,33,0.05017327797168034,0.07762142247786051,0.022414810109351604,0.05419202588226919,15,0.1,10
20774040,45,0.4595554620344751,0.5183375153750029,0.13362221516402742,0.632070727524432,1,0.3333333333333333,3
20797696,34,0.011085602044222787,0.015938143903784414,0.022414810109351604,0.010368215423526008,3,0.0,5
20806124,33,0.03910946550883661,0.06432589412499064,0.007641412537278957,0.06952285320295612,13,0.03571428571428571,28
20806124,38,0.009184467323352905,0.014121407613329667,0.007641412537278956,0.03152881664797398,5,0.0,3
2083115214,79,0.038700388024663,0.057806633034055886,0.13362221516402742,0.06082099557131815,5,0.0,3
20875278,33,0.010883663872936341,0.017459291432527287,0.05603702527337901,0.013219905203530292,4,0.0,5
2094710887,55,0.25588375518608253,0.20924830903992994,0.048031735948610585,0.12673591597571252,2,0.3333333333333333,3
20954500,16,0.026651913137066486,0.029227331878836728,0.06724443032805481,0.02599009852586768,1,0.3333333333333333,3
2102919923,33,0.019249054064047522,0.02375014125942143,0.06724443032805481,0.02671545190892517,3,0.0,3
21033653,33,0.07411159010870617,0.08870998860187,0.02101388447751713,0.08995572548539697,24,0.16666666666666666,6
21078029,15,0.045663486661385616,0.037838596283349415,0.06724443032805481,0.039743115709274475,8,0.0,9
2118405625,15,0.0800623140092688,0.07199969450372694,0.06724443032805481,0.07114413921182595,3,0.0,7
2126618602,33,0.030189656796229803,0.033229947533298373,0.048031735948610585,0.031505042970548194,10,0.0,7
2127718486,33,0.08802442599153537,0.09635976947261277,0.06724443032805481,0.09129719366991079,2,0.0,3
21296513,55,0.0437565368795704,0.04849585415885683,0.04803173594861058,0.06246527958183746,3,0.0,3
21337459,30,0.015380972243351325,0.010907052161793935,0.024015867974305292,0.011592651887397422,16,0.0,21
2134501563,33,0.015031693426514003,0.018160409995577255,0.05603702527337901,0.01653750098332564,7,0.0,5
21394227,09,0.0306797324740006,0.03536175977631005,0.048031735948610585,0.039026029392800414,4,0.0,4
2144115708,15,0.05601401217548613,0.05660113296131173,0.06724443032805481,0.1078191924791485,6,0.0,3
2148907030,15,0.0831703635041326,0.06459721938417967,0.04202776895503426,0.0526278714426244,2,0.0,4
21505980,15,0.10041348093824258,0.16634547193655505,0.051393159678472085,0.15877479840600403,31,0.21875,32
21510644,66,0.011407418507002194,0.013985541660780821,0.07423456398001521,0.012152622155641968,27,0.0,4
2152308619,15,0.009835675806611337,0.011248218605723831,0.06724443032805481,0.011408074383006056,3,0.0,3
21543199,24,0.1619818714265215,0.23180914571834396,0.06362962626858448,0.2094284750077974,2,0.0,7
21559409,66,0.018392287166821723,0.007554775310508499,0.06724443032805481,0.010038651782719031,10,0.0,5
21560766,72,0.010358397453692086,0.016231689780329208,0.048031735948610585,0.012939001174114562,71,0.0,59
2159010343,15,0.06065625511062669,0.050800599437639704,0.06724443032805481,0.04787158802826041,3,0.0,3
2159908062,55,0.1849242108287163,0.1605736263317138,0.02101388447751713,0.05896900148689785,2,1.0,8
21607462,30,0.01806456297774009,0.0162063615048631,0.05603702527337901,0.019953149537763847,4,0.0,3
21620913,15,0.08240324654986228,0.1126129478531242,0.01769590271790916,0.1117659057181259,29,0.0,11
21632299,24,0.04267457756703103,0.0589110813945407,0.01601057864953686,0.10063869123633756,2,0.25,4
21632299,33,0.030789760872576143,0.03478770158952607,0.01601057864953686,0.033032940878787304,2,0.0,3
21633086,33,0.05442720245119995,0.06919263522845172,0.02376566488813475,0.07171284682361004,153,0.10850439882697947,341
21635240,39,0.01798333230791446,0.022737235464610775,0.05603702527337901,0.01887401283831606,13,0.0,7
21637291,45,0.17585521704983917,0.22426810861609897,0.05603702527337901,0.22995869299452357,1,0.6666666666666666,3
21642228,33,0.042491431589059124,0.08047770423502491,0.03075334859319343,0.07494064700170806,106,0.02564102564102564,39
2165716177,03,0.06430044702051822,0.05800782281205281,0.04803173594861058,0.07340199910100233,3,0.0,3
21673832,48,0.005616045596528041,0.006037447724379241,0.04202776895503426,0.005894792064012481,1,0.0,5
21673832,64,0.09293898750837035,0.07575367797404388,0.04202776895503426,0.09666371776923738,5,0.16666666666666666,6
21680915,33,0.08479327947166505,0.16837828372734442,0.04803173594861058,0.16509709080296686,3,0.0,3
2169000145,15,0.06376114204664779,0.05935878941489887,0.06724443032805481,0.07744345346597228,4,0.0,4
21701113,90,0.1967207551064102,0.13041479479087786,0.03362221516402741,0.13267587332581313,3,0.1,10
2172717576,15,0.18429939089009778,0.06481415634416256,0.06724443032805481,0.10863808981985798,1,0.0,3
21738520,45,0.3248684170672226,0.17993720680807884,0.19088887880575345,0.2683398538103317,4,0.5,8
21738610,33,0.07023354470323694,0.06527676088583274,0.01084587585936368,0.06746869020315223,75,0.07317073170731707,82
21869802,33,0.05185818116920546,0.046467667869486,0.11504214316000946,0.04086241174792405,26,0.0,23
21870998,66,0.01242827623893673,0.020038361743202684,0.06724443032805481,0.013301392812031538,13,0.0,9
2188418387,15,0.030273144937601207,0.05150447545733261,0.06724443032805481,0.04984078275721466,3,0.0,9
2189819676,15,0.06651408419320565,0.09454944220945806,0.05567592298501143,0.0928051144110206,5,0.0,8
21904823,55,0.012725689069372853,0.014287252003979711,0.048031735948610585,0.0072534942543065134,88,0.0,3
21947206,33,0.06772379405767524,0.07836840025581333,0.005796933648970243,0.08207338340161137,76,0.10416666666666667,48
2195211336,03,0.4564293351381264,0.2503684252049026,0.06724443032805481,0.385238694886045,1,0.0,4
2195518827,98,0.07490916779914501,0.14849761508328835,0.048031735948610585,0.07595822191358777,1,0.0,3
2195609589,15,0.02990595832414014,0.03866274368832795,0.028018512636689506,0.030674323829856475,3,0.0,4
2200713737,90,0.051360404052408624,0.034251607603651486,0.06724443032805481,0.02369926813385856,3,0.0,3
2202416922,03,0.24492851833253057,0.23147837384932102,0.02101388447751713,0.1669455231419918,2,0.0,3
2204506763,33,0.05921545871647862,0.045963907981424516,0.05603702527337901,0.06709024732698914,4,0.0,3
2204925665,33,0.016111342291324143,0.01623918305066379,0.04202776895503426,0.014920611212406155,2,0.0,6
22065477,33,0.06447159044168378,0.08494152209564208,0.03817777576115069,0.07774719505120134,21,0.15,20
2209105643,72,0.014412846700970872,0.012433257194883737,0.06724443032805481,0.007230300151742283,3,0.0,3
2211109119,03,0.044413363417021894,0.07462896884524825,0.05603702527337902,0.0587759506143402,10,0.0,3
2215400215,39,0.009086270191144134,0.007469145856178099,0.028018512636689506,0.008537259002025378,8,0.0,6
2215520350,15,0.13033188049283173,0.1101521769852581,0.06724443032805481,0.09916176587519035,2,0.0,3
22167290,42,0.047336684643026046,0.06319341133841304,0.05603702527337901,0.06044037070960829,3,0.0,3
2219801825,15,0.015171610556898281,0.014888428285004859,0.048031735948610585,0.011475946337181204,1,0.0,3
22202218,45,0.6185953831121226,0.46114021893382495,0.256632473203098,0.5361770859660199,6,0.5,10
2220617311,33,0.043027679076769326,0.06406467792740514,0.037358016848919345,0.052116877750736146,6,0.0,3
2224708158,15,0.07166513018593132,0.06718463165151027,0.010506942238758565,0.05647704949084083,5,0.08333333333333333,24
2229506457,33,0.03407178701425218,0.040192183257226725,0.03362221516402741,0.042275809659485235,3,0.0,5
2235425612,15,0.2562681195083065,0.15751023073265208,0.06724443032805481,0.1856495842513874,1,0.0,5
22357406,45,0.3634865991735635,0.3265435002681431,0.256632473203098,0.3242938681438022,8,0.6666666666666666,6
2236111934,15,0.09877830690790658,0.08866526643281268,0.06724443032805481,0.12117615250932792,1,0.0,3
22366931,50,0.02143921271254397,0.027136455447856932,0.05603702527337901,0.012295392866421336,1,0.0,5
22372423,34,0.015855093063716325,0.02090355644528781,0.025863242433867235,0.013573600871357913,8,0.0,3
2238602025,33,0.03462277672372551,0.04297458849535655,0.04803173594861058,0.0522307568039965,6,0.0,5
22392354,33,0.015176864960243052,0.014535325223045712,0.11135184597002284,0.011368948321189742,2,0.0,8
22392459,15,0.19717268138729707,0.22457865037561864,0.13362221516402742,0.11033415420306858,3,0.0,5
2239327596,33,0.03068391518839627,0.036729796988448166,0.06724443032805481,0.042508384024901744,5,0.0,5
22404614,09,0.020870135489574993,0.023411606417344823,0.024015867974305292,0.02144419540831666,4,0.0,6
22404614,15,0.19970344054116307,0.20567774742673237,0.02401586797430529,0.0716161000615826,3,0.0,6
2240624961,33,0.038521671555107106,0.04551404564889999,0.04202776895503426,0.07950843991141594,5,0.0,5
2241915794,33,0.04415547726050655,0.05522691080507982,0.05603702527337901,0.061236959670842604,3,0.0,3
2248923864,03,0.14139249524827535,0.10304673558402536,0.019777773625898474,0.058866736162460326,1,0.6666666666666666,3
2251102688,39,0.011229922737479876,0.009761329384692402,0.048031735948610585,0.010318684909188892,2,0.0,5
2251318065,55,0.037022822848822766,0.04464018738610837,0.05603702527337901,0.027107215928993324,2,0.0,3
2253821476,03,0.031058107589067307,0.0534736773802104,0.037358016848919345,0.034497840802726,1,0.0,3
2254203118,33,0.04059601147821676,0.06840478274046116,0.06724443032805481,0.06165276102073734,1,0.0,3
22555520,45,0.4448894384937422,0.33842170550583983,0.12147474105820674,0.2467534527843275,2,0.4,5
22572748,33,0.06323396209026715,0.06881521769399936,0.03362221516402741,0.06241564700172281,7,0.0,7
2262714930,33,0.11034303804377847,0.12222424469854666,0.05603702527337901,0.13831101870738077,2,0.2,5
22647877,15,0.06729431882129205,0.19733047816221547,0.011593867297940486,0.09113194461160681,1,0.0,5
2267007013,45,0.04265321434460143,0.10423584190538747,0.06724443032805481,0.1306314942389896,3,0.0,3
22736629,31,0.018966872469726236,0.024857410814332223,0.037358016848919345,0.024769672069427782,4,0.0,4
22830943,72,0.014217577265428544,0.00455954141385119,0.06724443032805481,0.0097175434995725,5,0.0,3
2283203183,50,0.011149478131848526,0.01094958030251902,0.05603702527337902,0.01866661592876214,5,0.0,3
2284518879,15,0.12151399749483077,0.06122407057249692,0.06724443032805481,0.09439072121093228,3,0.0,5
2285517516,15,0.09694215411224252,0.09681778814184851,0.06724443032805481,0.09764238682229631,2,0.0,3
22859846,64,0.07962868853397585,0.06471465647604704,0.037358016848919345,0.13213407724045897,2,0.0,3
2286201852,15,0.10314499685415808,0.05916919797293597,0.05603702527337901,0.046850833323337504,3,0.0,3
22891175,72,0.03130196808593579,0.03429755675555675,0.04202776895503426,0.0522733921763342,2,0.0,5
22906244,30,0.009544683623281019,0.012953938113682215,0.018679008424459673,0.012918645511335288,19,0.0,11
22922786,33,0.035242803577307025,0.03928274625873328,0.02620043434588773,0.03640845298903893,9,0.09523809523809523,21
2302001376,33,0.02318562118862172,0.017778857643360513,0.12147474105820674,0.026627119324563256,1,0.0,5
23043331,15,0.1108349329726055,0.07586430656554309,0.06724443032805481,0.07894582311796276,19,0.125,8
23057072,09,0.06042264037699302,0.06281217831094253,0.04803173594861058,0.06615962756389111,3,0.0,4
23063575,15,0.1256414664088489,0.1150208308442941,0.037358016848919345,0.10066224562313217,1,0.0,3
23080390,73,0.015291919952602836,0.057917034377491405,0.06724443032805481,0.05119339787286464,3,0.0,4
23107516,22,0.03498630373910696,0.028986321862400948,0.025863242433867235,0.030753412386227596,5,0.0,5
2312400238,15,0.284399281530453,0.2569766392903964,0.06724443032805481,0.1583418752541917,1,1.0,3
2313106328,33,0.03182979204258665,0.04135132289342048,0.051393159678472085,0.043044105402499255,13,0.16666666666666666,6
2313617308,55,0.23061142196253193,0.1969881292120894,0.06724443032805481,0.19162069355036823,3,0.0,3
23137670,45,0.09744129419846512,0.17064272566935068,0.06724443032805481,0.1439928086587652,1,0.0,3
2321613037,33,0.09049764649734447,0.11509074515000087,0.05603702527337901,0.057632428489313305,1,0.0,3
23239413,55,0.11682901858136018,0.1197475548583014,0.06724443032805481,0.22087147555074527,1,0.0,3
23247708,90,0.021987345990129425,0.025624606030666745,0.06724443032805481,0.021229921866516174,3,0.0,3
23251561,45,0.5071054997539266,0.5116420928329732,0.21238383196729763,0.481340555171384,5,0.125,8
2328722461,33,0.02468441648740454,0.018153652789202796,0.04202776895503426,0.01664103936077148,1,0.14285714285714285,7
23291827,33,0.03442334028046045,0.051149257810994254,0.08340555379100685,0.051498949290773983,81,0.058823529411764705,34
2332708205,55,0.4246577328644873,0.24175752752609525,0.02586324243386724,0.1009011241012104,3,0.0,5
2337621790,03,0.030753382416070618,0.0617497237664599,0.06724443032805481,0.029208071558569453,1,0.0,3
2337715537,60,0.10637213691828162,0.04063413453900125,0.06724443032805481,0.06355407690158947,2,0.0,4
2342200579,45,0.008188517397153896,0.008667440827893667,0.06724443032805481,0.016367227221294006,3,0.0,3
23477806,09,0.08650866042269069,0.13586665021115252,0.05603702527337901,0.14676963145740227,4,0.0,4
2349911015,15,0.08059264356835023,0.02648249817226805,0.04202776895503426,0.0373035563667314,1,0.3333333333333333,3
2350504021,33,0.133041106591557,0.06517492807177154,0.11135184597002284,0.07174778440246539,3,0.0,6
2350614833,15,0.07838302238091303,0.09856753265025227,0.06724443032805481,0.06323448706081713,2,0.0,4
2350614833,55,0.15451138918521495,0.12239279558832313,0.06724443032805481,0.11406747854033356,1,0.2,5
23521635,34,0.042954466646686056,0.03884080593532717,0.09734258965167808,0.04433145803050782,4,0.0,9
23522853,24,0.027388112689234315,0.04830061483390016,0.03369921365293206,0.053290706154656385,16,0.10526315789473684,19
23522853,33,0.037493482848951445,0.0417092888319866,0.03369921365293206,0.04719138962076858,12,0.0,16
23522853,38,0.011275001750992105,0.015004104960372687,0.03369921365293206,0.016786450980599502,16,0.029411764705882353,34
23522853,42,0.044388863848245814,0.05674052376468169,0.03369921365293206,0.04380369205821301,1,0.16666666666666666,6
23548019,33,0.021794050861687432,0.021520069879128217,0.06724443032805481,0.021138646096778353,2,0.0,3
2355417730,03,0.08226149451246097,0.1499484112581276,0.037358016848919345,0.07242196281479298,2,0.0,4
23581034,34,0.11627938781478984,0.08323971873812369,0.03362221516402741,0.07424817671137302,2,0.0,6
23588912,09,0.09218518775141543,0.07831644830135938,0.16702776895503427,0.06175958749907214,2,0.0,6
23608000,44,0.1489012153274008,0.16854440375279447,0.05603702527337901,0.1950788097460975,4,0.0,3
2361010448,03,0.0591331896245076,0.07856994355186692,0.037358016848919345,0.06497704980217213,5,0.3333333333333333,3
2366604095,15,0.0831534199964665,0.04837914017098223,0.028018512636689506,0.04433524133567644,4,0.0,7
23702466,30,0.021681491731536356,0.022326745191910847,0.08908147677601827,0.020351820352905097,14,0.0,8
23706562,35,0.016109035898680377,0.013498680261287995,0.05603702527337901,0.019004386800490967,3,0.0,4
23717551,03,0.0664605342305484,0.074801359435866,0.018679008424459673,0.10485163003823325,1,0.75,4
23717551,15,0.26655324140656267,0.24423234980464437,0.018679008424459673,0.2789290233552789,4,0.3,10
23722888,09,0.051433257540712,0.051944807464522846,0.024015867974305292,0.05503391787832114,14,0.05555555555555555,18
23730451,39,0.018896142205572296,0.02342546089574137,0.025863242433867235,0.017310205689482567,8,0.0,3
2375206349,15,0.0627237541254317,0.06257917810884867,0.06724443032805481,0.2609856911628436,3,0.0,7
23768657,15,0.1416878562501815,0.1096581797089123,0.06724443032805481,0.15429110324422263,2,0.0,11
2377200673,03,0.07411648273698149,0.09144316210314708,0.05603702527337901,0.08466331609730685,8,0.0,6
2378916847,30,0.022437264527186977,0.008447429934826714,0.05603702527337901,0.011429169289785044,8,0.0,3
2383201196,45,0.01270212040623535,0.011696679179510016,0.048031735948610585,0.018082055574576972,4,0.0,3
2385819268,33,0.052964028061520486,0.04867735457343729,0.025863242433867235,0.06476267003388589,5,0.0,4
23860120,30,0.009666256246791627,0.005892509487896923,0.048031735948610585,0.008079152424325095,2,0.0,3
23863399,30,0.011036244997891288,0.011868550361829917,0.037358016848919345,0.013647570469134701,10,0.0,7
23872470,33,0.021413675662095136,0.017309770510982588,0.07032748166527758,0.02395245471233888,1,0.125,16
23887879,33,0.10487826368788238,0.11795677465905142,0.030565650149115827,0.10973542212270249,14,0.0,11
23957545,44,0.1940459692759765,0.22286731796881842,0.02586324243386724,0.207976499198964,6,0.09090909090909091,11
23971114,33,0.03315143466349287,0.0522852763542835,0.16702776895503427,0.04497342293886315,10,0.0,5
2399909996,33,0.03271931578102731,0.030958252901633645,0.037358016848919345,0.03169212368486538,4,0.0,3
2402512100,90,0.11953357675665825,0.12607560538004825,0.06724443032805481,0.043396997611494605,3,0.2857142857142857,7
2404111190,77,0.009734873023890546,0.008312377869745686,0.05603702527337901,0.013803277794538021,7,0.0,6
24083083,30,0.010713305035299998,0.016648542534118363,0.01084587585936368,0.01660565607715032,18,0.13333333333333333,15
24095427,30,0.021075977217376723,0.03043091346847075,0.02726983982939335,0.028874912226928413,24,0.0,17
24095427,50,0.03499097489194393,0.055631025882344275,0.02726983982939335,0.04247239748063657,21,0.14285714285714285,7
2410401293,15,0.10026096666973833,0.11683938531840901,0.048031735948610585,0.10620995961881957,1,0.2,5
2412913818,15,0.04007087429080728,0.04075250371336538,0.037358016848919345,0.043188763079845746,4,0.0,5
2413714589,55,0.22312991417022995,0.23613070242973774,0.06724443032805481,0.17610398153832607,3,0.0,3
24150945,15,0.03158998662516009,0.025944354205516672,0.048031735948610585,0.026540120936423967,5,0.0,11
24157485,45,0.42254026760874447,0.3241732546266015,0.3336222151640274,0.3482254172348317,10,0.3333333333333333,3
2419402671,15,0.25995387797928254,0.10020658468019181,0.2227036919400457,0.08942546761969462,2,0.0,3
24228435,24,0.0296920034276713,0.04803426417162767,0.037358016848919345,0.05207493747023622,6,0.0,3
24228435,33,0.02150150405038119,0.027534950868908836,0.037358016848919345,0.032512638818411786,4,0.0,3
24246094,33,0.0281859287761891,0.03634270319205602,0.05603702527337901,0.033010832605475264,3,0.0,6
2428511634,33,0.03273234379991507,0.04895779717341033,0.05603702527337901,0.05362963533975672,7,0.0,8
2429105276,33,0.014437919898132472,0.015535380094571036,0.03362221516402741,0.031909182902399726,1,0.0,7
24316073,09,0.037249674831422684,0.03977672410127814,0.07536200489162174,0.04214246292714123,54,0.0,7
2432400943,33,0.024379127553635666,0.018281383572155703,0.016811107582013703,0.02246312264627469,4,0.0,4
24340261,45,0.31717064780400306,0.33242931517242424,0.13362221516402742,0.4083168976151094,1,0.0,3
2435406029,03,0.005380897673504913,0.02154422402724916,0.06724443032805481,0.023407060783073315,1,0.0,4
24389020,30,0.05919192921042623,0.05814527287838416,0.04202776895503426,0.05072369798659213,12,0.0,6
24433519,15,0.015919978780582107,0.027637946345548687,0.06724443032805481,0.02169679427335041,2,0.0,4
2448816206,33,0.007509225672160742,0.010101123393967291,0.06724443032805481,0.009586876424399846,2,0.0,3
2449003933,15,0.03945221185990983,0.040407474435939145,0.06724443032805481,0.03197897736810825,1,0.0,3
2451004681,55,0.013705780606907603,0.020701765192707736,0.030565650149115827,0.01292450650833684,11,0.0,3
2452014059,39,0.0015434520459727116,0.0010304933113334342,0.022414810109351604,0.0008991608334110749,1,0.0,4
24533681,73,0.01946087223908226,0.07000133473930086,0.06724443032805481,0.0731798615641475,2,0.0,5
24543159,45,0.42427365407112727,0.39867819502424295,0.2227036919400457,0.35570128565728365,2,0.25,4
2456300693,45,0.33259395387246715,0.3304815788435091,0.06724443032805481,0.26754176091739007,2,0.0,3
2456900510,34,0.03977227093076433,0.03504696427944765,0.05603702527337901,0.03113285206338493,11,0.0,5
24607793,33,0.0344768171487894,0.0354842965293103,0.044540738388009135,0.03558769278601212,9,0.0,26
2463618841,33,0.03266441295655378,0.02731540002146491,0.04202776895503426,0.027037661978594175,5,0.0,3
2463916481,03,0.15797289064454437,0.09635951546728319,0.10278631935694417,0.11425325820329903,4,0.0,3
24714833,09,0.081212429420484,0.06739719647292475,0.3811587251171624,0.06436550307354055,4,0.0,11
24740569,33,0.10451063953163521,0.09880616116754425,0.05809661528870757,0.09529229728427774,13,0.07142857142857142,14
24740569,38,0.010919150467258458,0.016605096627639405,0.05809661528870757,0.011371442389708417,1,0.3333333333333333,3
2474103373,32,0.015610912294672177,0.023154063095364594,0.06724443032805481,0.014142223772612856,2,0.0,4
24741764,33,0.07976619687430098,0.10039073808013607,0.044079663238495735,0.10194535567770338,47,0.02631578947368421,38
24756872,03,0.06439175369933976,0.06678354120601233,0.04772221970143836,0.06462306006339984,3,0.0,8
24756872,15,0.008977764864324141,0.006558653760797184,0.04772221970143836,0.007487520960840351,130,0.0,33
2476512961,33,0.05437581152492685,0.05593133344469808,0.028018512636689506,0.07050215109478078,1,0.0,5
2477611256,30,0.0056955878703814425,0.002835381043574424,0.05603702527337901,0.004521710999060243,1,0.0,4
2477902104,55,0.0892034892032319,0.07765258278746015,0.22270369194004572,0.02084480212110552,10,0.0,5
24788518,15,0.03597377722504512,0.04417005154470432,0.024015867974305292,0.04652217254647744,9,0.0,6
24789564,15,0.046282482490214216,0.05638989916220477,0.025863242433867235,0.058066849702666304,16,0.0,4
2488216333,22,0.01946243900690579,0.018373823027924892,0.04803173594861058,0.025247210679107807,3,0.0,14
24887315,55,0.17629176580705408,0.3108994013656546,0.05603702527337901,0.27258814003098114,4,0.0,3
24942675,14,0.028709295001358704,0.054759705474683264,0.013448886065610963,0.05983292899297875,5,0.42857142857142855,7
24998380,33,0.04255572878152121,0.055037145280389346,0.06724443032805481,0.05179544991154491,5,0.0,3
2500202398,15,0.01005401679956164,0.02035910850282491,0.06724443032805481,0.019560194595679026,1,0.6666666666666666,3
25010654,33,0.04352419729257585,0.047536072880102934,0.030565650149115824,0.05073255857251721,9,0.0,3
25021316,50,0.14444536164940822,0.16292699179429626,0.04202776895503426,0.23133412715043364,3,0.25,4
25021641,30,0.007742155962985633,0.012700730401574364,0.04098635353754867,0.019838804478922778,4,0.0,13
25021641,48,0.002833455609993602,0.01072124464579978,0.04098635353754867,0.004773068435273105,1,0.0,3
2502307697,55,0.24872398757563036,0.2204191131419393,0.06724443032805481,0.2292877004586421,2,0.0,4
25067695,33,0.0765371161803381,0.0777414032965271,0.025863242433867235,0.08177962027361771,19,0.0,12
2506915934,15,0.11688440500715314,0.10107783583485902,0.06724443032805481,0.0819777992034305,2,0.0,5
25073081,15,0.14126023486963368,0.0735474199988184,0.04202776895503426,0.07206255339536657,5,0.2,5
2510709092,15,0.15011822214894555,0.08791931774711051,0.06724443032805481,0.08420313103325366,1,0.0,3
2511600692,09,0.01743557506644864,0.01786159224245011,0.04202776895503426,0.01324852714609378,1,0.0,3
25120857,09,0.030834503316633902,0.03689201597134575,0.04202776895503426,0.033123817936150234,2,0.3333333333333333,6
25184975,33,0.07294816147052734,0.07856458097301244,0.15886772150667974,0.08022767440521085,28,0.0625,16
2525701221,33,0.04398996910048411,0.048988306061202934,0.04202776895503426,0.06352083626740357,4,0.0,3
25284872,50,0.17924935605867787,0.16357177295025893,0.03362221516402741,0.09320799212163582,1,0.0,3
25298093,44,0.16246520164748637,0.15258587523896736,0.05567592298501142,0.15154164587280355,3,0.0,4
25298093,45,0.02674848164865155,0.03186132332570533,0.05567592298501142,0.0399286467446191,1,0.0,4
2535905156,03,0.07677041289792084,0.09773029817363998,0.05603702527337901,0.07111915702925718,6,0.0,3
2539300174,44,0.06607702224548305,0.038123746899597036,0.037358016848919345,0.041328902655226214,8,0.0,3
25394112,22,0.02092718314106652,0.014162770648704004,0.023200965876696844,0.026421103374245795,8,0.0,4
25394112,30,0.0255150892725981,0.042085590605124484,0.023200965876696844,0.04403638408674609,12,0.0,34
25415133,15,0.0282679200373007,0.02337529996678212,0.19468517930335616,0.03901632046797523,1,0.75,4
25464410,39,0.00590432757981162,0.0075798987286633925,0.17970939628002108,0.00871145782319808,8,0.0,4
25467012,34,0.023361216042834435,0.02274089553185038,0.06724443032805481,0.03860317934389093,2,0.3333333333333333,3
2547419509,15,0.15592335900605186,0.1444995791507315,0.06724443032805481,0.11898202354723786,3,0.0,3
2550106527,15,0.1140919921224433,0.11913824696555336,0.06724443032805481,0.07030684210838595,6,0.8571428571428571,7
25551379,30,0.00799263318919755,0.01075421916748275,0.013448886065610963,0.010755226717091164,64,0.0,15
25551379,39,0.016319423857170428,0.021709870384007394,0.013448886065610963,0.016031258453582563,7,0.0,6
2558204616,33,0.03716382571925711,0.09838922075415463,0.008405553791006852,0.0633911954802377,9,0.0,15
2577705653,33,0.01133482312578972,0.0069383745525425445,0.02586324243386724,0.006857718455049189,3,0.0,4
2578503369,39,0.005219221297426179,0.004574617950033222,0.05603702527337901,0.008875256541393437,4,0.0,5
2580815821,15,0.06660946761293891,0.08236829822538305,0.05603702527337901,0.05428579178976195,1,0.0,6
2584003090,03,0.05941929413050328,0.07330439910592959,0.019777773625898474,0.1097310018735688,2,0.0,3
2585102057,77,0.010077638530330488,0.00763761622633348,0.06724443032805481,0.008305878058358645,1,0.0,3
2585613891,33,0.02418697822916339,0.03204586847100989,0.06724443032805481,0.030249378441256334,4,0.0,3
2588204416,33,0.03372586727242953,0.03305342788438248,0.04202776895503426,0.030204558855865565,28,0.0,4
2595510535,15,0.07174048863772485,0.10685605021234934,0.05603702527337901,0.07463381426480155,3,0.0,4
2596124009,15,0.4678915946281601,0.1903912587409516,0.06724443032805481,0.28627095645024303,1,0.0,3
2596311956,39,0.016754029719833217,0.013144613777098548,0.06724443032805481,0.0162666445844703,1,0.0,4
25992149,55,0.12501105493964118,0.10008536602645851,0.048031735948610585,0.07398783822955705,4,0.0,3
2600320856,03,0.027589219156489597,0.03873406166760335,0.05603702527337901,0.028262905668402845,4,0.0,4
2604310654,15,0.1272593527946073,0.14511619846527127,0.06724443032805481,0.1332614226545044,1,0.0,3
2608006750,15,0.09246754464034,0.09530616537268113,0.06724443032805481,0.11268889083148069,7,0.0,4
2609204476,50,0.04442882309297742,0.046839087894202734,0.06724443032805481,0.08587572735613958,1,0.0,4
2609318968,22,0.041702940596117434,0.047050262714822724,0.03362221516402741,0.03937296384866866,4,0.0,6
2613114668,33,0.029498861643310795,0.030040905106172522,0.06724443032805481,0.03443015790600125,4,0.0,5
2629614440,03,0.03582696931230459,0.05742389548750865,0.16702776895503427,0.0552242213991969,1,0.0,6
2629905046,33,0.07339332039926054,0.09163468745485769,0.037358016848919345,0.07103010501471448,1,0.0,3
2630121501,77,0.020863052095454266,0.02012781734270029,0.037358016848919345,0.016222103101326487,3,0.0,5
26315758,50,0.06754326555677202,0.039020710373744175,0.06724443032805481,0.04137782307718004,5,0.4,5
2632807787,15,0.038371409856690526,0.043688566607580075,0.022414810109351604,0.046760570006693786,22,0.0,6
2639622016,77,0.011547434550021695,0.009469451407504964,0.048031735948610585,0.011928452171679874,8,0.0,10
2670320791,33,0.039714807037276,0.02745360441445817,0.04202776895503426,0.020173625166187124,6,0.0,5
2675406030,45,0.031925037112953726,0.05054280544561697,0.06724443032805481,0.05933811512263885,1,0.0,3
2679110757,38,0.006230396901985973,0.004130615079979148,0.06724443032805481,0.005430631416030595,2,0.0,3
2686821566,03,0.07587344311889728,0.07877572574237245,0.06724443032805481,0.14715979336693824,2,0.0,4
2697801834,77,0.015633320570054364,0.024325341375183634,0.05603702527337901,0.025046728931203372,8,0.0,3
2703512656,90,0.11031294739777894,0.07350527738513622,0.06724443032805481,0.05333233224264029,2,0.0,9
2708209572,15,0.08786864399772631,0.0686006632718517,0.048031735948610585,0.06754567521365394,2,0.0,3
2713215864,33,0.04863168398055032,0.0310134059792748,0.14846912796003045,0.03457479384227751,5,0.25,4
2714016642,33,0.08908130236509179,0.09638805340842535,0.06724443032805481,0.09864230128224892,2,0.0,6
2718007479,33,0.04863207507151177,0.06078102803907695,0.06724443032805481,0.06024442295368288,3,0.0,3
2720407158,15,0.15574879851635115,0.1432910906780668,0.05603702527337902,0.15159642992574612,5,0.25,8
2721016269,09,0.02504186159184366,0.02931496842569857,0.030565650149115827,0.031410011726901346,4,0.0,3
2721517272,15,0.05332343192804967,0.06836681677642473,0.06724443032805481,0.06312841485748527,2,0.0,3
2723924406,03,0.03699275651315579,0.05116041885376277,0.04803173594861058,0.050445580972156755,12,0.0,4
2727209841,15,0.036656373487000724,0.08387402136783033,0.037358016848919345,0.04987569990708323,1,0.0,6
2727212556,50,0.24100935060371106,0.18285649676873766,0.05603702527337901,0.11362845204396196,1,0.0,3
2729015546,33,0.03247722689740329,0.028706489677384133,0.06724443032805481,0.025730101210933446,2,0.0,4
2732807811,15,0.07796387932954135,0.05136944450888144,0.06724443032805481,0.06840592823778538,1,0.0,3
2733810612,15,0.07205505801757475,0.01603181638151478,0.05603702527337901,0.030105828575816895,1,0.0,3
2742803870,60,0.13612022079325165,0.06417714891987725,0.048031735948610585,0.07390612874059621,2,0.0,3
2743814386,33,0.05181840438528013,0.045850662165888026,0.022414810109351604,0.04798644328031277,8,0.0,5
2744015045,44,0.024864491148610272,0.03683318842567329,0.06724443032805481,0.031826419621766626,1,0.0,3
2745007960,15,0.02544256367608444,0.02516718478191895,0.048031735948610585,0.02481708850919606,15,0.0,3
2751402307,33,0.05540535402085273,0.048387160237846547,0.037358016848919345,0.06496177954979704,2,0.0,5
2758316599,15,0.0902396363811232,0.07968836670041171,0.05603702527337901,0.0725275406630306,2,0.0,3
2761711147,15,0.04471304161991896,0.032195458891711444,0.06724443032805481,0.040070298482588175,2,0.0,3
2767710434,33,0.04814862418911157,0.038252001410471505,0.030565650149115827,0.050120495541984965,3,0.0,6
2769112221,15,0.24110008372885156,0.284729069580839,0.022414810109351604,0.21141428280161284,2,0.1,10
2772812653,33,0.036391870688972434,0.058454144673517026,0.06724443032805481,0.06896279054307632,7,0.0,5
2779803572,79,0.006587307180710143,0.00706304391944718,0.06724443032805481,0.008692921525043402,12,0.0,4
2782207775,33,0.07805390383154016,0.05413308594357282,0.04803173594861058,0.05178627472121724,3,0.0,13
2782712094,15,0.041714783809256986,0.03820114939873709,0.037358016848919345,0.045036497405658606,1,0.0,5
2788308790,33,0.009260261458901138,0.007148022323288345,0.05603702527337901,0.006813023337123036,1,0.3333333333333333,3
2789803609,33,0.06369307709755333,0.05067049088754942,0.06724443032805481,0.0666663213261415,2,0.0,3
2794107242,33,0.07050010873254464,0.05166557400415842,0.01601057864953686,0.05334781965182972,4,0.0,11
2794716130,03,0.05829252037265507,0.08121445642134044,0.04202776895503426,0.0710071429104912,1,0.0,3
2794716130,15,0.13605634243219544,0.11194115908666853,0.04202776895503426,0.073095327902777,10,0.0,7
2802012432,32,0.011396123094037746,0.010304764699052112,0.03362221516402741,0.008215964492126623,2,0.3333333333333333,3
2803407670,39,0.007214993234638198,0.007611977672539005,0.05603702527337901,0.005231409593301369,3,0.0,3
2805108393,15,0.07404806325700153,0.05495582645047679,0.06724443032805481,0.0669878362754302,1,0.0,5
2811009556,33,0.026117751898400744,0.020846121272566145,0.2227036919400457,0.017377677463020325,1,0.0,5
2812522309,03,0.015208213820034878,0.011230455190184745,0.06724443032805481,0.03348384100084136,1,0.0,4
2822610919,31,0.027999026884766593,0.036037622140641275,0.04202776895503426,0.046689902481726185,1,0.0,3
2825917918,03,0.09448818984795669,0.10653683084568662,0.2227036919400457,0.08861093178781715,3,0.0,4
2828510101,15,0.05337203022251795,0.0655176235666421,0.06724443032805481,0.05314126458669604,1,0.0,3
2830204938,03,0.08099049134763696,0.0837425867954566,0.06724443032805481,0.06884458060070245,4,0.0,4
2833400499,15,0.029906283675973543,0.033645658759366356,0.07860130303766319,0.04770985980896397,3,0.0,6
2833907367,55,0.6564390829007394,0.5546347678703936,0.16702776895503427,0.3415155201191169,1,0.0,4
2835908069,33,0.06324056935976896,0.051758838719803635,0.04202776895503426,0.06078912799725198,2,0.0,3
2845111718,15,0.02100695168177585,0.0436173927399431,0.05603702527337901,0.023573075091546353,2,0.0,4
2849921500,15,0.21273163064535605,0.21014389290028887,0.06724443032805481,0.1272137586673185,2,0.0,5
2850100871,79,0.014011682413021921,0.016208264381506077,0.06724443032805481,0.010312116008111563,4,0.0,14
2854808112,45,0.07358321072691493,0.052655676679457065,0.048031735948610585,0.05217871019457063,2,0.0,5
2855703754,15,0.098530581100487,0.08891731620904963,0.06724443032805481,0.11465556572888978,1,0.2,5
2859900927,03,0.05679219629660201,0.07773901307206721,0.04803173594861058,0.06258493402388736,6,0.25,4
2860302329,15,0.1066266752748021,0.0848817252719602,0.024015867974305292,0.07830689451437245,2,0.0,3
2861514135,15,0.05636327810560212,0.021505265133322283,0.06724443032805481,0.011497974347058617,1,0.0,6
2865109495,15,0.02308142804302399,0.030455896308392235,0.05603702527337901,0.05396895965278854,1,0.0,3
2867409317,15,0.1582910261669616,0.15822792449814269,0.06724443032805481,0.1813638604393436,1,0.0,3
2870621710,77,0.008985656147970044,0.008583538246615733,0.14846912796003045,0.009198662823245265,11,0.0,9
2876007054,42,0.02318972360511028,0.01929579849325981,0.06724443032805481,0.012277915113695836,2,0.0,3
2880703693,55,0.028705262745746807,0.023645798426725054,0.030565650149115824,0.02484898739055162,5,0.0,6
2881921235,15,0.028471362122169355,0.021154374256960918,0.048031735948610585,0.021114905829434243,1,0.0,3
2883911856,18,0.009891479661119999,0.013366079675565582,0.06724443032805481,0.012966623925505153,2,0.0,4
2884902554,33,0.03321024237740643,0.023916892397016526,0.05603702527337901,0.026529650482367252,1,0.0,4
2888117571,15,0.07957884178687152,0.11288928473607521,0.028018512636689506,0.12048063991403163,2,0.18181818181818182,11
2896012736,33,0.050582017907105876,0.06709399064819174,0.06724443032805481,0.04314734539191538,1,0.0,4
2904008788,15,0.04545719030242125,0.045998389032755736,0.05603702527337901,0.0418817150452888,4,0.2,5
2904405364,15,0.03996938454042103,0.053951874920292395,0.06724443032805481,0.03109580327808788,1,0.0,7
2906316443,15,0.3109041842778855,0.1594576781644514,0.06724443032805481,0.20424196597874208,2,0.25,4
2908112534,33,0.01975121787390045,0.018354910715855946,0.048031735948610585,0.02152462409289605,5,0.0,3
2911510301,30,0.14053234856368035,0.21769818069293415,0.037358016848919345,0.08780185941296889,1,0.0,5
2913809439,77,0.010181682757654792,0.008629398370918983,0.06724443032805481,0.01480105980405556,10,0.0,7
2917118742,15,0.07581763277978838,0.0817572551524324,0.03362221516402741,0.06530135009413672,11,0.0,7
2922506948,33,0.07045341224550426,0.04359008871627314,0.08351388447751713,0.0626218827465291,7,0.0,3
2928602605,15,0.29857886429980174,0.4272112920614556,0.04202776895503426,0.33027539887018165,1,0.2,5
2930815922,15,0.07809446289522187,0.07610651921769501,0.06724443032805481,0.10981890666865908,3,0.0,7
2931607704,15,0.039633126587508845,0.0368568388670535,0.04803173594861058,0.047236079152736705,3,0.0,11
2937220823,33,0.017625033068273337,0.01960807908203727,0.03362221516402741,0.036183881065894506,9,0.0,7
2941208630,15,0.04791873695508673,0.04177840012608556,0.06724443032805481,0.045043734771497576,10,0.0,3
2941715179,90,0.07250555574593293,0.054458687089122,0.2227036919400457,0.030127346230628613,1,0.0,3
2945005696,03,0.052288229982464254,0.057946176168594966,0.030565650149115824,0.053645855445690185,5,0.1,10
2953524895,33,0.023391700850870584,0.017802591928884115,0.037358016848919345,0.01809397067641694,3,0.0,5
2955606096,72,0.0034641785442243297,0.0038826405129433507,0.06724443032805481,0.003358382008948252,1,0.0,5
2957505171,09,0.02120148862432319,0.03106381082403547,0.06724443032805481,0.03205135726935425,1,0.0,3
2965801597,33,0.018085153711117404,0.026615153203657208,0.05603702527337901,0.03225396998164703,3,0.0,3
2965900135,15,0.09657072937041766,0.07552713649149471,0.06724443032805481,0.06715133922128336,2,0.0,3
2968315256,50,0.06879825771218648,0.07974612322292385,0.048031735948610585,0.02955082167299152,1,0.0,5
2976702118,03,0.04041644271279323,0.04595344793016067,0.05603702527337902,0.035801885971165986,5,0.0,3
2986902982,34,0.06919140389371521,0.059790328230005886,0.028018512636689506,0.055154685432131485,12,0.0,5
2987408034,50,0.04036590516905676,0.04224409164797524,0.06724443032805481,0.03071903075409603,2,0.6666666666666666,3
2988515396,60,0.14082899246310443,0.06960551671655278,0.06724443032805481,0.07305123601381355,2,0.0,3
2991409334,30,0.019040936361675104,0.024288208251771595,0.06724443032805481,0.02129672178970304,1,0.0,3
2993622083,15,0.06741797631320996,0.019590110661629648,0.06724443032805481,0.024459595913464187,4,0.25,4
2995408122,33,0.046720318543327095,0.069956633082157,0.06724443032805481,0.0771579070485242,11,0.0,3
2997802060,33,0.06134214763979785,0.06618155809429953,0.06724443032805481,0.08024081351553518,8,0.0,3
3000617459,15,0.030500595169140287,0.030981560446960876,0.06724443032805481,0.029665733526679578,3,0.0,3
30019801,71,0.16054141481744813,0.14188401285140273,0.06724443032805481,0.1597509107525987,10,0.0,7
3003709607,15,0.04237679786767476,0.03654360595277614,0.04803173594861058,0.03559007093981742,3,0.0,5
30051316,45,0.5082609236095845,0.383157784078264,0.06724443032805481,0.40730681127047874,6,0.3333333333333333,6
30062176,15,0.06129120764549114,0.05974635004823009,0.12147474105820673,0.058335261155620564,3,0.25,4
30064105,15,0.09780491750495816,0.09134667168158979,0.017695902717909162,0.08671597574519979,9,0.0,21
3010222578,45,0.013906277167602222,0.016425632825166986,0.06724443032805481,0.015495417564442471,2,0.0,3
30105738,18,0.11388490238848069,0.18728926997171333,0.13900925631834474,0.1554340873706314,11,0.0,7
30115243,66,0.010522285594778314,0.014306631892774646,0.05603702527337901,0.014853276795424548,7,0.0,3
30116577,72,0.043207079009351314,0.026852993395352114,0.06724443032805481,0.021298354028962165,2,0.0,3
30126040,30,0.018132840105528805,0.030467743767745258,0.18268797468000375,0.03106575731512672,8,0.0,11
30147542,50,0.12919805429065742,0.119551458230211,0.05603702527337901,0.11639393971516053,3,0.0,5
30149094,33,0.04634754737493923,0.05233481548461353,0.16702776895503427,0.05739056889342461,12,0.0,6
30162314,30,0.01904525128806728,0.022196194511709566,0.048031735948610585,0.013794076108739183,2,0.0,3
3017723461,33,0.06705467829124634,0.08202049027884452,0.048031735948610585,0.0963862369484388,2,0.0,3
30177378,33,0.03711662873441484,0.0403789222963735,0.013448886065610963,0.0803055163459503,7,0.0,8
30194498,09,0.03885043866157704,0.04864483555718548,0.07032748166527758,0.04704508145034037,78,0.06666666666666667,15
30198513,33,0.05017374565027991,0.10013729779175272,0.06724443032805481,0.07892185707298002,1,0.0,5
30207826,45,0.10255306635112857,0.1120900804946831,0.04202776895503426,0.2597144340462363,1,0.25,4
3021911130,44,0.026847448639131726,0.032541949345930535,0.048031735948610585,0.05272844541826668,2,0.0,3
30256061,30,0.005871210858055192,0.012832164965577353,0.06550198349678817,0.01067765997736938,86,0.0,35
30256061,32,0.003392379096886782,0.010320247446689931,0.06550198349678817,0.008489387808340073,5,0.0,3
3026901931,33,0.03562981979370291,0.04172807996997534,0.04202776895503426,0.038565268768563005,2,0.0,3
30296209,14,0.02697150585093941,0.025856280491570377,0.06724443032805481,0.030052145404722442,3,0.0,3
30297532,45,0.13657660575875497,0.14728477926058486,0.048031735948610585,0.12524736553995205,7,0.2,5
30305401,33,0.1106145281066036,0.07766117539704986,0.012931621216933618,0.08026655398041012,1,0.0,6
30318447,15,0.12643049612760768,0.11663447747878156,0.037358016848919345,0.09964328896352156,5,0.0,5
30320090,45,0.014003718387378628,0.014323145483427446,0.14846912796003045,0.017836804644945744,4,0.0,5
30332681,44,0.11778951219838939,0.23357454043189493,0.13362221516402742,0.21135023410263742,1,0.0,3
30336890,44,0.1252698698688545,0.15559865639579984,0.08908147677601827,0.12414517985946687,8,0.0,8
3034419230,33,0.022077543750281876,0.030459263877729643,0.06724443032805481,0.02951530057859986,4,0.0,3
3034707149,03,0.054379865153197954,0.053753854476386656,0.037358016848919345,0.05475436839823799,2,0.0,5
30353261,77,0.019698062997830536,0.019788505029650412,0.06724443032805481,0.01667666945523834,2,0.5,4
30354307,50,0.04790110764392547,0.04384990924175656,0.06724443032805481,0.07615069818369571,5,0.0,5
30368697,50,0.12931493826088367,0.1438074485509832,0.017695902717909162,0.12908926477420346,4,0.0,5
3037005893,77,0.20389446511003986,0.20584270427821727,0.2595802390711415,0.1841883806044109,3,0.6666666666666666,3
30374040,34,0.012128837715134426,0.010336272821232105,0.2227036919400457,0.007244143951443197,1,0.0,3
30394678,15,0.04837319096664781,0.039292486777053395,0.037358016848919345,0.039679825524068325,5,0.16666666666666666,6
30397329,31,0.043585810305276404,0.02639803208259638,0.06681110758201371,0.02569211867562376,8,0.3333333333333333,12
30398035,33,0.05329279391115155,0.04379226045265854,0.02101388447751713,0.04670273757921482,17,0.0,16
3043304550,33,0.032635354108936025,0.02346257878501523,0.06724443032805481,0.029061709059508587,1,0.0,3
3043317657,39,0.04623820049056316,0.060050415135486396,0.06724443032805481,0.015345549198932397,2,0.0,4
3043618347,33,0.05742557728146232,0.0640979988047602,0.030565650149115827,0.06254396888203374,4,0.0,3
30438135,45,0.058893378955706885,0.0484901356301492,0.06724443032805481,0.0706530504211314,2,0.0,3
30442560,09,0.04320265246705267,0.08292118633052839,0.044540738388009135,0.037755283623463164,1,0.0,29
30446015,15,0.11748501583326638,0.10419293049304884,0.04803173594861058,0.09521287671460656,3,0.0,5
30454707,33,0.12692651491044027,0.07927114434329206,0.07423456398001523,0.0692898212526507,9,0.0,3
3048023118,15,0.36634387554245534,0.09320588737671653,0.037358016848919345,0.02455772202648246,1,0.0,4
30481196,34,0.03073756873402499,0.040652908516515554,0.05603702527337901,0.03240569543662698,2,0.0,3
3050711045,34,0.05174912645779806,0.07119931341472192,0.06724443032805481,0.03734530120219324,11,0.42857142857142855,7
30511419,77,0.0025650641154119627,0.0032900736152488576,0.048031735948610585,0.003192321650973428,5,0.0,4
30530447,55,0.24613414679925458,0.4908361071712847,0.04202776895503426,0.4131811399679997,11,0.0,4
30540001,33,0.0436452149288672,0.0530561389221448,0.04202776895503426,0.05039669737696228,38,0.0,26
3054621957,33,0.056865278350284314,0.04349886736839045,0.037358016848919345,0.043828747979982985,6,0.2,5
30559953,09,0.059396093207868504,0.057062587351266916,0.05603702527337901,0.05462464572947412,2,0.0,3
30563645,45,0.3877208704086841,0.47708886655454236,0.2595802390711415,0.4617822713072678,5,0.6666666666666666,3
30574751,30,0.02660563828432507,0.026059176689833735,0.07032748166527758,0.025316782898914127,10,0.0,9
30574751,50,0.1360379002715775,0.13638568783066196,0.07032748166527758,0.1833526148081125,1,0.0,3
30578379,33,0.11619165161934283,0.06797305333792988,0.037358016848919345,0.03422113103933567,2,0.0,11
3058118937,30,0.026075434475210126,0.012876059555471506,0.06724443032805481,0.012662156529365943,6,0.0,3
3058415783,33,0.02636539064470401,0.04417456218098276,0.04202776895503426,0.035330297101598886,6,0.0,3
30586931,90,0.0640731162468313,0.07632875811435988,0.025863242433867235,0.060321636777053676,2,0.0,6
30592901,79,0.05677049409023158,0.04260069373448735,0.06724443032805481,0.046987823153372674,2,0.3333333333333333,3
30604691,71,0.2595511854017966,0.29007288395984593,0.13362221516402742,0.30279975647077956,9,0.16666666666666666,6
3061821055,33,0.047343050074795494,0.04956950334791669,0.030565650149115827,0.05897938343465425,7,0.0,6
30619226,50,0.03573791319000435,0.02651315691352717,0.04202776895503426,0.013754742258715438,1,0.0,3
3062219036,45,0.016952216870864213,0.015204037058529622,0.06724443032805481,0.01203541241539749,1,0.0,3
30635431,34,0.009332404562957723,0.009924366727362325,0.048031735948610585,0.01121179557746524,1,0.8333333333333334,6
30636739,15,0.15641118609786622,0.1419027147324813,0.0973425896516781,0.146574956211178,15,0.21428571428571427,14
30643369,15,0.0564719773547712,0.0528368573087985,0.024015867974305292,0.05345605954090453,13,0.0,9
3065013000,33,0.02198587086684872,0.030194760454067403,0.06724443032805481,0.030068656108500503,8,0.0,3
30652504,85,0.19160590275358613,0.2680720288244539,0.05603702527337902,0.20456383806443373,10,1.0,3
30658663,34,0.09262311968777726,0.11608734199466114,0.028018512636689506,0.1618321082895606,3,0.0,4
30674051,22,0.01830712448586045,0.02236301459182159,0.13362221516402742,0.02717388009118987,4,0.0,3
3068221067,15,0.045165068382048944,0.030756052645577885,0.06724443032805481,0.04296731508396697,12,0.0,3
30692374,48,0.009129709798934623,0.011596987141795646,0.08908147677601827,0.014841481414806472,7,0.25,4
3071706960,15,0.2797817918375221,0.23759707244840533,0.06724443032805481,0.46684670547818685,1,0.0,8
30722204,16,0.00539644104152772,0.007989958611929112,0.07582323071909713,0.00701174710553533,6,0.0,5
30722204,31,0.04244617514015035,0.04212913763040129,0.07582323071909713,0.05245961125637115,5,0.0,5
30722204,34,0.025366760975453213,0.036922765714836686,0.07582323071909713,0.036686916412918394,10,0.0,8
30726680,38,0.014905147501797424,0.0070083594624418145,0.028018512636689506,0.005948609942860273,4,0.0,4
30731879,45,0.263048009184031,0.27090576085451823,0.19468517930335616,0.27310157137081037,5,0.25,4
30732375,45,0.31420693044345305,0.15871426594943783,0.555748143442685,0.1513395724818265,10,0.0,11
3073606757,03,0.0950418201459439,0.08489492368425458,0.03362221516402741,0.10404177465879012,32,0.0,25
30757072,03,0.11980646617249484,0.1875047568054353,0.09044444324814023,0.17754805973428853,3,0.0,3
30757072,15,0.10564066945808455,0.10989434285700395,0.09044444324814023,0.11000742484562498,31,0.043478260869565216,23
30765625,33,0.07440814313369949,0.06946990031325133,0.08061782584220081,0.07667910449889395,81,0.07142857142857142,56
30768013,55,0.13095130106659844,0.11774019685641328,0.04803173594861058,0.16928037927440276,3,0.0,4
3077012283,15,0.14001085335193325,0.13590127384553138,0.05603702527337901,0.12928931526742643,1,0.0,3
3077403474,79,0.016847679102536317,0.02744376906446246,0.025863242433867235,0.010652650836208937,2,0.0,15
30782174,48,0.009432991426412907,0.009982112844101856,0.048031735948610585,0.009869529453908706,1,0.0,3
3080600976,33,0.029688136822414255,0.03558336228901712,0.06724443032805481,0.03253718986586763,2,0.0,3
3081011778,03,0.028356228240052104,0.024389991720101104,0.04202776895503426,0.01402390402543774,1,0.0,3
3081506022,09,0.03733446515214075,0.0658785423116196,0.05603702527337901,0.07187333996470846,1,0.0,3
3082217193,90,0.13970715565606212,0.09208573112019368,0.06724443032805481,0.06348678688351007,7,0.0,7
3083615123,33,0.05167775408598842,0.06819932396157284,0.03362221516402741,0.07333746415177075,7,0.16666666666666666,6
30860173,66,0.01142244327789757,0.009805463891882958,0.048031735948610585,0.0069675991997631016,13,0.0,14
3087506383,03,0.04904125070135412,0.06887313718944578,0.017816295355203654,0.05843938109579241,6,0.0,4
3087506383,15,0.06231237124769378,0.08163627956371396,0.017816295355203654,0.084135915467671,70,0.0,42
3088012066,33,0.02629199562102283,0.03205164264327657,0.05603702527337901,0.03918408470126041,3,0.0,3
30886474,33,0.21517464712431456,0.14168806664540784,0.10157487615827278,0.1855958259013977,4,0.0,3
3089205550,15,0.10874462271235029,0.07779254136508884,0.05603702527337901,0.07299349292653945,4,0.4,5
30894003,55,0.08538954221265813,0.0970585686178845,0.048031735948610585,0.08359026022340751,8,0.0,6
3091119647,33,0.06753317791180063,0.07804423307642273,0.06724443032805481,0.10818144097244134,2,0.0,4
30922538,50,0.010265426855771859,0.02579214087375545,0.048031735948610585,0.01419170828061438,1,0.0,4
30928420,50,0.059557183019847644,0.051651750387662544,0.03735801684891934,0.0534979621784692,7,0.0,3
3093314090,18,0.01791215939576782,0.0348978660429314,0.05603702527337901,0.04875740011199599,1,0.0,3
30941257,03,0.04397422919465827,0.05071204828859818,0.16687301083144815,0.052602919915205125,4,0.2,5
3095115790,09,0.0243412493988671,0.028432828434655284,0.05603702527337901,0.03652431759761476,2,0.0,4
30955757,15,0.1680694280046061,0.12606734433342126,0.12147474105820674,0.12047961569114907,10,1.0,6
30956420,71,0.30780659573332025,0.15455953401870676,0.19088887880575345,0.3021591042070937,6,0.4,5
30972388,30,0.011761395101036824,0.015308558775466122,0.028018512636689506,0.014094636511592037,7,0.0,5
30976452,16,0.0066217924951002755,0.008479038869636532,0.024294948211641344,0.009595440773981,6,0.0,13
30976452,34,0.016370835931749865,0.022745204649006777,0.024294948211641347,0.018487267067042925,2,0.0,3
30976452,43,0.03842456678692894,0.02795771241963886,0.024294948211641347,0.035424686268521265,2,0.0,3
3102506983,37,0.011808632269465727,0.007490382590031514,0.06724443032805481,0.0035153629887908324,1,0.0,3
3105917824,55,0.14571293420312464,0.18720668571260327,0.03362221516402741,0.13910963019837058,5,0.0,5
31072342,45,0.27101089522516086,0.2520165623525633,0.05603702527337901,0.2631322027740542,6,0.6666666666666666,3
3107802398,92,0.036412749749521786,0.042184014638938526,0.048031735948610585,0.07517941367942732,1,0.6666666666666666,3
31078365,09,0.029625391647071696,0.030954819914278724,0.02101388447751713,0.03268550479003323,8,0.0,5
31078920,33,0.0712084158038211,0.0840552063855565,0.05603702527337901,0.11371236496981146,4,0.0,4
31091208,30,0.017438919836227283,0.04319137401698667,0.027837961492505715,0.022759258486518667,10,0.0,17
31091208,32,0.012428302539059567,0.02357971790439063,0.027837961492505708,0.02273064514792166,7,0.0,7
31091208,48,0.008267722128544545,0.01099203332912893,0.02783796149250571,0.012188128331693051,9,0.0,8
31091208,72,0.025535081269875592,0.05453160548488432,0.02783796149250571,0.09766332120404232,3,0.0,6
3109304482,50,0.04430628360242962,0.04882442623151567,0.10278631935694417,0.08415131362090178,2,0.0,4
31096185,50,0.19767842646476697,0.13879469922047435,0.016811107582013703,0.148121470012854,6,0.0,5
31111009,31,0.07013820918573632,0.17659707063218283,0.059903132093340354,0.21247794103022488,4,0.0,3
31111009,32,0.022251182072459668,0.036054819306919686,0.059903132093340354,0.03506343670332436,1,0.4,5
31111009,38,0.014308850373559789,0.04113374192575566,0.059903132093340354,0.04157802273252186,2,0.18181818181818182,11
31117042,33,0.08172614224541705,0.12066603601538053,0.05420277689550343,0.1337765777393936,41,0.13636363636363635,44
31150069,50,0.07240069492271184,0.09353878254308891,0.05603702527337901,0.09754557339830898,1,0.0,3
31154435,66,0.006812324172337611,0.01343632096567285,0.05603702527337901,0.010204192047849253,12,0.0,5
31166456,31,0.03753277992536342,0.04305860733178881,0.028018512636689506,0.036745129553851515,15,0.1,10
31175036,79,0.02725343793574279,0.059098591009181335,0.015282825074557912,0.058521466556026004,10,0.0,12
31192638,30,0.005052237538102602,0.006894737188968302,0.03362221516402741,0.007892716740182605,1,0.0,6
31198357,34,0.006495905724141445,0.009968481911967558,0.16687301083144815,0.013519862298877392,1,0.0,4
31223828,71,0.09916307617453281,0.05517526405088255,0.05603702527337901,0.04155434787152893,1,0.0,3
31259168,15,0.06329620325389547,0.06545137837201674,0.0805593845393198,0.06346193750722903,65,0.15,40
3126816851,09,0.028935601121337213,0.025737962887707386,0.04202776895503426,0.03985607549358507,6,0.0,6
31277611,38,0.0648219866084393,0.05067829322517739,0.06724443032805481,0.06685548695944783,1,0.0,3
31287944,33,0.034257482694728225,0.04557589002019839,0.030565650149115827,0.044868579652971495,8,0.0,10
3129204077,33,0.10024306323271504,0.08600785288055446,0.06724443032805481,0.08513855745998078,3,0.0,4
31299436,72,0.014426629411765885,0.009901622329378263,0.05603702527337901,0.006580424490255887,2,0.0,16
31299514,44,0.07195131335770517,0.037455155276037655,0.06724443032805481,0.03831242427140769,2,0.0,5
3130700943,33,0.03133011740597474,0.018302574849035053,0.030565650149115827,0.018937349625345847,2,0.0,6
31317122,33,0.05706887055624788,0.034059727491835064,0.06724443032805481,0.03451059182997074,2,0.0,7
31337633,09,0.01744601883143829,0.024038778827660204,0.030565650149115827,0.014612147590145457,1,0.0,3
3134016167,39,0.012996291424725146,0.005333162565275373,0.06724443032805481,0.013599688966739906,1,0.0,3
31341901,42,0.11161184882369113,0.07238828081064679,0.048031735948610585,0.0694476405786132,2,0.0,3
31345733,15,0.04111865106456847,0.04265989639425917,0.048031735948610585,0.04552103680265944,8,0.0,9
31348357,15,0.039016564834858866,0.056017533750578594,0.02101388447751713,0.04150211628686103,7,0.0,4
31349261,09,0.07775902349950106,0.046439398960594014,0.02401586797430529,0.05181882545104205,3,0.0,9
31351527,33,0.06663117710098107,0.08914576288911338,0.006113130029823165,0.09803315500632119,20,0.1,50
31351527,38,0.00392739833362928,0.008180295838965205,0.006113130029823165,0.005011419556891304,3,0.0,3
31364143,44,0.32552555850626835,0.2972074199044372,0.05603702527337901,0.28426440563523914,2,0.0,3
31423376,33,0.02939386903663499,0.03148246146167935,0.14846912796003045,0.026715294611650953,7,0.1111111111111111,9
3144212445,39,0.009629252277086513,0.011984006115989857,0.06724443032805481,0.004932139031700672,6,0.0,3
3144912330,33,0.02272738433415991,0.03203845634666594,0.05603702527337901,0.03944638669357661,2,0.0,6
31467020,33,0.15978400777512966,0.10962777109782142,0.019777773625898474,0.1806208257748637,1,0.6666666666666666,3
31473118,33,0.2012460305241719,0.12305645756827695,0.2409012306466819,0.11004490120681723,2,0.0,4
31481658,45,0.2231458729627295,0.23485187341943986,0.10840555379100685,0.27619350373415963,9,0.4,5
31483723,71,0.09107506513637298,0.06236391413463864,0.06724443032805481,0.12053422088170254,2,0.0,3
31484879,15,0.11197818467017906,0.10907637185885372,0.06724443032805481,0.1145928351659751,8,0.14285714285714285,7
31488758,55,0.0179040110460061,0.03982221062064753,0.05603702527337901,0.02297590309879375,2,0.0,3
3149201037,15,0.08183445191943992,0.06769560379066239,0.028018512636689506,0.06274181932671462,8,0.0,10
31497254,45,0.06281811040858679,0.0919816722667952,0.03362221516402741,0.0987492929387264,3,0.0,3
3149920876,03,0.025414663364038588,0.02891106776029618,0.16702776895503427,0.03084475409971909,1,0.0,3
31506682,38,0.03303911299603784,0.06037065131831902,0.025863242433867235,0.06330209689651463,1,0.0,4
31526583,32,0.008249923919641343,0.008852179961261586,0.017695902717909162,0.006891912030438035,3,0.0,3
31526583,39,0.009190686308044968,0.010785209283561295,0.017695902717909162,0.01471239637698468,3,0.0,3
31541926,45,0.6128482079926275,0.48576259646395875,0.29202776895503424,0.5385046166920473,2,0.4,5
3154717680,15,0.10750254539360331,0.06286016118986117,0.06724443032805481,0.05631985494661556,7,0.0,4
31559190,44,0.054387600042465,0.017846531534157675,0.028018512636689506,0.030935279691232456,1,0.0,4
3156811574,44,0.028052059184267994,0.02453381764377533,0.048031735948610585,0.035555060146838735,2,0.0,3
31572294,33,0.035906684716637716,0.04129503126204987,0.025863242433867235,0.045518525255051276,7,0.0,6
31607028,38,0.009750856862745435,0.006925284226219274,0.02401586797430529,0.009334066690732385,3,0.0,3
31607028,39,0.00840268809499315,0.006973111940167699,0.024015867974305292,0.00786341586920359,1,0.0,5
31607392,50,0.05094389142125092,0.03751189341322097,0.02101388447751713,0.05009875544155481,1,0.0,3
31631511,22,0.029872503013776266,0.014045746738746206,0.04202776895503426,0.01650133023792267,4,0.0,4
3163207286,15,0.017595607340210772,0.01584473193397705,0.048031735948610585,0.011402752253146424,1,0.3333333333333333,3
31650052,66,0.014889080117583891,0.01428509305248962,0.14846912796003045,0.011395181096082544,6,0.3333333333333333,3
3165211254,55,0.07063919785519163,0.061953723553704626,0.028018512636689506,0.0438324177800426,8,0.0,11
31676353,15,0.08111193224312453,0.05286899181167651,0.04803173594861058,0.07012617359798379,6,0.14285714285714285,7
31680066,33,0.05254656664491039,0.08061296721832409,0.05603702527337901,0.08462522155866327,4,0.0,5
3168209595,03,0.0928078002231248,0.08267867399248441,0.012007933987152644,0.07418534058942539,3,0.0,4
3168209595,15,0.15324161796875066,0.12603956975158578,0.012007933987152646,0.12104514033208073,14,0.125,8
3169004820,15,0.10489220226039121,0.09944977290879976,0.06724443032805481,0.057410821089594374,1,0.0,7
31694681,79,0.012886546409889654,0.004881152752326723,0.06724443032805481,0.005545969830464021,2,0.0,8
3169712593,30,0.010142143220603465,0.009071676442551387,0.05603702527337901,0.0075075443086299,6,0.0,3
3169805834,33,0.15562642268648308,0.08689869241927929,0.06724443032805481,0.11281690274797823,1,0.0,3
3170603228,72,0.011639068444005043,0.008537805060086548,0.06724443032805481,0.004903855711743315,1,0.75,4
31720260,72,0.036056580277587014,0.04115374638956163,0.022414810109351604,0.0402642716487959,3,0.0,6
3174619494,30,0.011316964257443121,0.008182576586713893,0.06724443032805481,0.00821229197345329,8,0.0,3
3175309695,15,0.07914458391456432,0.08064225172878302,0.05603702527337902,0.08446478511118188,10,0.0,4
31779471,45,0.009471466123911712,0.01615667707566585,0.025863242433867235,0.020233143778480234,4,0.0,7
31789596,45,0.2795145853071728,0.30060039859130383,0.028018512636689506,0.35490455906544743,7,0.0,4
31798269,45,0.20378564086866569,0.16631307144197346,0.19088887880575345,0.13327337131355238,3,0.0,3
31803954,50,0.1430802451765779,0.1091404042062547,0.048031735948610585,0.07952601981669813,5,0.0,3
31806976,33,0.023276163140888616,0.023958229248662234,0.022414810109351604,0.031414815576026094,2,0.0,9
3180820003,15,0.031120383880808455,0.015858996931216143,0.06724443032805481,0.012781076355193662,3,0.0,3
3181110777,33,0.04142284381048544,0.09238401411750843,0.037358016848919345,0.05274124117742632,2,0.25,4
31813171,34,0.0632042069438722,0.09592780469052607,0.06724443032805481,0.05141239084569439,1,1.0,3
31816235,15,0.05776167924958384,0.034957277949658666,0.11112962917718124,0.049415059237134164,3,0.0,3
31816235,33,0.04887970209579451,0.04797401666660423,0.11112962917718124,0.057177542112476554,6,0.0,9
3182604435,03,0.08036179202150144,0.1622770081534103,0.048031735948610585,0.04918140894781439,1,0.0,4
3182604435,15,0.051693587696313346,0.053636866650725167,0.04803173594861058,0.06235610014318906,3,0.0,7
31830396,45,0.7099406401321824,0.4545285177139385,0.06724443032805481,0.6928186104396284,1,1.0,3
31852954,09,0.045934371467625336,0.043546769401578984,0.024015867974305292,0.04297983702197833,17,0.0,4
3186006937,33,0.06355051407629364,0.06142210177696027,0.019777773625898474,0.07652941781654082,2,0.25,8
31862978,18,0.049706025754984215,0.09601453158953666,0.04202776895503426,0.05161252974401116,4,0.0,8
31867934,30,0.01033721629639958,0.009400178465066005,0.030565650149115824,0.01159772445140678,10,0.0,9
31874826,33,0.056095104254239865,0.05699251649910486,0.03362221516402741,0.05452591996477294,6,0.0,6
31877277,15,0.13701752353088933,0.07445011260691552,0.06724443032805481,0.11336703990993599,2,0.0,4
3188510136,15,0.06595542583087845,0.07525388976970228,0.06724443032805481,0.05564635652358769,3,0.0,3
3188815471,33,0.23223751076430535,0.3201220251653878,0.06724443032805481,0.27529225302153787,1,0.0,3
3190024516,33,0.09092425908742365,0.113250082258896,0.06724443032805481,0.12169442644172147,3,0.0,5
31915956,09,0.0351617121697388,0.05642939428707981,0.0438976598900036,0.057539794571831074,57,0.0,9
31918234,45,0.04581148690773377,0.08439081399389105,0.010188550049705276,0.07980098214802987,4,0.3333333333333333,3
3193315959,33,0.02164582116007595,0.02707095021934075,0.04803173594861058,0.029179744797563942,3,0.0,3
31939411,30,0.020111773385301786,0.02468521113164716,0.04202776895503426,0.023340933179260406,12,0.0,9
3196007019,15,0.018636023770555274,0.02154463756944803,0.04202776895503426,0.03101577447540503,1,0.0,3
31964715,45,0.1586714661882067,0.16869023322176,0.2168111075820137,0.17631999696947906,17,0.2857142857142857,7
32036829,14,0.09093790301745618,0.3300080807509408,0.016811107582013703,0.2363992091347479,1,0.0,6
3205712411,30,0.001922356007622463,0.0024999855490825565,0.04202776895503426,0.0017520593635885527,1,0.0,3
32066539,33,0.08662219773444899,0.10410549441195444,0.025863242433867235,0.10100094753452972,4,0.0,12
32068913,22,0.05006249424134394,0.028793548447924432,0.028018512636689506,0.04041160217249609,6,0.0,13
32077336,34,0.026964652795019382,0.025939548748196425,0.04202776895503426,0.01619010486469516,1,0.0,3
32081955,79,0.16248789031073488,0.10527508481186856,0.06724443032805481,0.18091603621514143,1,0.2,5
32087902,45,0.1889249113703275,0.16912895684547055,0.14846912796003045,0.18755762600381876,5,0.0,3
3212206540,33,0.028878016725943787,0.025449069877959977,0.048031735948610585,0.03585587246052777,1,0.0,5
3212206540,50,0.034874620018185566,0.030078889960938684,0.048031735948610585,0.0086380762082326,2,0.0,3
32126702,33,0.17281877087164896,0.12995688489459936,0.13344888606561095,0.15306874014062352,17,0.0,19
32140051,37,0.015105322529210045,0.011081356568923353,0.33348537640211967,0.007929478084409556,2,0.0,3
32150929,30,0.007092493886726,0.006331090078587176,0.030565650149115827,0.007674524449285806,2,0.0,7
32157279,33,0.061668995760954186,0.08153529946766015,0.04767800309469947,0.09619450021458886,27,0.11764705882352941,17
32157279,38,0.009450333456417857,0.018098362925001693,0.04767800309469947,0.01215823208768805,1,0.0,3
3215814315,03,0.012681059081129162,0.015196134446907506,0.04202776895503426,0.015481271825452763,1,0.0,5
3216001223,50,0.21863310780477035,0.13849476559702015,0.06724443032805481,0.10852092117246107,2,0.0,3
32162049,72,0.010695495640051633,0.007795739383072377,0.2227036919400457,0.011471057084526497,4,0.625,8
32168763,22,0.044697691887304505,0.022119404208313327,0.06724443032805481,0.03077837126068488,5,0.0,6
3218721957,50,0.04719218309185352,0.09365869576912988,0.06724443032805481,0.10385981064490207,1,0.0,5
3220811985,33,0.028521295946555357,0.02749835619045749,0.048031735948610585,0.040026297341971016,2,0.0,3
32210799,39,0.01620983944997142,0.01991850442662057,0.06073737052910337,0.01022033724019461,2,0.0,3
3221701201,33,0.06190592461503425,0.06898532192780893,0.06724443032805481,0.060248002562978374,3,0.0,3
32233780,15,0.038033920121411165,0.04115153337002707,0.06724443032805481,0.033869453429293865,6,0.0,3
3224610613,15,0.12305272783970836,0.07155471160237684,0.048031735948610585,0.09476273852222851,5,0.3333333333333333,3
32250025,09,0.10610215563593464,0.09288989423201723,0.03362221516402741,0.09603185832396655,2,0.0,4
32256828,33,0.01756710977180641,0.013295712670946041,0.06724443032805481,0.01519555308918669,1,0.0,3
32262779,15,0.09654658094206524,0.07305286072090915,0.2052393135246259,0.06617192358815706,12,0.0,7
32290523,71,0.19223280989052352,0.06435136776552679,0.21238383196729763,0.0700821062193333,3,0.0,5
3229604298,33,0.027098096508609212,0.039054936569314004,0.06724443032805481,0.03653308709766137,3,0.0,5
32298653,15,0.027867228188270598,0.040327264370845536,0.015282825074557912,0.034389009669795724,10,0.0,12
32304724,33,0.05578860785743311,0.035696240918859444,0.14454073838800913,0.04581045250276224,14,0.0,8
32316792,15,0.09062740203778832,0.10396099695753928,0.04202776895503426,0.08686668103836295,5,0.3333333333333333,3
32318370,44,0.10567504922334453,0.10682989609309519,0.05344888606561096,0.08554999764333761,12,0.0,8
32338465,39,0.01823747761714338,0.02555043371381768,0.03362221516402741,0.02912867106784448,4,0.0,3
32343522,45,0.3287847718271254,0.1925294425676933,0.4336222151640274,0.16556108280216986,1,0.3333333333333333,3
32349901,71,0.0986683239350851,0.17595181964797343,0.09544443940287672,0.18321570407429177,9,0.0,4
32350021,71,0.057420618108291265,0.04749167550812292,0.06724443032805481,0.06617877182056837,3,0.0,4
32365441,09,0.11573261999767512,0.13516877624521645,0.07787407172134246,0.13935676282135054,7,0.2,15
32376626,34,0.035029164596446644,0.05878469305425746,0.13362221516402742,0.0440692398446937,8,0.0,3
32391576,72,0.01256597259960543,0.019735290330055354,0.05603702527337901,0.019966758225894114,8,0.0,4
32393788,24,0.30547894471373604,0.2671466364709271,0.06724443032805481,0.21662194473722407,2,0.0,3
32393877,18,0.03147609617230808,0.042521575039560285,0.014618354419142351,0.05946967220343309,5,0.0,8
32398592,72,0.0031695067153357007,0.005837606774898742,0.05603702527337902,0.006946211577160135,5,0.09090909090909091,22
3241312508,33,0.021919623797252288,0.039101418209041325,0.06724443032805481,0.04698007536531727,4,0.0,5
3241508638,33,0.03977569975864674,0.06347990691836329,0.06724443032805481,0.061592057255999366,2,0.0,3
3241516110,33,0.013319896131400463,0.020372029860930736,0.06724443032805481,0.01987971133938165,1,0.0,3
32423953,45,0.05516163455204516,0.04073204832171989,0.02101388447751713,0.06059986531026043,1,0.07692307692307693,13
3242713995,79,0.026497804721283377,0.020511637849239667,0.06724443032805481,0.015443615729337177,1,0.0,7
32454672,50,0.16098809055814234,0.20590434720094253,0.06724443032805481,0.282266496074932,1,0.0,6
32489155,09,0.0397297120573792,0.056486230762400426,0.04019544761012378,0.0605099514098665,61,0.0,10
32490244,37,0.00547654817894983,0.008853095747634846,0.03771560804547782,0.0035575340390854066,8,0.5,4
32490244,39,0.003943687204926894,0.010011717922071726,0.03771560804547782,0.01027254862145502,25,0.05555555555555555,18
32490244,42,0.007036670211139253,0.012552510546005771,0.03771560804547782,0.016556684593956716,3,0.0,3
32490244,44,0.030401609194185678,0.04585997458411606,0.03771560804547782,0.04152234170720204,43,0.0,37
3251417444,15,0.07462016008483752,0.17863355848353335,0.06724443032805481,0.1169060009682076,1,0.0,3
32521649,03,0.10835014625353488,0.1052762921102771,0.09426569894870161,0.07463949373764099,7,0.17647058823529413,17
32521649,15,0.09555579979966433,0.09479231024202657,0.09426569894870161,0.093069233763061,29,0.0,44
3253601027,33,0.03587048460632643,0.03309503522826131,0.06724443032805481,0.03761910359837601,4,0.0,4
3255423077,03,0.05445468138084466,0.07677372211264984,0.06724443032805481,0.06358381311944371,3,0.0,3
32556556,42,0.02448828079004467,0.028362113890791425,0.02586324243386724,0.04238160758483891,3,0.3333333333333333,3
3256318241,33,0.03010154150190983,0.03380943276848546,0.037358016848919345,0.035804304870287004,5,0.0,5
32563804,50,0.025788739048,0.04247195049987601,0.02101388447751713,0.04407647647803228,3,0.0,8
32565288,39,0.00734985426512671,0.015884223662437722,0.04202776895503426,0.013467156580959908,7,0.0,10
32577984,34,0.015483569215022294,0.04548246780496652,0.03362221516402741,0.021165341358655148,4,0.0,3
3258109355,45,0.07186585740598865,0.05301611116833725,0.06724443032805481,0.04938109634488519,4,0.5,4
3258518842,03,0.042993854347394035,0.0567707707964402,0.06724443032805481,0.05695782005039618,5,0.0,4
3258718686,15,0.051864109085168454,0.0685785545140265,0.05603702527337901,0.05277287742024557,1,0.0,5
32587888,38,0.012720700712211507,0.012769603962756974,0.06724443032805481,0.023778547018791667,2,0.0,5
3259515082,15,0.025622235060838043,0.023183938335986563,0.03362221516402741,0.025677998700866605,5,0.0,8
3262415604,33,0.14991211159600837,0.15174337822533684,0.06724443032805481,0.20908521115453638,2,0.0,4
32625535,45,0.6822433917514027,0.44043162857955115,0.06724443032805481,0.583831488789597,1,0.6666666666666666,3
32628997,15,0.05328216170015921,0.03950018220953869,0.04202776895503426,0.03141420357679196,1,0.3333333333333333,3
32635131,90,0.039582009336473566,0.048116796524392096,0.06724443032805481,0.05915105819343525,7,0.0,4
32639930,71,0.014132871450342989,0.014468444831363409,0.04202776895503426,0.021257233054787453,4,0.0,4
32639930,90,0.03837374600927308,0.051533934201343744,0.04202776895503426,0.023949999976588254,5,0.0,8
32654545,09,0.0332102425551454,0.03411533157079431,0.04202776895503426,0.03431393051518591,132,0.0,41
3266504459,77,0.01815187749003765,0.014404323506769665,0.037358016848919345,0.019622962302292334,6,0.0,4
32670703,34,0.016560653412835684,0.029481360108051212,0.07758656166605288,0.03048596663236618,16,0.0,23
3267215532,33,0.027399532291456644,0.022664849355565495,0.06724443032805481,0.027424731036472954,3,0.0,4
3268504151,15,0.08123340093128825,0.08787307261180408,0.030565650149115827,0.0920109666023589,14,0.0,4
32693102,45,0.007110351460577961,0.010837558661185374,0.06724443032805481,0.0068361546471580326,1,1.0,3
32704590,15,0.12389822892121594,0.2057928851155156,0.048031735948610585,0.10931388962958759,4,0.0,3
32713453,45,0.2415880185280231,0.24164444887021996,0.06724443032805481,0.22346515912156434,2,0.25,4
32727466,45,0.1682977027828297,0.22139077811978725,0.1398781339238798,0.1970720987369735,36,0.14285714285714285,14
3272908800,03,0.010672338245412574,0.01880928083276514,0.19088887880575345,0.022079488649813732,1,0.0,3
32730526,03,0.07837410238098741,0.05052160641996629,0.03362221516402741,0.061133809378723966,2,0.0,4
3274300853,15,0.0605719083546884,0.08017670623658056,0.048031735948610585,0.056885610462007505,2,0.0,3
32751546,03,0.05028054152009979,0.09228954495750975,0.03362221516402741,0.058250513766814026,1,0.4,5
32751546,15,0.08268253095737775,0.07704297367852034,0.03362221516402741,0.07067669369166066,11,0.25,16
3276101587,03,0.031385660142708646,0.01252073474280304,0.048031735948610585,0.014770700855987945,1,0.0,7
32774165,39,0.04483342043361652,0.03069180003491349,0.06724443032805481,0.029192000602733192,5,0.0,4
32819771,39,0.018871188217399016,0.023892621678658528,0.08351388447751713,0.026097488384776883,4,0.0,9
32828388,43,0.051943444239207416,0.06259537246212935,0.08343650541572407,0.04358488116001615,3,0.0,10
32828388,50,0.08377173625526858,0.10957902652965364,0.08343650541572407,0.12051718252106283,2,0.0,6
32833094,72,0.005617736318689507,0.004689128862282934,0.06724443032805481,0.007554619424729054,18,0.75,4
32835987,45,0.16664758063830865,0.23767721147480997,0.14601388447751712,0.17710094783774927,5,0.0,7
32851616,45,0.7231153849956192,0.6262690766751753,0.34578600561630646,0.6205094247864411,29,0.85,20
3287813604,15,0.040448760069467155,0.03627649839663316,0.3337460216628963,0.03739778197880078,2,0.6666666666666666,3
32881326,30,0.021214877020503443,0.026406428255340352,0.022414810109351604,0.013085551766712984,4,0.0,8
32917708,50,0.1598521021997823,0.2537154354699356,0.05603702527337901,0.14362260084785308,2,0.5,4
32923203,09,0.04392853258773225,0.0459135870811469,0.03362221516402741,0.046647087299929973,2,0.0,3
32934959,15,0.07538525187673414,0.08242775079518891,0.024015867974305292,0.08396028202940395,2,0.0,10
32938047,09,0.08239126816255166,0.07388613357526144,0.006465810608466809,0.07341267546586303,13,0.07142857142857142,14
32962186,31,0.025788668143239248,0.011627272873481219,0.022414810109351604,0.019748121636126003,1,0.0,5
32983765,48,0.009612193727472943,0.008500687104890731,0.037358016848919345,0.009869517167259267,5,0.0,6
32990002,24,0.038782185258229865,0.035831017755885146,0.011593867297940486,0.04206193382162073,14,0.09090909090909091,11
32990002,33,0.047330453379448766,0.04100315478027897,0.011593867297940486,0.03498832124149704,3,0.0,4
3299510931,72,0.026202113685469295,0.03033762361015449,0.06724443032805481,0.0341951094923671,6,0.0,4
33001226,45,0.24503715310112234,0.22654633693173404,0.028018512636689506,0.2716171901227995,1,0.0,4
33010822,34,0.042709883392199,0.0473469863602168,0.036114112206493895,0.047877028666635506,24,0.14285714285714285,14
33020233,45,0.05989524836002821,0.06758051891322064,0.09544443940287672,0.07243215270293032,9,0.0,3
3306018560,15,0.0627662900307745,0.07966138042861322,0.06724443032805481,0.04524608591283814,3,0.0,3
33075701,24,0.2040613220451363,0.17496778974318752,0.030565650149115827,0.12401169191760858,3,0.0,4
33078655,79,0.0629459813151735,0.06653707019059321,0.29202776895503424,0.06602080290425555,2,0.0,3
33086430,48,0.011101601157156742,0.01157339513636919,0.06724443032805481,0.01301745360916327,2,0.0,5
33090871,44,0.1435299900055024,0.12658822912490353,0.08985469814001054,0.11940237724438504,18,0.1111111111111111,9
3310802034,33,0.030658199619089405,0.022625682010335463,0.04803173594861058,0.02517293066420929,3,0.0,4
33109363,50,0.06291253957066847,0.0390501939137276,0.04202776895503426,0.026609166748965636,1,0.25,4
33124465,09,0.029419730713524935,0.02862130185810322,0.037358016848919345,0.035795893071191076,8,0.0,3
33127487,79,0.022740649108200253,0.059105090730826905,0.048031735948610585,0.0263990443682936,11,0.0,6
33142526,33,0.04306400096706867,0.020161443820318332,0.11135184597002284,0.033141935192786666,1,0.0,9
33152597,66,0.0081244760790284,0.010366480508389035,0.06724443032805481,0.006881565774363711,6,0.0,8
33154479,45,0.11160646820580761,0.10855245068974118,0.06724443032805481,0.13420648252390388,2,1.0,6
33190684,24,0.12015553492166549,0.09764078278966776,0.06724443032805481,0.07710289949090084,1,0.0,3
3319308818,33,0.08162722578956604,0.06591951929550276,0.04202776895503426,0.06905276749402472,9,0.0,7
33221471,44,0.03798466029442159,0.05605822849423825,0.05603702527337902,0.06100030133141641,5,0.0,4
33221885,24,0.09126570808956526,0.11968185886087791,0.018679008424459673,0.08843366656720086,3,0.25,4
33254046,15,0.06748695788681949,0.05328237787111585,0.02801851263668951,0.05369494421691344,5,0.0,3
3328800518,03,0.10203225745093084,0.04786392453467758,0.04202776895503426,0.04932797507608173,1,0.0,3
3328800518,15,0.02421769647676291,0.017138823445123963,0.04202776895503426,0.031125179827090028,2,0.0,6
33290649,90,0.014895121946044164,0.013007611870351609,0.037358016848919345,0.017379698576730194,2,0.0,3
33295475,66,0.02327089912590445,0.02780372359516021,0.06724443032805481,0.030488923362389828,3,0.0,5
33300207,44,0.06294399814018171,0.03928454536611027,0.13900925631834474,0.04125715166078229,8,0.0,9
33305671,24,0.17868298145125328,0.14067508244623775,0.19468517930335616,0.1246211620917237,3,0.0,6
33308206,33,0.020362957346652156,0.037525684178628345,0.017695902717909162,0.03316944752358233,5,0.0,3
33308688,45,0.06063916950245489,0.09431290042374624,0.07032748166527758,0.11629899813161704,1,0.4,5
33410877,39,0.004452052221755813,0.00884739783162977,0.012452672282973113,0.009914941828292641,2,0.0,14
33415613,45,0.21719442776349718,0.11021473515181011,0.2227036919400457,0.08149847318509514,3,0.0,3
33432796,09,0.03212084800553381,0.035955790967439165,0.037358016848919345,0.0399216686421584,6,0.0,6
3345211097,15,0.17779298136024485,0.09986014412132926,0.06724443032805481,0.0959020616279561,1,0.0,3
3345521117,15,0.0671698956798152,0.09935551186687813,0.2227036919400457,0.0908152031798008,3,0.0,4
3347915487,33,0.041281891411398534,0.04096202742616722,0.04803173594861058,0.048489584162820336,3,0.0,3
3352815378,34,0.024761345315449587,0.031346970059932575,0.048031735948610585,0.02249251528509868,15,0.0,8
3353712160,33,0.3323447922252073,0.20432838586106425,0.06724443032805481,0.326308947538612,2,0.0,6
33555092,45,0.5718892335849313,0.5023354937331196,0.06724443032805481,0.5029989592373613,4,0.6666666666666666,3
33603690,33,0.06273480988964013,0.10253455467690585,0.017695902717909162,0.10209621642410505,3,0.0,11
33609949,45,0.17069754053296693,0.18654222853247238,0.10278631935694418,0.23160881349734447,5,0.0,3
3363504184,55,0.3279575089132646,0.26498590039026054,0.06724443032805481,0.11527570539310303,5,0.0,3
3363703914,37,0.006492192553445321,0.005425162762345894,0.19088887880575345,0.002274983946687276,2,0.0,5
33658865,45,0.5243195369992834,0.505582423248864,0.2157712397541257,0.5147002307394855,62,0.7333333333333333,30
33667438,33,0.06848471595188223,0.06751438952290781,0.025863242433867235,0.08556428659304775,25,0.1111111111111111,9
33667686,03,0.03685951179616019,0.04428247234512309,0.024015867974305292,0.04937201467033749,9,0.0,7
33667686,15,0.05957502553528905,0.05138997278867633,0.024015867974305292,0.057187985727035574,18,0.125,8
3367908873,03,0.13643479780136053,0.1358541781393021,0.06724443032805481,0.13647798916031845,1,0.0,3
33703603,14,0.09153215745519883,0.12846385998038598,0.025863242433867235,0.13226513992937375,5,0.3333333333333333,3
33761120,71,0.011772401043712431,0.012788722046098773,0.05603702527337901,0.01316788262732917,2,0.0,3
33768346,45,0.36426102415429384,0.3780155864739393,0.04175694223875857,0.4087414193831149,30,0.6785714285714286,28
33769732,31,0.2990057147680481,0.31807970613618786,0.028018512636689506,0.42941479820237555,1,0.6666666666666666,3
33778270,45,0.5907547122859742,0.5266453158377927,0.03362221516402741,0.6402280805088966,1,0.2857142857142857,7
33786763,32,0.004482527498161349,0.009493611284402641,0.037358016848919345,0.01206694107976923,2,0.0,4
33816242,71,0.05311990087965572,0.06611990291784342,0.2595802390711415,0.05875087731694799,5,0.4,5
33816436,44,0.3523564233290089,0.22836963810274089,0.04202776895503426,0.1891952875998154,1,0.3333333333333333,3
33833362,79,0.029397787809484884,0.053201899755978346,0.05603702527337902,0.04441942234690545,10,0.0,3
33864982,45,0.1797748748505842,0.1934939538173824,0.048031735948610585,0.2217752199396086,4,0.6,5
33897028,34,0.03730046698851786,0.03476475569158295,0.06724443032805481,0.02907524545411502,4,0.0,7
33908322,66,0.04285403586768065,0.04260851359534806,0.037358016848919345,0.03744331244283035,4,0.0,3
33925714,45,0.12772119984885488,0.1465893505257951,0.06724443032805481,0.17197707422055855,5,0.25,4
33951598,90,0.11812516443582524,0.10286616841151641,0.06724443032805481,0.05509852206354021,2,0.0,3
3396015717,45,0.009168763203662517,0.010115093955257688,0.06724443032805481,0.011277523364901256,2,0.0,3
3396114904,33,0.004017918466530672,0.00532211604828509,0.03362221516402741,0.003952954141978956,1,0.0,3
33966190,45,0.23472465635615572,0.22295480549200272,0.048031735948610585,0.2117560053976341,8,0.3333333333333333,3
33985407,33,0.09066459146070908,0.04765023219747562,0.15486507684429549,0.05418908454736688,9,0.0,5
3399013690,03,0.0956464465405246,0.09328596932457237,0.06724443032805481,0.05137834512333425,2,0.0,7
34048360,33,0.03801111406148481,0.07861694591238504,0.030565650149115827,0.051210822632329955,4,0.0,5
34055948,33,0.07923167293384684,0.09201781327526593,0.02801851263668951,0.11101752740151097,5,0.0,4
34084649,45,0.4488314875685194,0.42277746461266236,0.06724443032805481,0.31334018641727857,2,0.0,9
34094924,09,0.09730691078686,0.08380790301798614,0.13742483244942788,0.07771754435454968,6,0.0,5
3409810255,33,0.0315652356959504,0.041420541767548405,0.04202776895503426,0.05316292268747078,2,0.0,3
3410708327,79,0.011523142356940465,0.031188167213552324,0.05603702527337901,0.02803390204162071,2,0.0,6
34168990,45,0.15263306563968582,0.15010847897553725,0.07423456398001523,0.13602825815466174,9,0.8333333333333334,6
34184403,38,0.058684861219695315,0.023034691982597152,0.05603702527337901,0.028652763307690936,2,0.0,7
34200887,03,0.08380087608732424,0.08555141731912262,0.005094275024852638,0.09309175828005349,19,0.1111111111111111,27
34200887,15,0.09729718885092539,0.11497750996622327,0.005094275024852638,0.11139977719248349,44,0.08823529411764706,34
34248190,34,0.04192832763665712,0.0504060787870619,0.10278631935694417,0.06783521115732809,7,0.0,8
34252469,45,0.49177161583049217,0.5074643805922627,0.18067592298501142,0.49525441294132494,49,0.8620689655172413,29
34253187,44,0.013627293370359145,0.01324223392197918,0.022414810109351604,0.02512583126672234,1,0.0,3
34257839,30,0.0029373275702714156,0.003511243008689121,0.037358016848919345,0.004165559454899339,3,0.0,4
34260071,45,0.0902085263949107,0.04646614760723762,0.06724443032805481,0.03935949534006743,2,0.0,3
3427811659,33,0.04565787987717298,0.04213017806236285,0.03362221516402741,0.05006985680427731,6,0.0,3
3427911418,03,0.025785692508672322,0.0274082360242415,0.06724443032805481,0.02713850062001388,1,0.0,4
34280208,45,0.09762602603440115,0.10579711590876065,0.16687301083144815,0.11222673359705905,7,0.14285714285714285,7
34291733,33,0.14204759653756358,0.12728754766266615,0.02101388447751713,0.14342753500383296,8,0.0,4
34294404,33,0.541549057569638,0.3255672584425611,0.16702776895503427,0.22796703004054805,1,0.0,3
34294928,38,0.004927716128637906,0.005030142671304041,0.03362221516402741,0.014312406001321113,1,0.0,3
3429705248,03,0.044017804680185,0.05734398183410428,0.037358016848919345,0.042990753020407474,2,0.2857142857142857,7
3429912067,33,0.01660914660483076,0.02749571426280996,0.06724443032805481,0.02360354715427171,3,0.0,3
34313966,44,0.19096898363160592,0.1684712872386807,0.06724443032805481,0.17057871397126606,2,0.0,3
34322677,50,0.16642064511214907,0.18133468238537678,0.04803173594861058,0.19825117688047314,3,0.5,4
34327586,45,0.41553054764750963,0.40588404216197915,0.048031735948610585,0.35437311342476147,2,0.5,4
34329599,45,0.24912699187554188,0.20314619966492317,0.2227036919400457,0.18132089666758686,3,0.6,5
3433507474,15,0.13012069213521532,0.09057778973893055,0.06724443032805481,0.07063153472710527,1,0.0,3
3434607933,33,0.0580890264323256,0.08753773744291223,0.04803173594861058,0.07053114809717469,6,0.0,3
34356004,50,0.020469411690270937,0.018448828059387235,0.14846912796003045,0.01816010871794528,1,0.0,3
34379765,42,0.051103826278545796,0.030583881187125208,0.030565650149115827,0.028361824833470543,1,0.0,4
34389511,24,0.027630777815528893,0.024068245426060363,0.048031735948610585,0.021576778041047552,1,0.3333333333333333,3
34391269,45,0.13777331061129858,0.10330279778186022,0.05603702527337902,0.10659055899815924,5,0.25,4
34392042,09,0.03789020249064156,0.039017709686442296,0.10278631935694417,0.039259806202735115,36,0.0,20
34394610,45,0.508143781000521,0.48388902049758153,0.05603702527337902,0.5256374423191381,5,0.3333333333333333,3
34396623,44,0.04855407242020179,0.06625632219485152,0.11135184597002283,0.05965032629682842,7,0.0,4
3439711110,33,0.04434119932865297,0.03280985638076457,0.022414810109351608,0.03947437518489984,7,0.0,4
3440410732,15,0.059165094201915555,0.07800620071859114,0.048031735948610585,0.04208619889401899,1,0.3333333333333333,3
34407781,15,0.16708568276899374,0.19024634258745501,0.06681110758201371,0.18481165138411002,7,0.0,12
34409800,19,0.08007202764779309,0.02343246351378553,0.04202776895503426,0.042235277053753906,1,0.0,3
3441408036,03,0.028691644751356136,0.037240854611901644,0.06724443032805481,0.023889050723332753,1,0.3333333333333333,3
34427263,44,0.13524303733662305,0.16652459539904743,0.02586324243386724,0.13161743186801342,6,0.0,4
34436220,55,0.15327339617473482,0.1650598550760276,0.04803173594861058,0.08217677995346527,3,0.0,3
34470916,45,0.023226666808276657,0.025896987415608776,0.04803173594861058,0.02672457453755162,3,0.0,3
34475029,33,0.12966658027156916,0.17814468006589124,0.030565650149115827,0.2346443585788192,2,0.0,3
34494612,33,0.09220087161517114,0.09633587104316646,0.02101388447751713,0.13557532170304762,8,0.0,7
34502350,34,0.052868130235556664,0.07442426826494548,0.04202776895503426,0.06244391379549369,6,0.0,5
3455512754,15,0.06539915253168395,0.059588377568189896,0.06724443032805481,0.06339544245943723,9,0.0,4
34557106,15,0.021869245935442275,0.010006043276427401,0.028018512636689506,0.012604898343552735,2,0.0,5
34558382,34,0.020473139215936006,0.03395177273159897,0.11135184597002284,0.029798710183610435,9,0.0,12
3457804385,15,0.07262549790059776,0.05606076466097478,0.06724443032805481,0.09107143625932011,1,0.0,5
34588113,33,0.08588525262604652,0.060150551207870356,0.06724443032805481,0.07491708908618988,2,0.0,5
34612093,32,0.009105860517983138,0.009966864026535755,0.03362221516402741,0.017552914325825897,2,0.0,3
34617039,90,0.043562687035428184,0.05051862651816854,0.037358016848919345,0.05387480567691222,5,0.0,5
34630002,42,0.2129771519483174,0.20471630130166077,0.05603702527337901,0.13659537988552684,1,0.0,4
34632649,33,0.05393652854072121,0.06059660462268291,0.030565650149115827,0.0911299817775289,6,0.0,13
34633789,09,0.04167052733112372,0.048006701845461346,0.051393159678472085,0.04783125044735047,47,0.0,14
34704021,50,0.04475952725452579,0.0352915308010611,0.06724443032805481,0.0328582147972116,3,0.0,3
34743914,34,0.01986100030325308,0.030531213213844135,0.05603702527337901,0.015580373157887727,3,0.0,3
34758648,15,0.013929265555574218,0.027947594719778035,0.05603702527337901,0.02347161899793322,1,0.0,3
34763967,30,0.011596513936160712,0.016708104398027408,0.10890249289061783,0.01588868890773921,4,0.0,11
34763967,48,0.0027553579463663277,0.006058918926365561,0.10890249289061783,0.007812993697369035,4,0.0,3
34764976,79,0.029207982918978987,0.04284488985990959,0.06724443032805481,0.05063391887493217,4,0.0,3
34781258,09,0.04117947876073289,0.03505413757016769,0.019777773625898474,0.04568023734853721,3,0.0,4
3478701438,34,0.015263324047228721,0.02817951837298882,0.14846912796003045,0.010298845703601473,1,0.0,4
34824605,45,0.015161989042162498,0.013093406506048419,0.16702776895503427,0.020102467765008424,1,0.3333333333333333,6
34837389,48,0.017802090447228587,0.014808249257477242,0.12147474105820674,0.019503280331578804,2,0.25,4
34839344,33,0.05861788100421949,0.0823413843246169,0.020878471119379283,0.0840713222205635,39,0.11363636363636363,44
3484405531,15,0.13503022233278028,0.06327934180778641,0.06724443032805481,0.06542792313587517,2,0.0,3
3484905686,33,0.046798101948827435,0.0758652539516478,0.03362221516402741,0.08930556515675987,1,0.0,3
3485008901,33,0.033889265396829134,0.03315426724811047,0.12147474105820674,0.02512483071402248,1,0.0,6
34854163,44,0.121601931913844,0.11115176837979061,0.06724443032805481,0.10298628246927748,9,0.0,3
34857494,42,0.017143956932556853,0.014183151556251928,0.06724443032805481,0.015985857185218666,1,0.25,4
34864103,14,0.09719068148754247,0.07564978915543438,0.06724443032805481,0.09295142712886217,7,0.0,4
3486812945,38,0.011636102363180464,0.02076156325953943,0.06724443032805481,0.032254549611771356,1,0.0,3
34886897,15,0.04596448868949489,0.08242591456870003,0.011593867297940486,0.052056555943947556,4,0.0,35
34886991,33,0.04782661501128103,0.037623110108233326,0.022414810109351604,0.06636593490229495,2,0.14285714285714285,7
34891802,30,0.015197946360834791,0.015776660985339228,0.05603702527337901,0.005147129032993189,3,0.0,7
34898640,45,0.16911818192946482,0.23507371099339114,0.05809661528870757,0.21327174167674673,11,0.0,4
34915215,50,0.05514001126615774,0.03681578207732727,0.06724443032805481,0.04361277807477248,1,0.0,3
34928439,45,0.21325837812804338,0.22326075536540538,0.04202776895503426,0.21603349605264835,4,0.16666666666666666,6
34933742,09,0.030294566705714676,0.053636042495033655,0.04836810802778835,0.05035923704296044,109,0.017241379310344827,58
34935074,45,0.01916131258697594,0.038801131402092695,0.012452672282973113,0.04426538112459753,2,0.0,5
3495910475,33,0.035040091097412004,0.03430928026634384,0.04202776895503426,0.03259054584956908,11,0.0,4
34962773,79,0.036654153287499276,0.04413593236183237,0.048031735948610585,0.03913354796704785,2,0.0,3
34972839,79,0.05546897840561979,0.04058741785465647,0.06724443032805481,0.04057867292244433,2,0.0,3
34980064,33,0.06037596445490454,0.07980805636878778,0.022270369194004568,0.08609223545833115,38,0.15625,32
34980064,38,0.007358628433689856,0.010252632423915529,0.022270369194004568,0.013083240514775161,4,0.0,3
34980064,50,0.015564779389636907,0.030118258293055488,0.022270369194004564,0.026193707372531735,3,0.0,3
35005002,79,0.011910157212751389,0.023928684668446155,0.05603702527337901,0.011250211970435558,2,0.0,3
35018912,37,0.013436447914967675,0.011096406151079215,0.06724443032805481,0.007552351990847383,6,0.0,24
35033071,45,0.15680792462010637,0.1993625619382693,0.06724443032805481,0.24445329962383258,2,0.0,3
35046274,34,0.23145822048212317,0.31254912363567794,0.015282825074557914,0.5304569307352736,1,0.0,3
35047973,70,0.17249806838921813,0.22314713238386202,0.019777773625898474,0.2598044924316306,4,0.3333333333333333,3
35047973,90,0.058487377876787386,0.08651697230081347,0.019777773625898474,0.07565199879682284,51,0.0,37
35054725,15,0.07865923272668948,0.08774592310226206,0.025863242433867235,0.08154075377209109,28,0.0,10
35072566,34,0.02470690504466595,0.025604348507844012,0.05603702527337901,0.027498678179125442,2,0.0,3
35092210,34,0.029529753708334952,0.030719396012935895,0.03362221516402741,0.040893560271578554,6,0.0,10
3513003302,33,0.027303465245338103,0.025398686726761596,0.048031735948610585,0.025043318995598862,4,0.0,3
3519110039,03,0.1327960730684486,0.15758788809491,0.06724443032805481,0.0805003043402679,4,0.0,4
35194534,33,0.0911337211438707,0.11811403478309167,0.13362221516402742,0.16698178854776102,9,0.0,6
35222037,45,0.012606677975574236,0.011103916586419758,0.030565650149115827,0.014740750290253617,11,0.0,8
35224322,79,0.0033297846176423627,0.004071630442948163,0.06724443032805481,0.0015778267006750191,13,0.0,7
35244815,34,0.013830852567446466,0.032767502820684406,0.12045061532334095,0.025313299035715223,29,0.047619047619047616,21
35244815,50,0.047036008011833136,0.06597612040645316,0.12045061532334095,0.03938197900863336,3,0.0,11
35261920,33,0.04681986765774534,0.07072272956220746,0.028018512636689506,0.09540294882068022,13,0.0,14
35269494,45,0.020838362561153245,0.0245870136317868,0.13362221516402742,0.0320498371428802,5,0.0,5
35329474,31,0.18006228492067483,0.22075064705314676,0.037358016848919345,0.20735000782158747,5,0.3333333333333333,3
35360336,77,0.004471219600433073,0.00409680336881404,0.048031735948610585,0.006977047074820325,2,0.0,4
3537706457,33,0.06097243545754937,0.0719276566779574,0.05603702527337901,0.0702508227651386,2,0.0,3
3539203967,33,0.058581402071176875,0.03229710449281056,0.048031735948610585,0.04361822064699285,2,0.0,3
35456735,45,0.19478440530931412,0.2737522045952959,0.19088887880575345,0.21115121519678015,1,0.5,4
3546506996,72,0.005097585436583924,0.004348497165400418,0.06724443032805481,0.00560249075968896,4,0.6666666666666666,3
35467396,30,0.010653555711678262,0.010507458317552364,0.037358016848919345,0.008115151099452149,4,0.0,3
3548911009,44,0.05945587818732958,0.0705525609518532,0.06724443032805481,0.07791495816655977,4,0.0,4
3550502015,33,0.025931094270865974,0.03031225447300014,0.03362221516402741,0.02337331346358119,6,0.0,3
35505698,09,0.010388418302933093,0.01379929443011258,0.10157487615827278,0.021126545637736905,3,0.0,14
35537363,44,0.6099157570021748,0.7535723336825623,0.06724443032805481,0.5993470949792551,1,0.0,5
3555408777,30,0.008307073529744267,0.005768791464734193,0.06724443032805481,0.005909291605239309,1,0.0,3
35561841,24,0.10621012401842415,0.13949137855419752,0.06724443032805481,0.22019916186952057,5,0.0,5
3557505763,33,0.02599585237342882,0.0263148363126819,0.04202776895503426,0.03215332701416745,10,0.0,6
35596172,31,0.08213574743018524,0.06715878346820023,0.06724443032805481,0.06911080510933555,5,0.0,6
35601826,55,0.04146266060589325,0.08307329356968601,0.10278631935694417,0.08278426623610516,9,0.3543859649122807,285
35636403,09,0.24238707457258343,0.13684189034066663,0.037358016848919345,0.12309031888635345,3,0.0,4
35645266,34,0.09683712448380834,0.10849060656068979,0.04202776895503426,0.10109471332755011,4,0.0,4
3565907515,77,0.018632653483973177,0.022379532195132654,0.06724443032805481,0.030213333643197313,3,0.0,5
35659221,39,0.007054800594823041,0.005952585981408734,0.06871241622471394,0.005951432641879516,10,0.08333333333333333,12
35661419,45,0.3174370093033564,0.26681104847014914,0.06724443032805481,0.2572111667876226,13,0.36363636363636365,11
35662229,15,0.041230094111706486,0.04028394018126427,0.03259078418634815,0.03379162352473242,8,0.0,15
35662229,33,0.04269680452950697,0.04037195708509844,0.03259078418634815,0.045391412345121604,2,0.0,5
35665544,55,0.03850802919556136,0.09540558724222342,0.05603702527337901,0.058189228396373256,1,0.0,3
35670769,30,0.007545548778991325,0.006318956103079209,0.028018512636689506,0.0049006326756212215,1,0.0,6
35674029,24,0.059496632725379126,0.05302911331024888,0.03362221516402741,0.05271291036983024,5,0.0,9
35691506,85,0.11574123533737628,0.166692887872799,0.048031735948610585,0.09639591416494332,1,0.0,3
35691773,31,0.26112632803616526,0.14880232621389544,0.06724443032805481,0.24108531681248568,1,0.07142857142857142,14
35701456,33,0.061193371036230175,0.09175582127418343,0.04202776895503426,0.21720769393539358,1,0.0,5
35738706,35,0.031766353801541886,0.03172153786766581,0.05603702527337901,0.02777896444589943,2,0.0,3
3574508149,33,0.013486135090756517,0.015820468367576786,0.04202776895503426,0.01720936732832822,1,0.0,5
3578004346,03,0.04132433267808765,0.08463523137720791,0.06724443032805481,0.05842602586724834,10,0.0,5
3578004346,15,0.07753243117650577,0.0854229503087927,0.06724443032805481,0.08207529101776982,39,0.017857142857142856,56
35800585,45,0.14424760179815202,0.08311630772934496,0.15164646143819427,0.08298577341307377,16,0.0,10
35807622,34,0.017998201200282216,0.02857932588871535,0.02401586797430529,0.020646818957599133,6,0.0,9
35809174,71,0.04456513632376227,0.021042825629662563,0.04202776895503426,0.01576506455748099,8,0.0,7
35809661,33,0.056033506520785585,0.053798933812436486,0.037358016848919345,0.0621942717633363,13,0.0,4
35812737,45,0.21284054510502945,0.22604596729896517,0.06724443032805481,0.203566425403209,2,0.0,3
3582506333,15,0.027129266145423592,0.015688849811414798,0.05603702527337901,0.031224634123051615,1,0.2,10
35828684,45,0.0034454766320559027,0.006148045882151945,0.06724443032805481,0.005459973898341179,2,0.0,3
35842316,18,0.19753125410944214,0.20817052839990408,0.06724443032805481,0.14995447988705043,5,0.0,3
35848260,44,0.12179130581545777,0.14221216825011482,0.028018512636689506,0.10520702437542487,1,0.0,3
35856355,34,0.018583468309333023,0.024059122912851352,0.018679008424459673,0.020019274787756378,4,0.0,7
3587108794,33,0.05201067210250934,0.04845149197766925,0.037358016848919345,0.04252269411773835,4,0.0,3
35880173,34,0.012778934628067637,0.019605497987865407,0.02101388447751713,0.013936082924712786,5,0.0,4
35891028,34,0.02126511190988872,0.034381768363613216,0.10278631935694417,0.02797059610983569,11,0.0,7
35910527,45,0.10245525487127861,0.09600825743120568,0.028018512636689506,0.09856226545513257,3,0.0,6
35967285,34,0.01294119399076515,0.017364690098740386,0.019777773625898474,0.014598966327061924,4,0.0,11
35969556,55,0.019759629905682946,0.023713139436762478,0.06724443032805481,0.014079738559791744,3,0.36363636363636365,11
3598513431,33,0.024304121961879418,0.03013665950008328,0.06724443032805481,0.03570526143771079,3,0.0,3
36002620,30,0.010311465920396907,0.01849426514677259,0.018679008424459673,0.01573568627376899,2,0.0,13
36029422,15,0.05477930543408732,0.05597449817227955,0.14846912796003045,0.06667721899458713,4,0.0,3
3604209088,44,0.032818107128113054,0.02196705316214323,0.06724443032805481,0.01766461197082167,1,0.0,3
36046034,33,0.09692925925076579,0.1391121665094714,0.01601057864953686,0.118491760132162,2,0.0,4
36051023,45,0.06519149540434943,0.07654945185498216,0.030565650149115827,0.08027172911305552,13,0.75,4
36053114,45,0.057430760330944165,0.13348513499193373,0.12147474105820674,0.06785790218578543,1,0.8,5
36066710,09,0.04850482821793763,0.043979619407602394,0.04803173594861058,0.042658343314848496,3,0.0,3
36066802,44,0.04099722445967015,0.03619114225641314,0.06724443032805481,0.042039479975099284,2,0.0,3
36085246,16,0.008660874771658035,0.012389859234603557,0.04049158035273558,0.01692566513977668,2,0.0,7
36085246,34,0.05162250954614546,0.10188456768549947,0.04049158035273558,0.1044419620667602,7,0.0,8
36100693,45,0.23265705663354386,0.2199357223346425,0.08351388447751713,0.21184583537728774,23,0.125,8
36107594,45,0.0813915039904206,0.08251525975111852,0.04803173594861058,0.08774358888849249,6,0.3333333333333333,3
36109649,50,0.15898237716306438,0.19241295734216882,0.06724443032805481,0.12496084686151253,1,0.0,3
36113325,33,0.05890789873434923,0.10797677178491605,0.04454073838800913,0.0701041988304429,3,0.15789473684210525,19
36114271,33,0.03747831392658056,0.04724227302488941,0.037358016848919345,0.04799474780257375,5,0.0,5
36121980,77,0.00262643693312928,0.004008822208822063,0.037358016848919345,0.004077222069665855,4,0.0,5
36138329,33,0.12051577206019731,0.1414839716514389,0.048031735948610585,0.1437480644308694,1,0.0,3
36158696,31,0.051294975137884675,0.04992644940846462,0.037358016848919345,0.055409634626726406,2,0.0,4
36159024,31,0.009156037889975594,0.020484717119449807,0.06724443032805481,0.016201137578208707,1,0.0,4
36173955,90,0.05893258806252059,0.07065951032827737,0.019777773625898474,0.07456106868990957,17,0.0,4
36181018,34,0.020138867189710665,0.03443795315015399,0.048031735948610585,0.03164198082316514,2,0.0,4
36191288,45,0.28720163567517476,0.24919255896453396,0.05603702527337901,0.28077155083501426,2,0.25,4
36214268,79,0.025759329259338135,0.024196320783066733,0.04202776895503426,0.02211503946577695,4,0.0,5
3622207543,15,0.042150976517732176,0.034784426296702274,0.05603702527337901,0.03829502472758924,3,0.0,4
3623711616,33,0.00489143312687411,0.017609944838491404,0.06724443032805481,0.01824487040254636,2,0.3333333333333333,3
36248687,09,0.02469495339198927,0.07432333704329598,0.022902240994164262,0.0727820531529619,103,0.013888888888888888,72
36253988,39,0.006466044513375269,0.010762005106262476,0.07423456398001523,0.008584533051549261,12,0.0,11
36257034,24,0.04230244741714516,0.07565756365556722,0.009087085179466867,0.07402147854743431,9,0.0,15
36257647,24,0.03491801197661924,0.0875712084979401,0.10762006940775078,0.0588994425318064,1,0.0,5
36257647,33,0.019598536284504225,0.011798833005745217,0.10762006940775078,0.009940107643460223,2,0.0,11
36257647,38,0.007997545366813978,0.006345396589237077,0.10762006940775078,0.010649352156131338,2,0.0,18
36263362,45,0.17181116503931979,0.191226543673292,0.03362221516402741,0.1474858740945657,1,0.0,5
36265663,33,0.02906472536894427,0.023419475532127986,0.019777773625898474,0.036184899830982685,2,0.0,7
36304293,34,0.01071857111139169,0.018536073737378655,0.05603702527337901,0.009580564686571749,3,0.0,3
36309904,34,0.10714070241501213,0.07503868819324629,0.05603702527337901,0.05490608715130809,6,0.0,3
36317648,34,0.046375673543365664,0.039014259859053095,0.03362221516402741,0.05146201329114056,3,0.0,5
36324681,09,0.09250823286262119,0.06835351286655968,0.07300694223875856,0.08104457567583603,20,0.09090909090909091,22
36324770,70,0.23921889465518595,0.21742136443929067,0.06724443032805481,0.23097638352611574,1,0.0,3
36330737,15,0.05891387074214562,0.06573108013635089,0.017695902717909162,0.06499522716798799,10,0.0,18
36342407,50,0.040628919324651874,0.04347390279755,0.06724443032805481,0.04187710988147116,1,0.25,8
36352221,33,0.2381872065807375,0.32203650386377736,0.03362221516402741,0.4510951383914682,2,0.0,6
36354758,34,0.010914956616799056,0.014686190887005677,0.03362221516402741,0.012377499802264946,8,0.0,6
36371878,33,0.3113255514896793,0.22756322163785514,0.04202776895503426,0.22335243732100699,3,0.0,3
36384833,79,0.01606571209607274,0.01806424775232626,0.06724443032805481,0.005873168253270177,3,0.0,6
36390906,77,0.004987593787841336,0.006733782641077352,0.030565650149115827,0.009371693571242224,1,0.0,4
36406334,33,0.07165783346824242,0.06121072608952384,0.07860130303766319,0.07085134696654768,10,0.4,5
36427918,45,0.18377245929127264,0.2179653145176319,0.05603702527337901,0.2285914423124643,4,0.3333333333333333,3
36432040,45,0.10692120481892771,0.10961080626999761,0.048031735948610585,0.10133797494533607,10,0.0,12
36439658,45,0.045530754649722206,0.023733362658722907,0.06724443032805481,0.0275262375497055,1,0.0,3
36449624,34,0.026521440059107813,0.03360986110953395,0.07860130303766319,0.02974923505451212,14,0.16666666666666666,6
36465159,50,0.06790981369341245,0.08360026715190884,0.14846912796003045,0.07691096183190205,17,0.0,8
36470766,24,0.16173493094034302,0.20994692617488475,0.02801851263668951,0.2141219238763063,5,0.0,8
36495890,42,0.0326362800831331,0.020231208435661844,0.05603702527337901,0.029289715827725625,1,0.0,3
36519759,33,0.046150055675692477,0.08544252035003495,0.010188550049705276,0.10958867124197874,6,0.04,25
36519759,50,0.1208014286688322,0.052584427159438854,0.010188550049705276,0.03179523253220767,1,0.25,4
36549406,34,0.05204538118314017,0.0654810163806221,0.015282825074557914,0.03347601249271358,3,0.0,5
36549406,43,0.03133279311214639,0.03181061623324811,0.015282825074557914,0.034493668616368274,3,0.0,8
36555734,50,0.10496364350869908,0.07819908584085443,0.03362221516402741,0.07748449491981135,6,0.375,8
36560388,42,0.138377828183274,0.223816212018473,0.04202776895503426,0.21257240187816315,2,0.2,5
36593041,22,0.0738708229583005,0.03843037001110242,0.037358016848919345,0.04178737158002997,2,0.0,6
36593565,15,0.04653418627206691,0.04780680214358731,0.06724443032805481,0.06078457121917704,3,0.3333333333333333,3
36621754,45,0.14095662664260575,0.1142384157208466,0.2595802390711415,0.07737304630819967,1,0.0,4
36625790,50,0.08228417869257063,0.08255018063609722,0.06724443032805481,0.06090621821196507,5,0.0,3
36625942,48,0.011623427780002884,0.013606359473152696,0.02101388447751713,0.010762090822370007,7,0.0,6
36629968,33,0.04386267454393576,0.027644442528700963,0.037358016848919345,0.026469978557245696,1,0.0,3
36632965,33,0.04846919615310332,0.044175621002399613,0.04202776895503426,0.04977972026419903,1,0.0,3
36641388,34,0.041802902614572444,0.051857218660222595,0.04175694223875857,0.031248591121483843,20,0.0,9
36699380,45,0.5280691979671558,0.5342135764223102,0.09544443940287672,0.45722888989755645,3,1.0,4
36705378,33,0.0839695021097046,0.0510601639390863,0.02586324243386724,0.06107003564030567,3,0.0,6
36716332,09,0.03243450089243207,0.05850608130886686,0.028490514044393584,0.053359822467125916,182,0.0,60
36723685,50,0.06852733447328777,0.08007743203508338,0.09544443940287672,0.07055383623676732,9,0.0,8
36728306,22,0.013414519050034181,0.019204390833986586,0.06724443032805481,0.015650474364370903,5,0.0,4
36731895,09,0.01981726804917528,0.03020887012191204,0.06724443032805481,0.029783098385307096,12,0.0,6
36746304,33,0.033510662646744946,0.0302968690418609,0.05344888606561096,0.036005868255554414,15,0.0,10
3675610324,33,0.02888700135289813,0.05940861422284127,0.05603702527337902,0.03965096937536148,5,0.0,8
36758278,33,0.12443365595088944,0.1464614789578236,0.05603702527337902,0.18650091136589894,5,0.0,6
36796670,90,0.02429816018593108,0.035831800248959066,0.037358016848919345,0.037312018238076596,5,0.0,4
36815278,14,0.08418365165082829,0.1903173512993296,0.12147474105820673,0.18151917669617626,3,0.25,4
36816271,33,0.06012602604279572,0.07471456686782368,0.022414810109351604,0.0663590936363911,12,0.0,6
3682807373,77,0.004096651889285056,0.002919078043352978,0.06724443032805481,0.004166901294612058,3,0.0,5
36839409,31,0.04249702325256347,0.046119658278051257,0.04202776895503426,0.05423258686653349,1,0.0,7
36839655,24,0.13075654889773797,0.11842780427381383,0.16702776895503427,0.09473611313816391,4,0.0,3
36852220,09,0.009889747740790562,0.010015364671811116,0.03362221516402741,0.00924855001335174,1,0.0,5
36856010,45,0.44624439173425773,0.4572946811471626,0.03362221516402741,0.4523994043776705,3,0.0,8
36858311,24,0.08555860054311688,0.08690484403929058,0.04202776895503426,0.17814759117830845,4,0.0,5
36860996,09,0.03591820122617119,0.06176376029465889,0.09525396786615535,0.07164765001851148,20,0.0,3
36861591,73,0.03476087093701532,0.05835087826420354,0.05603702527337901,0.05325266798064132,19,0.0,9
3686308494,33,0.12238786010668105,0.06796871920446008,0.05603702527337901,0.07938048322514422,1,0.0,3
36876283,34,0.27002250064280425,0.19239952580366296,0.04202776895503426,0.26719433433718187,1,0.2,5
36900876,33,0.2172226532407462,0.1999993664188988,0.022414810109351604,0.17700554323742193,3,0.2,5
36903044,76,0.04860559594171027,0.054381934161769827,0.06724443032805481,0.03975818966102118,1,0.0,3
36904975,90,0.04406786715512133,0.03628331403954397,0.06724443032805481,0.04147138678358936,4,0.0,5
36907782,71,0.04732879401028076,0.059753172080782506,0.04202776895503426,0.0427753648039827,14,0.0,3
36908681,09,0.04938951486648032,0.044983165748307734,0.048031735948610585,0.053194455691239595,5,0.0,8
36935982,33,0.013302371621428933,0.012598236491067052,0.04202776895503426,0.014038627302827811,1,0.0,3
36947521,33,0.10470455083436733,0.16581809177675916,0.05603702527337902,0.19510623288140533,5,0.16666666666666666,12
3694902959,15,0.040036397411171376,0.04069406789185832,0.04202776895503426,0.057558870445480394,3,0.0,13
36952814,50,0.024361462827676733,0.018624258394554657,0.05603702527337901,0.022476376895000757,2,0.0,4
3698609562,15,0.0465895768170683,0.052756054428178066,0.06724443032805481,0.03897994299190399,1,0.0,3
36989671,39,0.023152578496378584,0.057646045190740056,0.07860130303766319,0.04814706345237885,10,0.0,9
37001696,50,0.1217220459480652,0.09690902455144892,0.025863242433867235,0.09924449342498322,7,0.25,4
37002375,33,0.04359208877571469,0.06409534827840353,0.030565650149115827,0.061923083732741274,3,0.0,3
37004660,39,0.014304740310360713,0.00864952653002072,0.06724443032805481,0.009125973789738817,2,0.0,3
37017486,44,0.11928696981171899,0.12202217984796092,0.051393159678472085,0.14895628271180075,3,0.0,3
37028530,15,0.08941762499668199,0.11701687052831067,0.048031735948610585,0.05513783364165521,1,0.0,4
37045106,38,0.012805968478106517,0.020982019915418315,0.048031735948610585,0.018727574091114252,2,0.0,5
37053849,50,0.04638095674881167,0.08164561957376835,0.05603702527337901,0.09256848990854698,18,0.0,6
37059699,15,0.0802121939890362,0.08163420930688622,0.06724443032805481,0.05925349691334173,9,0.0,10
37087616,33,0.10470122770652715,0.08675834435342922,0.06724443032805481,0.08168514241714064,2,0.0,3
37090770,33,0.021578406981408782,0.02653625546611295,0.0245918121225292,0.026538177258215705,32,0.0,19
37091926,50,0.10539260601097514,0.09294276178643099,0.037358016848919345,0.12004687409618103,4,0.0,4
37097032,24,0.035887320307834376,0.03755053337654431,0.06724443032805481,0.037338045542877424,1,0.0,3
37100998,30,0.019598953784633482,0.034067299269282786,0.02101388447751713,0.031140169190659636,18,0.0,13
37102340,33,0.12037597472227737,0.10919433279929656,0.018679008424459673,0.11886385323964851,11,0.0,11
37124432,15,0.03868159734089357,0.11673379351000386,0.05603702527337901,0.06216532583844395,1,0.0,3
37141713,34,0.0539024996030551,0.06793278624329173,0.05344888606561096,0.05568909571626033,1,0.3333333333333333,3
37167117,30,0.0056949229115835324,0.0056357594345465304,0.024015867974305292,0.006865676180228849,9,0.0,3
37180015,44,0.20779699974857185,0.20737984139040008,0.05603702527337901,0.17625339249637692,11,0.0,4
37186279,34,0.10221947972823195,0.05583474176908469,0.06724443032805481,0.053802075021769646,2,0.0,5
37191980,45,0.554877846439239,0.4429562097742849,0.19088887880575345,0.5068153371372052,3,0.0,3
37199010,45,0.01228986982132664,0.010045648139398445,0.06724443032805481,0.00671478301750042,2,0.0,4
37199864,09,0.25796447319288734,0.20994411056670298,0.06724443032805481,0.20783931561201302,9,0.0,3
37214342,39,0.012297758816538532,0.017352059574042834,0.04202776895503426,0.0111053338314467,6,0.0,6
37214777,72,0.00698187264869874,0.0029769960387113575,0.05603702527337901,0.008202943782502624,1,0.1,10
37224455,33,0.03879777376449269,0.03556094685090903,0.017695902717909162,0.03712281687754846,6,0.0,11
37224654,33,0.21178820508055068,0.1657733065039548,0.01601057864953686,0.18222701175669237,17,0.09523809523809523,21
37245957,15,0.04666767735115632,0.0640630217459287,0.06724443032805481,0.04899282915978733,2,0.0,3
37246002,09,0.03675849058326885,0.040299734575024324,0.12147474105820673,0.045304209084759704,6,0.0,14
37260006,34,0.01026618026246329,0.022503113629079023,0.030565650149115827,0.011336061894605353,2,0.0,3
37272781,45,0.014945913229918473,0.02779150497361856,0.06724443032805481,0.021928204518204493,1,0.0,3
37276566,15,0.03620035476368941,0.05658746273413386,0.043103940375492714,0.053198941079103376,4,0.0,21
37288660,98,0.02736458789260834,0.010958677958089257,0.2227036919400457,0.015426837605883887,1,0.0,3
37306731,44,0.07349437589698345,0.09741175407757105,0.030565650149115827,0.10484774725910287,7,0.0,3
37306789,45,0.2549943353927124,0.20555698195011524,0.11135184597002286,0.21814416301633144,20,0.6666666666666666,15
37308833,24,0.05312095339229367,0.06005390996103253,0.02801851263668951,0.07211906013456906,10,0.0,5
37313183,48,0.05059568584884932,0.09384165929202029,0.04202776895503426,0.0655404076924177,1,0.0,3
37320399,44,0.2391267175380744,0.17256438976259075,0.11135184597002284,0.10865030525954589,2,0.3333333333333333,3
37325948,45,0.2508387275668525,0.24802774729690313,0.037358016848919345,0.2655854150538684,2,0.0,5
37333587,09,0.1232543627497978,0.1046800587972164,0.05603702527337902,0.10360140405409049,20,0.0,3
37354345,14,0.06309127588154373,0.05988324670299998,0.018679008424459673,0.054455703970487004,20,0.1111111111111111,9
37354345,44,0.15129657967379567,0.15456423494721164,0.018679008424459673,0.16221779818869278,11,0.5,4
37356541,79,0.019334360782914613,0.02635047692472456,0.04202776895503426,0.028371495387965642,1,0.3333333333333333,3
37373478,18,0.018742447273846087,0.020798261374543124,0.07032748166527758,0.024526949246271787,2,0.42857142857142855,7
37381379,31,0.08207002592802266,0.08824404468754803,0.05603702527337901,0.13035780384904316,3,0.0,3
37382000,39,0.012436106346033178,0.01117287948540902,0.03362221516402741,0.008538363019514375,1,0.0,4
37383046,16,0.020393129747795967,0.011599886864424876,0.122959060612646,0.022106689623313868,1,0.0,3
37383046,43,0.07419408019230019,0.06740230198860217,0.12295906061264601,0.037895780231322215,5,0.0,6
37383046,50,0.11729448732666425,0.15327020429169658,0.122959060612646,0.1293401670898961,2,0.0,3
37395753,55,0.06351984676565862,0.05832966906434236,0.03362221516402741,0.05584996271734707,7,0.0,4
37398817,09,0.08043383087031183,0.08390627152708663,0.030565650149115827,0.08395781669652204,6,0.0,6
37399737,45,0.09258788166046732,0.0505678039246125,0.06724443032805481,0.0619966856429522,1,0.5,4
37403711,09,0.16968395971461303,0.06699239784405409,0.048031735948610585,0.10478178164730924,1,0.0,6
37408070,15,0.12365911667282758,0.0638708303850589,0.2668111075820137,0.0627591762589772,10,0.0,3
37408222,15,0.11520374624966684,0.10223613740182634,0.04202776895503426,0.08187412581787809,16,0.0,6
37412155,33,0.08786970491226014,0.10599911739616139,0.016811107582013703,0.10371055245957878,47,0.4117647058823529,17
37413630,24,0.06247025272938501,0.09461976919126817,0.014618354419142351,0.12024417620303571,1,0.0,10
37421238,33,0.057354010990525145,0.045726493999015586,0.19088887880575345,0.043121330070294464,1,0.6666666666666666,3
3742400339,15,0.011648935891887181,0.006115660481237922,0.06724443032805481,0.009501705385664751,1,0.0,7
37434048,44,0.14351023545182684,0.11497503208082457,0.048031735948610585,0.16705531509610036,2,0.0,3
37443639,33,0.02994360457124448,0.028290871353071362,0.03362221516402741,0.030239594536321586,16,0.0,6
37458493,45,0.36452233975362924,0.528573200387619,0.05603702527337901,0.4473918489170524,1,0.6666666666666666,3
37459539,34,0.01024602600378704,0.034362333343999414,0.012452672282973113,0.033969553596617304,14,0.0,3
37464769,09,0.02835588347784431,0.036973323483734166,0.017695902717909162,0.031012782200468943,2,0.125,8
37479995,03,0.19876170966934914,0.11394411656821814,0.21238383196729763,0.12551764425322343,3,0.0,3
37493061,34,0.015009746108194022,0.016210304711774478,0.037358016848919345,0.011702286232806334,1,0.0,3
37500822,30,0.009305676336901363,0.022789920267231333,0.016811107582013703,0.013805393357262013,1,0.0,5
37502259,42,0.04764603828723943,0.06014064731175506,0.018679008424459673,0.04822569328431967,4,0.0,9
37515425,33,0.23542502723514264,0.15026766443494008,0.07032748166527758,0.13640771192450857,4,0.0,18
37526987,71,0.3255021601171549,0.37430675773441546,0.06724443032805481,0.3296481040035477,2,0.0,5
37546893,33,0.022813717591166224,0.02550423374755656,0.030565650149115827,0.025199951210759186,2,0.16666666666666666,6
37582601,31,0.07127927369257676,0.046394864907093894,0.06724443032805481,0.08092339437229124,4,0.0,4
37606590,45,0.30769344406436505,0.2436428309105656,0.048031735948610585,0.3515692835301374,1,1.0,3
37609984,33,0.04872424808056136,0.037592618463680366,0.037358016848919345,0.021884908992319044,1,0.3333333333333333,6
37617639,90,0.08655547812027777,0.0751818559512657,0.12147474105820674,0.06037250408398685,8,0.125,8
37620175,55,0.005469730463864251,0.013439807749171931,0.05603702527337901,0.005583419235525739,202,0.0,4
37622036,15,0.032415766487037985,0.041101975234220975,0.022414810109351604,0.044124806227238994,9,0.0,9
37632128,33,0.04911279310549707,0.05160671080237145,0.022414810109351604,0.043406749595134124,25,0.0,7
37647773,15,0.12003003093558828,0.16728834189659633,0.04803173594861058,0.1287555501910696,12,0.0,5
37653216,30,0.028549746301010582,0.01868870528086796,0.14042689872737563,0.025496846667950424,3,0.0,7
37653216,32,0.005705232898582629,0.008570948479039149,0.14042689872737563,0.008183539478178315,7,0.0,4
37655920,90,0.031706703429915814,0.03937773383006804,0.04202776895503426,0.031320061480780405,9,0.0,5
37660925,33,0.01925098993829277,0.021846709468238006,0.028018512636689506,0.025802852702560525,4,0.0,3
37669226,45,0.22585651807953352,0.31481806277934143,0.04202776895503426,0.3750565766869042,2,0.3333333333333333,3
37677991,03,0.18167436343845222,0.08488530799431358,0.2720058460957967,0.07601509659757506,6,0.0,7
37677991,15,0.21062096781875633,0.09558133826570253,0.2720058460957967,0.09588912386794109,27,0.10526315789473684,19
37677991,55,0.3057506401863044,0.13708501252839042,0.2720058460957967,0.07398241628338255,8,0.0,10
37685735,34,0.020081928101905174,0.03137081946724962,0.05603702527337901,0.013363275495309511,1,0.3333333333333333,3
37685735,50,0.020461930397110032,0.019373138195938864,0.05603702527337901,0.016082348158658468,3,0.0,5
37690771,34,0.00893964459813164,0.008221873074031091,0.019777773625898474,0.009609921351793406,3,0.0,6
37691471,60,0.04465701722414569,0.030203176442897533,0.06724443032805481,0.042218525459155415,1,0.0,3
37699230,34,0.017350146784145717,0.01065895794326568,0.04803173594861058,0.00925919179235747,3,0.0,3
37706854,45,0.12121045753765276,0.12334529028938307,0.05603702527337901,0.11044669998714385,2,0.6666666666666666,3
37722736,34,0.030100139474966495,0.029208600926608423,0.06681110758201371,0.019518890246808276,8,0.0,4
37740167,15,0.15255695998394872,0.15308036162715147,0.06724443032805481,0.11214564004256021,1,0.0,3
37746750,34,0.07426160938047206,0.10092011952957157,0.05603702527337901,0.12620907226013675,1,0.0,3
37757055,79,0.025612166602063884,0.016424674512551952,0.06724443032805481,0.016255519122114283,10,0.16666666666666666,12
37770296,30,0.0039033320171555086,0.0039479296475657105,0.06724443032805481,0.0024690932022187113,1,0.0,3
37775729,50,0.24616379819659903,0.2845354278251521,0.05603702527337901,0.27933231305081896,1,0.0,3
37778452,45,0.3681686253343122,0.4132639225500272,0.04202776895503426,0.40247415972110384,2,0.3333333333333333,3
37778452,71,0.11963735044121836,0.15131254063754918,0.04202776895503426,0.0987832823133671,1,0.0,4
37787425,15,0.04992032469896979,0.06308093696279046,0.010188550049705276,0.06118300880212882,30,0.0,6
37793266,55,0.023158377264352246,0.036704145551690555,0.030565650149115827,0.04679357493849615,32,0.0,26
37801182,35,0.014801042302995926,0.018304704041556267,0.2227036919400457,0.021262953572758425,2,0.0,3
37801512,45,0.35435764272108483,0.3559473452493068,0.12147474105820674,0.3509802721562447,4,0.5,6
37844650,15,0.0727239526703278,0.12588759988058829,0.05603702527337901,0.047051006617397494,2,0.0,3
37856467,09,0.040271597497290236,0.046658152646168696,0.05603702527337901,0.048938538797561874,15,0.2,5
37859819,50,0.06797364571823226,0.029057559635215082,0.015282825074557914,0.038934043622550304,1,0.0,4
37877430,09,0.050605981391069255,0.04305831175214192,0.16702776895503427,0.03933419263955851,24,0.0,4
37886989,33,0.1471236625639811,0.18901483495863658,0.018679008424459673,0.249378265539123,2,0.0,9
37898486,24,0.08973650993825069,0.059479377608668074,0.06724443032805481,0.0631255957901195,4,0.0,4
37904393,09,0.05435919284813076,0.03767297972512829,0.03362221516402741,0.049295235557541776,6,0.0,3
37912699,03,0.023523095084781613,0.019041282279630894,0.01601057864953686,0.02137203650756634,1,0.0,5
37912699,15,0.049040192049249816,0.053769162147208505,0.01601057864953686,0.055492744515982725,9,0.09090909090909091,33
37912699,55,0.052479397096370825,0.06371253422446793,0.01601057864953686,0.0673545194720843,1,0.0,3
37939071,03,0.06887091916977182,0.08179181386532032,0.019777773625898474,0.08847809303236545,2,0.0,3
37939071,09,0.05957786156753081,0.07952108023374067,0.019777773625898474,0.07760736288095509,19,0.0,9
37941143,44,0.17398120035599937,0.16072624787802417,0.07032748166527758,0.15069927321827678,23,0.0,7
37961573,45,0.061434995652540604,0.11632166147630539,0.04202776895503426,0.16413676372274913,2,0.0,5
37961573,79,0.017416775075292778,0.019669609286131796,0.04202776895503426,0.015577061622346863,2,0.0,3
37976553,34,0.018459073082904037,0.020683308479368473,0.06724443032805481,0.02946188827330145,2,0.0,4
37989206,79,0.038470757056200344,0.03777841847731558,0.030565650149115827,0.046860712856065384,8,0.0,4
37992156,33,0.10315345144820463,0.19819083560217785,0.028018512636689506,0.1786863070112346,1,0.0,12
38000735,45,0.3466258468810555,0.2897088121289691,0.048031735948610585,0.28092412548066825,1,0.0,8
38005602,33,0.07775052985758216,0.08709515659468194,0.043103940375492714,0.09388261583799,15,0.041666666666666664,24
38008192,33,0.008054194464362726,0.012937269879301189,0.15574814344268492,0.018689674360909177,1,0.0,4
38012384,50,0.046057583533253475,0.04553970331371454,0.06724443032805481,0.05378396433450613,3,0.2,5
38013262,45,0.2014158743936875,0.1522616075715345,0.06724443032805481,0.15535313645308083,6,1.0,4
38013854,45,0.07231238539335264,0.07371761335303076,0.04202776895503426,0.07619931661849375,5,0.0,3
38019594,50,0.06695218573393084,0.07455365811697538,0.05603702527337901,0.06763429576090663,6,0.0,9
38043889,15,0.1416044443383592,0.10182312372650831,0.06724443032805481,0.13357450195177087,6,0.0,6
38050241,72,0.02598973723151932,0.012560341029612555,0.04202776895503426,0.028814035853142156,2,0.0,3
38057032,14,0.07484368591474197,0.0505512950814324,0.048031735948610585,0.05136938756899607,4,0.0,5
38088364,45,0.013092347614358348,0.00887536578190532,0.02586324243386724,0.009997986697117633,3,0.0,3
38099219,45,0.06845353070863136,0.046937174531861144,0.06724443032805481,0.040824089122468515,1,0.0,3
38116375,34,0.062076921311986645,0.05370364527352387,0.04202776895503426,0.10886946174453327,1,0.0,4
38119135,45,0.0073826125350587085,0.014632484294168262,0.06724443032805481,0.015015495362974104,6,0.0,8
38129614,50,0.17507518213231615,0.10608301617977141,0.08343650541572407,0.10348594959460711,10,0.25,8
38131587,45,0.047860341924796254,0.07291306854006159,0.048031735948610585,0.07424209506161608,1,0.2,5
38133757,35,0.018758608002318877,0.020846608982453267,0.05603702527337902,0.01874713659057362,5,0.3333333333333333,3
38143539,45,0.13170570438306475,0.21602918332287852,0.05603702527337901,0.19419577583529155,4,0.0,8
38149217,34,0.034548640278509936,0.043952628431025806,0.17970939628002108,0.021026576210182637,1,1.0,4
38154557,15,0.3414275425831969,0.28608297610372696,0.017695902717909162,0.2818022486173317,1,0.0,8
38158876,37,0.00709797442057423,0.007209163539087162,0.02101388447751713,0.004019841501540176,2,0.0,3
38159948,38,0.05785566660291518,0.08856252015888616,0.028018512636689506,0.05625566136730631,1,0.0,6
38192655,39,0.01960928413322,0.02646848881995629,0.06314113923352091,0.02282315903736231,15,0.0,8
38194448,09,0.050885720626787034,0.053246100858390995,0.023442493888425862,0.06416208142984327,19,0.02,50
38203111,09,0.018526082111177608,0.019849838450031156,0.06724443032805481,0.020120753127605372,3,0.0,6
38237397,33,0.14361103170729633,0.12033689955811257,0.10619191598364881,0.11329351508424361,14,0.13333333333333333,15
38237397,38,0.010807289884597972,0.007143151235462465,0.10619191598364881,0.012169988095984371,1,0.0,4
38238694,45,0.13217162418763137,0.08400932081388744,0.23830158226001957,0.09882343883345394,9,0.16666666666666666,6
38239436,30,0.05503344780267857,0.06435830433244079,0.06681110758201371,0.04057623367688588,5,0.2,5
38239436,48,0.00984846043053633,0.011159489959757778,0.06681110758201371,0.011277305651481525,7,0.0,5
38256839,45,0.18630180705256866,0.15731623016323193,0.030565650149115827,0.15431720660691395,13,0.0,4
38262067,38,0.06409147619045552,0.03473123263895977,0.05603702527337901,0.0458707067437112,1,0.4,5
38287170,71,0.37358606984211296,0.4084487755897415,0.06724443032805481,0.3500363628875012,3,0.25,4
38295616,50,0.04275454728281092,0.028552476902799766,0.03362221516402741,0.035165648395477825,4,0.0,8
38295925,30,0.014693444544712962,0.014186563779846815,0.08908147677601827,0.013395408212409948,18,0.07692307692307693,13
38295925,39,0.05453884749488182,0.10640477197085475,0.08908147677601827,0.13024686933294524,2,0.0,3
38303253,15,0.09868692466925592,0.05977453725290998,0.03362221516402741,0.09343974295262143,3,0.0,4
38330105,90,0.8076659129592816,0.7537121904935752,0.030565650149115827,0.7203423179020196,1,0.0,3
38348751,33,0.22371593770666712,0.1540740850495755,0.017695902717909162,0.14726619402771274,14,0.0,7
38359763,09,0.018304140920880122,0.028317530330610685,0.05809661528870757,0.03375185069056202,4,0.0,7
38363188,55,0.16155826650613395,0.24976546276285622,0.06724443032805481,0.1603373478671122,1,0.0,4
38368123,45,0.34612388761937285,0.32097861707458225,0.05603702527337901,0.28221015065990307,1,0.6666666666666666,3
38373620,15,0.12385653219674904,0.07286657451306913,0.03362221516402741,0.06260086444194501,5,0.3333333333333333,3
38373861,79,0.02704241322984756,0.0215369689366386,0.06724443032805481,0.012520208417601323,1,0.0,3
38381144,09,0.10326726918940912,0.06488473456365472,0.06724443032805481,0.06974298196718724,1,0.0,3
38387591,50,0.3368049010610922,0.3455732637739311,0.048031735948610585,0.3857795004330671,1,0.0,3
38391550,24,0.19580977507658642,0.16867044116190807,0.06724443032805481,0.12893044047313004,1,0.0,3
38396868,09,0.06781044462247225,0.08684234619977528,0.12147474105820673,0.07544223037371656,9,0.0,3
38396957,55,0.162680114096845,0.17789997301109156,0.06724443032805481,0.11064033010952375,1,0.0,3
38402792,30,0.013506987503063934,0.012510932633374878,0.030565650149115824,0.012675104016441655,21,0.0,13
38406011,33,0.021882263584194046,0.07827252365746652,0.01963211892134684,0.08938533937358724,7,0.0,67
38425940,15,0.1030193995192937,0.08520851792193426,0.024015867974305292,0.07536364649095854,5,0.0,7
38440953,18,0.20704189914119453,0.2977628917670625,0.024015867974305292,0.1595286723269327,11,0.2857142857142857,7
38443865,90,0.02827899568338682,0.03711285518955241,0.06724443032805481,0.028118302655363383,35,0.0,3
38447702,45,0.35846407437341826,0.30008857238466385,0.2227036919400457,0.35879984421749034,4,0.3333333333333333,3
38469527,90,0.08150516972429775,0.11450995700718146,0.037358016848919345,0.08736832283155412,4,0.0,4
38470918,31,0.015576276794343388,0.02242393823166867,0.037358016848919345,0.02550144654020825,1,0.0,4
38475200,45,0.10898739497748731,0.20670021325763804,0.06724443032805481,0.19224470550375727,1,0.0,4
38491552,45,0.40790514209092593,0.4690139527597711,0.06724443032805481,0.4221362060118707,1,0.0,3
38505287,45,0.21561142830053062,0.2667307327593452,0.05603702527337901,0.25723841836718114,2,0.3333333333333333,3
38506076,33,0.12450524654715002,0.14300061792798216,0.015282825074557912,0.10708653212857693,9,0.07142857142857142,14
38507310,33,0.09530859436434105,0.08859164144231439,0.012931621216933618,0.10092786117693027,7,0.0,4
38517622,33,0.042601098022715084,0.07141402892211172,0.07623174502343248,0.07548770126931857,98,0.09523809523809523,63
38517622,38,0.00618206361108638,0.007725553221297424,0.07623174502343248,0.00957532756638467,6,0.14285714285714285,7
38526925,45,0.04560510514150641,0.05324984309315615,0.14846912796003045,0.06391639024309297,1,0.0,5
38541812,90,0.1403357537311293,0.21207620201733515,0.06724443032805481,0.10297878758746645,1,0.0,3
38563752,09,0.05381283419120513,0.07854143435949591,0.03362221516402741,0.0723300054320223,3,0.08333333333333333,12
38569225,14,0.010086848844228861,0.008142625159128855,0.06724443032805481,0.01621328465947528,2,1.0,3
38575071,50,0.049762231625122826,0.042032630063602076,0.05603702527337901,0.04118575784551818,4,0.0,7
38576300,33,0.08951747663564666,0.08982473530410606,0.014618354419142351,0.0967159970259607,17,0.07407407407407407,27
38576300,38,0.006971365796569982,0.010285962152581242,0.014618354419142351,0.019317695907936427,18,0.0,12
38587794,45,0.22258199389135372,0.28647568723668193,0.055675922985011415,0.2868683203512547,7,0.0,6
38591355,50,0.06088973790790935,0.09871866451283512,0.06724443032805481,0.10770546383347171,2,0.0,3
38598104,45,0.2648864603960758,0.41039207144015094,0.03362221516402741,0.3872254688815793,2,0.0,3
38598916,15,0.04712124749293263,0.02697208807847567,0.04202776895503426,0.028719684074470883,4,0.0,3
38606078,33,0.07494568424435197,0.08300797779751833,0.03362221516402741,0.09962347047133993,13,0.0,19
38651382,72,0.05015398818090498,0.0325797508550667,0.030565650149115827,0.06493086619352824,2,0.3333333333333333,3
38655607,18,0.0546129843117694,0.0647030003041714,0.06724443032805481,0.03980543622499092,3,0.0,3
38672397,50,0.06652653507479393,0.07661646628732909,0.04202776895503426,0.07413915235812815,7,0.14285714285714285,7
38683189,33,0.08129952251795876,0.08641150628946874,0.128316236601549,0.06455268326369835,6,0.0,15
38698551,30,0.008691359192354527,0.017334367331933213,0.05603702527337902,0.011391682616694654,5,0.0,3
38703629,33,0.024356635322516196,0.04260338655695354,0.02401586797430529,0.0465447800105628,3,0.0,7
38716182,33,0.05796640858974462,0.051676447397472736,0.018679008424459673,0.05350328312952583,9,0.0,11
38716182,38,0.0031980623300104233,0.004417980883297932,0.018679008424459673,0.009567420471979546,1,0.0,3
38717123,33,0.04647242613306234,0.059224364269435815,0.03181481313429224,0.06303003171883823,29,0.07407407407407407,27
38735747,33,0.0603244102951486,0.07975168950463506,0.041756942238758574,0.07403476552050497,52,0.0,11
38737616,33,0.06969151060748166,0.07476989836598694,0.034752314079586184,0.07523644952543518,66,0.029411764705882353,68
38738625,33,0.059902341436163124,0.08707537837272362,0.025863242433867235,0.0883549610542715,19,0.0,5
38748221,90,0.11972507426073556,0.16738556009937722,0.02801851263668951,0.126934914473357,10,0.0,5
38765893,09,0.052337808170108975,0.06789250564068443,0.06724443032805481,0.04860408655563705,7,0.4,5
38772399,09,0.025589904847120554,0.05001422978465416,0.03839008742187247,0.049920533026032284,74,0.0,22
38772535,90,0.09837876539229587,0.10099732168724702,0.06724443032805481,0.06681606267509284,10,0.3333333333333333,3
38800732,33,0.023574273601353585,0.04774776407405621,0.05603702527337901,0.06000061341793096,4,0.0,4
38806988,34,0.03682749505962956,0.05355712753432189,0.048031735948610585,0.06006835175683295,2,0.0,3
38813199,09,0.028553636577675963,0.03141287279636611,0.05603702527337901,0.03636061254242459,4,0.0,7
38834879,90,0.04396749947486077,0.040020753519908595,0.022414810109351604,0.056668809932510264,10,0.0,6
38842764,55,0.10215668129696098,0.09576308393910835,0.05603702527337901,0.08738935691768926,2,0.0,4
38863790,09,0.05282501935292375,0.05766100921441361,0.06724443032805481,0.06070211209210868,17,0.0,22
38869215,45,0.1424479903970155,0.1832154928002128,0.04803173594861058,0.2162126811172486,3,0.0,5
38871512,42,0.10774845201664877,0.05448039518423925,0.11135184597002286,0.04869238974117894,5,0.6,5
38872495,45,0.08669082209609635,0.16891279142558588,0.048031735948610585,0.08925564200446476,5,0.0,3
38875234,31,0.05908151162878315,0.08204857922654989,0.2224148101093516,0.0684349886243514,6,0.0,10
38878062,38,0.013635988419811926,0.021347787170783186,0.05603702527337901,0.019641073297845993,2,0.0,3
38888259,15,0.12764672533599367,0.08503946469147533,0.17970939628002108,0.07217052644909651,9,0.2,5
38889859,45,0.33052691285589575,0.2192524330885009,0.2336222151640274,0.250280048213794,1,0.25,4
38899061,33,0.0726259705072994,0.04844759626491447,0.08908147677601826,0.05133790398684204,12,0.0,4
38900726,50,0.1793542174255464,0.12505534447697608,0.14846912796003045,0.13403492799064,1,0.0,4
38915439,31,0.05341724291571096,0.0772299336912968,0.037358016848919345,0.04507827306013838,5,0.0,3
38920229,14,0.05698113249676948,0.07996300267922707,0.028018512636689506,0.09462787908608698,3,0.0,7
38922252,71,0.3573918391262667,0.2865036317237962,0.15574814344268492,0.28409717332504847,5,0.0,3
38923104,09,0.10576336609281237,0.08871094103136581,0.024015867974305292,0.10533808512753304,7,0.18181818181818182,11
38937520,34,0.026760052943645682,0.02579625992062036,0.030565650149115827,0.02083467927592934,6,0.0,4
38954855,33,0.10460771848433385,0.1063669890992421,0.06724443032805481,0.08598236415060138,1,0.0,8
38967639,34,0.008190784296947978,0.01818702237376996,0.02401586797430529,0.010559299735119687,6,0.0,3
38978420,15,0.05004090329439086,0.04014001653427281,0.06724443032805481,0.035352022570003167,4,0.16666666666666666,6
38985773,44,0.03982319592909223,0.029171385855164142,0.06724443032805481,0.029253837296438507,4,0.0,4
38998824,33,0.12820218351444454,0.1607407246501512,0.10109764095879618,0.13371494340692783,24,0.07692307692307693,13
39000694,33,0.09971401282463302,0.25547481243613346,0.014009256318344753,0.22402731159876363,1,0.0,7
39014885,33,0.12922758191932043,0.15094563692970578,0.024015867974305292,0.16885358196893227,7,0.0,9
39021117,33,0.09654502827206453,0.08115536046701106,0.03362221516402741,0.08263554791758719,5,0.0,5
39039648,09,0.028219607209565047,0.0486311838726257,0.09781629535520366,0.04814014186562922,40,0.0,12
39048485,30,0.04261196366025356,0.04420661517638756,0.024015867974305292,0.03418466452522528,5,0.0,4
39053510,45,0.13342528147902938,0.213409922270138,0.06724443032805481,0.24791521056062346,4,0.14285714285714285,7
39066488,33,0.07824808194264363,0.06085550597189225,0.03362221516402741,0.09884587258117988,2,0.16666666666666666,6
39070065,90,0.0757085269120426,0.0664821313693669,0.03362221516402741,0.054342039302348044,3,0.0,5
39071655,31,0.03700291268640951,0.043237258587906925,0.028018512636689506,0.04536619366517383,4,0.0,3
39080628,71,0.14111149973041248,0.1508239490329267,0.19088887880575345,0.16908846600697555,1,0.0,4
39086059,45,0.28220161240047364,0.2703786836701859,0.29202776895503424,0.2675030494254351,2,0.3333333333333333,3
39086221,15,0.13231790880406416,0.1758940870711966,0.022414810109351604,0.13963847526135298,5,0.0,4
39086221,33,0.055185933088265166,0.06147508094588115,0.022414810109351604,0.06419534751100481,4,0.18181818181818182,11
39087100,33,0.10675453803737016,0.15236004701360098,0.013448886065610963,0.14533552541813097,12,0.08333333333333333,12
39090788,71,0.018875002986829877,0.0346814153766461,0.03362221516402741,0.02489533929002771,3,0.0,4
39098221,33,0.14440645522833595,0.2027369998809404,0.12147474105820673,0.16884613412239682,3,0.07142857142857142,14
39103990,45,0.19589893798696822,0.1697396354075615,0.06724443032805481,0.1681457073247448,5,0.17647058823529413,17
39104926,34,0.02152295053732407,0.027244972788038595,0.04803173594861058,0.024905220685514203,3,0.0,6
39111320,45,0.18149542281584047,0.13940806628660787,0.15574814344268492,0.11862047201150165,5,0.3333333333333333,3
39114735,45,0.016327666409489534,0.01530946101941786,0.06724443032805481,0.019342568263663044,2,0.0,3
39115519,33,0.05792183981842241,0.06357847625007808,0.145053137027838,0.0670202155574242,18,0.06451612903225806,31
39120927,45,0.3343813858093162,0.3516538548776067,0.05603702527337901,0.33759517388337446,2,1.0,3
39123006,09,0.03519363865943567,0.04637334815236963,0.030565650149115824,0.05294736635875091,18,0.0,9
39127865,45,0.269930202464498,0.23401511463777916,0.019777773625898474,0.22919639695413838,11,0.5,6
39138976,48,0.003757742409040875,0.006195168289243209,0.06724443032805481,0.0039137882035336,3,0.0,7
39139037,09,0.046427844210925356,0.06160616988147209,0.06724443032805481,0.05610766359818098,10,0.0,3
39140587,22,0.02206572033242464,0.011816066913338127,0.048031735948610585,0.02157911846112732,2,0.0,3
39144639,33,0.041211072351844756,0.02245640936586801,0.07860130303766319,0.023021131366129703,2,0.3333333333333333,3
39153528,90,0.17665751759125006,0.175633743627229,0.06724443032805481,0.17838550775003775,1,0.0,6
39156686,72,0.04226153486194609,0.03944987455289057,0.06724443032805481,0.04362109443638327,2,0.1,10
39157868,71,0.45111289324171344,0.36881949023628796,0.05603702527337901,0.39277075615272095,6,0.75,4
39197130,09,0.061661090224183895,0.05491896349284823,0.08652674635704719,0.0542693629834074,31,0.07692307692307693,13
39202627,34,0.031661730663963425,0.05046945439619062,0.048031735948610585,0.018579128889939726,1,0.0,3
39215369,79,0.04103058894236543,0.03850040996965905,0.06724443032805481,0.04513779689993759,4,0.0,3
39223296,15,0.11129828361828191,0.08489871004833302,0.030565650149115827,0.06593321519586906,7,0.0,7
39224504,39,0.01078782635336317,0.02460114176151549,0.145053137027838,0.021194627974392494,13,0.0,9
39224698,14,0.15697468524616018,0.10903401990251625,0.04202776895503426,0.1393699264912274,8,0.0,3
39230764,32,0.030163959476286452,0.048881685882216364,0.03362221516402741,0.07072374207429208,2,0.0,3
39230764,48,0.009741138391804951,0.011045292968147604,0.03362221516402741,0.011739157684625736,3,0.0,3
39230764,72,0.05112097191502773,0.034880487448397356,0.03362221516402741,0.04948233517375918,3,0.16666666666666666,6
39231218,33,0.04846727339604433,0.0781633072793049,0.03516374083263879,0.0854551687457387,13,0.11538461538461539,26
39234237,18,0.09338356476054248,0.059803624829301405,0.08908147677601827,0.07363457415654391,4,0.125,8
39234533,15,0.07539021229780493,0.05787260033007636,0.021013884477517127,0.05904962316856505,13,0.0,4
39241289,37,0.0241860633862718,0.02825565874458973,0.04202776895503426,0.012708800572348092,3,0.0,4
39248284,09,0.10470446619868336,0.08124191487309987,0.06681110758201371,0.06566800476413663,19,0.0,9
39251145,90,0.2272251259031119,0.08576625671534858,0.13362221516402742,0.16305938010927126,1,0.0,7
39263391,09,0.0565273105574845,0.058357622152061465,0.06724443032805481,0.0614472094617662,45,0.0,31
39280223,90,0.0346738965702409,0.02384455050612951,0.05603702527337901,0.02490615524892499,3,0.0,3
39299695,45,0.036628198480205244,0.04177122089389007,0.14846912796003045,0.04061659269630719,12,0.0,5
39321788,33,0.03101763119338302,0.024631324897973598,0.030565650149115827,0.028835167684516414,11,0.3333333333333333,3
39330111,33,0.03526423617855513,0.06426994451770764,0.024744854660005075,0.08105098124827131,20,0.07692307692307693,13
39331210,33,0.14182529920172673,0.14098400290718302,0.03362221516402741,0.10618929310900727,2,0.0,5
39342111,50,0.06481136456426627,0.1525816429519209,0.013448886065610963,0.16160911169345585,3,0.0,3
39342111,71,0.008210314899996223,0.007954163283036471,0.013448886065610963,0.01872612759539163,2,0.0,3
39343817,09,0.03080874558480165,0.03794437035563122,0.12147474105820674,0.03661150466446108,7,0.0,4
39362358,15,0.06988836469579227,0.08689776427538132,0.012931621216933618,0.07382701503821891,21,0.08695652173913043,23
39363972,45,0.09044626933676103,0.053075421396636784,0.048031735948610585,0.06336694691508961,1,0.0,6
39365029,14,0.056227247490577274,0.04030842838166702,0.03362221516402741,0.029104020494534925,3,0.25,4
39374206,15,0.06118412876655848,0.05467866785188053,0.19088887880575342,0.056565212839549746,11,0.0,3
39376931,14,0.08086718843718728,0.09745361966656649,0.030565650149115827,0.09525020370619064,8,0.0,7
39382835,24,0.03592306765066309,0.0631639760598716,0.013448886065610963,0.07948186977442344,6,0.0,4
39389872,48,0.0164208829732474,0.014522781286274966,0.030565650149115824,0.01602404889640833,5,0.0,7
39408677,72,0.010773352367157644,0.015328128773265674,0.11135184597002284,0.01354329337449904,43,0.17391304347826086,23
39417349,30,0.009845311306158764,0.01654348308842466,0.01601057864953686,0.007772190058529041,16,0.0,3
39421842,39,0.013725036393023696,0.021775635916960145,0.01601057864953686,0.02463859616759861,7,1.0,5
39421842,44,0.049080213850908404,0.04236909349341886,0.01601057864953686,0.046790062983564897,12,0.0,15
39423347,31,0.08618633091811173,0.07657165328246926,0.03362221516402741,0.07235979311505605,4,0.0,5
39427231,48,0.007975003489544712,0.010358271259628547,0.025863242433867235,0.00908780212048601,8,0.0,3
39453334,50,0.0645060549308542,0.0468029872908011,0.037358016848919345,0.04684562572212651,1,0.3333333333333333,3
39459829,38,0.030815441631591316,0.019825209785851942,0.18534567509112632,0.0222546023395129,3,0.0,3
39459829,44,0.2544821962023346,0.1890119870649901,0.18534567509112632,0.14599687829101038,4,0.3333333333333333,3
39465345,38,0.008946383639596718,0.009614105811673,0.048031735948610585,0.008421361316284683,1,0.75,4
39468849,18,0.0699825178360846,0.048917756060661816,0.07860130303766319,0.05471432036730212,2,0.0,4
39469334,30,0.018008401146628283,0.03607559813261881,0.05344888606561096,0.0315570710043765,9,0.25,4
39496478,33,0.11303938518049078,0.09929545916272103,0.01601057864953686,0.10561737323154313,11,0.0,7
39517560,44,0.06775509340652724,0.06934585844106378,0.019777773625898474,0.05120232278264572,6,0.0,5
39524274,09,0.02088408642323467,0.0339330980034624,0.028018512636689506,0.027306268303998876,4,0.14285714285714285,7
39526580,33,0.18424192590150718,0.126014079942773,0.10278631935694417,0.10741373904020876,1,0.0,4
39537875,39,0.015547714777970179,0.012279194042527253,0.06724443032805481,0.010809276992675435,4,0.0,9
39564055,90,0.05083750895056165,0.03751381373632931,0.048031735948610585,0.0413905669211749,1,0.3333333333333333,3
39568531,09,0.036180970999718176,0.042144987123104466,0.05139315967847209,0.045026607669629945,57,0.0,35
39572642,09,0.022563063961886495,0.031979625448784646,0.06314113923352091,0.028354016563857772,54,0.0,22
39573316,44,0.015654993616516417,0.020078905278786554,0.04803173594861058,0.019502698720320805,6,0.0,5
39576385,09,0.0354825238354556,0.037801599012005874,0.122959060612646,0.029328701394220297,38,0.0,7
39577504,09,0.039765715589751484,0.0375127147212946,0.019777773625898474,0.02968079399184824,75,0.0,39
39580810,33,0.061797765148892306,0.09108259941542458,0.06724443032805481,0.07864212830432388,8,0.0,12
39582749,09,0.04303776333545403,0.03623084114947917,0.11135184597002284,0.04025195343098854,54,0.0,20
39583282,45,0.09874830792926607,0.10174928509102117,0.048031735948610585,0.14129540289304643,1,0.0,4
39584988,09,0.016491142457559026,0.016433093670430773,0.1168111075820137,0.01513879811471459,51,0.0,11
39585960,09,0.03780449629008506,0.039061955361058956,0.048031735948610585,0.03755374886801122,26,0.0,5
39586236,09,0.060857632849418676,0.05449533079699411,0.018679008424459673,0.06033277427991425,30,0.043478260869565216,23
39587271,09,0.028863487109318853,0.049919799545205215,0.05567592298501143,0.042557259520266844,20,0.0,6
39588481,34,0.01610457201255055,0.0178802204468573,0.07423456398001523,0.014201171872274114,3,0.0,6
39589483,09,0.03450616048387293,0.050361054907933384,0.05603702527337901,0.04379441714883761,122,0.0,12
39590621,09,0.0363163633784078,0.029497448714477903,0.11135184597002284,0.03168547796726461,31,0.0,24
39592941,09,0.030983638258789924,0.041041041410102945,0.122959060612646,0.03822137903027019,59,0.0,25
39593306,09,0.05496574704121013,0.06374708117216189,0.06681110758201371,0.0611616174577941,36,0.0,28
39594527,09,0.023835715939524948,0.03249280841688027,0.1368262090164173,0.03201263398170476,83,0.02127659574468085,47
39594603,30,0.11740898608566874,0.115408623493256,0.028018512636689506,0.10377569122493861,2,0.0,10
39595350,09,0.03342115236044989,0.03808242321164392,0.1853456750911263,0.040204980890257765,45,0.0,9
39619088,71,0.043344912924249544,0.0282259375965064,0.05603702527337901,0.0352803581014678,1,0.0,4
39622195,71,0.05103439964367071,0.05636348261519608,0.2336222151640274,0.06828598410991478,3,0.3333333333333333,3
39624900,90,0.07265486894638322,0.10307997882285101,0.021013884477517127,0.09528373250085877,13,0.0,16
39625877,15,0.04622425966086083,0.03899451278789488,0.08351388447751715,0.03621161123000361,26,0.0,16
39628401,45,0.17039509795214838,0.14959000466142117,0.05603702527337901,0.18051495536716217,1,0.3333333333333333,3
39634860,09,0.028450273277456542,0.025582104233212742,0.06724443032805481,0.02907983105022804,62,0.045454545454545456,22
39635487,09,0.047574603079801894,0.05440225843230606,0.06681110758201371,0.06842022183389765,5,0.0625,16
39639696,45,0.6175822536546915,0.5239795414638754,0.2224148101093516,0.5580574944157964,2,0.0,3
39652998,33,0.054963804695908655,0.06566147548550876,0.02101388447751713,0.05728857585287137,1,0.3333333333333333,3
39670260,44,0.19088013057550296,0.194753614529718,0.04202776895503426,0.1842789707668182,4,0.25,4
39685014,15,0.16376292364066777,0.155762859585435,0.048031735948610585,0.09586105886158704,11,0.0,5
39693067,48,0.016019369645116698,0.016185519729741884,0.037358016848919345,0.01330064365973358,6,0.0,3
39704225,31,0.041148845887860254,0.04073477691930789,0.048031735948610585,0.0442876957176177,15,0.0,15
39705831,34,0.044693444066265194,0.07256162019711707,0.04202776895503426,0.04229964297515321,17,0.0,8
39711536,09,0.04431694131157203,0.05724884162445055,0.03650347111937928,0.059906787284120015,15,0.0,8
39720797,44,0.042451348022346645,0.03233990749063108,0.06724443032805481,0.041703248220290416,6,0.16666666666666666,6
39726263,09,0.03465286391474379,0.04733426149759312,0.05191604781422831,0.04907024434432692,145,0.029411764705882353,68
39727739,33,0.023880008684118492,0.025158136723261563,0.04202776895503426,0.03345056434983901,7,0.0,3
39744247,33,0.10067658340205991,0.11066917125702172,0.017695902717909162,0.12487421939488859,4,0.3333333333333333,3
39755327,72,0.005079846666138949,0.006251876891838427,0.06724443032805481,0.007406153729135028,6,0.0,20
39766763,45,0.0233475012467504,0.04948612793205781,0.06724443032805481,0.0779805599752137,1,0.043478260869565216,23
39770738,72,0.01701230938003557,0.014232431576762197,0.06724443032805481,0.02300163206988943,7,0.0,5
39772667,44,0.0048634540868307706,0.0024444501855679012,0.037358016848919345,0.0020972519901453243,1,0.0,4
39775233,42,0.01766188251397445,0.022873149529245382,0.037358016848919345,0.02196745480489548,4,0.0,4
39782701,09,0.03223836374226938,0.036479828030359755,0.2224148101093516,0.035137274245971205,18,0.0,11
39785646,15,0.12686649370835812,0.1195944446665698,0.024015867974305292,0.1956237695961081,1,0.0,3
39785646,55,0.07399047870180608,0.08459035195695584,0.024015867974305292,0.11491601041429916,2,0.0,12
39796845,09,0.020876092528822537,0.02920713221264996,0.10261965676231297,0.029068429507853304,8,0.0,11
39798690,09,0.1447728415603722,0.1268591148944979,0.048031735948610585,0.137635008996615,7,0.2,5
39803574,42,0.025838086307624582,0.03888151103364664,0.03362221516402741,0.04171320425592955,2,0.0,3
39803574,44,0.18132134491110036,0.17462839640906563,0.03362221516402741,0.12462470003761578,2,0.0,4
39806360,34,0.044356129555988354,0.06280164707682065,0.05603702527337901,0.06224930753290479,16,0.0,8
39807830,33,0.055523866134933125,0.06185567871500947,0.03362221516402741,0.05552950113572821,18,0.0,14
39810010,45,0.5333598989307705,0.4007524751077659,0.48908147677601826,0.40324025217252435,11,0.5,6
39812278,30,0.029778811703407394,0.024136283546494438,0.11135184597002284,0.014483537001131468,4,0.0,3
39821153,09,0.044660797217350105,0.04897685691903372,0.06724443032805481,0.05231947417305367,22,0.0,4
39822094,14,0.0974488716125885,0.09899034397620807,0.025863242433867235,0.09599279582440691,1,0.0,5
39828934,44,0.02340996085147518,0.025584968528434514,0.06724443032805481,0.022930815242150567,5,0.0,4
39833043,33,0.09404554887086286,0.11066751934105667,0.03362221516402741,0.13854811167062372,4,0.0,3
39852696,72,0.00425274056307743,0.0059594471844047715,0.06724443032805481,0.007839031649545365,4,0.0,28
39860150,33,0.04995560060277471,0.09270935907462392,0.02586324243386724,0.07936013219339456,3,0.42857142857142855,7
39868914,44,0.0291989437504645,0.022047432723505917,0.04202776895503426,0.030121733597347242,1,0.0,4
39871335,45,0.11724319288290275,0.11967780341199176,0.04803173594861058,0.14448256462459538,3,0.3333333333333333,6
39881694,34,0.056951694165267054,0.040327710148007005,0.05603702527337902,0.047569952111581985,5,0.6666666666666666,3
39894038,33,0.12035245305436124,0.0823517374928536,0.07423456398001523,0.07067772301550317,10,0.0,14
39894111,45,0.3562191596864081,0.3182805521287319,0.06724443032805481,0.34057245384886614,5,0.75,4
39908038,72,0.014724821920808288,0.01779647418292581,0.05603702527337901,0.01465487565348398,43,0.4838709677419355,31
39912334,09,0.0033834667633143188,0.016135498545610652,0.06724443032805481,0.009697485826123044,1,0.0,3
39912774,33,0.17392758837510391,0.0958260163287919,0.13362221516402742,0.08348330816683555,4,0.0,3
39921354,45,0.09754829646536566,0.09000788878842178,0.037358016848919345,0.09221961091150467,4,0.0,4
39927597,33,0.03575524721444267,0.034247312650834416,0.037358016848919345,0.041508190286563974,10,0.0,6
39950584,48,0.012093693257885375,0.015206921027668518,0.02586324243386724,0.010360612717417127,3,0.0,4
39952932,50,0.09523017488375113,0.07280469699149221,0.03362221516402741,0.07156839156859501,13,0.0,8
39957930,09,0.03085665808864911,0.03496444811137403,0.06724443032805481,0.040326862858592966,9,0.1,10
39971583,90,0.01697981828962446,0.015780679392170482,0.06724443032805481,0.011205620361040537,1,0.0,3
39986689,31,0.06699003044233187,0.07631531462732526,0.037358016848919345,0.07226333216332882,1,0.0,3
39996917,48,0.008615244710035925,0.013185477704922968,0.014618354419142351,0.011492152368271903,3,0.0,7
39996917,72,0.021283600621797218,0.02069318281025083,0.014618354419142351,0.036892132319053195,2,0.0,4
39999148,03,0.25063663988124363,0.15168635148076226,0.1905793625585812,0.08040110119123343,4,0.0,5
39999148,15,0.1451911702464676,0.09461239654888086,0.1905793625585812,0.07641352737849444,12,0.0,15
40010145,71,0.046188493000113184,0.05944300258565162,0.05603702527337901,0.038104349736000465,2,0.0,3
40026988,72,0.028370131676505393,0.029000572737018684,0.08908147677601827,0.059465306031574044,2,0.0,8
40027997,50,0.09790861685627639,0.11212897962296431,0.06724443032805481,0.0904649195168546,3,0.6666666666666666,3
40049680,09,0.009134891162210635,0.010003528304074066,0.048031735948610585,0.011768127271600797,1,0.0,4
40068174,85,0.37625972334636215,0.35349021258389496,0.06724443032805481,0.20373336920028703,7,0.0,5
40072264,39,0.014466820351603326,0.01484780971171534,0.018679008424459673,0.014627562414668524,1,0.0,4
40090765,45,0.37346461036993306,0.3481545308065728,0.1168111075820137,0.3080598955201023,6,0.3333333333333333,6
40094433,34,0.05457861860938687,0.03654200593066027,0.06724443032805481,0.049554896602573055,1,0.75,4
40098434,55,0.017460278884293946,0.03183037685470575,0.05603702527337901,0.024887082614448754,2,0.0,4
40098570,30,0.006366207082024494,0.0072404827522912635,0.2112074050546758,0.008356413370801258,10,0.0,12
40098570,32,0.008000898875534153,0.007240809658758892,0.2112074050546758,0.007780697685119389,3,0.0,3
40100480,90,0.04231111220773424,0.05961811454155239,0.030565650149115827,0.06536459759819678,6,0.0,5
40107642,14,0.12105157351691781,0.09979610464985939,0.030565650149115827,0.06927522580905755,3,0.0,5
40108819,79,0.05125773108053466,0.04815633231807902,0.05603702527337901,0.027480381379592043,1,0.0,3
40108887,79,0.16813298222807274,0.19805107371843422,0.04803173594861058,0.09431397531280271,3,0.2857142857142857,7
40108908,79,0.0020547549963519118,0.0021929489613246762,0.04202776895503426,0.0007984363610488992,7,0.0,13
40108934,79,0.03586550966756221,0.05858143484677315,0.030565650149115827,0.03462457794995732,14,0.14285714285714285,7
40108955,79,0.04620200251078408,0.06191304666635876,0.03735801684891934,0.04178811192460217,7,0.0,3
40109126,79,0.08059504645170364,0.10624271188902991,0.05603702527337901,0.05710104655665874,3,0.0,4
40109168,79,0.03127051341747546,0.02755101675306139,0.048031735948610585,0.03026515107955066,2,0.3333333333333333,3
40111046,09,0.03917598797729991,0.045277043441946906,0.1495249017806991,0.047211871499879286,47,0.0,30
40113001,09,0.07333805306664257,0.07754081640944464,0.06724443032805481,0.08582529098222615,11,0.0,9
40121960,45,0.14878018687510208,0.1470663150095892,0.017695902717909162,0.15118526908406618,12,0.25,12
40128332,33,0.03816935336822998,0.042041967278872425,0.025863242433867235,0.045122993380649415,13,0.0625,16
40130383,45,0.1336534790380333,0.13811997038534735,0.3651481464676256,0.17500409753003485,5,0.4666666666666667,15
40131916,90,0.019480664210706433,0.01667861275650913,0.04202776895503426,0.022396241275676024,2,0.0,5
40148165,45,0.5896331425716534,0.5011470686145123,0.12295906061264598,0.5343979609166399,34,0.75,24
40168024,33,0.04650666412855995,0.04930836509295245,0.028018512636689506,0.046235159338865794,11,0.25,8
40169080,45,0.39862933120475724,0.28068180163789275,0.04803173594861058,0.3309467586179721,3,0.0,5
40170358,31,0.02846543178323658,0.03856975204388886,0.04202776895503426,0.04532271976427802,4,0.0,12
40175293,30,0.015983764145458497,0.019278206070775752,0.02101388447751713,0.0165667238700846,20,0.0,14
40175293,48,0.01553424740105707,0.013518771617612137,0.02101388447751713,0.013177125948614768,4,0.0,3
40193574,33,0.038443120598057816,0.05119647960586036,0.05603702527337901,0.05761401963543326,2,0.0,3
40193857,24,0.03868554434181655,0.06665372474041595,0.014618354419142351,0.08196874962672944,10,0.0,9
40199288,33,0.0778201680626009,0.05384214275400672,0.10157487615827278,0.06220305539128496,14,0.0,13
40207010,44,0.034882466941298915,0.030845742853745042,0.12979011953557076,0.026824813768772073,8,0.0,4
40207010,45,0.14907942698088805,0.1689319381110304,0.12979011953557076,0.1658407225583043,2,0.0,6
40207890,79,0.07566005984970144,0.12915429053736271,0.04803173594861058,0.06230733456986006,6,0.0,3
40216507,45,0.2202469009774251,0.19074798306779422,0.048031735948610585,0.16920277313848786,2,0.0,5
40217888,32,0.01379174129716293,0.01822826270262212,0.03362221516402741,0.02534758565215157,5,0.0,3
40223320,45,0.4599301575335995,0.5056935530137029,0.04202776895503426,0.5030997554584468,2,0.2857142857142857,7
40223928,33,0.0378738417984585,0.05536873445788933,0.03362221516402741,0.07584760473528669,3,0.0,4
40227262,14,0.06962235439083887,0.07060273470974167,0.025863242433867235,0.07630651740576616,10,0.14285714285714285,7
40229151,24,0.13296719845596788,0.17052920228252397,0.21238383196729763,0.09080453540216309,5,0.25,4
40229453,45,0.27513664978773,0.36313533194639713,0.05603702527337901,0.40816864800339275,2,0.3333333333333333,3
40237768,09,0.1161803435068663,0.09524239353472701,0.06724443032805481,0.12964882295993252,4,0.0,3
40257391,34,0.11463373549790239,0.14478070096748627,0.06073737052910337,0.11557418609410584,14,0.0,7
40257915,09,0.0606327455833344,0.08624560607860605,0.04202776895503426,0.07682066048703273,6,0.0,3
40263782,90,0.04163932546669291,0.04662670762442598,0.03362221516402741,0.04816163025479481,8,0.125,8
40266233,45,0.41011461477403266,0.4766001238717996,0.030565650149115827,0.45890252684874455,6,0.8,5
40273408,45,0.06842930894129345,0.033460988304246986,0.09544443940287672,0.05410802405807984,1,0.14285714285714285,7
40277858,90,0.07109694016547764,0.08531341941521063,0.048031735948610585,0.056665796820282124,7,0.2,5
40283877,09,0.02584086165837948,0.04122620731560225,0.16702776895503427,0.025957045745690188,4,0.0,4
40286087,37,0.013919862080084057,0.013049398277446876,0.037358016848919345,0.009769898004330273,11,0.0,5
40292876,09,0.057723784177477595,0.03952729446027696,0.05567592298501142,0.049233419572047396,2,0.0,6
40293555,30,0.020558576337674557,0.03675571905987149,0.014009256318344753,0.02875473402303583,4,0.0,5
40293555,32,0.007913959254705978,0.007277520288352348,0.014009256318344753,0.007942856666002964,1,0.0,4
40309753,33,0.11619982426354104,0.09621907932309395,0.013448886065610963,0.10013738664182273,13,0.125,8
40323076,79,0.024003043513531608,0.042719537635332254,0.05603702527337901,0.053986797452480216,3,0.0,3
40333959,15,0.0466675777165835,0.0809905539714853,0.025863242433867235,0.057122363049238435,1,0.16666666666666666,6
40340772,33,0.10277110851276494,0.10487599422514769,0.10278631935694417,0.11252708555617512,15,0.2,5
40342130,72,0.013769357703157157,0.011467963463445524,0.06724443032805481,0.012078710041973455,7,0.0,33
40374335,34,0.11161334151493103,0.09926885617724518,0.03362221516402741,0.09362184856704787,3,0.0,5
40375543,15,0.055698984418742103,0.06535228769866404,0.022414810109351604,0.05858965755931007,4,0.0,5
40375543,55,0.03664007219744855,0.047188648837378375,0.022414810109351604,0.03792926283195662,5,0.0,3
40381599,45,0.18055521270524846,0.1603610368637228,0.21238383196729763,0.1626381655973438,2,0.2,5
40404935,50,0.134602877968221,0.17113350112296277,0.037358016848919345,0.13077640926860565,11,0.0,3
40422404,15,0.07047716225386255,0.049232101506965095,0.022414810109351604,0.05438269406157228,10,0.0,9
40436197,48,0.0012280845893946114,0.0006080670183331427,0.06724443032805481,0.002018139753068551,1,0.0,20
40439947,15,0.07615764262388046,0.12034657941489883,0.014009256318344753,0.12395570817788688,3,0.0,11
40442258,90,0.024523745783130525,0.025230591560639108,0.16702776895503427,0.02721485898592608,2,0.0,3
40450211,33,0.07985373090836564,0.07301960335268479,0.028430258545537747,0.10672985916382356,7,0.23076923076923078,13
40452418,45,0.40607520717143186,0.3938042933512338,0.14846912796003045,0.36997659292301593,4,0.0,5
40464528,09,0.03481771757385677,0.025731759833627636,0.06724443032805481,0.030481098447075226,14,0.0,7
40469699,15,0.0311979671032284,0.02977337979170763,0.06724443032805481,0.02714598265321476,33,0.0,35
40470243,72,0.004959688196449103,0.005306693222629497,0.06724443032805481,0.007183214963571456,34,0.0,5
40477029,33,0.06192501388046653,0.05020545180380584,0.0712497619798314,0.05377411583329405,83,0.06666666666666667,90
40478106,34,0.05699943271786182,0.04889586880600963,0.024015867974305292,0.0826596958910396,4,0.6666666666666666,3
40490605,71,0.03490048362448311,0.0663684149250618,0.13362221516402742,0.03550668401788741,2,0.0,3
40490605,98,0.014239418778185037,0.01543446357030575,0.13362221516402742,0.02160530309635146,4,0.25,4
40504235,45,0.3234055301697385,0.31085276155738784,0.10278631935694417,0.27645051071744164,3,0.125,8
40521344,33,0.052899154517896695,0.03132105808319148,0.015282825074557912,0.04527573534202841,5,0.0,14
40539205,90,0.046738255193090536,0.0686801753277097,0.14846912796003045,0.05474097020760491,11,0.0,3
40581739,33,0.05211842739445748,0.06389298334090678,0.06724443032805481,0.05966575273650538,23,0.0,30
40594397,45,0.02425146335816857,0.033759986738733296,0.05603702527337901,0.02110785757205723,3,0.0,3
40603406,45,0.21840384508156863,0.25730321624147123,0.12147474105820674,0.23444093171450664,8,0.5,6
40605911,48,0.006732979839912212,0.01144099381955233,0.05603702527337901,0.008451495320794896,3,0.0,3
40617513,09,0.04851348689536764,0.05192700898021694,0.013448886065610963,0.04491340182452369,6,0.0,8
40627579,09,0.07894779839823746,0.10723223071157537,0.048031735948610585,0.0885854448712931,1,0.0,4
40665499,55,0.052364467900671244,0.05911962529244082,0.030565650149115827,0.10024637713316195,4,0.1,10
40692920,09,0.13209873671683314,0.14096894028615084,0.04803173594861058,0.11887785227207827,6,0.0,3
40711560,38,0.010217955356423987,0.01242138551721324,0.09344888606561096,0.013345990841457888,10,0.1,10
40717358,33,0.03159181321707389,0.04148328675329503,0.2336222151640274,0.041514239158690194,2,0.0,6
40733720,15,0.09908214549365489,0.10303652961405783,0.04202776895503426,0.0998352073252122,4,0.14285714285714285,7
40733799,30,0.007853148221828326,0.009073475942259135,0.048031735948610585,0.008181440471337315,10,0.0,7
40750285,30,0.012496162809512783,0.018992658428791998,0.07536200489162174,0.015150884271325183,10,0.0,6
40771111,71,0.06596684044805383,0.06102641074611661,0.13362221516402742,0.0787406632023514,7,0.8,5
40777092,45,0.16400290280070362,0.20356330007428952,0.13362221516402742,0.18261794507843876,8,0.125,8
40819184,33,0.02159303457025915,0.02428397115912035,0.030565650149115827,0.022891438934247395,2,0.0,3
40820760,44,0.08506738154057501,0.1067239884360904,0.06724443032805481,0.10500123580286512,1,0.0,3
40822312,33,0.09010521600955085,0.10125221487036126,0.06724443032805481,0.1511486559964317,4,0.6666666666666666,3
40826029,38,0.01723732481372213,0.023944077906913434,0.03362221516402741,0.014660472039855741,4,0.0,3
40835342,45,0.2264724993781847,0.19275568731492831,0.03362221516402741,0.16991451998490242,2,0.0,3
40840299,33,0.015904403489594827,0.028014282581692924,0.06724443032805481,0.02140461064821165,9,0.0,5
40845612,09,0.041376736274234556,0.022930844449307868,0.06724443032805481,0.02634082331493646,14,0.0,5
40865183,42,0.04502947716339405,0.027093979778340938,0.06724443032805481,0.026392213462113366,1,0.0,3
40866700,15,0.08546939704115396,0.11587142582997416,0.011593867297940486,0.09500302608170708,27,0.0,60
40866700,33,0.09445023548079065,0.09058927845471779,0.011593867297940486,0.09225209475625488,38,0.0,5
40872122,71,0.062138311012704256,0.0276726121320799,0.05603702527337901,0.028395035623312838,1,0.0,3
40877513,31,0.007258736212121017,0.004143460693396471,0.06724443032805481,0.005501619910982421,1,0.0,5
40879290,09,0.038524958352092444,0.03579440162191494,0.03362221516402741,0.03903092413304164,28,0.058823529411764705,17
40884096,09,0.11471071964686269,0.11569556133136055,0.014009256318344753,0.09854224015231,1,0.0,4
40884405,45,0.0159159726290436,0.01894599825919977,0.06724443032805481,0.02654483191702566,1,0.0,3
40894078,03,0.021867475337763398,0.03600816031525948,0.06724443032805481,0.0430199765340822,2,0.0,6
40899998,45,0.14038713798244457,0.09526303161016692,0.06724443032805481,0.1392783396696168,1,0.0,3
40903202,44,0.26500037773412827,0.22678967990915655,0.03362221516402741,0.17628676286134337,4,0.3333333333333333,3
40939820,38,0.011103579491465829,0.018008149460492874,0.009339504212229836,0.015328112208158176,5,0.0,4
40945017,45,0.22176038557794367,0.17592420016730162,0.04202776895503426,0.08926835425942904,1,0.0,3
40945059,79,0.020151991958229146,0.04363311235524182,0.06724443032805481,0.04212637900271373,12,0.1111111111111111,9
40947480,45,0.03033803720173314,0.02035926910667168,0.2336222151640274,0.014083043313704137,4,0.6666666666666666,3
40954000,30,0.007781710963464907,0.006413300975226378,0.07032748166527758,0.011907031043898427,3,0.0,5
40954215,15,0.08437389146789367,0.10799300511356306,0.048031735948610585,0.09642966186748489,15,0.0,3
40955004,45,0.019864640336517563,0.01548414543076254,0.037358016848919345,0.026057407392872822,3,0.3333333333333333,3
40956872,09,0.06396847012459726,0.07289813902972007,0.012007933987152644,0.07677396724540697,3,0.05555555555555555,18
40957368,33,0.18243502921720578,0.15131904418452244,0.02101388447751713,0.1579103116111056,3,0.0,11
40957368,38,0.007236844484971376,0.008297418782110851,0.02101388447751713,0.00765822167843385,3,0.0,4
40980926,33,0.06545487092474078,0.11269967434811758,0.022414810109351604,0.1370997681938069,3,0.0,12
40986912,03,0.02285474293650417,0.01727113177765732,0.03362221516402741,0.015870204243899268,1,0.0,3
40986912,55,0.029093489715443562,0.03926699339522294,0.03362221516402741,0.029720501731349862,3,0.0,5
40997861,15,0.09318532744936124,0.0915791117880869,0.048031735948610585,0.06065379091678618,1,0.0,4
41002072,34,0.007990222168237759,0.014634174548488253,0.05567592298501142,0.012758104811693982,3,0.1111111111111111,9
41003486,30,0.030893454777496117,0.04833258565876695,0.019777773625898474,0.024547482567153864,2,0.16666666666666666,6
41003486,32,0.007274649627716822,0.00894639965467142,0.019777773625898474,0.01634108713448469,1,0.5,4
41003486,48,0.017522265532046683,0.016485530404183265,0.019777773625898474,0.01651223796945561,3,0.4,5
41009874,09,0.07366214917649624,0.07972781479472449,0.06724443032805481,0.06477728682590154,3,0.0,3
41022256,09,0.0694415502683268,0.08411377401639204,0.12227036919400457,0.08083174710116335,8,0.0,19
41030210,34,0.03421987266404925,0.05009956785564321,0.05603702527337901,0.04005101905964382,9,0.0,6
41037833,45,0.3969252233278314,0.31193629897698694,0.15574814344268492,0.321775042609568,21,0.15789473684210525,19
41041022,45,0.2221961442963021,0.24257325979519748,0.12147474105820674,0.24786903569813196,2,0.6666666666666666,3
41041305,33,0.013514252243770094,0.02510080636752347,0.037358016848919345,0.027383340178450465,1,0.0,10
41047696,15,0.11092222672149205,0.1164547276947829,0.037358016848919345,0.0967197614611084,34,0.2,15
41055889,09,0.15008437118951898,0.11359197583663337,0.08351388447751713,0.11530243228632754,7,0.0,4
41065510,33,0.018609481960863594,0.0376963401274208,0.12147474105820674,0.034649380623334065,16,0.0,23
41074702,45,0.018370619683513358,0.02334420903132773,0.017695902717909162,0.03607485679198937,1,0.0,5
41077401,33,0.071700908526407,0.08021946394902232,0.06724443032805481,0.0844511876937216,28,0.14285714285714285,28
41083942,72,0.013658565736092311,0.004953957451417428,0.06724443032805481,0.00813746718437725,9,0.0,4
41086393,33,0.033780730304907684,0.045221308486104485,0.010188550049705276,0.04032560847269382,3,0.0,20
41087308,45,0.29322589000578875,0.24733942465502667,0.05603702527337901,0.24444453138063785,3,0.3333333333333333,3
41087491,09,0.03665596705603704,0.04876663409529956,0.04326337317852359,0.054169254955303205,28,0.0,6
41104270,31,0.03309829610504786,0.04124102926029801,0.11135184597002284,0.020389467161519174,2,0.1111111111111111,9
41114116,33,0.07967984270918067,0.10008606852597014,0.04803173594861058,0.10710197595589054,6,0.0,3
41114179,14,0.023141388654362275,0.02337434152567703,0.048031735948610585,0.02277077903301879,4,0.0,3
41131435,09,0.048700896748487724,0.052972544474224045,0.10425694223875856,0.0657874721724221,2,0.0,4
41136522,30,0.01792703657102888,0.01696834093635475,0.06724443032805481,0.016017984350637726,10,0.0,6
41139172,33,0.030267059088275133,0.028213550110281895,0.011207405054675802,0.04060476338751048,6,0.0,5
41150966,45,0.2366741656627082,0.236273302837138,0.2336222151640274,0.2628795596640604,5,0.0,3
41152392,16,0.012411462588866289,0.011474022089607532,0.022414810109351604,0.006928959210305165,3,0.0,3
41165265,33,0.11052831931949615,0.13288413774682012,0.04202776895503426,0.1381688858007593,3,0.0,3
41166955,09,0.0524177873847137,0.05092341190410708,0.018679008424459673,0.052017448896079586,5,0.0,5
41172560,39,0.010643196731217976,0.0086739010787106,0.23362221516402737,0.012359298739725418,9,0.0,3
41179608,45,0.09857797866613674,0.12695780977086601,0.025863242433867235,0.10778236717410924,1,0.2,5
41180299,72,0.008741622321062563,0.010831446633347645,0.06724443032805481,0.01691621514946752,2,0.0,3
41180896,33,0.04272296780293728,0.043406235032608494,0.06724443032805481,0.040684636003081705,8,0.0,5
41195855,90,0.0626522258017261,0.09143339131917737,0.06724443032805481,0.06886363859320854,6,0.0,6
41198044,45,0.05041471148406429,0.07605014608723229,0.06724443032805481,0.09791310324962138,1,0.0,4
41198416,45,0.08802279144050379,0.09919498012963662,0.04202776895503426,0.10317076430473848,6,0.3333333333333333,3
41200257,09,0.06239102391501868,0.07339634786202656,0.016811107582013703,0.0768202996602655,14,0.0,4
41202432,15,0.14060820273914057,0.11504477574960496,0.011593867297940486,0.11785930507554174,10,0.2,15
41206217,30,0.010174255350772966,0.013810681722783559,0.028018512636689506,0.01194352295063392,17,0.0,7
41207006,79,0.008301579693466394,0.02019152166204679,0.048031735948610585,0.01024805608307352,1,0.0,3
41224168,09,0.03448638587621892,0.035305537880270604,0.07413827003645053,0.032329510192213924,10,0.05,20
41226563,30,0.00953779168692443,0.008418511306309624,0.04202776895503426,0.010003003397590943,2,0.0,9
41235604,45,0.03518542126763939,0.039923995958510164,0.08985469814001054,0.04094799117634633,7,0.0,19
41255327,45,0.09552958251206982,0.13042960478523677,0.12147474105820673,0.1696079609472496,3,0.3333333333333333,6
41267243,45,0.18080005409221864,0.1806692277465621,0.19088887880575345,0.16250240353696901,3,0.3333333333333333,3
41272101,39,0.04192186272323341,0.1437667354905639,0.06073737052910337,0.17596999111029824,7,0.0,4
41275610,45,0.33213587386693755,0.30264517543992275,0.07860130303766319,0.2469092715948033,2,0.2222222222222222,9
41291061,45,0.07591129955818926,0.11306958778037651,0.2227036919400457,0.16614519042705042,1,0.6666666666666666,3
41293755,09,0.024820693951053668,0.023153815640614094,0.06724443032805481,0.02499661427048577,16,0.0,5
41305388,42,0.0762844048884594,0.04315376377797758,0.018679008424459673,0.05768541431170466,3,0.16666666666666666,6
41311847,03,0.022064355126613987,0.036219397850323146,0.06724443032805481,0.02763923104169143,3,0.0,4
41311847,15,0.09537970386335505,0.102868298892907,0.06724443032805481,0.0929349771335643,43,0.025,40
41317236,71,0.07594249782668677,0.09201551323147611,0.06724443032805481,0.14270359263908303,2,0.0,3
41319055,45,0.5108603984711276,0.3397190449920291,0.06724443032805481,0.34629328053578595,3,0.0,6
41319819,09,0.030459478089916975,0.03367812852649764,0.030565650149115827,0.03034098290157083,14,0.0,6
41323412,14,0.1066989143466078,0.14467720450605548,0.043103940375492714,0.06933280584128373,9,0.2857142857142857,14
41323412,44,0.27138128955176305,0.22569480844994494,0.043103940375492714,0.2636962430217952,4,0.09090909090909091,11
41331842,33,0.05329132110471476,0.05187930273640968,0.03362221516402741,0.060841608613010086,6,0.0,7
41334204,09,0.04213119232531656,0.05083035066412658,0.024015867974305292,0.05816910920984497,9,0.0,4
41335022,33,0.13728737407401773,0.12053994740294459,0.06681110758201371,0.112489403494594,15,0.08333333333333333,12
41336264,33,0.09869394462776512,0.07435568394106823,0.04202776895503426,0.10371157314502616,2,0.0,4
41343340,45,0.1962873626856032,0.24855748421765134,0.06724443032805481,0.18100872715189645,1,0.0,3
41347407,38,0.012014237340026978,0.014573344815382411,0.05603702527337901,0.0203513368670582,6,0.0,4
41351104,09,0.061938296926710705,0.07088377169886995,0.04607662591863014,0.0754550076181312,8,0.0,4
41356537,50,0.05237430621005629,0.04809119973857049,0.04803173594861058,0.06589814631581935,3,0.3333333333333333,6
41362870,30,0.0038110064862026064,0.005127593464951083,0.07423456398001523,0.00546038869006881,3,0.0,5
41367994,09,0.1494701408051047,0.1481352784581964,0.05603702527337901,0.12075270384437244,11,0.0,3
41372742,50,0.1295910253602694,0.10346842760736906,0.06724443032805481,0.12320157157582391,3,0.0,3
41373547,50,0.12395462450420687,0.15579846514917078,0.05603702527337901,0.1391578987161724,2,0.0,5
41375408,42,0.012600980431081495,0.01585722169067499,0.05603702527337901,0.018559762090480554,4,0.0,5
41390227,45,0.29788058666082495,0.3588960316769433,0.02801851263668951,0.3869127338538853,5,0.25,4
41397479,45,0.029097751024932027,0.012915021361902262,0.037358016848919345,0.018183549145750776,4,0.0,3
41397479,71,0.023361935825682124,0.016959780393311308,0.037358016848919345,0.007484622316438602,1,0.0,3
41404407,33,0.04782647921874264,0.04596560397798128,0.018679008424459673,0.039534697352997965,25,0.05555555555555555,36
41412376,45,0.5727969512026385,0.4666765824926941,0.11504214316000946,0.41851301926984913,13,0.625,8
41412418,34,0.04007769658011947,0.027294835718232293,0.05603702527337901,0.016701922512769866,3,0.0,6
41419883,33,0.029051925295837697,0.04321462279322252,0.11118518337539164,0.04564537099569198,65,0.0,43
41424340,33,0.03370905276629634,0.058203698331307244,0.04202776895503426,0.05579835564613288,5,0.08333333333333333,12
41424340,38,0.015193703969564742,0.01762625122977364,0.04202776895503426,0.013386542124457872,4,0.0,3
41427817,09,0.038247492818644445,0.06974881765253944,0.029202776895503425,0.07182944828073794,546,0.008928571428571428,112
41435970,15,0.10187338621512826,0.11134682113930389,0.06724443032805481,0.07806000440988035,16,0.0,4
41442772,45,0.20411518135974074,0.18673855668269854,0.07032748166527758,0.23240902522108295,12,0.3333333333333333,3
41447959,09,0.04022198420175968,0.03616370614275121,0.14846912796003045,0.045802719100225306,23,0.0,23
41448905,45,0.13838469831795241,0.32166012759131873,0.051393159678472085,0.3104081787250248,1,0.5,4
41449359,09,0.026807278635682115,0.04816884042271209,0.031205977494972358,0.04512457525681346,335,0.009009009009009009,111
41457155,71,0.22264913001381986,0.19737344231761206,0.048031735948610585,0.16959534455182584,2,0.7857142857142857,14
41457417,45,0.1210699608831317,0.17379080953322637,0.02586324243386724,0.16950239855157223,3,0.0,3
41457569,34,0.03674456094688509,0.03968285213950519,0.030565650149115827,0.02727524735957264,4,0.0,3
41466070,39,0.078027480535716,0.0664551275103453,0.05603702527337901,0.08302132308158817,3,0.0,4
41468654,09,0.03742003546786157,0.039691829996305446,0.05603702527337901,0.039854637036446365,30,0.0,19
41471604,45,0.3205071040634159,0.2960004628055333,0.06724443032805481,0.24232909411928075,3,1.0,3
41480582,71,0.029792594474199123,0.028881574930323305,0.05603702527337901,0.022322803748357784,4,0.0,6
41485685,45,0.15060315712066,0.15518349942466905,0.13362221516402742,0.16345401579767105,4,0.5,4
41488340,33,0.054722714222391104,0.0798867992494426,0.06362962626858448,0.08193065780462379,30,0.0,3
41493759,33,0.09050072228530048,0.11275032715703019,0.011593867297940486,0.12976953300305055,13,0.15,20
41511636,45,0.21860389506324862,0.23998996699209627,0.05603702527337901,0.2264955174667709,3,0.0,6
41513188,09,0.02130606240245197,0.025259742820833993,0.025863242433867235,0.02953704947758048,8,0.0,24
41514045,15,0.11018545831077088,0.10040450770357484,0.04803173594861058,0.10176817476380867,12,0.0,5
41522098,33,0.03613037014755736,0.03833508256137003,0.06724443032805481,0.04080755483165717,40,0.0,9
41522192,32,0.006093259114049073,0.011995881050636504,0.014009256318344753,0.015666697895643927,3,0.0,3
41530346,33,0.11208766517541217,0.1168553821500493,0.04948970932001015,0.13500573667753893,16,0.0,20
41530346,38,0.012502326928178285,0.019773590498920694,0.04948970932001015,0.026249920851605275,1,0.0,5
41554748,30,0.014180564253867652,0.014161447091173583,0.051393159678472085,0.016349720917276506,9,0.0,11
41558082,90,0.03501030094453151,0.0366664486080045,0.037358016848919345,0.03234994759009145,17,0.0,6
41559270,09,0.03493227464802722,0.04636170776396853,0.10109764095879617,0.04575644474520101,190,0.0,41
41569560,44,0.06869797130707475,0.10501725947355742,0.05603702527337901,0.13261152845347485,2,0.0,3
41571077,48,0.02303920706911831,0.018758011579680364,0.048031735948610585,0.020638895097932496,1,0.0,5
41578292,33,0.21915316833964044,0.07118095434270089,0.19088887880575345,0.1507748683516612,1,0.16666666666666666,6
41582068,03,0.11440876577919219,0.15898849571078685,0.06724443032805481,0.06917822427919183,3,0.0,3
41587616,38,0.03518606370861212,0.013814771647308169,0.04202776895503426,0.03340847149924268,1,0.0,5
41589304,15,0.10693579813554638,0.07315575832999974,0.08554415773436601,0.06744802673162753,3,0.05263157894736842,19
41602230,32,0.006299001413179473,0.008821051641577097,0.05567592298501142,0.008495465491273665,8,0.0,4
41610262,45,0.08380240916288458,0.08938145428398554,0.37069135018225263,0.07669760116457511,4,0.0,3
41612783,79,0.04787404969640683,0.03920630875352989,0.05603702527337901,0.07030070287065941,3,0.0,3
41622718,33,0.09089712602549277,0.10251031683452624,0.025863242433867235,0.12029097022916574,13,0.0,8
41632616,33,0.011301294984702916,0.02761859290853678,0.05603702527337901,0.025911140810313087,2,0.0,3
41644003,33,0.017352422832254417,0.03445701946619844,0.030565650149115827,0.046974399716122155,4,0.0,6
41644946,30,0.0032872253541676322,0.0021333148359271277,0.04202776895503426,0.002225451176394994,1,0.0,4
41651246,30,0.004300768571118596,0.003973148594130687,0.04202776895503426,0.003227883857576175,1,0.0,3
41665589,09,0.04131986322048468,0.050569719010726995,0.06724443032805481,0.04396568812090496,70,0.0,13
41676522,34,0.04710140617007719,0.033413789074834034,0.1235637833940842,0.031524908723504656,6,0.0,3
41676695,39,0.01250900756507263,0.014871714054898844,0.2224148101093516,0.008929615936224265,12,0.0,7
41680942,79,0.02818126581345962,0.0394496428244316,0.03362221516402741,0.04509876220031483,9,0.0,5
41683524,37,0.0045489622174304046,0.004112860302695268,0.030565650149115827,0.0032458694318354244,27,0.0,6
41686483,37,0.01442620868053022,0.01736395233717424,0.06724443032805481,0.004508369173836527,1,0.0,3
41701548,09,0.06022203095279647,0.08193505563981313,0.037358016848919345,0.0791149994241988,6,0.0,32
41707796,77,0.028347053215816053,0.019988960325638964,0.06724443032805481,0.014936377834071798,3,0.0,4
41714500,09,0.13140717098786428,0.08382765035186361,0.04803173594861058,0.06273780582109628,3,0.0,8
41716575,44,0.07111946448344099,0.038923252559765094,0.19088887880575348,0.03728722543904534,13,0.0,3
41718792,45,0.3134924518427037,0.34168394146123154,0.08351388447751713,0.34777399576837853,2,0.4444444444444444,9
41719136,45,0.10613716082872525,0.11754380033480752,0.06724443032805481,0.11704916034190789,7,0.0,3
41728863,33,0.07799481938255105,0.10038383952577397,0.11135184597002284,0.11946000315346961,12,0.0,13
41731242,45,0.4277998554084657,0.3618101687796044,0.2227036919400457,0.2973031555877459,1,0.6666666666666666,3
41744108,09,0.03733881813888116,0.040644218599812494,0.06724443032805481,0.03432937511269748,3,0.0,3
41744424,55,0.07796703665996726,0.10237265104683971,0.17970939628002108,0.11260182735115869,4,0.0,7
41744728,09,0.010703288048779375,0.015433988537857258,0.04202776895503426,0.011731075411376147,5,0.0,5
41746840,71,0.3527274810173803,0.3462750008920202,0.15574814344268492,0.4132871440124342,11,0.6666666666666666,3
41755462,33,0.1307230186114086,0.07284412684068134,0.07860130303766319,0.0741390328637664,6,0.0,6
41761118,09,0.040656250382658146,0.034885649488892397,0.053448886065610955,0.035703598110452886,20,0.0,5
41778757,45,0.023856442234795366,0.0159490349353355,0.05603702527337901,0.028743302116174294,1,0.0,7
41788608,90,0.14113249620781845,0.19195253724479588,0.04202776895503426,0.15221515351245224,9,0.0,6
41791689,33,0.02939023079539762,0.042814943192495285,0.06724443032805481,0.037518244466992694,10,0.0,6
41799955,39,0.03313849558191278,0.030607189007182654,0.04202776895503426,0.03533942071590241,14,0.0,5
41803243,42,0.14150745944408882,0.10065986517424788,0.19088887880575345,0.11872384811660502,2,0.75,4
41805476,33,0.020851867761685464,0.03351747492334826,0.030565650149115827,0.038607256878558996,1,0.5,4
41808629,45,0.06065149385490535,0.13762880190999321,0.05603702527337901,0.1750248212551564,1,0.0,4
41823846,09,0.037799910365534206,0.044650723263559254,0.05809661528870757,0.04211206538036651,27,0.047619047619047616,84
41829696,09,0.0613497296338041,0.06526621296375242,0.017695902717909162,0.05340691816256498,46,0.11764705882352941,17
41832431,90,0.21743397088729136,0.15800343021818916,0.05603702527337901,0.2223401241317366,1,0.0,4
41835359,09,0.042175765224675005,0.04893918813609395,0.01601057864953686,0.04423766685461982,172,0.034482758620689655,87
41855003,18,0.03970708507216974,0.02948520622643783,0.04803173594861058,0.026238439106766213,3,0.0,3
41857346,55,0.05516108982988225,0.08234093922509446,0.04202776895503426,0.15808012889987672,1,0.0,3
41860186,30,0.014919815280352352,0.022987819773176637,0.03768100244581087,0.015636093588554813,26,0.0,3
41861043,39,0.02250870481811476,0.018949465653864517,0.048031735948610585,0.017140596921640522,2,0.0,3
41863208,33,0.06820334449676081,0.09263874964715922,0.039300651518831595,0.0938014063061025,15,0.0,8
41863915,09,0.022993930735375406,0.03976015495125026,0.06724443032805481,0.04740756653606169,5,0.0,3
41876086,03,0.05388375948734497,0.03728400204344827,0.037358016848919345,0.037319051686129576,2,0.16666666666666666,6
41879354,39,0.01956437334991484,0.023436577647087176,0.16060082043112126,0.021552474649855328,7,0.0,7
41879354,45,0.5404908716221011,0.40933202541027325,0.16060082043112126,0.3624008049533576,1,0.3333333333333333,3
41881830,16,0.018666734924483126,0.009882564273771221,0.04202776895503426,0.01915330782086401,1,0.0,3
41884537,09,0.041085036752944705,0.042831782029132945,0.014618354419142353,0.04516800384149935,85,0.0945945945945946,74
41893248,15,0.05054471046286041,0.05326990264109649,0.06724443032805481,0.06398222462787499,23,0.0,15
41893248,33,0.022170900681505252,0.0343561859684611,0.06724443032805481,0.02976050533594399,4,0.1,10
41894173,34,0.013795978812587923,0.02612401549412312,0.04803173594861058,0.021602437181062566,3,0.0,3
41911015,44,0.06478618080063567,0.1181361412542929,0.16702776895503427,0.10912320228280703,1,0.5,4
41912883,50,0.011477232311257128,0.015407946380043433,0.06724443032805481,0.022647511537414032,2,0.0,3
41915030,09,0.052808109143969065,0.05160379018753631,0.029572432299243973,0.04983061374255218,46,0.05405405405405406,37
41916045,09,0.03664269722479219,0.0379862127165416,0.030565650149115827,0.04154200943177594,90,0.0784313725490196,51
41919370,34,0.03841715466595418,0.05722313567162829,0.01601057864953686,0.03173898881482643,4,0.0,4
41934472,45,0.006516270094287902,0.006314013019769612,0.024015867974305292,0.010341420356886922,2,0.0,4
41937138,24,0.04075279591365572,0.046795542406946944,0.037358016848919345,0.029397999739679357,1,0.0,20
41943288,34,0.013847358169134544,0.02402405467418871,0.05603702527337901,0.02170209525208601,3,0.0,3
41945861,71,0.14186763499548152,0.08516421466383926,0.06724443032805481,0.11651040274901889,8,0.0,6
41947764,90,0.13185411714528245,0.17595577768157403,0.048031735948610585,0.13766299270201665,4,0.0,3
41956061,03,0.0752942168836794,0.19512320039459333,0.06724443032805481,0.12544251469738646,4,0.4,5
41956061,15,0.11509734256664451,0.15339387910871172,0.06724443032805481,0.11481672754079814,34,0.5882352941176471,17
41960916,34,0.011132565694456096,0.02425789675340219,0.028018512636689506,0.011001389231602725,6,0.0,9
41963063,72,0.01679946549747871,0.024485867832518906,0.06724443032805481,0.012126291512388077,21,0.0,7
41964638,33,0.036913636616673434,0.022959858291519777,0.06724443032805481,0.02918198455351584,5,0.0,4
41966593,45,0.09864300987294335,0.0734303166068653,0.06724443032805481,0.06743580547505348,1,0.3333333333333333,3
41977762,42,0.046281619074463286,0.05017300104355755,0.02101388447751713,0.056731963229250094,4,0.0,5
41977762,50,0.06996408302606964,0.08955119523540321,0.02101388447751713,0.07211683306783172,3,0.11764705882352941,17
41980864,71,0.06553034785933547,0.034456205821272776,0.05603702527337901,0.06796411043516663,1,0.0,3
41982809,33,0.01617887105429359,0.010570082437141312,0.019777773625898474,0.012288542784713356,6,0.0,9
41986541,44,0.030172845613389575,0.008679377959967276,0.04202776895503426,0.007445653983845071,1,0.0,3
41987461,09,0.04872250820847449,0.06099698496061298,0.06724443032805481,0.05600472538366194,27,0.0,9
41988858,44,0.014455363491746538,0.012551887015902747,0.06724443032805481,0.018859703167543897,6,0.0,7
41999833,09,0.03639627740051761,0.03414499585075611,0.10278631935694417,0.03504190335572739,68,0.01282051282051282,78
42010964,09,0.03733365582700563,0.03579241847812164,0.030565650149115827,0.033513242912240684,25,0.0,20
42013298,45,0.29564684016232157,0.24253998139518226,0.06724443032805481,0.25785156070488147,2,0.3333333333333333,3
42019312,31,0.08832357165304067,0.1357764996188647,0.04948970932001015,0.1349802783267869,4,0.2,15
42021505,90,0.041290244709287764,0.060548028403439716,0.048031735948610585,0.07163869895975719,2,0.0,3
42031167,42,0.015067307448056705,0.012524816817307185,0.06724443032805481,0.01300197129949581,1,0.0,5
42032202,34,0.01960367545960314,0.03024857420345898,0.05603702527337902,0.024156577081099462,5,0.0,4
42035266,09,0.05071342813230676,0.04190713439146973,0.10278631935694417,0.04573505343891284,27,0.0,129
42036301,30,0.008202394275694911,0.009976568620204976,0.05840555379100685,0.009109855985064612,14,0.0,13
42038529,31,0.06576112196162792,0.051703461379925875,0.06724443032805481,0.04225215097946452,12,0.0,13
42045138,45,0.08826867926955898,0.12415877301707806,0.04202776895503426,0.15665679967226329,2,0.0,3
42046647,44,0.28001455987320806,0.1787771816566619,0.2595802390711415,0.095543991852784,5,0.0,5
42054231,45,0.0196135203388163,0.03084280706777735,0.02586324243386724,0.033991716821509727,6,0.0,6
42055455,71,0.2394121940179895,0.29228262621415757,0.14846912796003042,0.2841852509579978,27,1.0,6
42056129,09,0.04154950285728925,0.04233192285499091,0.03362221516402741,0.04239890882661181,47,0.0,27
42065463,03,0.0717138104632359,0.09145845447286544,0.048031735948610585,0.06025439090611415,9,0.0,6
42065463,15,0.14845970809358353,0.1291372295907527,0.048031735948610585,0.1676083598199253,1,0.0,4
42079460,38,0.006382049286070811,0.008570693583695081,0.06724443032805481,0.0076735897198919835,4,0.0,3
42082379,09,0.030431842276957305,0.031432702217958554,0.014618354419142351,0.03503180012071866,96,0.023255813953488372,172
42086719,09,0.04976177734212748,0.03955118884732618,0.022414810109351604,0.046237294313765186,42,0.023255813953488372,43
42090458,09,0.05614176103118597,0.1197398494582972,0.05603702527337901,0.11085188850479548,7,0.0,4
42092130,09,0.049797058657345905,0.043009424602277545,0.2780185126366895,0.04644146952892781,79,0.0,78
42092827,79,0.035920012324078945,0.022335726537197714,0.19088887880575345,0.027535298433422846,4,0.0,5
42093239,09,0.026855034290766876,0.02567562558546388,0.02101388447751713,0.025191942193873378,42,0.020833333333333332,48
42094646,09,0.03802246931717445,0.03619991366080789,0.048031735948610585,0.039449000615658196,11,0.0,4
42095943,09,0.037030971507939055,0.04105046315327119,0.019777773625898474,0.03997582614115458,78,0.016666666666666666,120
42101003,09,0.08171946077489191,0.08643472435984564,0.030565650149115827,0.07241715282186698,15,0.038461538461538464,52
42102122,09,0.021272013593877308,0.0233057687445446,0.028018512636689502,0.023375959833097357,37,0.022727272727272728,44
42114410,09,0.060813408815514475,0.05700802696965906,0.011207405054675802,0.056917654406467844,98,0.05084745762711865,59
42116114,30,0.011078423844735728,0.01797700293142913,0.02586324243386724,0.014848053422070058,6,0.0,5
42116114,32,0.007423944385244708,0.010794503068476758,0.025863242433867235,0.009547928608771954,5,0.0,3
42117825,09,0.04848828041519528,0.05551275530074519,0.02101388447751713,0.058341058582769036,16,0.03333333333333333,30
42121260,45,0.04127659338761443,0.0409291241666987,0.048031735948610585,0.04741130786611736,4,0.0,3
42129720,09,0.04780801251591967,0.04841156033972459,0.019777773625898474,0.04897264845123368,33,0.010869565217391304,92
42129888,09,0.03517946688244654,0.06109370808082816,0.024294948211641347,0.06088867869642315,99,0.007194244604316547,139
42132581,09,0.03173061825390467,0.02647426215934645,0.09544443940287672,0.02536358855286427,23,0.02,50
42141004,45,0.3083563787321637,0.22437231419340026,0.06724443032805481,0.2170895979590697,2,0.5714285714285714,7
42144487,33,0.07079485914043031,0.09921243829266893,0.06724443032805481,0.11915287185152544,4,0.0,3
42145798,09,0.03120939314694897,0.03035831418831902,0.015282825074557914,0.027143377347497676,29,0.0,48
42151468,09,0.03997848843210901,0.048080936569561666,0.06724443032805481,0.05033184851973251,16,0.0,8
42153947,45,0.1772810099292069,0.1972316601729804,0.06724443032805481,0.2031627940018449,2,0.0,3
42159289,09,0.05340533670494333,0.04329489354280291,0.04948970932001014,0.0458587108938683,42,0.012345679012345678,81
42163452,45,0.6407765024670197,0.2894853157383752,0.2227036919400457,0.5269399246298048,1,0.3333333333333333,3
42165732,09,0.03501054431562308,0.03804028135140755,0.06724443032805481,0.035466907236015005,12,0.0,10
42171243,34,0.17705222950508265,0.13351293565874658,0.03362221516402741,0.1674560714167714,1,0.0,3
42206328,09,0.02847841189130693,0.02989352962182754,0.05603702527337901,0.02935834247583521,27,0.0,28
42210926,33,0.06829098020817993,0.09798761195690392,0.01713105322615736,0.09789977630942297,22,0.07407407407407407,27
42223804,09,0.04928651993647822,0.05188048264256599,0.030565650149115827,0.050498387291861485,49,0.022222222222222223,45
42227163,30,0.01302932785757255,0.013391119393329442,0.011593867297940486,0.014078131606261824,15,0.0,8
42232756,48,0.026113439970038458,0.02406195774431652,0.06724443032805481,0.006895486307114243,1,0.0,3
42233257,55,0.09935492737251056,0.10984826367839075,0.06724443032805481,0.06917831027321093,2,0.3333333333333333,3
42246444,30,0.007871491547286629,0.015545590711566975,0.09344888606561096,0.012228659484703738,16,0.0,4
42254701,09,0.03361197118971812,0.03893118878240899,0.022414810109351604,0.031507017963786486,9,0.058823529411764705,17
42257917,15,0.08244036739902588,0.07028502772930356,0.048031735948610585,0.06484982662345605,36,0.0,17
42264086,09,0.0713252446325569,0.13381651159510174,0.020367260120764404,0.1268969659779342,1,0.0,4
42268028,33,0.04743873852303838,0.060546643088337536,0.04171825270786204,0.06991479126742584,46,0.0625,32
42285519,45,0.06775725086256007,0.06200491097998923,0.06724443032805481,0.06580767427220875,3,0.0,5
42289886,15,0.11081810630138933,0.13373661432879727,0.05603702527337902,0.1404331937199616,5,0.2,5
42312621,15,0.1076806231835081,0.1172043703454632,0.03362221516402741,0.14797676313518698,10,0.5714285714285714,7
42312883,33,0.014612697709544464,0.016927174253566563,0.04803173594861058,0.017093152035288238,3,0.0,3
42314346,45,0.2683383007328509,0.34000584461728794,0.05603702527337901,0.3441832552132469,8,0.0,3
42321814,03,0.04194422740243823,0.05279289794551423,0.06724443032805481,0.05050690387075082,32,0.0,28
42321814,15,0.048083086608310656,0.05773463527954692,0.06724443032805481,0.053600798741149695,30,0.0,13
42322645,45,0.12384566314933532,0.16631215061079355,0.05603702527337901,0.1532677946896927,8,0.2,5
42327128,45,0.3541217806458911,0.47925268956937855,0.05603702527337901,0.4372342892497871,3,0.6666666666666666,3
42346687,15,0.06306389454071423,0.06520528088062394,0.02101388447751713,0.07053341059651182,3,0.0,5
42346980,39,0.005831257324105141,0.007797919934321276,0.05603702527337901,0.003941253490682401,3,0.0,3
42367267,34,0.07888703316743015,0.05191303177419299,0.10278631935694417,0.04729503478613077,7,0.2,10
42367288,39,0.00800985623125841,0.013713584569068111,0.05603702527337901,0.014866161781592871,13,0.0,5
42399168,30,0.005223670225907526,0.006622007494900578,0.04202776895503426,0.005347532244678176,3,0.0,4
42399168,39,0.014598142532564981,0.01844472063206898,0.04202776895503426,0.012078158546515071,2,0.0,6
42403886,44,0.0624942505388176,0.058237968599315355,0.028018512636689506,0.04247855637732259,4,0.0,6
42404696,32,0.0020943639416984637,0.004134209290867752,0.030565650149115827,0.004735055664878344,1,0.0,3
42404696,39,0.017308982291664856,0.015750059236967477,0.030565650149115827,0.015302268974482905,2,0.0,9
42410378,31,0.15189741198417245,0.17494051041886194,0.03362221516402741,0.13677033286464274,1,0.0,3
42426945,33,0.01815338999350638,0.03383159622624741,0.048031735948610585,0.023669944494233885,2,0.0,4
42434736,33,0.023281309364781802,0.025712944668505943,0.016811107582013703,0.03384881558349254,1,0.0,3
42444456,09,0.03211364247967169,0.03365159684593896,0.05603702527337901,0.035684204250686184,9,0.0,3
42451510,09,0.022188516590023178,0.018379960778170293,0.06724443032805481,0.020573908476894907,17,0.0,9
42452740,50,0.07224628232918359,0.04900876659116782,0.03362221516402741,0.07554656610967682,2,0.0,6
42467190,45,0.012095143645890136,0.009391603435060167,0.04803173594861058,0.013771425928627805,3,0.0,4
42468262,09,0.051787929972962145,0.04613590563368759,0.05603702527337901,0.0469552385818078,73,0.0,42
42472703,30,0.00219377064983612,0.0026200812825126875,0.04202776895503426,0.0024820000442054156,2,0.0,3
42474208,09,0.01939671266426594,0.023263111920223546,0.014618354419142353,0.02122772231608472,22,0.0,29
42474978,44,0.16700790148679828,0.07592719606109684,0.030565650149115827,0.0937798813374906,1,0.0,3
42481278,45,0.47960745585271386,0.48781929233567706,0.06724443032805481,0.41738074259115043,1,0.75,4
42488074,45,0.34927889682238494,0.3335604395721694,0.06724443032805481,0.2451765342383894,3,0.0,3
42495102,72,0.008811482992489968,0.01323433674842741,0.06724443032805481,0.01152827534330607,9,0.0,4
42497927,33,0.04333110379017461,0.07124827414869497,0.029048307644353785,0.07495894124343994,6,0.0,22
42500253,33,0.116572390347223,0.11487567061745083,0.06724443032805481,0.09967595696915295,4,0.0,3
42502360,33,0.08886847266032964,0.09058698871568695,0.019777773625898474,0.09458405327867994,84,0.14285714285714285,7
42502926,48,0.0202826309441695,0.01781981014981431,0.19088887880575345,0.020179475440927127,2,0.0,4
42507568,45,0.06785614041862793,0.07366834836246629,0.06724443032805481,0.0769376440000181,2,0.0,3
42573724,50,0.2924760948886484,0.2858823552000996,0.048031735948610585,0.2443640262450874,7,1.0,4
42586016,45,0.05903004211682053,0.03594211111631203,0.07860130303766319,0.03995577894208147,11,0.0,11
42588390,09,0.06539211910925541,0.0592777725192376,0.025863242433867235,0.057231071114090586,17,0.0,5
42600025,42,0.03604845483168363,0.03321334607086224,0.037358016848919345,0.01877578495010428,1,0.0,3
42601065,03,0.14375733791061446,0.1582553434401197,0.007153662800856896,0.09875405614156386,11,0.0,8
42601065,15,0.027452290681097134,0.02444237215749461,0.007153662800856896,0.019927517158810262,200,0.009259259259259259,108
42605206,45,0.18623218889186743,0.222635858121457,0.14846912796003045,0.24277706495931342,1,0.0,6
42609420,45,0.029392032810578214,0.03475233187167652,0.04202776895503426,0.04181924563683369,2,0.0,3
42623361,34,0.019217269491905217,0.034333666794817336,0.19088887880575345,0.01855092295681049,1,0.3333333333333333,3
42623890,09,0.07368923765946368,0.07434751788792399,0.06724443032805481,0.05289618003630607,2,0.0,4
42630206,09,0.06506993733441939,0.046189029967394754,0.19088887880575345,0.06748311914768174,9,0.0,7
42633956,15,0.014330077181158666,0.011304537107385328,0.06724443032805481,0.010070729101110289,88,0.0,140
42636166,09,0.03677961154524095,0.03953490204046205,0.06724443032805481,0.03768946588926674,1,0.0,3
42647754,30,0.01430446794274649,0.069167687507095,0.005094275024852638,0.034629387629915714,4,0.0,4
42647932,34,0.2808862259293262,0.3801117797451876,0.06724443032805481,0.49216604547251636,1,0.0,4
42649710,77,0.04864672383180328,0.057314913145236054,0.04202776895503426,0.041526646697131485,1,0.0,14
42654473,45,0.1445924423352753,0.08810644070285377,0.06724443032805481,0.12973500728290835,1,0.0,3
42655189,45,0.1203338662307863,0.08057485411328286,0.06724443032805481,0.07555850251185021,5,0.6666666666666666,3
42655440,42,0.05045784753128844,0.04016155723502159,0.028018512636689506,0.030174525505787343,1,0.0,3
42655519,45,0.18109818877897862,0.2086904492777132,0.037358016848919345,0.2433241770753857,3,0.0,4
42657940,18,0.12740149365044787,0.16962820663223133,0.030565650149115827,0.09585335009295216,12,0.42857142857142855,21
42667440,34,0.012136439357912745,0.014042918238342843,0.06724443032805481,0.012890803055026129,4,0.0,3
42668690,30,0.0213488432278453,0.016810969598324076,0.05603702527337901,0.014347583353604827,11,0.0,9
42668821,15,0.08969112061876414,0.07990503480097327,0.03362221516402741,0.08339215587776123,18,0.0,10
42676235,45,0.03889397957041101,0.043433439039699095,0.08351388447751713,0.06119084694217864,3,0.0,4
42681690,33,0.10096844860473608,0.10873965324278684,0.06724443032805481,0.14178248039144112,6,0.14285714285714285,7
42686992,44,0.09605956981253573,0.07664806328660198,0.06724443032805481,0.07899374811983569,2,0.0,4
42697365,42,0.02537343991806732,0.019699960663582226,0.06724443032805481,0.011104790700459735,2,0.0,3
42703169,71,0.337145096063284,0.31005760786979214,0.03362221516402741,0.4176068032459806,7,0.8,5
42707632,45,0.3771857302568765,0.24011058156420562,0.06724443032805481,0.17249930157473792,2,0.0,3
42714956,15,0.12698031930254108,0.09382837758505297,0.048031735948610585,0.07126587577790393,4,0.0,3
42717957,33,0.07661807305466231,0.07341071409595355,0.01601057864953686,0.07080567748567139,13,0.0,9
42719687,09,0.026465177680471484,0.036267843484055075,0.037358016848919345,0.033707323949046644,16,0.0,30
42722773,09,0.06367562213838268,0.07009466995081451,0.012452672282973113,0.05811568016158488,16,0.0,4
42726537,09,0.02687938912491385,0.028052191241099967,0.06724443032805481,0.02996535970754709,20,0.07142857142857142,14
42744598,24,0.09078792397418951,0.09676637302861558,0.014009256318344753,0.10499181752065818,3,0.0,3
42744598,32,0.006360563768058396,0.012519497692809415,0.014009256318344753,0.008916121338934302,2,0.0,5
42751474,33,0.03925522031561919,0.0366783219269795,0.16702776895503427,0.03909568623200365,15,0.0,3
42759541,09,0.059373690744578364,0.06719748351331772,0.02101388447751713,0.05092724604280807,5,0.0,14
42764588,45,0.23380128460938587,0.2928137045561363,0.05603702527337901,0.258237033399546,3,0.18181818181818182,11
42769125,39,0.005881605861197971,0.008006833008308704,0.05603702527337901,0.006099057345217696,6,0.0,10
42773807,50,0.0067808026609025,0.013771406765545653,0.06724443032805481,0.009685555447611547,2,0.0,6
42775590,31,0.21619461482985672,0.20484826442608647,0.048031735948610585,0.2148493307365819,1,0.6666666666666666,3
42775590,34,0.050597720720343846,0.08094739036561396,0.048031735948610585,0.0765953400261875,1,0.0,4
42775998,34,0.04858191444868612,0.049693025716446786,0.014618354419142353,0.05707956892802577,11,0.08,25
42775998,43,0.013529120828708384,0.023256954010467963,0.014618354419142351,0.013251609513605805,1,0.0,4
42780175,45,0.008491107714831294,0.008994388345500271,0.022414810109351608,0.012056869387250554,7,0.0,7
42780491,09,0.032275463183203824,0.03847821537407759,0.048031735948610585,0.0446068256178971,5,0.0,3
42783417,45,0.5879955158205462,0.5763847207454604,0.06724443032805481,0.5834212409041704,1,0.25,4
42784504,15,0.17978948661334615,0.2068519495723547,0.05603702527337901,0.20970508006116328,2,0.1111111111111111,9
42785388,45,0.22929960880775746,0.24788927410669617,0.06724443032805481,0.256973456535105,5,0.3333333333333333,3
42785393,72,0.005917843498720877,0.007175959593921621,0.06724443032805481,0.009679608578979811,2,0.0,6
42786575,31,0.2199128864548483,0.12552771629362247,0.2409012306466819,0.08439252981365652,3,0.1,10
42786575,34,0.07236458845436118,0.06859843972372985,0.2409012306466819,0.06506837355562847,2,0.14285714285714285,7
42787596,34,0.02798090652794498,0.02458671037660526,0.037358016848919345,0.014574588355800017,8,0.0,6
42795506,45,0.39814257637880884,0.4796585844504885,0.04202776895503426,0.4511972801104387,4,0.25,4
42799488,45,0.10424381464297758,0.07519464626949084,0.03735801684891934,0.06732022483062679,14,0.25,4
42801907,34,0.02269809834340141,0.02653601709941147,0.08351388447751713,0.019467691126139153,4,0.0,4
42803794,09,0.060345205671601995,0.06644553134972157,0.037358016848919345,0.0656520569532221,5,0.0,3
42809838,90,0.033848333568109894,0.026269097877284247,0.04202776895503425,0.02477724704395968,13,0.0,9
42814874,39,0.003963545891506097,0.0036864264421814846,0.05603702527337902,0.0039929578303041615,5,0.0,3
42817901,38,0.020791321672624225,0.01332039603350597,0.05603702527337902,0.015728514552336217,5,0.0,6
42818575,45,0.19752869092024128,0.12542030991499403,0.38115872511716237,0.11323435049927633,13,0.16666666666666666,6
42819207,34,0.07246328158410292,0.06719989491126697,0.04803173594861058,0.09064341297188483,6,0.0,11
42819343,09,0.07185315992505396,0.07607122329613424,0.048031735948610585,0.08183498993890401,14,0.03333333333333333,30
42820720,45,0.06644346631177074,0.052490950376293546,0.06724443032805481,0.06010055869223466,1,0.0,3
42820893,33,0.05815825501334141,0.059068647415558236,0.06362962626858448,0.05404727225661873,12,0.0,24
42820893,38,0.01035599570302223,0.008941863695182708,0.06362962626858448,0.01638391715008891,1,0.0,10
42823131,71,0.044420172686697984,0.06369742855958505,0.06724443032805481,0.08919417563443069,2,0.3333333333333333,3
42827548,09,0.03568057252166491,0.06922889210717195,0.030565650149115827,0.06910418125200773,61,0.023255813953488372,43
42828295,09,0.03484112453044346,0.03489627090761272,0.06724443032805481,0.028565003894261618,13,0.0,7
42828866,09,0.01749483372708538,0.02197883431959577,0.04202776895503426,0.019139574653662332,18,0.07692307692307693,13
42831727,30,0.012569566204726088,0.01435211627142997,0.08351388447751713,0.012665561665707096,2,0.0,6
42834213,09,0.041432314895537635,0.036954559477228026,0.06724443032805481,0.03801282110470535,20,0.0,3
42841714,09,0.04690278738234872,0.06753280253258336,0.06724443032805481,0.07177395715739646,4,0.0,5
42844920,45,0.24372449640033048,0.29112731280379434,0.025863242433867235,0.2943853997533888,14,0.09375,32
42846419,45,0.45487334238853805,0.4479544435984417,0.05603702527337901,0.41250770524059466,7,0.3333333333333333,3
42856359,50,0.020826614292840245,0.03950284997991199,0.014618354419142351,0.044889285824279535,6,0.0,5
42867334,09,0.044358233227583456,0.05013428170854376,0.05603702527337901,0.04339316270003158,3,0.5,4
42874268,33,0.04224395365119501,0.057603671902325654,0.037358016848919345,0.059217993629981716,13,0.0,4
42892355,09,0.05671777316706573,0.058787681166643506,0.19088887880575345,0.05604748801180199,124,0.046511627906976744,43
42893689,30,0.02694096823951124,0.03553640439482078,0.08985469814001054,0.031043941830714978,9,0.0,7
42897018,50,0.12238756329505908,0.24031702897002893,0.05603702527337901,0.1830713740985289,2,0.6666666666666666,3
42898048,44,0.1399449733783928,0.21336305469537262,0.06724443032805481,0.18850263932789044,1,0.2,5
42901715,45,0.02769559248052422,0.03774388809814205,0.04202776895503426,0.027813984691035923,1,0.0,3
42907209,09,0.047194742152389196,0.05654303068989001,0.011207405054675802,0.052735674011069586,9,0.0,6
42908024,34,0.03887062833590973,0.060595464495141804,0.05603702527337901,0.05440820023857553,2,0.0,3
42915052,44,0.03770396862709349,0.04345287246289008,0.037358016848919345,0.03178252956663445,4,0.0,4
42929751,09,0.044136647209739234,0.05599927331029755,0.048031735948610585,0.07033077929897565,1,0.0,3
42934824,34,0.06041348982994177,0.08128509293729948,0.02101388447751713,0.057728770987047234,6,0.2,5
42938389,31,0.11539811422660848,0.10631918720260947,0.06724443032805481,0.10865051528266083,2,0.5,4
42945354,34,0.008396144177325475,0.011200426718811793,0.028018512636689506,0.008349237819162351,2,0.0,3
42949165,09,0.028915904139281193,0.047773422309684746,0.05990313209334035,0.04426814100804458,50,0.0,14
42949778,18,0.25118538766776866,0.37910904728314376,0.14846912796003045,0.3420720706684561,4,0.0,4
42952309,79,0.028338142857084365,0.05805472022103683,0.05603702527337901,0.04794195595401015,2,0.0,3
42957286,72,0.010229129342648703,0.007361749350292833,0.06724443032805481,0.007188730127965411,4,0.0,8
42964324,71,0.04088592374744509,0.0758967982843178,0.06724443032805481,0.06570573103508522,10,0.0,9
42977983,45,0.023561691757861276,0.021300404691643737,0.048031735948610585,0.028743302116174294,1,0.8333333333333334,6
42979027,33,0.06838889335560595,0.05446492784074325,0.01830441303616814,0.05752282734370378,69,0.0,38
42984629,33,0.05530979995036585,0.040098924780293844,0.019777773625898474,0.03523541740812673,5,0.0,14
42986448,30,0.00472964951232318,0.012485986933684898,0.010506942238758565,0.004666491261364301,3,0.0,6
42986448,39,0.009999648551245896,0.02406276408094317,0.010506942238758565,0.009300813033212297,2,0.0,3
42986598,77,0.012444695993408503,0.014087488621107359,0.048031735948610585,0.014346565730265482,2,0.0,4
42990391,39,0.019523646375434543,0.043450258922949694,0.037358016848919345,0.027208129544345296,10,0.0,4
42999483,39,0.010547462726424246,0.015199575186196185,0.18534567509112632,0.012145382831991887,11,0.0,13
43002514,30,0.06496921034078534,0.03703274882343948,0.10157487615827278,0.043775990029811744,1,0.0,8
43006207,44,0.10484587008410519,0.1078838740530119,0.03362221516402741,0.07211854580665748,6,0.125,8
43012009,09,0.025177679721185352,0.037241208911913966,0.06724443032805481,0.0342698363409929,58,0.0,39
43016265,33,0.01499573616192233,0.014957459245254025,0.048031735948610585,0.01336547068383099,2,0.0,3
43016569,09,0.07820045117149559,0.07702575517890643,0.048031735948610585,0.08785408909109098,9,0.0,5
43019711,33,0.049386144447247274,0.05208544887467838,0.048031735948610585,0.06047400971490205,4,0.0,6
43023728,39,0.021516104365423224,0.01814548150144021,0.02801851263668951,0.011157686984896466,5,0.0,4
43028820,33,0.013818881351020417,0.020575977359202628,0.030565650149115827,0.01593806868960547,1,0.0,6
43047618,15,0.07637018676577174,0.09954259652203515,0.02101388447751713,0.08993329582811578,14,0.0,7
43076937,03,0.061658803637370155,0.1626040888778551,0.06724443032805481,0.12576036416308023,8,0.0,3
43076937,15,0.055795326559788715,0.1362727592692475,0.06724443032805481,0.11651458522202607,38,0.2608695652173913,23
43087425,45,0.014917543759962876,0.013225036830513253,0.04202776895503426,0.015265793992654167,3,0.0,4
43090291,03,0.034513804365399775,0.06756263085705888,0.007004628159172376,0.059145539404135916,4,0.0,6
43090291,15,0.0318496293809536,0.0913982522835021,0.007004628159172376,0.1069233541253388,26,0.06060606060606061,33
43091830,09,0.06925022800577707,0.06914574581016153,0.05603702527337901,0.06572870668561936,9,0.0,6
43092388,33,0.04049110173976684,0.05055813663098232,0.04202776895503426,0.05196640150741612,5,0.0,3
43094935,15,0.052294168137735554,0.08032102394706245,0.037358016848919345,0.04464360721817864,9,0.0,6
43095609,44,0.21193481124574606,0.1204913229757773,0.06724443032805481,0.17651399027148812,1,0.0,4
43103326,51,0.01391883434218749,0.017033973108345223,0.25507189127295726,0.016235159818049363,2,0.0,4
43117868,45,0.4525495480703112,0.5719165212830537,0.06724443032805481,0.4476678617136538,1,0.0,3
43127829,09,0.04671776738817298,0.08729106402179777,0.011207405054675802,0.0941931133294353,3,0.0,8
43130685,45,0.2978162183667962,0.29192165150614713,0.03362221516402741,0.3467911008251656,3,0.3333333333333333,3
43147604,45,0.1732426076757211,0.31253447791274974,0.05603702527337901,0.2642518335553351,1,0.0,3
43160066,30,0.11468934035531869,0.11772621698980758,0.03362221516402741,0.07282726369896772,4,0.0,5
43160066,39,0.006313637339827219,0.004243180360424053,0.03362221516402741,0.005226308908628536,1,0.0,4
43160850,79,0.01084579431483456,0.00840189616818436,0.06724443032805481,0.006064049487765184,1,0.0,8
43168425,15,0.1159201728941334,0.13801089188617757,0.05603702527337901,0.14795057633608166,2,0.0,3
43173310,09,0.06997325708402552,0.03992477684228154,0.2224148101093516,0.039492901884652806,61,0.0,7
43176766,30,0.003979540987521444,0.0056697985430295104,0.11135184597002284,0.005193208544377305,2,0.0,3
43178559,24,0.056676870855634054,0.04311291237512687,0.06724443032805481,0.062216525511361996,3,0.0,3
43179166,55,0.11739475236569352,0.14129414618315572,0.06724443032805481,0.18284890708504042,1,0.0,6
43181210,34,0.022750780742315235,0.023599152913197363,0.030565650149115824,0.018686942136128152,17,0.0,9
43184777,45,0.022998512350638857,0.04093497755958735,0.06724443032805481,0.03412904947840217,4,0.0,3
43185440,33,0.04199935342272857,0.06565513647231477,0.12147474105820674,0.06296966638869275,14,0.0,20
43193268,45,0.050747504655025,0.04415521395199008,0.06724443032805481,0.046023997231789904,28,0.0,12
43193268,50,0.06894183258147377,0.07438688868116433,0.06724443032805481,0.06564965964713466,10,0.0,4
43193268,51,0.005671139447448655,0.004564354516932484,0.06724443032805481,0.005818176726008913,8,0.0,3
43193268,75,0.034873679374649295,0.033868738674748274,0.06724443032805481,0.039208014986992994,3,0.0,3
43195993,33,0.06772139558446427,0.0700300647712356,0.048031735948610585,0.08817316040634228,4,0.3333333333333333,6
43196316,45,0.4923177819259134,0.47133834980409933,0.06724443032805481,0.5428245962623915,3,0.6666666666666666,3
43197346,45,0.17911569098414062,0.19368291669329243,0.05603702527337901,0.1782015180007324,3,0.0,3
43197388,33,0.019718842486318118,0.020411835029131038,0.06724443032805481,0.02420693477860218,9,0.0,7
43199888,79,0.061617939206486436,0.0578378419503176,0.06724443032805481,0.05216668592085884,2,0.0,4
43204976,09,0.036788091658052566,0.05073850076481903,0.06724443032805481,0.03975621600565395,11,0.0,18
43213142,15,0.07830965261318068,0.08969170496016793,0.018679008424459673,0.07246878501452649,9,0.0,14
43228065,79,0.06315813231826352,0.06249931899291155,0.04803173594861058,0.08736221249843008,6,0.0,3
43237089,39,0.012767402492235033,0.009301468398929893,0.05603702527337901,0.010874715126933785,4,0.0,8
43248421,34,0.04526910448832044,0.02313919412714803,0.03362221516402741,0.02292961022700182,6,0.15384615384615385,13
43252113,09,0.05944656426681266,0.053973677387133524,0.06724443032805481,0.058989439023193924,4,0.0,5
43260428,09,0.050107476900027724,0.044080351613464255,0.05603702527337902,0.04227827068299395,10,0.0,3
43264658,15,0.05352293537138921,0.06973873882055563,0.06724443032805481,0.05671639163463207,7,0.14285714285714285,7
43268872,33,0.07392264081452375,0.08144183576830562,0.06724443032805481,0.0999079991419933,19,0.0,17
43268998,33,0.11069823498784963,0.1406333110623067,0.05603702527337902,0.15392099488585095,5,0.0,13
43269090,50,0.11621042418853647,0.0835212691165215,0.08908147677601827,0.08519831397078997,15,0.3333333333333333,6
43272936,33,0.08008432744039325,0.06437599273664246,0.06724443032805481,0.06338771663445741,9,0.0,9
43278702,15,0.05099141142805065,0.048130273666664156,0.06724443032805481,0.04675765284786913,25,0.0,18
43278807,44,0.0344279909661022,0.03748069754406892,0.05603702527337901,0.03576956463868962,4,0.0,6
43286650,45,0.08316013690708265,0.09594056427767272,0.19088887880575345,0.09494471700088365,4,0.0,4
43294441,79,0.030073470741497327,0.035133785879176184,0.06724443032805481,0.032961302576931736,21,0.0,3
43302347,31,0.02672819804213361,0.031820446802625225,0.037358016848919345,0.03663135278371556,5,0.3333333333333333,3
43304758,34,0.040313299430122934,0.04966969793504246,0.19088887880575345,0.04141736199457623,4,0.0,3
43311608,33,0.09872841162134917,0.07413896515477018,0.11135184597002284,0.08778236278067064,12,0.15384615384615385,13
43317717,50,0.10832685222493905,0.1296077354198944,0.06724443032805481,0.16665671398914825,2,0.0,3
43325851,45,0.04354967685039569,0.11078492220538151,0.028018512636689506,0.1109882975457717,4,0.0,11
43326530,09,0.045393598821509035,0.03510368843316281,0.06724443032805481,0.04705586767418689,10,0.0,3
43349647,03,0.055688608090888235,0.10334125574589424,0.05603702527337901,0.12121551573541094,1,0.0,4
43349647,15,0.13362402694611414,0.09994392419083002,0.05603702527337901,0.10624536808629353,4,0.0,3
43354699,09,0.015049560892761,0.020113301058176682,0.04202776895503426,0.018943330714385625,1,0.0,10
43370380,33,0.02079421124922331,0.027170123844827115,0.05603702527337902,0.03390012045877679,5,0.0,3
43374186,42,0.1054193894634028,0.047840909725384954,0.05603702527337901,0.06424532879825452,1,0.0,5
43378458,34,0.0299375336744403,0.03321943265424489,0.030565650149115827,0.028764227257506048,4,1.0,3
43379535,44,0.6378864007673741,0.6038473395003277,0.06724443032805481,0.39511684098110555,2,1.0,3
43388424,45,0.13276393289441268,0.1294245142971499,0.05603702527337901,0.1181436977979831,3,0.0,6
43393371,15,0.038715963328365674,0.03179468972294339,0.06724443032805481,0.045449870993910714,4,0.0,3
43395782,30,0.031611531728162334,0.02259479932507655,0.025863242433867235,0.030112351967888116,2,0.0,5
43395782,32,0.014021044401233234,0.017277283916342853,0.025863242433867235,0.011090108603316775,1,0.0,4
43399625,45,0.031112008550954452,0.02549985007854839,0.06724443032805481,0.026550617078040878,4,0.0,9
43404922,45,0.034759209902786435,0.036685866435387855,0.06724443032805481,0.029042373424958856,3,0.0,11
43418783,09,0.07999060840269764,0.06474217517792373,0.06724443032805481,0.06401058875401817,36,0.012345679012345678,81
43433775,18,0.047117675057331714,0.12311008713198539,0.06724443032805481,0.08799115266364033,6,0.0,5
43438815,50,0.06810128312696523,0.03422291692489838,0.06724443032805481,0.04738359656981596,14,0.16666666666666666,6
43446145,33,0.21275343898724305,0.15001873937164759,0.08908147677601827,0.13390707319184078,5,0.125,8
43452850,09,0.06407492385980143,0.07053475520069133,0.06724443032805481,0.0715008284763558,10,0.037037037037037035,27
43464211,09,0.04890404214471696,0.0439382325836591,0.06724443032805481,0.02634550626611466,5,0.0,4
43465096,03,0.017683695132832047,0.023730446223802562,0.06724443032805481,0.03247753060461697,3,0.0,5
43499045,45,0.2701534513895886,0.20079508955653505,0.05603702527337901,0.1617299173249115,2,0.0,3
43505582,15,0.09242787073669001,0.12153802642747868,0.037358016848919345,0.09204784254695249,48,0.21212121212121213,33
43506696,33,0.06348337429687911,0.0652824493362549,0.10278631935694417,0.05402787071980597,17,0.2,5
43509985,30,0.004884264329075219,0.005439645424668606,0.025863242433867235,0.005769317771174417,16,0.0,18
43513881,45,0.014592279769407433,0.021085433845370392,0.06724443032805481,0.025719878767330215,1,0.0,6
43516374,34,0.011190522273564492,0.01886553767836495,0.048031735948610585,0.01758159468665091,1,0.0,4
43524008,09,0.0840684774228924,0.07571384375116336,0.06724443032805481,0.06759254196342919,6,0.0,11
43527454,39,0.01724339642428048,0.01675504728462663,0.19088887880575345,0.013103959222218504,18,0.0,15
43551775,45,0.11509800232516038,0.13854846968085371,0.06724443032805481,0.16093862786921703,4,0.0,10
43551890,32,0.007403110717448552,0.013079078011073685,0.048031735948610585,0.00938467841003262,1,0.0,3
43553573,09,0.020848978318136237,0.01834245494758882,0.2227036919400457,0.021741323296211652,4,0.0,4
43574195,34,0.014126052466009254,0.015467353807058971,0.06724443032805481,0.013097879308284788,2,0.0,3
43589966,09,0.04291170442197666,0.04219605739137182,0.06724443032805481,0.04456555727843722,81,0.0,49
43594489,15,0.15501770756626737,0.10658004222397978,0.06724443032805481,0.0851674828446161,2,0.0,6
43595093,33,0.05863094670621171,0.05155943613617526,0.06724443032805481,0.04532355034108397,4,0.0,6
43598745,33,0.045163075385737696,0.02987230327058593,0.02801851263668951,0.0319654375618047,10,0.0,4
43603592,09,0.06045050310171897,0.06798923772874561,0.030565650149115824,0.0682719298012442,140,0.03076923076923077,65
43604088,31,0.13374530081274166,0.1456631733560948,0.06724443032805481,0.06798904768932003,11,0.0,3
43605212,34,0.037703080488220145,0.031060793161501003,0.06724443032805481,0.043335183987601805,1,0.0,6
43610054,31,0.11403804200991717,0.07023485795805198,0.037358016848919345,0.08114367922338553,2,1.0,3
43621716,09,0.030171310281445925,0.044964309224021615,0.06724443032805481,0.045770779124827146,89,0.010869565217391304,92
43624544,44,0.056020324268283524,0.05363108884167039,0.06724443032805481,0.04303289215723386,3,0.0,4
43630935,09,0.053330597340038914,0.048508283736828355,0.06724443032805481,0.04416358009917438,41,0.0,4
43640592,90,0.0578387499666701,0.08963515957822395,0.06724443032805481,0.05698179071916592,6,0.0,3
43658608,15,0.05759428849099984,0.05817570417168994,0.06724443032805481,0.05757860844938196,12,0.0,22
43661874,09,0.014272949113772823,0.011685922112925186,0.05603702527337902,0.011412486533964098,5,0.0,3
43678851,15,0.12023538649519591,0.13449030631605968,0.06724443032805481,0.15872329400433505,1,0.0,4
43680897,18,0.17229881136583466,0.19174097952964128,0.06724443032805481,0.15115314992079845,3,0.0,4
43683442,33,0.03696312482652717,0.033131227359998704,0.019777773625898474,0.033873429026491424,24,0.18518518518518517,27
43684121,33,0.10100650011567856,0.12516464848658623,0.06724443032805481,0.1391694743849178,4,0.0,14
43686841,09,0.029671783729085653,0.034510915198492496,0.06724443032805481,0.03685976801608286,4,0.0,3
43694796,45,0.10743445414039858,0.045682478430863635,0.29202776895503424,0.05056045393107685,17,0.18181818181818182,11
43694796,51,0.013155471516246048,0.014360098673471754,0.29202776895503424,0.013094759612906175,9,0.0,4
43699122,09,0.04330228764752155,0.04115208856937931,0.06724443032805481,0.04653580870821835,12,0.0,19
43703861,33,0.04686371164687054,0.06599397951414773,0.03362221516402741,0.06243690570215828,23,0.06451612903225806,31
43709245,09,0.01650903966473316,0.029252779298268312,0.06724443032805481,0.02876834648242659,764,0.012195121951219513,82
43711390,18,0.11210229135042825,0.06992373620521901,0.06724443032805481,0.07899692309582192,2,0.25,4
43717455,03,0.060227442688429327,0.12148483524290164,0.05603702527337901,0.08955293981881685,6,0.0,5
43717455,15,0.08961441289025343,0.08761465278879624,0.05603702527337901,0.07948384353694364,41,0.0,40
43726412,09,0.0536342826512923,0.07272768864044078,0.03362221516402741,0.06458190741048693,4,0.0,9
43729979,09,0.04175945381352583,0.05054549413394191,0.028018512636689506,0.048256888380301496,144,0.0,80
43747867,45,0.01862372678802454,0.014796912162524182,0.06724443032805481,0.011679919823614864,1,0.0,3
43748808,24,0.07169131194959262,0.06885632159908776,0.06724443032805481,0.07812534046344786,13,0.0,14
43748808,44,0.052114252777814986,0.03984793226187422,0.06724443032805481,0.037657565172737446,2,0.0,3
43759207,71,0.2553439016575586,0.22792682027067704,0.06724443032805481,0.2422592087611038,2,0.6666666666666666,3
43759275,09,0.028045178483321272,0.02975951309207309,0.06724443032805481,0.02330956605607146,8,0.0,5
43764552,33,0.048311566774953026,0.04364545284440801,0.05603702527337901,0.0353975365646512,6,0.0,7
43766172,09,0.02844261443442324,0.03076028408694029,0.06724443032805481,0.025009113289674395,9,0.0,9
43770393,45,0.04557391595462223,0.04448759459560054,0.06724443032805481,0.02126816646683326,1,0.0,3
43776484,30,0.004851229842527542,0.0036057700487924977,0.06724443032805481,0.004702234672642142,1,0.0,8
43776484,32,0.014473818543889863,0.010161785375877239,0.06724443032805481,0.013243935772694185,2,0.0,3
43776484,39,0.0531598679209285,0.03547410058992423,0.06724443032805481,0.028545266813790736,2,0.0,10
43801489,09,0.03911533426902347,0.04193602461410475,0.06724443032805481,0.040327788818663876,37,0.0,20
43805043,33,0.0585083577014048,0.09848733021880778,0.06724443032805481,0.11918797879730578,9,0.0,7
43808856,15,0.05202976822537836,0.048534326671867925,0.06724443032805481,0.05839591253717717,14,0.0,4
43808856,33,0.06475766166273496,0.05799712476552048,0.06724443032805481,0.05924796709014112,399,0.04434589800443459,451
43810802,33,0.06387633565534717,0.07374944638479604,0.06724443032805481,0.07911683895530765,29,0.0,9
43814152,38,0.010134622399507562,0.015557143956954034,0.06724443032805481,0.015633211887209047,2,0.0,3
43828427,24,0.05082687059611379,0.03782005600585603,0.06724443032805481,0.04792070150875592,2,0.0,4
43839114,31,0.14781069105894185,0.13517338465679307,0.06724443032805481,0.12401196178421023,4,0.0,3
43839672,15,0.2080951112489752,0.17706006565533483,0.06724443032805481,0.1082998900870648,9,0.0,25
43875854,15,0.2281872602918576,0.2262904479724431,0.06724443032805481,0.0957299155827462,1,0.4,15
43878876,37,0.017434587226321165,0.020158896781951856,0.06724443032805481,0.006242724182029845,5,0.25,4
43880010,33,0.0877688305060851,0.06647181238988047,0.05603702527337901,0.06563474514505824,11,0.0,14
43880602,34,0.03561138819578809,0.03658516661556536,0.06724443032805481,0.02847301218678149,10,0.0,13
43888596,09,0.05316363690153422,0.06388938926660856,0.06724443032805481,0.04677941448800291,4,0.0,6
43888659,09,0.016554785766520506,0.017793087212761828,0.06724443032805481,0.0226698646239928,6,0.0,7
43889453,31,0.020852465891211206,0.021905015274188006,0.06724443032805481,0.021034049281884185,2,0.25,4
43891001,33,0.05137232704621632,0.05934770920168405,0.06724443032805481,0.05536405170273687,75,0.050505050505050504,99
43895048,09,0.13053977724913354,0.10200063232933565,0.06724443032805481,0.10402188221287519,6,0.04,25
43911698,09,0.06404613256127034,0.06678903023176508,0.06724443032805481,0.05209940012682998,4,0.0,9
43923237,24,0.22004443780785352,0.3237521304038613,0.06724443032805481,0.17209507981845723,2,0.16666666666666666,6
43947169,15,0.07524157696597689,0.059792700898646786,0.06724443032805481,0.055120255616278015,1,0.5,6
43965848,09,0.033654489668182797,0.033629579105080146,0.06724443032805481,0.03744550282832682,396,0.023809523809523808,42
43968519,33,0.10224116702790488,0.13154817697023186,0.06724443032805481,0.13679884972248468,1,0.0,8
43974391,45,0.007879320116906952,0.012123044312755316,0.06724443032805481,0.012290974472213083,7,0.0,5
43977041,22,0.031948233629745595,0.018956523634355026,0.06724443032805481,0.022102328584728156,5,0.16666666666666666,6
43977041,30,0.029903010990988736,0.016485739521293008,0.06724443032805481,0.01710852883598157,58,0.0,48
43977041,33,0.043916320760352075,0.03732942457376934,0.06724443032805481,0.044473944078692415,9,0.0,5
43977041,39,0.025341662985595585,0.015467416503718547,0.06724443032805481,0.021446945774244726,8,0.0,4
43985513,34,0.012313005955906675,0.01654652354806792,0.06724443032805481,0.011693183034221209,2,0.0,4
43985513,50,0.07697332877035933,0.08199685830022882,0.06724443032805481,0.08100515607773012,8,0.6666666666666666,3
44001244,55,0.07151381846222513,0.0456659300317404,0.06724443032805481,0.03477849590160288,4,0.0,3
44004004,09,0.0511273263095045,0.050399065146087545,0.06724443032805481,0.06487991031186968,4,0.0,3
44019424,30,0.014401189333410523,0.008977006977216852,0.06724443032805481,0.009987771502571354,9,0.0,6
44028601,33,0.022564176054828338,0.024458819318889595,0.06724443032805481,0.027115923266006866,2,0.0,6
44037621,09,0.020712510652558448,0.021641802474532783,0.06724443032805481,0.02054805696340534,4,0.1,10
44055420,42,0.046021727666108216,0.02830761796393833,0.06724443032805481,0.07913478482265748,1,0.0,4
44074181,09,0.04472626245166547,0.06289222646898014,0.06724443032805481,0.06495327908735336,9,0.16666666666666666,6
44084561,39,0.008340394101022046,0.009441069860945782,0.06724443032805481,0.007455004828579623,4,0.0,6
44086108,15,0.0510951560453059,0.04989837733989722,0.06724443032805481,0.039139516391954905,11,0.0,5
44090423,30,0.017995072127803505,0.009855626392781274,0.06724443032805481,0.009064397053624029,17,0.0,8
44102590,34,0.051530047157719375,0.02865974338932282,0.06724443032805481,0.044538152252295946,5,0.0,3
44103421,09,0.05974400596728584,0.05870174218862109,0.06724443032805481,0.06365296811388678,44,0.0,21
44119248,09,0.03227260756559667,0.03302437399295995,0.06724443032805481,0.037770561216097294,7,0.0,3
44127730,50,0.03560345564577283,0.027350420859612316,0.06724443032805481,0.02504691388456267,2,0.16666666666666666,6
44149073,33,0.05452488016122908,0.05641985409134518,0.06724443032805481,0.04923602226745796,3,0.0,11
44149529,45,0.032686268240976646,0.04459215060935774,0.06724443032805481,0.03033557782687933,2,0.0,17
44150324,33,0.05120309217359045,0.06531576700501188,0.06724443032805481,0.07453044862660635,1,0.0,3
44150424,45,0.20860722849027108,0.299606939059407,0.06724443032805481,0.26198347493290497,2,0.75,4
44174382,33,0.005732859387196952,0.002888787208448618,0.06724443032805481,0.0035085363429967287,1,0.0,3
44186031,24,0.07668926966477171,0.05800030957888862,0.06724443032805481,0.09269522643161922,7,0.0,4
44192349,14,0.12565701205899066,0.07981497302104937,0.06724443032805481,0.09994203820705018,8,0.3333333333333333,3
44256077,09,0.07820343538013588,0.09063295724662689,0.06724443032805481,0.09406390327036024,19,0.0,9
44265317,39,0.027575725654107305,0.03130454035280934,0.06724443032805481,0.03422704282840833,2,0.0,4
44281040,33,0.028531839315861358,0.032913224462079886,0.06724443032805481,0.02964283762393391,10,0.0,15
44286777,79,0.013333681154921775,0.007603973643783741,0.06724443032805481,0.014536164912084471,1,0.0,3
44288177,09,0.0368561104594313,0.029249921650527345,0.06724443032805481,0.03592989131821075,4,0.0,4
44301056,15,0.09470269052152594,0.11425188618075713,0.06724443032805481,0.09429944113884264,9,0.0,11
44311530,09,0.01688883873685507,0.02389159576654304,0.06724443032805481,0.02913478087792484,1,0.0,3
44319152,30,0.018981136248495296,0.013616930656688835,0.06724443032805481,0.013575867866293901,48,0.1,10
44319519,71,0.031161688760785365,0.047812849360401,0.06724443032805481,0.05809655060910181,2,0.3333333333333333,3
44341261,15,0.02028996001712755,0.010225089380865268,0.06724443032805481,0.005762729563892458,36,0.0,28
44344854,45,0.21715803199966,0.2052877205846066,0.06724443032805481,0.13402130084919178,4,0.0,4
44353937,09,0.02577206280712099,0.027092198527553443,0.06724443032805481,0.026408869332845013,13,0.02702702702702703,37
44353997,33,0.04755547754383083,0.04846719920362086,0.06724443032805481,0.049329086744593124,22,0.0,14
44368037,09,0.04209913923457587,0.03420957168209327,0.06724443032805481,0.03395735207868368,15,0.0,12
44371778,03,0.0607502914509544,0.08461249188499897,0.06724443032805481,0.05664035031326555,5,0.0,7
44371778,15,0.07261860504951106,0.05006832230604337,0.06724443032805481,0.0727897184851286,26,0.019230769230769232,52
44372572,33,0.009712311702176927,0.016107457373847167,0.06724443032805481,0.008631129855717096,1,0.0,3
44375369,15,0.0633282252380231,0.08832437974038751,0.06724443032805481,0.07737544308103214,10,0.2222222222222222,9
44378553,09,0.06090265996345533,0.05087233950050617,0.06724443032805481,0.05225314304868759,7,0.16666666666666666,6
44390324,80,0.0022299188700718284,0.0022452270399401556,0.06724443032805481,0.0016732983038825766,1,0.0,3
44395736,15,0.0630643876117327,0.043110647875842754,0.06724443032805481,0.043486945194329316,23,0.0,37
44432128,50,0.028094739063187133,0.024388202672883923,0.06724443032805481,0.030781901609841674,6,0.0,3
44476694,03,0.08740436747651063,0.06855122754281837,0.06724443032805481,0.05177971239808186,1,0.0,3
44476694,15,0.08014717496781591,0.05522555782004586,0.06724443032805481,0.07093808589870904,8,0.0,3
44480716,33,0.09163118680115642,0.08318305053964316,0.06724443032805481,0.0683092108373116,2,0.0,4
44488783,09,0.052631965789479616,0.05075399620728878,0.06724443032805481,0.03621716096487198,4,0.25,4
44494907,09,0.01115449847402709,0.007254442379904364,0.06724443032805481,0.009920571430603051,1,0.0,4
44559026,33,0.031152176651912677,0.03737506397155691,0.06724443032805481,0.03788150414317915,3,0.0,5
44571750,09,0.017460514875775195,0.015361761798659895,0.06724443032805481,0.016099745069103066,10,0.0,3
44573573,15,0.18667863489278513,0.16829687038929964,0.06724443032805481,0.18428652732093645,3,1.0,4
44593973,09,0.018305399409400066,0.015595208568624308,0.06724443032805481,0.015250550516919118,3,0.0,9
44615310,44,0.012256313139430623,0.009811689964661023,0.06724443032805481,0.007217247942662828,1,0.0,4
44618065,09,0.03420700296163656,0.031949983018987736,0.06724443032805481,0.029268078469947997,12,0.0,3
44646071,15,0.04701327382644173,0.05663889241629686,0.06724443032805481,0.05167910791208802,1,0.09090909090909091,11
44844146,15,0.051531726774958916,0.04424589402736351,0.06724443032805481,0.03655439856301248,19,0.0,15
44881078,09,0.032123225816804664,0.030940199975692036,0.06724443032805481,0.033736239800234866,40,0.0,21
5734580000,15,0.053885222490432656,0.06369771821565688,0.048031735948610585,0.0744350433128259,9,0.0,3
