label,horizon_months,awarding_agency_code,naics2,type_of_contract_pricing_code,value_quintile,n,mean,parent,shrunk
ceiling_growth_gt25,36,097,33,J,0,7163,0.041742286751361164,0.06730670122015905,0.041848908805311384
ceiling_growth_gt25,36,097,33,J,1,6682,0.03771325950314277,0.06730670122015905,0.037845530547765904
ceiling_growth_gt25,36,097,54,U,2,5042,0.16084886949623164,0.18318114629502144,0.16098096103881124
ceiling_growth_gt25,36,097,23,J,4,4415,0.08221970554926387,0.08034411461227853,0.0822070468927713
ceiling_growth_gt25,36,097,23,J,3,3933,0.09026188660055937,0.08034411461227853,0.09018680884137481
ceiling_growth_gt25,36,097,23,J,1,3795,0.06930171277997364,0.08034411461227853,0.0693883198531682
ceiling_growth_gt25,36,097,23,J,0,3361,0.0749776852127343,0.08034411461227853,0.0750251617335206
ceiling_growth_gt25,36,097,23,J,2,3116,0.084403080872914,0.08034411461227853,0.08436437490094355
ceiling_growth_gt25,36,097,33,J,2,2883,0.06416926812348249,0.06730670122015905,0.06420157948390141
ceiling_growth_gt25,36,097,33,J,4,2565,0.1953216374269006,0.06730670122015905,0.1938416959678631
ceiling_growth_gt25,36,097,33,J,3,2552,0.09130094043887148,0.06730670122015905,0.0910221537709546
ceiling_growth_gt25,36,012,31,J,3,2466,0.0012165450121654502,0.001228131487223951,0.0012166842726829801
ceiling_growth_gt25,36,097,54,U,3,2456,0.13273615635179153,0.18318114629502144,0.13334490522479914
ceiling_growth_gt25,36,097,54,U,4,2377,0.19730753050063105,0.18318114629502144,0.19713146422469907
ceiling_growth_gt25,36,012,31,J,2,2127,0.0018805829807240243,0.001228131487223951,0.0018715085510508662
ceiling_growth_gt25,36,097,54,J,3,2106,0.18566001899335233,0.1861411331256097,0.185666776214311
ceiling_growth_gt25,36,012,31,J,1,2102,0.0014272121788772598,0.001228131487223951,0.0014244108558239767
ceiling_growth_gt25,36,097,54,J,2,1927,0.16865594187856772,0.1861411331256097,0.16892398262328476
ceiling_growth_gt25,36,012,31,J,0,1907,0.0,0.001228131487223951,1.902113816041225e-05
ceiling_growth_gt25,36,097,54,J,4,1816,0.1789647577092511,0.1861411331256097,0.17908138352858521
ceiling_growth_gt25,36,012,31,J,4,1170,0.0017094017094017094,0.001228131487223951,0.0016973699538472653
ceiling_growth_gt25,36,097,54,J,1,1140,0.21052631578947367,0.1861411331256097,0.20990105469552844
ceiling_growth_gt25,36,097,56,J,4,1017,0.1376597836774828,0.1933608026245787,0.13925580141235658
ceiling_growth_gt25,36,036,23,J,1,1005,0.06965174129353234,0.07555722492644074,0.06982291473216737
ceiling_growth_gt25,36,097,56,J,3,969,0.19298245614035087,0.1933608026245787,0.19299381789663397
ceiling_growth_gt25,36,036,23,J,3,924,0.08116883116883117,0.07555722492644074,0.08099236556372455
ceiling_growth_gt25,36,036,23,J,4,901,0.04439511653718091,0.07555722492644074,0.04539926610933751
ceiling_growth_gt25,36,036,23,J,2,900,0.08555555555555555,0.07555722492644074,0.08523302876106799
ceiling_growth_gt25,36,097,54,J,0,886,0.208803611738149,0.1861411331256097,0.20806139082289116
ceiling_growth_gt25,36,080,54,J,2,846,0.08628841607565012,0.10385450826584919,0.08688999457531447
ceiling_growth_gt25,36,097,54,U,1,822,0.2980535279805353,0.18318114629502144,0.2940087258085102
ceiling_growth_gt25,36,036,23,J,0,810,0.1,0.07555722492644074,0.09912704374737288
ceiling_growth_gt25,36,014,23,J,0,694,0.10230547550432277,0.11835078355307219,0.10297033633507206
ceiling_growth_gt25,36,012,23,J,0,636,0.09905660377358491,0.1135918814198167,0.09971134600990166
ceiling_growth_gt25,36,047,23,J,0,575,0.1426086956521739,0.1717540663779256,0.14405392064683928
ceiling_growth_gt25,36,014,23,J,1,571,0.10157618213660245,0.11835078355307219,0.10241351664990377
ceiling_growth_gt25,36,047,23,J,1,503,0.147117296222664,0.1717540663779256,0.14850398122202207
ceiling_growth_gt25,36,097,54,U,0,472,0.413135593220339,0.18318114629502144,0.39939329559532
ceiling_growth_gt25,36,047,23,J,3,462,0.17965367965367965,0.1717540663779256,0.1791719959173532
ceiling_growth_gt25,36,012,23,J,1,449,0.10690423162583519,0.11359188141981669,0.10732308234362109
ceiling_growth_gt25,36,097,56,J,2,436,0.2545871559633027,0.1933608026245787,0.2506455452333419
ceiling_growth_gt25,36,047,23,J,2,418,0.20574162679425836,0.1717540663779256,0.20346567408780752
ceiling_growth_gt25,36,014,23,J,2,404,0.13366336633663367,0.11835078355307219,0.13260489287233218
ceiling_growth_gt25,36,075,54,U,4,396,0.25252525252525254,0.2775819310697977,0.2542898073523332
ceiling_growth_gt25,36,036,54,J,2,369,0.1002710027100271,0.1232604966431843,0.10199953608845998
ceiling_growth_gt25,36,097,56,J,0,362,0.20441988950276244,0.1933608026245787,0.20357353081310553
ceiling_growth_gt25,36,014,23,J,3,361,0.1523545706371191,0.11835078355307219,0.1497455844158367
ceiling_growth_gt25,36,072,54,U,4,356,0.11797752808988764,0.17232170449724915,0.12220116874330951
ceiling_growth_gt25,36,097,56,J,1,352,0.26704545454545453,0.19336080262457866,0.2612587017767994
ceiling_growth_gt25,36,036,54,J,1,331,0.10574018126888217,0.1232604966431843,0.1071961631559433
ceiling_growth_gt25,36,075,54,J,3,325,0.2523076923076923,0.18852731315933166,0.24691780111205622
ceiling_growth_gt25,36,036,54,J,0,314,0.11464968152866242,0.1232604966431843,0.11540062470725444
ceiling_growth_gt25,36,097,54,S,3,308,0.06818181818181818,0.10822919896002485,0.07173631943432172
ceiling_growth_gt25,36,036,62,J,1,306,0.5620915032679739,0.500796058139213,0.5566186956671916
ceiling_growth_gt25,36,097,48,J,4,305,0.21639344262295082,0.16351877945146895,0.21165839815983303
ceiling_growth_gt25,36,075,54,J,4,304,0.14802631578947367,0.18852731315933166,0.15166412992449088
ceiling_growth_gt25,36,097,48,J,3,293,0.13651877133105803,0.16351877945146895,0.13902651202335625
ceiling_growth_gt25,36,097,62,J,3,291,0.0859106529209622,0.14658225151281992,0.09158089578001433
ceiling_growth_gt25,36,097,32,J,0,290,0.04482758620689655,0.07403986105645367,0.04756623697404253
ceiling_growth_gt25,36,097,54,S,4,285,0.12982456140350876,0.10822919896002484,0.12776786021841505
ceiling_growth_gt25,36,097,32,J,1,284,0.02464788732394366,0.07403986105645367,0.029366865706030604
ceiling_growth_gt25,36,012,23,J,2,284,0.13732394366197184,0.11359188141981669,0.13505654918023727
ceiling_growth_gt25,36,097,33,U,4,279,0.34767025089605735,0.30308901548389267,0.3433419756133229
ceiling_growth_gt25,36,075,54,J,0,275,0.12727272727272726,0.18852731315933166,0.1332977685074752
ceiling_growth_gt25,36,069,23,J,0,268,0.16417910447761194,0.1452450689256284,0.16227299351600286
ceiling_growth_gt25,36,069,23,J,4,261,0.13409961685823754,0.1452450689256284,0.13524863253528815
ceiling_growth_gt25,36,069,23,J,3,259,0.10810810810810811,0.1452450689256284,0.11196315594383685
ceiling_growth_gt25,36,036,62,J,0,251,0.5577689243027888,0.500796058139213,0.5516864119009836
ceiling_growth_gt25,36,097,42,J,0,250,0.064,0.04419826718047452,0.06187838576933655
ceiling_growth_gt25,36,097,51,J,3,244,0.12295081967213115,0.1318270112418903,0.12392266546444054
ceiling_growth_gt25,36,014,23,J,4,243,0.12757201646090535,0.1183507835530722,0.12655869416334126
ceiling_growth_gt25,36,047,23,J,4,243,0.21810699588477367,0.1717540663779256,0.21301326736753762
ceiling_growth_gt25,36,097,51,J,4,241,0.13278008298755187,0.1318270112418903,0.13267457689024617
ceiling_growth_gt25,36,036,33,J,0,238,0.08403361344537816,0.06687910255343878,0.08211333237538494
ceiling_growth_gt25,36,069,23,J,1,236,0.17796610169491525,0.1452450689256284,0.17427575965326636
ceiling_growth_gt25,36,070,33,J,0,234,0.3076923076923077,0.28595100764299536,0.30522170541397675
ceiling_growth_gt25,36,097,42,J,1,229,0.021834061135371178,0.044198267180474524,0.024424509712024076
ceiling_growth_gt25,36,097,54,S,2,224,0.09375,0.10822919896002484,0.09546014160945175
ceiling_growth_gt25,36,070,33,J,1,220,0.2409090909090909,0.28595100764299536,0.24631412091715943
ceiling_growth_gt25,36,097,61,J,4,208,0.1346153846153846,0.13534641890950694,0.134707531795316
ceiling_growth_gt25,36,069,23,J,2,208,0.14423076923076922,0.1452450689256284,0.14435862213348258
ceiling_growth_gt25,36,075,54,J,2,200,0.225,0.18852731315933166,0.22024269302078242
ceiling_growth_gt25,36,097,62,J,4,190,0.12105263157894737,0.14658225151281992,0.1245339433881118
ceiling_growth_gt25,36,097,51,J,1,187,0.10695187165775401,0.1318270112418903,0.11039083104726595
ceiling_growth_gt25,36,097,61,J,3,181,0.13812154696132597,0.13534641890950694,0.13772697899187303
ceiling_growth_gt25,36,097,31,J,0,176,0.045454545454545456,0.09105119308515626,0.052094833944440234
ceiling_growth_gt25,36,097,31,J,4,175,0.14285714285714285,0.09105119308515626,0.13527578435392532
ceiling_growth_gt25,36,097,54,B,2,173,0.06936416184971098,0.10911873460462537,0.07523922186275252
ceiling_growth_gt25,36,070,33,J,2,172,0.29651162790697677,0.28595100764299536,0.2949432189568805
ceiling_growth_gt25,36,075,54,S,4,171,0.22807017543859648,0.29555595207129504,0.23814267941362613
ceiling_growth_gt25,36,070,23,J,1,171,0.09941520467836257,0.09060119590641438,0.09809968098105687
ceiling_growth_gt25,36,012,42,J,0,170,0.0,0.0013163699571258386,0.0001974554935688758
ceiling_growth_gt25,36,097,81,J,3,169,0.15976331360946747,0.17252205264326023,0.1616867416045116
ceiling_growth_gt25,36,075,54,U,3,169,0.3136094674556213,0.2775819310697977,0.3081781805632861
ceiling_growth_gt25,36,070,23,J,0,169,0.0650887573964497,0.09060119590641438,0.06893485365423332
ceiling_growth_gt25,36,012,42,J,1,168,0.0,0.0013163699571258386,0.00019944999350391494
ceiling_growth_gt25,36,019,23,J,4,167,0.15568862275449102,0.1337740587854539,0.15235137951047523
ceiling_growth_gt25,36,097,31,J,1,165,0.06060606060606061,0.09105119308515626,0.06528992714130609
ceiling_growth_gt25,36,012,11,J,0,165,0.07272727272727272,0.06596950203199578,0.07168761569723012
ceiling_growth_gt25,36,012,23,J,3,160,0.11875,0.11359188141981669,0.11793556022418158
ceiling_growth_gt25,36,012,42,J,2,159,0.0,0.0013163699571258386,0.0002089476122421966
ceiling_growth_gt25,36,097,32,J,2,159,0.07547169811320754,0.07403986105645367,0.07524442238991327
ceiling_growth_gt25,36,070,54,J,3,157,0.22929936305732485,0.1939147402716898,0.22362268560508392
ceiling_growth_gt25,36,036,33,J,1,156,0.05128205128205128,0.06687910255343878,0.05379770471292023
ceiling_growth_gt25,36,097,48,J,2,150,0.14,0.16351877945146895,0.14391979657524484
ceiling_growth_gt25,36,075,54,J,1,150,0.18666666666666668,0.18852731315933166,0.1869767744154442
ceiling_growth_gt25,36,097,32,J,3,149,0.18791946308724833,0.07403986105645367,0.16883349626644475
ceiling_growth_gt25,36,036,54,J,4,148,0.13513513513513514,0.12326049664318428,0.133133791569076
ceiling_growth_gt25,36,070,23,J,2,144,0.09027777777777778,0.09060119590641438,0.09033353952409442
ceiling_growth_gt25,36,012,42,J,3,143,0.006993006993006993,0.0013163699571258386,0.006008619067709682
ceiling_growth_gt25,36,070,33,J,3,142,0.36619718309859156,0.28595100764299536,0.3522007571470341
ceiling_growth_gt25,36,097,48,J,1,141,0.12056737588652482,0.16351877945146895,0.12810270984528696
ceiling_growth_gt25,36,012,42,J,4,139,0.0,0.0013163699571258386,0.00023367514031819622
ceiling_growth_gt25,36,097,51,J,0,138,0.12318840579710146,0.1318270112418903,0.12473101391224233
ceiling_growth_gt25,36,014,54,J,2,137,0.1678832116788321,0.16160433659099238,0.16675527004628607
ceiling_growth_gt25,36,080,54,J,1,136,0.058823529411764705,0.10385450826584919,0.0669616581203342
ceiling_growth_gt25,36,036,54,J,3,136,0.23529411764705882,0.1232604966431843,0.2150470777065996
ceiling_growth_gt25,36,075,54,U,2,131,0.2366412213740458,0.2775819310697977,0.2442699250440617
ceiling_growth_gt25,36,097,31,J,3,130,0.13846153846153847,0.09105119308515626,0.1295720987034668
ceiling_growth_gt25,36,070,54,J,4,126,0.14285714285714285,0.1939147402716898,0.1526759115907096
ceiling_growth_gt25,36,012,11,J,1,124,0.056451612903225805,0.06596950203199578,0.058305747149090086
ceiling_growth_gt25,36,097,31,J,2,123,0.07317073170731707,0.09105119308515626,0.07667670452650123
ceiling_growth_gt25,36,097,81,J,0,120,0.20833333333333334,0.17252205264326023,0.2011710771953187
ceiling_growth_gt25,36,070,23,J,3,119,0.14285714285714285,0.09060119590641438,0.13233581125632504
ceiling_growth_gt25,36,075,54,S,3,115,0.4260869565217391,0.29555595207129504,0.39908054180785413
ceiling_growth_gt25,36,097,72,J,4,115,0.17391304347826086,0.17798721760606404,0.17475597605642704
ceiling_growth_gt25,36,097,81,J,1,114,0.12280701754385964,0.17252205264326023,0.13316431652290142
ceiling_growth_gt25,36,097,81,J,4,112,0.1875,0.17252205264326023,0.18433564492463245
ceiling_growth_gt25,36,097,51,J,2,109,0.2018348623853211,0.1318270112418903,0.1867252542248684
ceiling_growth_gt25,36,097,33,V,4,109,0.4036697247706422,0.3379047204861591,0.3894758389538473
ceiling_growth_gt25,36,036,56,J,3,109,0.2018348623853211,0.22934946153639768,0.20777326507979807
ceiling_growth_gt25,36,097,33,U,3,107,0.22429906542056074,0.30308901548389267,0.2415523391570568
ceiling_growth_gt25,36,097,49,J,4,107,0.1308411214953271,0.18478941159968387,0.1426546156787629
ceiling_growth_gt25,36,036,62,J,2,106,0.5188679245283019,0.500796058139213,0.5148814834130617
ceiling_growth_gt25,36,014,54,J,0,106,0.18867924528301888,0.16160433659099238,0.1827068389538954
ceiling_growth_gt25,36,097,48,J,0,104,0.17307692307692307,0.16351877945146895,0.17093704017570202
ceiling_growth_gt25,36,072,48,J,3,104,0.019230769230769232,0.017014170304437914,0.01873451573979953
ceiling_growth_gt25,36,036,56,J,0,103,0.23300970873786409,0.22934946153639763,0.23218408906836036
ceiling_growth_gt25,36,070,54,J,2,102,0.22549019607843138,0.1939147402716898,0.21831395612235374
ceiling_growth_gt25,36,097,33,L,4,102,0.5294117647058824,0.4278663372461136,0.5063332584650257
ceiling_growth_gt25,36,1601,61,V,4,101,0.5544554455445545,0.577203054790512,0.5596648217077509
ceiling_growth_gt25,36,036,62,J,3,100,0.4,0.500796058139213,0.42326062880135684
ceiling_growth_gt25,36,080,54,J,3,99,0.18181818181818182,0.10385450826584919,0.1636870949455463
ceiling_growth_gt25,36,013,54,J,0,98,0.09183673469387756,0.14532563291178816,0.10437319521370035
ceiling_growth_gt25,36,097,42,J,3,96,0.020833333333333332,0.04419826718047452,0.0263964128207479
ceiling_growth_gt25,36,014,54,J,1,95,0.16842105263157894,0.16160433659099238,0.16678504078183817
ceiling_growth_gt25,36,014,54,J,3,94,0.1276595744680851,0.16160433659099238,0.13587201691717554
ceiling_growth_gt25,36,070,33,J,4,92,0.1956521739130435,0.28595100764299536,0.21785680515811362
ceiling_growth_gt25,36,097,54,S,1,92,0.15217391304347827,0.10822919896002484,0.14136783580984216
ceiling_growth_gt25,36,014,54,U,2,92,0.18478260869565216,0.14017070450784863,0.17381246832160213
ceiling_growth_gt25,36,080,54,U,4,91,0.13186813186813187,0.19202648295269725,0.1467834255254621
ceiling_growth_gt25,36,036,61,J,1,91,0.6703296703296703,0.5441046541631258,0.6390342117759815
ceiling_growth_gt25,36,014,54,U,3,91,0.08791208791208792,0.14017070450784863,0.10086876971268974
ceiling_growth_gt25,36,097,32,J,4,91,0.13186813186813187,0.07403986105645367,0.11753054406358356
ceiling_growth_gt25,36,036,56,J,1,90,0.2777777777777778,0.22934946153639765,0.26567069871743276
ceiling_growth_gt25,36,072,48,J,2,89,0.011235955056179775,0.017014170304437914,0.012692647975908716
ceiling_growth_gt25,36,097,81,J,2,89,0.19101123595505617,0.17252205264326023,0.18635009730502358
ceiling_growth_gt25,36,050,54,Y,0,87,0.22988505747126436,0.2249358086913405,0.22861601932256592
ceiling_growth_gt25,36,020,54,J,3,83,0.24096385542168675,0.16976615808407203,0.2220618118807271
ceiling_growth_gt25,36,075,54,Y,4,83,0.08433734939759036,0.22999555070134847,0.12300766832779163
ceiling_growth_gt25,36,036,62,J,4,83,0.20481927710843373,0.500796058139213,0.28339718357678223
ceiling_growth_gt25,36,069,54,J,0,82,0.3170731707317073,0.2600901878284196,0.3018098717397552
ceiling_growth_gt25,36,097,72,J,0,82,0.12195121951219512,0.17798721760606404,0.13696086185876716
ceiling_growth_gt25,36,070,56,J,4,82,0.18292682926829268,0.27918447865163604,0.20871012821025964
ceiling_growth_gt25,36,036,33,J,3,82,0.08536585365853659,0.06687910255343878,0.08041404532681397
ceiling_growth_gt25,36,097,61,J,2,79,0.189873417721519,0.13534641890950694,0.1748659868558276
ceiling_growth_gt25,36,015,23,J,0,79,0.10126582278481013,0.08728630981542977,0.09741825040791645
ceiling_growth_gt25,36,070,54,J,1,78,0.16666666666666666,0.1939147402716898,0.17423557600139533
ceiling_growth_gt25,36,019,23,J,1,77,0.1038961038961039,0.1337740587854539,0.1122731005940525
ceiling_growth_gt25,36,097,49,J,3,76,0.18421052631578946,0.18478941159968387,0.18437436177349542
ceiling_growth_gt25,36,014,33,J,0,75,0.02666666666666667,0.04150674150403927,0.030906688048773123
ceiling_growth_gt25,36,097,61,J,1,75,0.09333333333333334,0.13534641890950694,0.10533707206938295
ceiling_growth_gt25,36,047,54,J,0,75,0.28,0.300074051206218,0.2857354432017766
ceiling_growth_gt25,36,080,54,J,0,74,0.2702702702702703,0.10385450826584919,0.22226572353822574
ceiling_growth_gt25,36,015,23,J,1,74,0.10810810810810811,0.08728630981542977,0.10210182013906628
ceiling_growth_gt25,36,097,56,U,4,73,0.3150684931506849,0.3662795701417236,0.32998434081797773
ceiling_growth_gt25,36,097,62,J,0,73,0.273972602739726,0.14658225151281992,0.23686861694548153
ceiling_growth_gt25,36,019,23,J,0,72,0.16666666666666666,0.1337740587854539,0.15699237023101587
ceiling_growth_gt25,36,070,23,J,4,72,0.041666666666666664,0.09060119590641438,0.05605917526659246
ceiling_growth_gt25,36,015,23,J,3,72,0.027777777777777776,0.08728630981542977,0.0452802872006166
ceiling_growth_gt25,36,075,32,J,4,71,0.22535211267605634,0.17747925334055384,0.2111324514872932
ceiling_growth_gt25,36,072,48,J,1,70,0.014285714285714285,0.017014170304437914,0.015104251091331374
ceiling_growth_gt25,36,097,61,J,0,70,0.11428571428571428,0.13534641890950694,0.1206039256728521
ceiling_growth_gt25,36,080,23,J,4,69,0.2028985507246377,0.22241117818469208,0.20881146813677537
ceiling_growth_gt25,36,020,54,J,4,69,0.11594202898550725,0.16976615808407203,0.13225237113658747
ceiling_growth_gt25,36,086,54,J,4,69,0.10144927536231885,0.1704726404447099,0.12236544659940704
ceiling_growth_gt25,36,012,11,J,2,69,0.043478260869565216,0.06596950203199578,0.050293788494544175
ceiling_growth_gt25,36,097,42,J,2,68,0.058823529411764705,0.04419826718047452,0.05434640832055342
ceiling_growth_gt25,36,070,54,U,2,68,0.07352941176470588,0.16217911463661366,0.10066707590916744
ceiling_growth_gt25,36,070,54,U,4,68,0.16176470588235295,0.16217911463661366,0.1618915657050858
ceiling_growth_gt25,36,012,54,J,0,68,0.22058823529411764,0.2647298520447665,0.23410097511574485
ceiling_growth_gt25,36,072,48,J,0,67,0.029850746268656716,0.017014170304437914,0.025880671228176673
ceiling_growth_gt25,36,019,23,J,3,66,0.10606060606060606,0.1337740587854539,0.11472106003712101
ceiling_growth_gt25,36,036,33,J,2,65,0.03076923076923077,0.06687910255343878,0.042172348174770134
ceiling_growth_gt25,36,072,54,J,0,65,0.36923076923076925,0.3462641333519141,0.36197814737428863
ceiling_growth_gt25,36,097,62,J,2,65,0.2923076923076923,0.14658225151281992,0.24628913205667996
ceiling_growth_gt25,36,036,81,J,3,64,0.1875,0.22896930574043017,0.2007348848107756
ceiling_growth_gt25,36,012,23,J,4,64,0.1875,0.11359188141981669,0.16391230258079256
ceiling_growth_gt25,36,097,53,J,1,64,0.234375,0.1900939708418208,0.22024275665164494
ceiling_growth_gt25,36,097,54,S,0,63,0.15873015873015872,0.10822919896002484,0.1424395265462446
ceiling_growth_gt25,36,012,31,K,1,63,0.0,0.00016657134397017126,5.373269160328105e-05
ceiling_growth_gt25,36,014,11,J,0,63,0.15873015873015872,0.14444995285744186,0.15412364070670168
ceiling_growth_gt25,36,036,56,J,2,62,0.14516129032258066,0.22934946153639765,0.17261395484882533
ceiling_growth_gt25,36,070,54,U,3,62,0.22580645161290322,0.16217911463661366,0.20505840694672184
ceiling_growth_gt25,36,019,23,J,2,61,0.09836065573770492,0.1337740587854539,0.11003540399520459
ceiling_growth_gt25,36,097,42,J,4,61,0.06557377049180328,0.04419826718047452,0.0585269012682883
ceiling_growth_gt25,36,075,54,S,2,60,0.35,0.29555595207129504,0.33185198402376503
ceiling_growth_gt25,36,014,33,J,1,60,0.03333333333333333,0.04150674150403926,0.03605780272356864
ceiling_growth_gt25,36,1601,61,U,4,60,0.6666666666666666,0.6454003683504321,0.6595779005612551
ceiling_growth_gt25,36,020,54,J,2,59,0.23728813559322035,0.16976615808407203,0.2145279184553052
ceiling_growth_gt25,36,086,54,J,3,59,0.15254237288135594,0.17047264044470986,0.1585862832959696
ceiling_growth_gt25,36,097,53,J,0,59,0.2033898305084746,0.1900939708418208,0.19890808005904073
ceiling_growth_gt25,36,075,33,J,1,59,0.05084745762711865,0.07225137091856815,0.058062259860191506
ceiling_growth_gt25,36,097,54,V,4,58,0.3103448275862069,0.27069848253132844,0.2968290281356802
ceiling_growth_gt25,36,097,54,B,3,58,0.13793103448275862,0.10911873460462537,0.1281086595243041
ceiling_growth_gt25,36,097,53,J,3,57,0.21052631578947367,0.1900939708418208,0.20348067960062788
ceiling_growth_gt25,36,020,54,J,1,57,0.10526315789473684,0.16976615808407203,0.1275055717531283
ceiling_growth_gt25,36,075,33,J,0,57,0.05263157894736842,0.07225137091856815,0.05939702445467867
ceiling_growth_gt25,36,070,54,J,0,57,0.19298245614035087,0.1939147402716898,0.1933039334270195
ceiling_growth_gt25,36,070,56,J,3,56,0.2857142857142857,0.27918447865163604,0.28343644604126833
ceiling_growth_gt25,36,069,54,J,2,56,0.07142857142857142,0.2600901878284196,0.13724076319596032
ceiling_growth_gt25,36,097,62,J,1,56,0.21428571428571427,0.14658225151281992,0.1906682272719139
ceiling_growth_gt25,36,097,22,J,0,56,0.125,0.19100627848879084,0.1480254459844619
ceiling_growth_gt25,36,069,54,J,1,55,0.34545454545454546,0.2600901878284196,0.31532594864532454
ceiling_growth_gt25,36,047,54,J,3,55,0.32727272727272727,0.300074051206218,0.31767319454337106
ceiling_growth_gt25,36,036,56,J,4,54,0.2962962962962963,0.22934946153639768,0.27238671245347534
ceiling_growth_gt25,36,097,72,J,3,54,0.2777777777777778,0.17798721760606404,0.24213829200216572
ceiling_growth_gt25,36,036,81,J,0,52,0.34615384615384615,0.22896930574043017,0.3032814533196696
ceiling_growth_gt25,36,097,33,U,2,52,0.3076923076923077,0.30308901548389267,0.3060081763965461
ceiling_growth_gt25,36,075,23,J,1,52,0.3076923076923077,0.22231342468083665,0.2764561309807939
ceiling_growth_gt25,36,075,23,J,0,51,0.1568627450980392,0.22231342468083667,0.18110373753611236
ceiling_growth_gt25,36,014,11,J,1,50,0.16,0.14444995285744186,0.15416873232154069
ceiling_growth_gt25,36,013,33,J,0,50,0.1,0.16545711771523244,0.12454641914321216
ceiling_growth_gt25,36,047,54,J,1,49,0.3877551020408163,0.300074051206218,0.35445850045805744
ceiling_growth_gt25,36,012,54,J,1,49,0.3673469387755102,0.2647298520447665,0.32837842482712654
ceiling_growth_gt25,36,091,54,J,4,49,0.14285714285714285,0.1139728354585682,0.1318884185285702
ceiling_growth_gt25,36,080,23,J,3,49,0.1836734693877551,0.22241117818469208,0.19838399171570587
ceiling_growth_gt25,36,015,54,Y,0,49,0.4489795918367347,0.372326334692252,0.41987076000971596
ceiling_growth_gt25,36,036,81,J,1,49,0.1836734693877551,0.22896930574043017,0.2008744199014292
ceiling_growth_gt25,36,075,54,R,4,48,0.22916666666666666,0.26214852382479353,0.2418519963428693
ceiling_growth_gt25,36,015,23,J,2,48,0.08333333333333333,0.08728630981542977,0.08485370890337042
ceiling_growth_gt25,36,036,61,J,0,47,0.5957446808510638,0.5441046541631258,0.5756251899336853
ceiling_growth_gt25,36,075,54,S,1,47,0.2553191489361702,0.29555595207129504,0.27099582548232276
ceiling_growth_gt25,36,013,33,J,2,47,0.14893617021276595,0.16545711771523244,0.1553729030059347
ceiling_growth_gt25,36,097,53,J,2,47,0.10638297872340426,0.19009397084182078,0.13899765097733277
ceiling_growth_gt25,36,012,11,J,3,46,0.10869565217391304,0.06596950203199578,0.09183006659157728
ceiling_growth_gt25,36,097,22,J,4,46,0.21739130434782608,0.19100627848879084,0.20697616256136478
ceiling_growth_gt25,36,036,42,J,0,46,0.0,0.03382880765899094,0.013353476707496422
ceiling_growth_gt25,36,013,33,J,1,46,0.21739130434782608,0.16545711771523244,0.1968909675191707
ceiling_growth_gt25,36,075,92,S,3,46,0.10869565217391304,0.1482799609046753,0.12432103719921395
ceiling_growth_gt25,36,075,92,J,1,45,0.4444444444444444,0.39451330659572625,0.42447198930495716
ceiling_growth_gt25,36,047,33,J,1,45,0.08888888888888889,0.060219718603641684,0.07742122077479001
ceiling_growth_gt25,36,075,54,Y,3,45,0.24444444444444444,0.2299955507013485,0.23866488694720606
ceiling_growth_gt25,36,097,54,Y,4,45,0.28888888888888886,0.32003984054890755,0.3013492695528963
ceiling_growth_gt25,36,012,54,J,3,45,0.26666666666666666,0.2647298520447665,0.2658919408179066
ceiling_growth_gt25,36,072,54,J,4,45,0.35555555555555557,0.3462641333519141,0.35183898667409896
ceiling_growth_gt25,36,080,54,J,4,44,0.11363636363636363,0.1038545082658492,0.1096707465942632
ceiling_growth_gt25,36,036,33,J,4,44,0.045454545454545456,0.06687910255343878,0.054140176710853555
ceiling_growth_gt25,36,068,54,J,0,44,0.22727272727272727,0.1727360406913796,0.2051632597397485
ceiling_growth_gt25,36,047,56,J,0,44,0.4090909090909091,0.35587704579719104,0.3875177212691315
ceiling_growth_gt25,36,047,54,J,4,44,0.20454545454545456,0.300074051206218,0.2432732640025208
ceiling_growth_gt25,36,080,33,J,1,44,0.18181818181818182,0.16403255549180648,0.17460779276694857
ceiling_growth_gt25,36,075,56,J,3,44,0.18181818181818182,0.24430178040208173,0.2071493704332764
ceiling_growth_gt25,36,091,54,J,2,44,0.045454545454545456,0.1139728354585682,0.07323223059131144
ceiling_growth_gt25,36,075,54,U,1,43,0.37209302325581395,0.2775819310697977,0.33325284838484837
ceiling_growth_gt25,36,097,72,J,1,43,0.16279069767441862,0.17798721760606404,0.16903584285180714
ceiling_growth_gt25,36,013,54,J,3,43,0.27906976744186046,0.14532563291178816,0.22410642448429652
ceiling_growth_gt25,36,019,33,J,0,43,0.09302325581395349,0.08392145390830881,0.08928278927738718
ceiling_growth_gt25,36,075,23,J,3,43,0.2558139534883721,0.22231342468083665,0.2420466128825356
ceiling_growth_gt25,36,089,23,J,3,42,0.16666666666666666,0.12698123383737975,0.1501310696544638
ceiling_growth_gt25,36,072,48,J,4,42,0.0,0.017014170304437914,0.007089237626849131
ceiling_growth_gt25,36,097,72,J,2,42,0.19047619047619047,0.17798721760606404,0.18527245178030446
ceiling_growth_gt25,36,047,33,J,0,41,0.04878048780487805,0.06021971860364168,0.05361396560717254
ceiling_growth_gt25,36,036,51,J,0,41,0.24390243902439024,0.15201790821230582,0.20507798938548136
ceiling_growth_gt25,36,069,54,U,2,41,0.04878048780487805,0.21003527901048266,0.11691631507485181
ceiling_growth_gt25,36,014,54,U,4,41,0.14634146341463414,0.14017070450784863,0.14373410049627405
ceiling_growth_gt25,36,020,54,J,0,41,0.0975609756097561,0.16976615808407203,0.1280702076411572
ceiling_growth_gt25,36,012,31,K,3,41,0.0,0.00016657134397017126,7.038225801556533e-05
ceiling_growth_gt25,36,089,23,J,1,40,0.15,0.12698123383737975,0.14013481450173418
ceiling_growth_gt25,36,014,33,J,2,40,0.05,0.04150674150403927,0.04636003207315968
ceiling_growth_gt25,36,036,51,J,4,39,0.07692307692307693,0.15201790821230582,0.10957300357056775
ceiling_growth_gt25,36,014,56,J,0,39,0.28205128205128205,0.2096467568646866,0.250571053709284
ceiling_growth_gt25,36,014,33,J,3,39,0.10256410256410256,0.04150674150403927,0.07601742384233591
ceiling_growth_gt25,36,097,54,B,4,39,0.20512820512820512,0.10911873460462537,0.1633849570744748
ceiling_growth_gt25,36,097,22,J,3,39,0.20512820512820512,0.19100627848879084,0.19898823702411195
ceiling_growth_gt25,36,012,33,J,0,39,0.07692307692307693,0.0783034421857272,0.07752323573292488
ceiling_growth_gt25,36,075,23,J,2,39,0.1794871794871795,0.22231342468083662,0.19810728609311737
ceiling_growth_gt25,36,075,56,J,4,38,0.15789473684210525,0.24430178040208173,0.1960154913538596
ceiling_growth_gt25,36,047,56,J,1,38,0.47368421052631576,0.35587704579719104,0.4217104613811137
ceiling_growth_gt25,36,047,56,J,3,38,0.2631578947368421,0.35587704579719104,0.3040634025575843
ceiling_growth_gt25,36,068,54,U,4,38,0.02631578947368421,0.08485941303563255,0.05214385869219083
ceiling_growth_gt25,36,1602,52,J,4,38,0.07894736842105263,0.13456651182100077,0.1034852258033827
ceiling_growth_gt25,36,091,54,J,3,38,0.15789473684210525,0.1139728354585682,0.13851742740819187
ceiling_growth_gt25,36,069,33,J,1,38,0.21052631578947367,0.15280263854081388,0.18505998759153552
ceiling_growth_gt25,36,012,31,K,0,37,0.0,0.00016657134397017126,7.458418386724087e-05
ceiling_growth_gt25,36,013,33,J,3,37,0.21621621621621623,0.16545711771523244,0.19348826166353691
ceiling_growth_gt25,36,069,33,J,0,37,0.02702702702702703,0.15280263854081388,0.08334446501827487
ceiling_growth_gt25,36,097,49,J,2,36,0.3333333333333333,0.18478941159968387,0.2658133689089472
ceiling_growth_gt25,36,047,54,J,2,36,0.3055555555555556,0.300074051206218,0.30306396266949304
ceiling_growth_gt25,36,1601,54,J,3,35,0.17142857142857143,0.21048782829618626,0.18945592075208595
ceiling_growth_gt25,36,015,22,J,2,35,0.0,0.03962624930072628,0.018289038138796745
ceiling_growth_gt25,36,015,22,J,1,35,0.0,0.03962624930072628,0.018289038138796745
ceiling_growth_gt25,36,097,22,J,1,35,0.14285714285714285,0.19100627848879084,0.16507982084098038
ceiling_growth_gt25,36,097,53,J,4,35,0.17142857142857143,0.1900939708418208,0.18004337115776345
ceiling_growth_gt25,36,097,21,J,1,35,0.05714285714285714,0.06322355534123499,0.05994933323441615
ceiling_growth_gt25,36,020,33,J,0,35,0.02857142857142857,0.04497385820495787,0.03614178070998055
ceiling_growth_gt25,36,097,33,U,1,34,0.23529411764705882,0.30308901548389267,0.26707297600807467
ceiling_growth_gt25,36,097,92,J,0,34,0.08823529411764706,0.21276926663089038,0.14661059373322988
ceiling_growth_gt25,36,075,54,S,0,34,0.20588235294117646,0.29555595207129504,0.24791685253341955
ceiling_growth_gt25,36,072,54,U,3,34,0.47058823529411764,0.17232170449724915,0.3307757989830855
ceiling_growth_gt25,36,080,33,J,0,34,0.08823529411764706,0.16403255549180648,0.12376526038678429
ceiling_growth_gt25,36,080,33,J,4,33,0.06060606060606061,0.16403255549180648,0.10985677245641579
ceiling_growth_gt25,36,012,54,J,2,33,0.21212121212121213,0.2647298520447665,0.2371729454181428
ceiling_growth_gt25,36,075,92,J,0,33,0.5151515151515151,0.39451330659572625,0.45770474917256804
ceiling_growth_gt25,36,014,33,J,4,33,0.0,0.04150674150403927,0.019765115001923458
ceiling_growth_gt25,36,036,51,J,1,33,0.21212121212121213,0.15201790821230582,0.18350059121220913
ceiling_growth_gt25,36,036,32,J,0,33,0.24242424242424243,0.23630542130862253,0.23951051808347104
ceiling_growth_gt25,36,086,53,J,4,33,0.8181818181818182,0.6536851230329409,0.7398500585871147
ceiling_growth_gt25,36,012,31,K,2,33,0.0,0.00016657134397017126,7.931968760484346e-05
ceiling_growth_gt25,36,020,23,J,2,33,0.15151515151515152,0.11167352191924479,0.13254294694567215
ceiling_growth_gt25,36,047,22,J,3,33,0.030303030303030304,0.06970485347341772,0.049065803241310026
ceiling_growth_gt25,36,091,54,U,4,33,0.12121212121212122,0.15510041269882832,0.13734940287245792
ceiling_growth_gt25,36,047,22,J,4,33,0.030303030303030304,0.06970485347341772,0.049065803241310026
ceiling_growth_gt25,36,013,23,J,0,33,0.12121212121212122,0.09554325413542197,0.10898885117559776
ceiling_growth_gt25,36,019,54,J,1,33,0.5454545454545454,0.4432465694520241,0.4967840806914401
ceiling_growth_gt25,36,075,92,J,3,32,0.34375,0.39451330659572625,0.36831289028825465
ceiling_growth_gt25,36,013,23,J,1,32,0.125,0.09554325413542197,0.11074673587197836
ceiling_growth_gt25,36,036,81,J,4,32,0.1875,0.22896930574043017,0.20756579310020817
ceiling_growth_gt25,36,1601,61,J,4,32,0.8125,0.6786306415759344,0.7477245039883554
ceiling_growth_gt25,36,097,22,J,2,32,0.25,0.19100627848879084,0.22145465088167296
ceiling_growth_gt25,36,020,56,J,4,32,0.125,0.24030744884363528,0.1807939268598235
ceiling_growth_gt25,36,069,54,U,1,32,0.3125,0.21003527901048266,0.2629202962953948
ceiling_growth_gt25,36,075,33,J,2,32,0.0,0.07225137091856815,0.034960340767049104
ceiling_growth_gt25,36,069,33,J,2,32,0.21875,0.15280263854081388,0.1868399863907164
ceiling_growth_gt25,36,036,61,J,3,32,0.375,0.5441046541631258,0.456824832659577
ceiling_growth_gt25,36,075,51,J,4,32,0.1875,0.2432010895178992,0.21445214008930605
ceiling_growth_gt25,36,047,56,J,4,31,0.1935483870967742,0.35587704579719104,0.2733821536707497
ceiling_growth_gt25,36,050,54,Y,1,31,0.22580645161290322,0.2249358086913405,0.2253782665695117
ceiling_growth_gt25,36,080,23,J,2,31,0.3225806451612903,0.22241117818469208,0.27331697287771745
ceiling_growth_gt25,36,047,31,J,0,31,0.03225806451612903,0.060190873729999615,0.04599551167049161
ceiling_growth_gt25,36,080,54,U,3,31,0.2903225806451613,0.19202648295269723,0.24198023751771994
ceiling_growth_gt25,36,069,54,J,3,31,0.2903225806451613,0.2600901878284196,0.2754541907352883
ceiling_growth_gt25,36,097,81,U,4,30,0.3333333333333333,0.21193879726618278,0.27263606529975803
ceiling_growth_gt25,36,014,56,J,1,30,0.26666666666666666,0.2096467568646866,0.23815671176567663
ceiling_growth_gt25,36,014,54,J,4,30,0.13333333333333333,0.16160433659099238,0.14746883496216287
ceiling_growth_gt25,36,080,33,J,2,30,0.26666666666666666,0.16403255549180648,0.21534961107923659
ceiling_growth_gt25,36,1601,23,J,4,29,0.20689655172413793,0.19155174780044099,0.19909410905107167
ceiling_growth_gt25,36,019,54,J,4,29,0.3448275862068966,0.4432465694520241,0.3948711370095038
ceiling_growth_gt25,36,075,54,Z,3,29,0.27586206896551724,0.24834009262919113,0.2618678437097582
ceiling_growth_gt25,36,019,54,J,3,29,0.6551724137931034,0.4432465694520241,0.5474135098908598
ceiling_growth_gt25,36,036,51,J,2,29,0.06896551724137931,0.15201790821230582,0.11119554654863008
ceiling_growth_gt25,36,015,33,J,0,29,0.034482758620689655,0.05129926110685479,0.04303352259670582
ceiling_growth_gt25,36,089,23,J,0,29,0.06896551724137931,0.12698123383737975,0.09846503415459988
ceiling_growth_gt25,36,036,81,J,2,29,0.2413793103448276,0.22896930574043017,0.23506913851208316
ceiling_growth_gt25,36,013,54,J,4,28,0.07142857142857142,0.14532563291178816,0.10965118943713181
ceiling_growth_gt25,36,070,51,J,3,28,0.14285714285714285,0.15661113613972955,0.1499712773136532
ceiling_growth_gt25,36,036,51,J,3,28,0.14285714285714285,0.15201790821230582,0.14759546976498578
ceiling_growth_gt25,36,045,81,J,0,28,0.9642857142857143,0.9682788590804805,0.9663511340071451
ceiling_growth_gt25,36,015,54,Z,0,28,0.32142857142857145,0.3041569463318315,0.3124949722406025
ceiling_growth_gt25,36,069,54,J,4,28,0.2857142857142857,0.2600901878284196,0.272460441980217
ceiling_growth_gt25,36,015,22,J,0,28,0.10714285714285714,0.03962624930072628,0.07222047377623773
ceiling_growth_gt25,36,097,92,J,1,28,0.14285714285714285,0.21276926663089038,0.1790185861883916
ceiling_growth_gt25,36,072,54,J,3,27,0.3333333333333333,0.3462641333519141,0.340139017553639
ceiling_growth_gt25,36,097,33,U,0,27,0.48148148148148145,0.3030890154838927,0.3875907099038032
ceiling_growth_gt25,36,075,23,J,4,27,0.18518518518518517,0.22231342468083667,0.20472636386710702
ceiling_growth_gt25,36,075,54,T,4,27,0.1111111111111111,0.20115116827636387,0.15850061488229678
ceiling_growth_gt25,36,015,23,J,4,27,0.14814814814814814,0.08728630981542977,0.11611560165724374
ceiling_growth_gt25,36,013,23,J,2,27,0.07407407407407407,0.09554325413542196,0.08537364252741507
ceiling_growth_gt25,36,1601,54,J,2,27,0.2222222222222222,0.21048782829618626,0.2160462254190454
ceiling_growth_gt25,36,020,23,J,3,27,0.18518518518518517,0.11167352191924479,0.14649483609784814
ceiling_growth_gt25,36,019,33,J,3,26,0.07692307692307693,0.08392145390830882,0.08067220745087973
ceiling_growth_gt25,36,020,51,J,3,26,0.11538461538461539,0.09558340615407691,0.10477682472539833
ceiling_growth_gt25,36,019,54,Z,4,26,0.5,0.55579380521595,0.5298895385085446
ceiling_growth_gt25,36,069,54,U,0,26,0.07692307692307693,0.21003527901048266,0.14823318518418713
ceiling_growth_gt25,36,1601,23,J,1,26,0.19230769230769232,0.19155174780044099,0.19190272203595052
ceiling_growth_gt25,36,080,33,J,3,26,0.19230769230769232,0.16403255549180648,0.17716029758489632
ceiling_growth_gt25,36,020,23,J,1,26,0.07692307692307693,0.11167352191924479,0.09553938674245256
ceiling_growth_gt25,36,036,48,J,1,26,0.5769230769230769,0.47291863223843694,0.521206410127734
ceiling_growth_gt25,36,047,33,J,2,26,0.038461538461538464,0.06021971860364168,0.050117706394808045
ceiling_growth_gt25,36,019,56,J,4,26,0.6538461538461539,0.47540127993677456,0.5582506856804149
ceiling_growth_gt25,36,047,22,J,2,25,0.04,0.06970485347341772,0.056202647349136936
ceiling_growth_gt25,36,075,61,J,0,25,0.08,0.1436842909498653,0.11473688597265379
ceiling_growth_gt25,36,089,23,J,2,25,0.2,0.12698123383737975,0.16017158209311624
ceiling_growth_gt25,36,097,54,Y,3,25,0.28,0.32003984054890755,0.3018399130266769
ceiling_growth_gt25,36,047,22,J,1,25,0.12,0.06970485347341772,0.0925662837127733
ceiling_growth_gt25,36,012,31,K,4,25,0.0,0.00016657134397017124,9.085709671100249e-05
ceiling_growth_gt25,36,080,54,U,2,25,0.28,0.19202648295269723,0.23201444524692577
ceiling_growth_gt25,36,015,33,J,3,25,0.04,0.05129926110685479,0.0461632333310117
ceiling_growth_gt25,36,013,54,J,2,25,0.24,0.14532563291178816,0.18835943613370262
ceiling_growth_gt25,36,036,32,J,3,25,0.08,0.23630542130862253,0.16525750253197594
ceiling_growth_gt25,36,019,54,J,0,25,0.28,0.4432465694520241,0.36904358333746773
ceiling_growth_gt25,36,015,54,Y,1,25,0.36,0.372326334692252,0.3667234552866829
ceiling_growth_gt25,36,036,22,K,1,25,0.0,0.02774165908596043,0.015131814046887508
ceiling_growth_gt25,36,019,54,J,2,24,0.3333333333333333,0.4432465694520242,0.39439624228816156
ceiling_growth_gt25,36,015,54,J,0,24,0.20833333333333334,0.2435176273657396,0.22788016335133682
ceiling_growth_gt25,36,070,51,J,4,24,0.125,0.15661113613972955,0.14256174229984975
ceiling_growth_gt25,36,013,23,J,3,24,0.0,0.09554325413542197,0.05307958563078999
ceiling_growth_gt25,36,097,22,K,4,24,0.2916666666666667,0.4674294138504131,0.38931263732430355
ceiling_growth_gt25,36,1601,23,J,3,24,0.16666666666666666,0.191551747800441,0.18049171174098574
ceiling_growth_gt25,36,028,51,J,3,24,0.0,0.059697390020659824,0.033165216678144344
ceiling_growth_gt25,36,019,42,J,1,24,0.125,0.14150606484106648,0.13417003602281471
ceiling_growth_gt25,36,089,56,R,4,24,0.16666666666666666,0.19024721893485896,0.17976697348232906
ceiling_growth_gt25,36,014,56,J,3,24,0.16666666666666666,0.2096467568646866,0.19054449455445552
ceiling_growth_gt25,36,072,23,J,4,24,0.20833333333333334,0.21044087766047773,0.20950419129285797
ceiling_growth_gt25,36,070,56,J,2,24,0.4166666666666667,0.27918447865163604,0.34028767332498294
ceiling_growth_gt25,36,015,54,J,3,24,0.125,0.2435176273657396,0.19084312631429978
ceiling_growth_gt25,36,020,23,J,0,23,0.043478260869565216,0.11167352191924479,0.0820793520297612
ceiling_growth_gt25,36,097,54,R,4,23,0.391304347826087,0.24571348391471656,0.3088944248573868
ceiling_growth_gt25,36,072,54,J,1,23,0.391304347826087,0.3462641333519141,0.3658098868029702
ceiling_growth_gt25,36,1601,54,J,1,23,0.13043478260869565,0.21048782829618626,0.1757478273374639
ceiling_growth_gt25,36,091,61,J,4,23,0.08695652173913043,0.16185515819955676,0.12935197633937176
ceiling_growth_gt25,36,070,54,Y,4,23,0.13043478260869565,0.20448620940029105,0.17235068456620248
ceiling_growth_gt25,36,089,23,J,4,23,0.0,0.12698123383737975,0.07187617009663005
ceiling_growth_gt25,36,069,33,J,3,23,0.08695652173913043,0.15280263854081388,0.12422790860800786
ceiling_growth_gt25,36,1133,54,J,0,23,0.08695652173913043,0.11696500312296494,0.10394245459790469
ceiling_growth_gt25,36,013,23,J,4,23,0.13043478260869565,0.09554325413542196,0.11068486083137093
ceiling_growth_gt25,36,069,33,J,4,23,0.21739130434782608,0.15280263854081388,0.1808316821929135
ceiling_growth_gt25,36,015,54,J,1,23,0.34782608695652173,0.2435176273657396,0.2887835626598526
ceiling_growth_gt25,36,089,54,J,4,23,0.21739130434782608,0.22425970548891608,0.22127907857863174
ceiling_growth_gt25,36,075,33,J,3,22,0.13636363636363635,0.07225137091856815,0.09937579091455853
ceiling_growth_gt25,36,514,51,J,0,22,0.4090909090909091,0.44781661264939143,0.43143266114387974
ceiling_growth_gt25,36,097,56,R,4,22,0.5,0.3669145656257477,0.42321994170716215
ceiling_growth_gt25,36,036,62,K,1,22,0.6818181818181818,0.5164020127390496,0.586385776580221
ceiling_growth_gt25,36,097,54,Z,4,22,0.36363636363636365,0.31862237780656477,0.33766675642686433
ceiling_growth_gt25,36,019,56,J,0,22,0.5,0.4754012799367746,0.48580843073275454
ceiling_growth_gt25,36,075,52,R,4,22,0.6363636363636364,0.49459621672859116,0.554574740420341
ceiling_growth_gt25,36,047,22,J,0,22,0.13636363636363635,0.06970485347341772,0.09790664623466407
ceiling_growth_gt25,36,036,22,J,0,22,0.18181818181818182,0.1723689561067095,0.17636670544617855
ceiling_growth_gt25,36,036,22,K,3,22,0.0,0.02774165908596043,0.016004803318823327
ceiling_growth_gt25,36,075,62,S,1,22,0.45454545454545453,0.4022411342147654,0.4243698851239031
ceiling_growth_gt25,36,012,54,J,4,22,0.2727272727272727,0.2647298520447665,0.268113376179673
ceiling_growth_gt25,36,020,33,J,1,22,0.09090909090909091,0.04497385820495787,0.06440799511824492
ceiling_growth_gt25,36,020,54,Z,1,22,0.3181818181818182,0.22769196355785468,0.26597613282183924
ceiling_growth_gt25,36,015,33,J,1,22,0.045454545454545456,0.05129926110685479,0.04882649679241623
ceiling_growth_gt25,36,075,54,Z,4,22,0.13636363636363635,0.24834009262919113,0.2009654380553026
ceiling_growth_gt25,36,097,56,U,3,22,0.5909090909090909,0.3662795701417236,0.46131513662022516
ceiling_growth_gt25,36,019,42,J,0,22,0.18181818181818182,0.14150606484106648,0.15856119125446144
ceiling_growth_gt25,36,091,54,R,4,21,0.09523809523809523,0.11484370370427419,0.10677080610055344
ceiling_growth_gt25,36,075,56,J,1,21,0.38095238095238093,0.24430178040208173,0.30056967474632257
ceiling_growth_gt25,36,070,54,U,1,21,0.19047619047619047,0.16217911463661366,0.17383085174702764
ceiling_growth_gt25,36,080,23,J,1,21,0.23809523809523808,0.22241117818469208,0.22886932050079928
ceiling_growth_gt25,36,047,56,J,2,21,0.47619047619047616,0.35587704579719104,0.40541787007677904
ceiling_growth_gt25,36,019,56,J,3,21,0.38095238095238093,0.47540127993677456,0.4365105568255537
ceiling_growth_gt25,36,047,33,J,3,21,0.047619047619047616,0.06021971860364167,0.055031207021749996
ceiling_growth_gt25,36,1601,23,J,2,21,0.19047619047619047,0.191551747800441,0.19110887125516138
ceiling_growth_gt25,36,072,54,J,2,21,0.38095238095238093,0.3462641333519141,0.3605475294226946
ceiling_growth_gt25,36,075,92,J,2,21,0.42857142857142855,0.3945133065957262,0.4085372391739566
ceiling_growth_gt25,36,020,56,J,3,21,0.23809523809523808,0.24030744884363525,0.23939653853547174
ceiling_growth_gt25,36,014,54,U,1,21,0.047619047619047616,0.14017070450784863,0.10206119873010704
ceiling_growth_gt25,36,097,92,J,3,21,0.2857142857142857,0.21276926663089038,0.2428054509593473
ceiling_growth_gt25,36,019,72,J,0,21,0.23809523809523808,0.25584897070763535,0.24853861022017765
ceiling_growth_gt25,36,075,51,J,3,21,0.23809523809523808,0.2432010895178992,0.24109868010856814
ceiling_growth_gt25,36,013,54,J,1,21,0.09523809523809523,0.14532563291178816,0.12470135269320873
ceiling_growth_gt25,36,014,54,Y,4,21,0.09523809523809523,0.17544589094504226,0.1424191515362994
ceiling_growth_gt25,36,070,56,J,1,21,0.5238095238095238,0.27918447865163604,0.379912438422531
ceiling_growth_gt25,36,086,54,J,1,20,0.25,0.1704726404447099,0.20228358426682594
ceiling_growth_gt25,36,014,54,S,3,20,0.0,0.08136667003460317,0.0488200020207619
ceiling_growth_gt25,36,036,61,J,4,20,0.3,0.5441046541631258,0.44646279249787546
ceiling_growth_gt25,36,069,54,Y,0,20,0.6,0.34483446554107194,0.44690067932464317
ceiling_growth_gt25,36,075,54,Y,2,20,0.4,0.22999555070134847,0.2979973304208091
ceiling_growth_gt25,36,015,54,Z,4,20,0.2,0.3041569463318315,0.2624941677990989
ceiling_growth_gt25,36,019,33,J,1,20,0.05,0.08392145390830881,0.07035287234498529
ceiling_growth_gt25,36,069,23,L,4,20,0.05,0.077768851656087,0.0666613109936522
ceiling_growth_gt25,36,036,48,J,0,20,0.55,0.47291863223843694,0.5037511793430621
ceiling_growth_gt25,36,019,33,J,2,20,0.05,0.08392145390830881,0.07035287234498529
ceiling_growth_gt25,36,020,54,Z,2,20,0.3,0.22769196355785465,0.2566151781347128
ceiling_growth_gt25,36,015,54,Y,2,20,0.5,0.372326334692252,0.42339580081535116
ceiling_growth_gt25,36,080,54,R,4,20,0.1,0.11274381317457312,0.10764628790474387
ceiling_growth_gt25,36,015,33,J,2,20,0.05,0.05129926110685479,0.05077955666411287
ceiling_growth_gt25,36,014,11,J,2,20,0.1,0.14444995285744186,0.12666997171446512
ceiling_growth_gt25,36,019,33,J,4,20,0.1,0.08392145390830881,0.09035287234498529
ceiling_growth_gt25,36,086,52,J,4,20,0.35,0.2942832848359972,0.31656997090159833
ceiling_growth_gt25,36,097,48,U,4,20,0.45,0.26942851658212696,0.3416571099492762
ceiling_growth_gt25,36,070,54,Y,3,20,0.15,0.20448620940029105,0.18269172564017463
ceiling_growth_gt25,36,020,54,Z,0,19,0.10526315789473684,0.2276919635578547,0.18021956952521714
ceiling_growth_gt25,36,089,54,Y,4,19,0.21052631578947367,0.2533947931031907,0.23677232230807593
ceiling_growth_gt25,36,020,33,J,2,19,0.05263157894736842,0.04497385820495787,0.04794317849283134
ceiling_growth_gt25,36,015,54,Y,4,19,0.15789473684210525,0.372326334692252,0.2891793885870931
ceiling_growth_gt25,36,019,56,J,1,19,0.5263157894736842,0.4754012799367746,0.4951436407776171
ceiling_growth_gt25,36,1601,54,J,4,19,0.15789473684210525,0.21048782829618626,0.19009458875276708
ceiling_growth_gt25,36,015,54,J,4,19,0.05263157894736842,0.24351762736573962,0.1695005881831059
ceiling_growth_gt25,36,089,54,J,3,19,0.3157894736842105,0.22425970548891608,0.25975084009525473
ceiling_growth_gt25,36,075,33,J,4,19,0.21052631578947367,0.07225137091856815,0.12586818627667437
ceiling_growth_gt25,36,012,33,J,1,19,0.10526315789473684,0.0783034421857272,0.08875720950146564
ceiling_growth_gt25,36,015,54,J,2,19,0.42105263157894735,0.24351762736573962,0.3123577310402488
ceiling_growth_gt25,36,086,54,J,2,18,0.2777777777777778,0.1704726404447099,0.21071206694461034
ceiling_growth_gt25,36,014,51,J,0,18,0.05555555555555555,0.19063358974118097,0.13997932692157145
ceiling_growth_gt25,36,097,44,J,0,18,0.1111111111111111,0.069727981069862,0.08524665483533041
ceiling_growth_gt25,36,072,81,S,0,18,0.5555555555555556,0.38166061380230437,0.44687121695977355
ceiling_growth_gt25,36,097,52,J,4,18,0.2777777777777778,0.12545670932826156,0.18257710999683016
ceiling_growth_gt25,36,097,61,S,3,18,0.0,0.06529542024432392,0.04080963765270245
ceiling_growth_gt25,36,045,81,J,3,18,1.0,0.9682788590804806,0.9801742869253003
ceiling_growth_gt25,36,045,81,J,1,18,1.0,0.9682788590804806,0.9801742869253003
ceiling_growth_gt25,36,012,56,J,0,18,0.2222222222222222,0.2878493993415951,0.26323920792183025
ceiling_growth_gt25,36,014,48,J,3,18,0.3888888888888889,0.2892169029649322,0.32659389768641595
ceiling_growth_gt25,36,097,52,J,0,18,0.0,0.12545670932826156,0.07841044333016348
ceiling_growth_gt25,36,020,92,S,3,18,0.0,0.11442695323459663,0.07151684577162289
ceiling_growth_gt25,36,075,62,S,4,18,0.2777777777777778,0.4022411342147653,0.355567375550895
ceiling_growth_gt25,36,089,56,J,4,18,0.16666666666666666,0.23328382324866523,0.20830238953041577
ceiling_growth_gt25,36,097,54,B,1,18,0.1111111111111111,0.10911873460462537,0.10986587579455753
ceiling_growth_gt25,36,075,54,Y,1,18,0.5555555555555556,0.22999555070134844,0.35208055252167614
ceiling_growth_gt25,36,072,92,U,4,17,0.23529411764705882,0.21520152920814759,0.22246906119668994
ceiling_growth_gt25,36,072,54,Y,4,17,0.11764705882352941,0.26847510052470247,0.21392027693066112
ceiling_growth_gt25,36,014,22,J,0,17,0.17647058823529413,0.20897863082658902,0.1972204026552696
ceiling_growth_gt25,36,072,54,S,0,17,0.5882352941176471,0.3124874120861291,0.41222600771455054
ceiling_growth_gt25,36,075,32,U,4,17,0.23529411764705882,0.20008944706214454,0.21282305131626247
ceiling_growth_gt25,36,013,56,J,4,17,0.11764705882352941,0.21302203754694893,0.17852470481720142
ceiling_growth_gt25,36,068,56,J,4,17,0.17647058823529413,0.1619195120418267,0.16718266726074044
ceiling_growth_gt25,36,069,56,J,4,17,0.29411764705882354,0.3796099284090007,0.3486871883461707
ceiling_growth_gt25,36,075,92,S,4,17,0.0,0.1482799609046753,0.09464678355617571
ceiling_growth_gt25,36,1601,54,J,0,17,0.29411764705882354,0.21048782829618626,0.24073691167841677
ceiling_growth_gt25,36,020,51,J,2,17,0.0,0.09558340615407691,0.06101068477919803
ceiling_growth_gt25,36,014,11,J,3,17,0.058823529411764705,0.14444995285744186,0.11347869331326077
ceiling_growth_gt25,36,020,51,J,4,17,0.058823529411764705,0.09558340615407691,0.08228728052387888
ceiling_growth_gt25,36,036,32,J,1,17,0.29411764705882354,0.23630542130862253,0.25721622636720587
ceiling_growth_gt25,36,019,54,Y,4,17,0.4117647058823529,0.4411599484974856,0.43052762670052264
ceiling_growth_gt25,36,073,54,J,2,17,0.11764705882352941,0.3591678097123082,0.27180924024189884
ceiling_growth_gt25,36,014,54,S,2,17,0.0,0.08136667003460317,0.05193617236251266
ceiling_growth_gt25,36,069,23,K,4,17,0.23529411764705882,0.1754580563045858,0.19710088700292713
ceiling_growth_gt25,36,020,54,Z,4,17,0.0,0.22769196355785468,0.14533529588799235
ceiling_growth_gt25,36,069,23,L,3,17,0.058823529411764705,0.077768851656087,0.07091628829111936
ceiling_growth_gt25,36,097,51,U,4,17,0.47058823529411764,0.23825152124643403,0.3222882050509153
ceiling_growth_gt25,36,1601,23,J,0,16,0.125,0.19155174780044099,0.16840331378289627
ceiling_growth_gt25,36,097,61,S,4,16,0.0,0.06529542024432392,0.04258396972455908
ceiling_growth_gt25,36,014,48,J,4,16,0.1875,0.2892169029649322,0.25383711062930364
ceiling_growth_gt25,36,015,56,J,3,16,0.25,0.27357754386818034,0.26537665904446545
ceiling_growth_gt25,36,097,54,B,0,16,0.0625,0.10911873460462537,0.09290352256823395
ceiling_growth_gt25,36,097,33,R,4,16,0.5,0.21529352481206718,0.3143218640078699
ceiling_growth_gt25,36,036,61,J,2,16,0.4375,0.5441046541631258,0.5070247744542125
ceiling_growth_gt25,36,075,61,U,4,16,0.0625,0.16472758578636898,0.12917016464328412
ceiling_growth_gt25,36,097,54,Y,1,16,0.5,0.32003984054890755,0.3826346786188527
ceiling_growth_gt25,36,014,56,J,4,16,0.0625,0.2096467568646866,0.15846527621609993
ceiling_growth_gt25,36,3300,23,J,4,16,0.75,0.6011753581216822,0.6529404509489232
ceiling_growth_gt25,36,075,62,S,2,16,0.5,0.4022411342147653,0.4362442179661513
ceiling_growth_gt25,36,097,52,J,1,16,0.0625,0.12545670932826156,0.10355872347495321
ceiling_growth_gt25,36,097,61,U,4,16,0.5,0.22461633377263693,0.32040195680824146
ceiling_growth_gt25,36,013,51,J,3,16,0.25,0.21147533131021645,0.2248752160718803
ceiling_growth_gt25,36,015,56,J,0,16,0.25,0.27357754386818034,0.26537665904446545
ceiling_growth_gt25,36,097,33,S,4,15,0.6,0.28932243756564574,0.39288162504376384
ceiling_growth_gt25,36,036,42,J,1,15,0.06666666666666667,0.03382880765899094,0.044774760661549506
ceiling_growth_gt25,36,080,54,U,1,15,0.3333333333333333,0.19202648295269723,0.23912876641290925
ceiling_growth_gt25,36,070,48,J,4,15,0.06666666666666667,0.1904590857236262,0.149194946037973
ceiling_growth_gt25,36,089,33,J,3,15,0.0,0.05902071391519384,0.03934714261012923
ceiling_growth_gt25,36,013,51,J,4,15,0.06666666666666667,0.21147533131021642,0.16320577642903317
ceiling_growth_gt25,36,075,62,J,0,15,0.4666666666666667,0.3376721088486033,0.38067029478795783
ceiling_growth_gt25,36,070,54,Z,4,15,0.06666666666666667,0.19787111810767238,0.1541363009606705
ceiling_growth_gt25,36,013,54,Y,4,15,0.0,0.15595264799100136,0.10396843199400091
ceiling_growth_gt25,36,097,54,Y,2,15,0.4666666666666667,0.32003984054890755,0.3689154492548272
ceiling_growth_gt25,36,015,22,J,3,15,0.0,0.039626249300726286,0.026417499533817522
ceiling_growth_gt25,36,070,54,Z,3,15,0.3333333333333333,0.19787111810767238,0.24302518984955937
ceiling_growth_gt25,36,075,51,J,2,15,0.26666666666666666,0.2432010895178992,0.25102294856748836
ceiling_growth_gt25,36,097,71,J,0,15,0.0,0.05804791221675636,0.038698608144504244
ceiling_growth_gt25,36,070,51,J,0,14,0.07142857142857142,0.15661113613972955,0.12950759282254287
ceiling_growth_gt25,36,020,51,J,0,14,0.14285714285714285,0.09558340615407691,0.11062504965050697
ceiling_growth_gt25,36,070,54,S,1,14,0.07142857142857142,0.20260935205597314,0.16087001276543622
ceiling_growth_gt25,36,020,33,J,3,14,0.0,0.04497385820495787,0.03066399423065309
ceiling_growth_gt25,36,012,56,J,3,14,0.21428571428571427,0.2878493993415951,0.26444277227836027
ceiling_growth_gt25,36,1601,54,Y,3,14,0.42857142857142855,0.34469075467716126,0.3713800600071554
ceiling_growth_gt25,36,070,51,J,2,14,0.2857142857142857,0.15661113613972955,0.19768941100436105
ceiling_growth_gt25,36,019,51,J,1,14,0.42857142857142855,0.41180904148083436,0.417142528282387
ceiling_growth_gt25,36,069,56,J,1,14,0.5,0.3796099284090007,0.4179158602788641
ceiling_growth_gt25,36,075,92,S,2,14,0.21428571428571427,0.1482799609046753,0.16928179152591497
ceiling_growth_gt25,36,089,33,J,1,14,0.07142857142857142,0.05902071391519385,0.06296866857854126
ceiling_growth_gt25,36,069,54,U,4,14,0.5714285714285714,0.21003527901048266,0.3250240538707836
ceiling_growth_gt25,36,1601,54,Z,4,14,0.42857142857142855,0.3010590135787864,0.34163114562189983
ceiling_growth_gt25,36,014,54,U,0,14,0.2857142857142857,0.14017070450784863,0.1864800258008059
ceiling_growth_gt25,36,075,56,J,0,14,0.42857142857142855,0.24430178040208173,0.30293303209232847
ceiling_growth_gt25,36,089,54,J,0,14,0.14285714285714285,0.22425970548891608,0.19835889010607916
ceiling_growth_gt25,36,070,54,U,0,14,0.21428571428571427,0.16217911463661366,0.1787584872522366
ceiling_growth_gt25,36,045,81,J,2,14,1.0,0.9682788590804805,0.9783719493730548
ceiling_growth_gt25,36,073,54,J,0,14,0.7142857142857143,0.3591678097123082,0.47215987025839196
ceiling_growth_gt25,36,014,56,J,2,14,0.14285714285714285,0.20964675686468656,0.18839551604410446
ceiling_growth_gt25,36,050,54,J,4,14,0.14285714285714285,0.20102439391569052,0.18251663221524356
ceiling_growth_gt25,36,097,92,J,4,14,0.2857142857142857,0.21276926663089038,0.23597904543015255
ceiling_growth_gt25,36,019,42,J,3,14,0.14285714285714285,0.14150606484106648,0.14193595330072714
ceiling_growth_gt25,36,089,54,U,4,14,0.07142857142857142,0.2395490227582755,0.1860561518806424
ceiling_growth_gt25,36,070,54,S,3,14,0.21428571428571427,0.20260935205597314,0.20632455821998166
ceiling_growth_gt25,36,014,21,J,0,14,0.0,0.0749852952847279,0.05112633769413266
ceiling_growth_gt25,36,070,54,S,2,14,0.07142857142857142,0.20260935205597314,0.16087001276543622
ceiling_growth_gt25,36,075,62,J,3,14,0.35714285714285715,0.3376721088486033,0.34386734694222953
ceiling_growth_gt25,36,073,54,J,3,13,0.07692307692307693,0.3591678097123082,0.273838006776029
ceiling_growth_gt25,36,072,54,S,4,13,0.15384615384615385,0.3124874120861291,0.2645261014554389
ceiling_growth_gt25,36,020,54,Z,3,13,0.5384615384615384,0.22769196355785468,0.3216455559705963
ceiling_growth_gt25,36,097,54,Z,3,13,0.3076923076923077,0.31862237780656477,0.3153179380045801
ceiling_growth_gt25,36,091,54,J,0,13,0.15384615384615385,0.1139728354585682,0.1260275596222569
ceiling_growth_gt25,36,097,81,U,3,13,0.15384615384615385,0.21193879726618278,0.19437590506942984
ceiling_growth_gt25,36,020,51,J,1,13,0.15384615384615385,0.09558340615407691,0.11319772522377458
ceiling_growth_gt25,36,014,54,Z,4,13,0.0,0.17812429835200433,0.12427276629209603
ceiling_growth_gt25,36,070,56,J,0,13,0.23076923076923078,0.27918447865163604,0.2645473106871879
ceiling_growth_gt25,36,075,92,J,4,13,0.23076923076923078,0.39451330659572625,0.3450092836714369
ceiling_growth_gt25,36,075,54,U,0,13,0.7692307692307693,0.2775819310697977,0.4262199519091612
ceiling_growth_gt25,36,097,52,J,3,13,0.15384615384615385,0.12545670932826156,0.13403956464762434
ceiling_growth_gt25,36,075,56,J,2,13,0.23076923076923078,0.24430178040208173,0.24021054446656864
ceiling_growth_gt25,36,1601,61,Y,4,13,0.15384615384615385,0.47957525180943017,0.38109901289030007
ceiling_growth_gt25,36,019,56,Y,4,13,0.3076923076923077,0.4769647383034749,0.42578935230474996
ceiling_growth_gt25,36,069,54,S,0,13,0.07692307692307693,0.1436865689946435,0.12350225743812336
ceiling_growth_gt25,36,015,54,Z,3,13,0.23076923076923078,0.3041569463318315,0.2819699625570917
ceiling_growth_gt25,36,015,33,J,4,13,0.07692307692307693,0.05129926110685479,0.05904599612106148
ceiling_growth_gt25,36,1601,54,Z,3,13,0.3076923076923077,0.3010590135787864,0.30306442807822304
ceiling_growth_gt25,36,070,54,S,0,13,0.15384615384615385,0.20260935205597314,0.18786698980649286
ceiling_growth_gt25,36,097,21,J,0,13,0.07692307692307693,0.06322355534123499,0.06736527116830347
ceiling_growth_gt25,36,097,52,J,2,13,0.15384615384615385,0.12545670932826156,0.13403956464762434
ceiling_growth_gt25,36,013,33,J,4,13,0.15384615384615385,0.16545711771523244,0.16194682631295285
ceiling_growth_gt25,36,086,54,J,0,13,0.3076923076923077,0.1704726404447099,0.21195765612421621
ceiling_growth_gt25,36,080,23,J,0,13,0.23076923076923078,0.22241117818469208,0.22493803129164563
ceiling_growth_gt25,36,036,48,J,2,13,0.6923076923076923,0.47291863223843694,0.5392455573756537
ceiling_growth_gt25,36,075,54,Y,0,13,0.38461538461538464,0.22999555070134844,0.27674108188466173
ceiling_growth_gt25,36,012,21,J,0,13,0.07692307692307693,0.04511951674979885,0.054734546569627104
ceiling_growth_gt25,36,019,72,J,1,13,0.15384615384615385,0.25584897070763535,0.22501090979602464
ceiling_growth_gt25,36,069,54,S,2,12,0.0,0.1436865689946435,0.1026332635676025
ceiling_growth_gt25,36,075,62,S,0,12,0.5,0.4022411342147653,0.4301722387248324
ceiling_growth_gt25,36,015,51,J,4,12,0.16666666666666666,0.26185621139328513,0.2346591986142513
ceiling_growth_gt25,36,015,54,Z,1,12,0.5,0.3041569463318315,0.3601121045227368
ceiling_growth_gt25,36,072,54,U,2,12,0.6666666666666666,0.17232170449724915,0.3135631222599399
ceiling_growth_gt25,36,075,54,Z,2,12,0.25,0.24834009262919113,0.24881435187799367
ceiling_growth_gt25,36,013,48,J,4,12,0.0,0.12562631046385636,0.08973307890275455
ceiling_growth_gt25,36,075,62,J,4,12,0.08333333333333333,0.33767210884860327,0.2650038872728119
ceiling_growth_gt25,36,020,33,J,4,12,0.0,0.04497385820495787,0.03212418443211276
ceiling_growth_gt25,36,070,54,S,4,12,0.5833333333333334,0.20260935205597316,0.3113876324209332
ceiling_growth_gt25,36,072,81,J,0,12,0.3333333333333333,0.3398266751825348,0.3379714346541915
ceiling_growth_gt25,36,070,81,J,3,12,0.25,0.20716170131960618,0.21940121522829015
ceiling_growth_gt25,36,097,71,J,1,12,0.0,0.05804791221675636,0.04146279444054026
ceiling_growth_gt25,36,014,48,J,1,12,0.25,0.2892169029649322,0.27801207354638013
ceiling_growth_gt25,36,075,81,J,3,12,0.08333333333333333,0.12395538054025795,0.11234908133827949
ceiling_growth_gt25,36,075,61,J,1,12,0.25,0.1436842909498653,0.17406020782133233
ceiling_growth_gt25,36,036,22,K,2,12,0.0,0.02774165908596043,0.019815470775686024
ceiling_growth_gt25,36,070,54,Y,1,12,0.25,0.20448620940029105,0.21749014957163645
ceiling_growth_gt25,36,097,71,J,3,12,0.08333333333333333,0.05804791221675636,0.06527231825006406
ceiling_growth_gt25,36,068,56,J,3,12,0.08333333333333333,0.1619195120418267,0.13946631812511429
ceiling_growth_gt25,36,036,42,J,2,12,0.0,0.03382880765899094,0.024163434042136382
ceiling_growth_gt25,36,070,23,U,4,12,0.16666666666666666,0.11604388366719391,0.13050753595275758
ceiling_growth_gt25,36,069,54,B,2,12,0.0,0.1988389993109432,0.14202785665067372
ceiling_growth_gt25,36,036,22,K,0,12,0.0,0.02774165908596043,0.019815470775686024
ceiling_growth_gt25,36,019,56,J,2,12,0.16666666666666666,0.47540127993677456,0.38719139043102946
ceiling_growth_gt25,36,015,56,J,4,12,0.25,0.27357754386818034,0.26684110276298595
ceiling_growth_gt25,36,075,61,J,4,12,0.08333333333333333,0.1436842909498653,0.1264411602022847
ceiling_growth_gt25,36,097,49,U,4,11,0.45454545454545453,0.25496075524559436,0.3085078696918983
ceiling_growth_gt25,36,019,51,J,0,11,0.6363636363636364,0.4118090414808344,0.4720553962054886
ceiling_growth_gt25,36,524,54,Y,3,11,0.0,0.04769451053070139,0.0348984223395376
ceiling_growth_gt25,36,097,49,L,4,11,0.18181818181818182,0.18800857854426745,0.18634774039824448
ceiling_growth_gt25,36,091,61,J,3,11,0.36363636363636365,0.16185515819955676,0.2159915791704074
ceiling_growth_gt25,36,014,54,Y,3,11,0.18181818181818182,0.17544589094504226,0.17715552995978703
ceiling_growth_gt25,36,036,53,J,0,11,0.0,0.13116962705437338,0.09597777589344393
ceiling_growth_gt25,36,069,54,S,1,11,0.0,0.1436865689946435,0.10513651389851962
ceiling_growth_gt25,36,019,52,J,3,11,0.36363636363636365,0.28122909660178,0.30333836336715614
ceiling_growth_gt25,36,097,49,J,0,11,0.09090909090909091,0.18478941159968387,0.15960200848757355
ceiling_growth_gt25,36,069,54,U,3,11,0.2727272727272727,0.21003527901048266,0.22685508220279216
ceiling_growth_gt25,36,014,22,J,2,11,0.0,0.20897863082658902,0.15291119328774808
ceiling_growth_gt25,36,013,48,J,3,11,0.18181818181818182,0.12562631046385636,0.14070217838818758
ceiling_growth_gt25,36,020,56,J,1,11,0.45454545454545453,0.24030744884363528,0.2977859381782697
ceiling_growth_gt25,36,024,54,J,4,11,0.0,0.10003190462260242,0.07319407655312372
ceiling_growth_gt25,36,072,54,R,4,11,0.0,0.1681364794584256,0.12302669228665289
ceiling_growth_gt25,36,013,56,J,3,11,0.36363636363636365,0.2130220375469489,0.25343075918069435
ceiling_growth_gt25,36,070,61,J,0,11,0.0,0.10973571700804009,0.08029442707905372
ceiling_growth_gt25,36,013,51,J,0,11,0.36363636363636365,0.21147533131021642,0.25229902290991446
ceiling_growth_gt25,36,072,61,U,4,11,0.0,0.15035242878920585,0.11001397228478477
ceiling_growth_gt25,36,069,54,Y,3,11,0.18181818181818182,0.34483446554107194,0.30109838942029654
ceiling_growth_gt25,36,036,22,J,1,11,0.36363636363636365,0.1723689561067095,0.2236846020292996
ceiling_growth_gt25,36,089,33,J,4,11,0.09090909090909091,0.05902071391519384,0.06757613213306866
ceiling_growth_gt25,36,072,56,U,4,11,0.09090909090909091,0.16266271235236351,0.14341174074563184
ceiling_growth_gt25,36,036,32,J,4,11,0.2727272727272727,0.23630542130862253,0.24607713754289454
ceiling_growth_gt25,36,097,44,J,1,11,0.09090909090909091,0.069727981069862,0.07541071785599658
ceiling_growth_gt25,36,072,54,Z,0,11,0.45454545454545453,0.29532808112262504,0.3380449374067988
ceiling_growth_gt25,36,097,54,Y,0,11,0.45454545454545453,0.32003984054890755,0.35612671259676165
ceiling_growth_gt25,36,080,54,S,3,11,0.36363636363636365,0.22870610404263525,0.2649069053970502
ceiling_growth_gt25,36,014,42,J,0,11,0.09090909090909091,0.10871212550938264,0.1039357015922312
ceiling_growth_gt25,36,097,92,J,2,11,0.2727272727272727,0.21276926663089038,0.228855560949432
ceiling_growth_gt25,36,097,33,K,0,11,0.09090909090909091,0.12256013516145918,0.1140683915815555
ceiling_growth_gt25,36,075,61,J,2,11,0.18181818181818182,0.1436842909498653,0.15391533484136483
ceiling_growth_gt25,36,097,92,K,4,11,0.45454545454545453,0.5725695342546697,0.5409045372595144
ceiling_growth_gt25,36,073,54,J,1,11,0.6363636363636364,0.3591678097123082,0.4335374217407133
ceiling_growth_gt25,36,012,56,J,1,11,0.36363636363636365,0.2878493993415951,0.30818248732311837
ceiling_growth_gt25,36,036,48,J,4,11,0.2727272727272727,0.4729186322384369,0.41920875529641727
ceiling_growth_gt25,36,097,21,J,3,11,0.09090909090909091,0.06322355534123499,0.07065138195700121
ceiling_growth_gt25,36,080,33,R,4,11,0.9090909090909091,0.39791252272892375,0.5350579434601881
ceiling_growth_gt25,36,514,51,J,1,11,0.5454545454545454,0.44781661264939143,0.47401215559711574
ceiling_growth_gt25,36,019,54,Z,3,11,0.6363636363636364,0.55579380521595,0.5774101013775244
ceiling_growth_gt25,36,080,54,S,4,11,0.18181818181818182,0.22870610404263525,0.21612641759217216
ceiling_growth_gt25,36,075,81,J,0,11,0.18181818181818182,0.12395538054025795,0.1394795467367741
ceiling_growth_gt25,36,072,54,U,0,11,0.0,0.17232170449724915,0.12608905207115792
ceiling_growth_gt25,36,012,33,J,2,10,0.0,0.0783034421857272,0.0587275816392954
ceiling_growth_gt25,36,015,51,J,0,10,0.4,0.26185621139328513,0.29639215854496387
ceiling_growth_gt25,36,075,32,J,0,10,0.0,0.17747925334055384,0.13310944000541539
ceiling_growth_gt25,36,072,23,J,3,10,0.2,0.21044087766047775,0.20783065824535832
ceiling_growth_gt25,36,071,54,Y,0,10,0.6,0.4383675377968367,0.47877565334762745
ceiling_growth_gt25,36,069,54,Y,4,10,0.4,0.34483446554107194,0.358625849155804
ceiling_growth_gt25,36,068,33,J,1,10,0.1,0.0811091574373347,0.08583186807800103
ceiling_growth_gt25,36,097,71,J,2,10,0.0,0.058047912216756356,0.04353593416256727
ceiling_growth_gt25,36,019,42,J,2,10,0.1,0.14150606484106648,0.13112954863079987
ceiling_growth_gt25,36,1601,54,Y,4,10,0.4,0.34469075467716126,0.35851806600787095
ceiling_growth_gt25,36,080,56,J,4,10,0.0,0.06252886629416471,0.04689664972062353
ceiling_growth_gt25,36,1602,54,J,4,10,0.3,0.22085780805421992,0.24064335604066495
ceiling_growth_gt25,36,072,54,U,1,10,0.5,0.17232170449724915,0.25424127837293686
ceiling_growth_gt25,36,068,23,J,4,10,0.2,0.1852575369296037,0.18894315269720277
ceiling_growth_gt25,36,036,22,J,2,10,0.1,0.1723689561067095,0.15427671708003213
ceiling_growth_gt25,36,036,49,J,2,10,0.4,0.2567990613294348,0.2925992959970761
ceiling_growth_gt25,36,069,56,J,3,10,0.3,0.3796099284090007,0.35970744630675056
ceiling_growth_gt25,36,075,52,U,4,10,0.2,0.35900007975333526,0.31925005981500143
ceiling_growth_gt25,36,070,81,J,4,10,0.1,0.20716170131960615,0.18037127598970462
ceiling_growth_gt25,36,514,54,J,1,10,0.2,0.2360232410384321,0.2270174307788241
ceiling_growth_gt25,36,015,51,J,1,10,0.4,0.26185621139328513,0.29639215854496387
ceiling_growth_gt25,36,013,54,Y,2,10,0.1,0.15595264799100136,0.141964485993251
ceiling_growth_gt25,36,070,61,J,3,10,0.0,0.1097357170080401,0.08230178775603007
ceiling_growth_gt25,36,075,54,Z,1,10,0.3,0.24834009262919113,0.26125506947189336
ceiling_growth_gt25,36,036,61,K,1,10,0.4,0.3970109122265268,0.39775818416989506
ceiling_growth_gt25,36,070,51,J,1,10,0.2,0.15661113613972955,0.16745835210479715
ceiling_growth_gt25,36,028,54,U,4,10,0.1,0.08752314287246082,0.09064235715434563
ceiling_growth_gt25,36,036,22,J,3,10,0.3,0.1723689561067095,0.2042767170800321
ceiling_growth_gt25,36,049,54,Y,4,10,0.1,0.09227091951872109,0.09420318963904081
ceiling_growth_gt25,36,097,22,K,3,10,0.8,0.46742941385041303,0.5505720603878098
ceiling_growth_gt25,36,075,51,S,4,10,1.0,0.4567054684156221,0.5925291013117165
ceiling_growth_gt25,36,069,54,Y,1,10,0.3,0.34483446554107194,0.33362584915580396
ceiling_growth_gt25,36,091,61,J,2,9,0.1111111111111111,0.16185515819955676,0.15014499348683855
ceiling_growth_gt25,36,047,33,J,4,9,0.0,0.06021971860364168,0.04632286046433975
ceiling_growth_gt25,36,020,56,J,0,9,0.2222222222222222,0.2403074488436353,0.23613393500792457
ceiling_growth_gt25,36,014,32,J,0,9,0.0,0.12297410339282605,0.09459546414832773
ceiling_growth_gt25,36,013,54,Z,3,9,0.3333333333333333,0.16279288243030665,0.2021483711002359
ceiling_growth_gt25,36,070,54,Y,2,9,0.3333333333333333,0.20448620940029105,0.23422016107714697
ceiling_growth_gt25,36,075,61,J,3,9,0.1111111111111111,0.1436842909498653,0.13616740329476817
ceiling_growth_gt25,36,069,56,J,0,9,0.6666666666666666,0.3796099284090007,0.4458537910838467
ceiling_growth_gt25,36,070,56,Z,0,9,0.2222222222222222,0.231160253651453,0.2290976310139382
ceiling_growth_gt25,36,089,33,J,2,9,0.0,0.05902071391519384,0.045400549165533724
ceiling_growth_gt25,36,075,42,J,0,9,0.0,0.1551513549088664,0.11934719608374338
ceiling_growth_gt25,36,036,32,J,2,9,0.5555555555555556,0.23630542130862253,0.30997852921176094
ceiling_growth_gt25,36,097,54,R,3,9,0.1111111111111111,0.24571348391471654,0.21465139788311527
ceiling_growth_gt25,36,075,32,J,2,9,0.1111111111111111,0.17747925334055384,0.16216352821068244
ceiling_growth_gt25,36,097,71,J,4,9,0.2222222222222222,0.05804791221675636,0.09593429144878694
ceiling_growth_gt25,36,013,54,Z,4,9,0.0,0.16279288243030665,0.12522529417715897
ceiling_growth_gt25,36,015,51,J,3,9,0.2222222222222222,0.26185621139328513,0.2527099061999629
ceiling_growth_gt25,36,070,32,J,0,9,0.1111111111111111,0.10743104721595376,0.10828029273022083
ceiling_growth_gt25,36,070,72,J,0,9,0.3333333333333333,0.2862592608451232,0.29712250834240245
ceiling_growth_gt25,36,020,23,J,4,9,0.0,0.11167352191924479,0.08590270916864984
ceiling_growth_gt25,36,1601,61,U,3,9,0.6666666666666666,0.6454003683504321,0.6503079756541786
ceiling_growth_gt25,36,012,51,J,1,9,0.0,0.09101602557074313,0.0700123273621101
ceiling_growth_gt25,36,069,48,J,4,9,0.6666666666666666,0.3522332933550688,0.42479484104236065
ceiling_growth_gt25,36,1133,54,J,1,9,0.1111111111111111,0.11696500312296493,0.11561410496638327
ceiling_growth_gt25,36,036,61,K,4,9,0.3333333333333333,0.3970109122265268,0.3823160863280975
ceiling_growth_gt25,36,014,22,J,1,9,0.4444444444444444,0.20897863082658902,0.2633168955076326
ceiling_growth_gt25,36,072,54,Y,0,9,0.5555555555555556,0.26847510052470247,0.33472443630105314
ceiling_growth_gt25,36,091,54,J,1,9,0.0,0.11397283545856822,0.08767141189120632
ceiling_growth_gt25,36,097,49,J,1,9,0.3333333333333333,0.18478941159968387,0.21906877815360296
ceiling_growth_gt25,36,014,51,J,4,9,0.3333333333333333,0.19063358974118097,0.22356429980090844
ceiling_growth_gt25,36,015,56,J,1,9,0.6666666666666666,0.27357754386818034,0.3642904183601387
ceiling_growth_gt25,36,070,61,J,4,9,0.2222222222222222,0.10973571700804009,0.13569414128823595
ceiling_growth_gt25,36,068,23,J,2,9,0.0,0.1852575369296037,0.14250579763815668
ceiling_growth_gt25,36,097,33,K,4,9,0.3333333333333333,0.1225601351614592,0.17120010397035323
ceiling_growth_gt25,36,013,51,J,1,9,0.2222222222222222,0.21147533131021645,0.21395538305914086
ceiling_growth_gt25,36,012,48,J,0,9,0.2222222222222222,0.1387230942378174,0.15799212377268004
ceiling_growth_gt25,36,075,32,J,3,9,0.1111111111111111,0.17747925334055384,0.16216352821068244
ceiling_growth_gt25,36,097,54,T,4,9,0.0,0.14076095596574792,0.1082776584351907
ceiling_growth_gt25,36,075,62,S,3,9,0.3333333333333333,0.4022411342147653,0.38633933401135795
ceiling_growth_gt25,36,015,42,J,0,9,0.0,0.05483861728527893,0.04218355175790687
ceiling_growth_gt25,36,075,51,J,1,9,0.3333333333333333,0.2432010895178992,0.2640008380906917
ceiling_growth_gt25,36,514,54,J,0,9,0.1111111111111111,0.23602324103843209,0.207197364901358
ceiling_growth_gt25,36,1601,56,V,4,9,0.6666666666666666,0.5022161781948455,0.540166290919112
ceiling_growth_gt25,36,097,56,S,4,9,0.2222222222222222,0.177832632813394,0.1880763842154313
ceiling_growth_gt25,36,019,52,J,1,9,0.2222222222222222,0.28122909660178,0.26761212559111286
ceiling_growth_gt25,36,070,62,J,4,9,0.1111111111111111,0.14685635250436338,0.13860745064438207
ceiling_growth_gt25,36,080,33,U,4,9,0.6666666666666666,0.2862882686377175,0.3740678989520904
ceiling_growth_gt25,36,097,81,U,1,8,0.0,0.21193879726618278,0.16732010310488113
ceiling_growth_gt25,36,075,62,U,4,8,0.25,0.381900032404283,0.3541316045296971
ceiling_growth_gt25,36,047,49,J,4,8,0.375,0.26725503504586584,0.28993818556252565
ceiling_growth_gt25,36,019,62,J,3,8,0.125,0.21094229647141535,0.1928491814248016
ceiling_growth_gt25,36,097,92,K,3,8,1.0,0.5725695342546697,0.6625548954642129
ceiling_growth_gt25,36,028,51,J,4,8,0.0,0.059697390020659824,0.047129518437363016
ceiling_growth_gt25,36,036,48,J,3,8,0.125,0.47291863223843694,0.399672604398766
ceiling_growth_gt25,36,097,54,Z,1,8,0.5,0.31862237780656477,0.3568071403736037
ceiling_growth_gt25,36,075,62,J,1,8,0.5,0.3376721088486033,0.37184640172258154
ceiling_growth_gt25,36,069,56,J,2,8,0.25,0.3796099284090007,0.35232362769131637
ceiling_growth_gt25,36,070,32,J,1,8,0.0,0.10743104721595376,0.08481398464417401
ceiling_growth_gt25,36,097,33,Y,3,8,0.375,0.17008345287712703,0.2132237785872056
ceiling_growth_gt25,36,097,92,K,2,8,0.75,0.5725695342546697,0.6099233165168445
ceiling_growth_gt25,36,091,51,J,2,8,0.0,0.1388194082162834,0.10959426964443428
ceiling_growth_gt25,36,086,51,J,3,8,0.0,0.1686171854666903,0.1331188306315976
ceiling_growth_gt25,36,075,61,U,3,8,0.25,0.16472758578636898,0.18267967298923868
ceiling_growth_gt25,36,075,92,S,1,8,0.125,0.1482799609046753,0.14337891650369103
ceiling_growth_gt25,36,036,53,J,3,8,0.0,0.13116962705437338,0.10355496872713688
ceiling_growth_gt25,36,019,52,J,2,8,0.125,0.28122909660178,0.24833876047508952
ceiling_growth_gt25,36,047,71,J,0,8,0.125,0.15037402928538673,0.14503212838320004
ceiling_growth_gt25,36,1602,54,Z,4,8,0.375,0.27315804087319695,0.294598453320945
ceiling_growth_gt25,36,019,54,U,4,8,0.375,0.3633759290409801,0.365823101874458
ceiling_growth_gt25,36,050,54,J,3,8,0.125,0.20102439391569052,0.1850192583544925
ceiling_growth_gt25,36,086,56,J,3,8,0.25,0.19015096819033514,0.2027507643607909
ceiling_growth_gt25,36,1601,33,J,2,8,0.125,0.18050913722745762,0.16882300307430864
ceiling_growth_gt25,36,014,61,J,0,8,0.5,0.33012421917105683,0.36588754145083435
ceiling_growth_gt25,36,1601,33,J,1,8,0.125,0.18050913722745762,0.16882300307430864
ceiling_growth_gt25,36,012,51,J,4,8,0.0,0.09101602557074313,0.07185475702953406
ceiling_growth_gt25,36,1601,54,Z,0,8,0.25,0.3010590135787864,0.2903097475621998
ceiling_growth_gt25,36,036,72,J,1,8,0.75,0.2567990613294348,0.36063083789165906
ceiling_growth_gt25,36,014,62,J,4,8,0.125,0.22854941220924932,0.2067495359546705
ceiling_growth_gt25,36,070,81,J,2,8,0.125,0.20716170131960615,0.18986450104179434
ceiling_growth_gt25,36,036,61,K,3,8,0.25,0.3970109122265268,0.3660612464946264
ceiling_growth_gt25,36,097,44,J,3,8,0.0,0.069727981069862,0.05504840610778578
ceiling_growth_gt25,36,070,33,U,4,8,0.25,0.2450273882797232,0.24607425390504462
ceiling_growth_gt25,36,1602,52,J,3,8,0.0,0.13456651182100077,0.10623671985868482
ceiling_growth_gt25,36,097,81,Y,4,8,0.125,0.199631252207491,0.1839194096374929
ceiling_growth_gt25,36,019,61,U,4,8,0.625,0.4078640965941957,0.45357691836383873
ceiling_growth_gt25,36,1601,61,V,3,8,0.875,0.577203054790512,0.6398971485188253
ceiling_growth_gt25,36,068,23,J,3,8,0.375,0.1852575369296037,0.22520331862863452
ceiling_growth_gt25,36,089,54,Y,3,8,0.375,0.2533947931031907,0.27899588929199265
ceiling_growth_gt25,36,075,81,J,1,8,0.0,0.12395538054025795,0.09785951095283522
ceiling_growth_gt25,36,015,42,J,1,8,0.0,0.05483861728527893,0.04329364522522021
ceiling_growth_gt25,36,013,54,Y,3,7,0.2857142857142857,0.15595264799100136,0.18050214701973083
ceiling_growth_gt25,36,072,54,Y,3,7,0.42857142857142855,0.26847510052470247,0.298763595020029
ceiling_growth_gt25,36,036,61,K,0,7,0.2857142857142857,0.3970109122265268,0.3759547936971839
ceiling_growth_gt25,36,097,54,T,3,7,0.0,0.14076095596574792,0.1141305048370929
ceiling_growth_gt25,36,036,54,Y,4,7,0.14285714285714285,0.12025486005509646,0.12453096761224036
ceiling_growth_gt25,36,012,54,Z,3,7,0.42857142857142855,0.3113551966292401,0.33353124051019467
ceiling_growth_gt25,36,075,56,Y,4,7,0.14285714285714285,0.2627888013985451,0.2400990281609825
ceiling_growth_gt25,36,036,22,K,4,7,0.0,0.02774165908596043,0.022493237096724673
ceiling_growth_gt25,36,1601,54,Z,2,7,0.14285714285714285,0.3010590135787864,0.2711289299287457
ceiling_growth_gt25,36,1601,54,Y,2,7,0.2857142857142857,0.34469075467716126,0.33353304433283343
ceiling_growth_gt25,36,024,54,J,3,7,0.14285714285714285,0.10003190462260243,0.10813397672102901
ceiling_growth_gt25,36,020,72,J,4,7,0.0,0.09906830194535128,0.0803256502259605
ceiling_growth_gt25,36,075,51,U,4,7,0.42857142857142855,0.36358530880522844,0.3758799801123474
ceiling_growth_gt25,36,097,33,K,1,7,0.0,0.12256013516145918,0.09937308256334529
ceiling_growth_gt25,36,089,56,J,3,7,0.2857142857142857,0.2332838232486652,0.24320309993135017
ceiling_growth_gt25,36,014,32,J,1,7,0.2857142857142857,0.12297410339282604,0.15376278653472383
ceiling_growth_gt25,36,012,51,J,2,7,0.14285714285714285,0.09101602557074313,0.10082380451681876
ceiling_growth_gt25,36,036,42,J,3,7,0.14285714285714285,0.03382880765899094,0.05445578999377643
ceiling_growth_gt25,36,070,81,J,1,7,0.2857142857142857,0.20716170131960615,0.22202300106995093
ceiling_growth_gt25,36,015,56,J,2,7,0.14285714285714285,0.27357754386818034,0.2488466571904165
ceiling_growth_gt25,36,3300,54,J,0,7,0.5714285714285714,0.5007176411620337,0.5140953847259733
ceiling_growth_gt25,36,068,33,J,0,7,0.0,0.0811091574373347,0.06576418170594706
ceiling_growth_gt25,36,086,54,Z,4,7,0.14285714285714285,0.25279960549879066,0.23199968013415462
ceiling_growth_gt25,36,069,54,Y,2,7,0.2857142857142857,0.34483446554107194,0.3336495666549232
ceiling_growth_gt25,36,1601,42,J,2,7,0.0,0.2330104756483594,0.18892741268785895
ceiling_growth_gt25,36,036,72,J,3,7,0.0,0.2567990613294348,0.20821545513197418
ceiling_growth_gt25,36,047,42,J,0,7,0.0,0.07213170397911385,0.05848516538847069
ceiling_growth_gt25,36,069,54,T,4,7,0.7142857142857143,0.256642941684891,0.3432240067715332
ceiling_growth_gt25,36,1601,54,Z,1,7,0.2857142857142857,0.3010590135787864,0.29815595695577274
ceiling_growth_gt25,36,036,62,K,0,7,0.7142857142857143,0.5164020127390496,0.5538394697884186
ceiling_growth_gt25,36,014,54,Y,2,7,0.42857142857142855,0.17544589094504226,0.2233345061716559
ceiling_growth_gt25,36,070,33,U,3,7,0.0,0.2450273882797232,0.1986708553619377
ceiling_growth_gt25,36,424,53,J,0,7,0.0,0.062080585643142554,0.05033560998092639
ceiling_growth_gt25,36,015,54,Y,3,7,0.42857142857142855,0.372326334692252,0.38296729839912325
ceiling_growth_gt25,36,070,54,Y,0,7,0.42857142857142855,0.20448620940029105,0.24688071032456033
ceiling_growth_gt25,36,031,54,J,3,7,0.14285714285714285,0.09051866706041597,0.10042054085979674
ceiling_growth_gt25,36,047,48,J,0,7,0.0,0.12406582952886276,0.10059391583421305
ceiling_growth_gt25,36,020,52,J,4,7,0.0,0.07688464022856345,0.06233889748261901
ceiling_growth_gt25,36,075,51,J,0,7,0.14285714285714285,0.24320108951789918,0.22421709960910743
ceiling_growth_gt25,36,050,54,Y,2,7,0.14285714285714285,0.2249358086913405,0.20940741245243824
ceiling_growth_gt25,36,089,33,J,0,7,0.0,0.05902071391519385,0.04785463290421123
ceiling_growth_gt25,36,097,81,Y,2,7,0.2857142857142857,0.199631252207491,0.2159172315195873
ceiling_growth_gt25,36,070,42,J,2,7,0.14285714285714285,0.11978286178248478,0.12414826631012281
ceiling_growth_gt25,36,086,51,J,4,7,0.14285714285714285,0.1686171854666903,0.16374366389191106
ceiling_growth_gt25,36,097,33,K,3,7,0.2857142857142857,0.12256013516145918,0.15342713661739935
ceiling_growth_gt25,36,014,92,J,1,7,0.14285714285714285,0.19615009935412675,0.18606764812496762
ceiling_growth_gt25,36,036,62,K,3,7,0.2857142857142857,0.5164020127390496,0.4727583887073375
ceiling_growth_gt25,36,075,62,J,2,7,0.14285714285714285,0.3376721088486033,0.30081522339075945
ceiling_growth_gt25,36,080,56,U,4,7,0.14285714285714285,0.10307564819560573,0.11060187691535601
ceiling_growth_gt25,36,070,61,J,1,7,0.14285714285714285,0.10973571700804009,0.11600193270922168
ceiling_growth_gt25,36,097,92,K,1,7,1.0,0.5725695342546697,0.6534347575037862
ceiling_growth_gt25,36,014,54,S,1,7,0.14285714285714285,0.08136667003460317,0.09300000273075933
ceiling_growth_gt25,36,097,54,T,2,7,0.0,0.14076095596574792,0.1141305048370929
ceiling_growth_gt25,36,012,51,J,0,7,0.14285714285714285,0.09101602557074313,0.10082380451681876
ceiling_growth_gt25,36,028,56,J,4,7,0.14285714285714285,0.14557690522473113,0.14506235558761982
ceiling_growth_gt25,36,020,56,J,2,7,0.5714285714285714,0.24030744884363528,0.30295198554889347
ceiling_growth_gt25,36,097,11,J,2,7,0.14285714285714285,0.1712689319428035,0.1658937286022731
ceiling_growth_gt25,36,014,48,K,3,7,0.14285714285714285,0.269382250046959,0.2454450676056424
ceiling_growth_gt25,36,036,53,J,1,7,0.5714285714285714,0.13116962705437338,0.21446185977381627
ceiling_growth_gt25,36,015,81,J,3,7,0.0,0.13713286103341113,0.11118880624330632
ceiling_growth_gt25,36,019,51,J,3,7,0.42857142857142855,0.41180904148083436,0.4149803039033792
ceiling_growth_gt25,36,015,81,J,1,7,0.14285714285714285,0.13713286103341113,0.13821583327033335
ceiling_growth_gt25,36,072,23,J,2,6,0.16666666666666666,0.21044087766047773,0.20314517582817587
ceiling_growth_gt25,36,068,33,J,2,6,0.0,0.0811091574373347,0.06759096453111225
ceiling_growth_gt25,36,015,62,J,4,6,0.16666666666666666,0.22948534149762098,0.2190155623591286
ceiling_growth_gt25,36,069,54,T,1,6,0.0,0.256642941684891,0.2138691180707425
ceiling_growth_gt25,36,014,92,J,3,6,0.0,0.19615009935412675,0.16345841612843895
ceiling_growth_gt25,36,019,56,Y,3,6,0.8333333333333334,0.4769647383034749,0.5363595041417847
ceiling_growth_gt25,36,014,54,Z,3,6,0.16666666666666666,0.1781242983520043,0.1762146930711147
ceiling_growth_gt25,36,075,61,S,4,6,0.3333333333333333,0.22227706095731872,0.24078643968665447
ceiling_growth_gt25,36,1133,54,J,2,6,0.3333333333333333,0.11696500312296494,0.1530263914913597
ceiling_growth_gt25,36,097,56,U,2,6,0.6666666666666666,0.3662795701417236,0.4163440862292141
ceiling_growth_gt25,36,047,81,J,2,6,0.6666666666666666,0.4106733706457805,0.45333891998259485
ceiling_growth_gt25,36,019,48,J,3,6,0.16666666666666666,0.2768366427530392,0.2584749800719771
ceiling_growth_gt25,36,036,72,J,0,6,0.16666666666666666,0.2567990613294348,0.24177699555230678
ceiling_growth_gt25,36,097,54,R,2,6,0.16666666666666666,0.2457134839147165,0.23253901437337485
ceiling_growth_gt25,36,014,54,Y,1,6,0.16666666666666666,0.17544589094504226,0.17398268689864635
ceiling_growth_gt25,36,036,49,J,0,6,0.16666666666666666,0.2567990613294348,0.24177699555230678
ceiling_growth_gt25,36,013,48,J,0,6,0.16666666666666666,0.12562631046385636,0.13246636983099142
ceiling_growth_gt25,36,047,54,U,4,6,0.16666666666666666,0.27003891107213907,0.252810203671227
ceiling_growth_gt25,36,075,54,R,3,6,0.5,0.26214852382479353,0.30179043652066123
ceiling_growth_gt25,36,012,51,J,3,6,0.3333333333333333,0.09101602557074313,0.13140224353117486
ceiling_growth_gt25,36,1601,51,J,3,6,0.16666666666666666,0.2518783949586923,0.23767644024335471
ceiling_growth_gt25,36,047,92,J,1,6,0.0,0.08584268903299501,0.07153557419416251
ceiling_growth_gt25,36,036,62,K,4,6,0.0,0.5164020127390496,0.43033501061587465
ceiling_growth_gt25,36,019,51,J,4,6,0.3333333333333333,0.4118090414808344,0.3987297567895842
ceiling_growth_gt25,36,019,48,J,2,6,0.16666666666666666,0.2768366427530392,0.2584749800719771
ceiling_growth_gt25,36,024,33,J,4,6,0.16666666666666666,0.10099562623430376,0.11194079963969757
ceiling_growth_gt25,36,097,81,S,4,6,0.3333333333333333,0.20842180835171079,0.22924039584864786
ceiling_growth_gt25,36,019,54,Z,2,6,1.0,0.55579380521595,0.6298281710132917
ceiling_growth_gt25,36,075,54,Z,0,6,0.5,0.24834009262919113,0.29028341052432594
ceiling_growth_gt25,36,097,54,L,4,6,0.16666666666666666,0.17420695562013178,0.17295024079455426
ceiling_growth_gt25,36,015,56,Z,4,6,0.3333333333333333,0.20528521305086264,0.22662656643127443
ceiling_growth_gt25,36,097,44,J,4,6,0.0,0.069727981069862,0.05810665089155166
ceiling_growth_gt25,36,019,51,J,2,6,0.16666666666666666,0.4118090414808344,0.37095197901180643
ceiling_growth_gt25,36,019,72,J,2,6,0.5,0.25584897070763535,0.2965408089230295
ceiling_growth_gt25,36,028,56,J,3,6,0.16666666666666666,0.14557690522473113,0.1490918654650537
ceiling_growth_gt25,36,089,54,J,2,6,0.0,0.22425970548891608,0.18688308790743005
ceiling_growth_gt25,36,047,32,J,1,6,0.0,0.08393507372115067,0.06994589476762555
ceiling_growth_gt25,36,069,54,S,3,6,0.3333333333333333,0.1436865689946435,0.1752943630510918
ceiling_growth_gt25,36,070,72,J,3,6,0.16666666666666666,0.2862592608451232,0.2663271618153804
ceiling_growth_gt25,36,019,42,J,4,6,0.0,0.14150606484106648,0.11792172070088874
ceiling_growth_gt25,36,036,31,K,4,6,0.0,0.09508710248941894,0.07923925207451579
ceiling_growth_gt25,36,047,71,J,1,6,0.0,0.15037402928538673,0.1253116910711556
ceiling_growth_gt25,36,1601,52,J,4,6,0.6666666666666666,0.4843884541052123,0.514768156198788
ceiling_growth_gt25,36,097,81,S,3,6,0.16666666666666666,0.20842180835171079,0.2014626180708701
ceiling_growth_gt25,36,068,54,J,4,6,0.0,0.1727360406913796,0.14394670057614967
ceiling_growth_gt25,36,097,54,Z,2,6,0.5,0.31862237780656477,0.34885198150547064
ceiling_growth_gt25,36,091,61,U,4,6,0.0,0.1700749258254176,0.14172910485451468
ceiling_growth_gt25,36,097,61,U,1,6,0.0,0.22461633377263693,0.18718027814386412
ceiling_growth_gt25,36,049,54,Y,3,6,0.0,0.09227091951872109,0.07689243293226758
ceiling_growth_gt25,36,069,51,J,1,6,0.3333333333333333,0.32005228541147224,0.3222657933984491
ceiling_growth_gt25,36,089,54,R,4,6,0.3333333333333333,0.2696608415652372,0.28027292352658656
ceiling_growth_gt25,36,097,81,Y,1,6,0.3333333333333333,0.199631252207491,0.22191493239513138
ceiling_growth_gt25,36,069,23,L,2,6,0.0,0.077768851656087,0.0648073763800725
ceiling_growth_gt25,36,097,44,J,2,6,0.0,0.069727981069862,0.05810665089155166
ceiling_growth_gt25,36,075,81,J,4,6,0.16666666666666666,0.12395538054025795,0.13107392822799274
ceiling_growth_gt25,36,089,54,Y,1,6,0.16666666666666666,0.2533947931031907,0.23894010536377003
ceiling_growth_gt25,36,080,54,S,0,6,0.5,0.22870610404263525,0.2739217533688627
ceiling_growth_gt25,36,075,56,R,4,6,0.5,0.31811275958771246,0.34842729965642705
ceiling_growth_gt25,36,089,54,J,1,6,0.3333333333333333,0.22425970548891608,0.24243864346298563
ceiling_growth_gt25,36,088,56,J,3,6,0.0,0.06622207006972365,0.05518505839143637
ceiling_growth_gt25,36,514,51,J,2,6,0.5,0.4478166126493915,0.4565138438744929
ceiling_growth_gt25,36,050,54,J,0,6,0.3333333333333333,0.20102439391569052,0.223075883818631
ceiling_growth_gt25,36,097,56,S,2,6,0.0,0.177832632813394,0.14819386067782833
ceiling_growth_gt25,36,3302,23,J,0,6,0.16666666666666666,0.27284197397669013,0.25514608942501954
ceiling_growth_gt25,36,020,56,Z,3,6,0.16666666666666666,0.1956268255999969,0.19080013244444183
ceiling_growth_gt25,36,072,81,Y,0,5,0.4,0.3426095359750497,0.35080817369289974
ceiling_growth_gt25,36,015,56,Z,3,5,0.0,0.2052852130508626,0.1759587540435965
ceiling_growth_gt25,36,072,56,J,0,5,0.0,0.12677899823476668,0.10866771277265716
ceiling_growth_gt25,36,9553,62,J,3,5,0.0,0.09632646364922377,0.08256554027076324
ceiling_growth_gt25,36,068,54,J,3,5,0.0,0.1727360406913796,0.14805946344975393
ceiling_growth_gt25,36,097,56,V,4,5,0.4,0.2337228888404607,0.257476761863252
ceiling_growth_gt25,36,012,56,J,2,5,0.8,0.2878493993415951,0.36101377086422437
ceiling_growth_gt25,36,019,44,J,1,5,0.0,0.19781084061331414,0.1695521490971264
ceiling_growth_gt25,36,070,72,J,4,5,0.2,0.2862592608451232,0.27393650929581986
ceiling_growth_gt25,36,068,33,J,4,5,0.0,0.0811091574373347,0.0695221349462869
ceiling_growth_gt25,36,070,42,J,0,5,0.0,0.11978286178248479,0.10267102438498696
ceiling_growth_gt25,36,070,32,J,2,5,0.0,0.10743104721595376,0.09208375475653179
ceiling_growth_gt25,36,070,48,J,0,5,0.0,0.1904590857236262,0.1632506449059653
ceiling_growth_gt25,36,080,54,S,2,5,0.2,0.22870610404263525,0.2246052320365445
ceiling_growth_gt25,36,031,54,J,1,5,0.0,0.09051866706041597,0.07758742890892799
ceiling_growth_gt25,36,097,81,Y,3,5,0.2,0.199631252207491,0.19968393046356372
ceiling_growth_gt25,36,015,54,Z,2,5,0.4,0.3041569463318315,0.3178488111415699
ceiling_growth_gt25,36,070,42,J,1,5,0.0,0.11978286178248479,0.10267102438498696
ceiling_growth_gt25,36,047,33,K,0,5,0.0,0.05613789523396116,0.04811819591482385
ceiling_growth_gt25,36,019,48,J,1,5,0.4,0.2768366427530392,0.29443140807403356
ceiling_growth_gt25,36,068,54,Y,4,5,0.0,0.10419728376915258,0.0893119575164165
ceiling_growth_gt25,36,097,22,K,2,5,1.0,0.46742941385041303,0.5435109261574969
ceiling_growth_gt25,36,019,53,J,0,5,0.0,0.19781084061331414,0.1695521490971264
ceiling_growth_gt25,36,086,56,J,4,5,0.2,0.19015096819033514,0.19155797273457298
ceiling_growth_gt25,36,080,33,U,3,5,0.0,0.2862882686377175,0.245389944546615
ceiling_growth_gt25,36,1601,61,J,3,5,0.6,0.6786306415759344,0.6673976927793724
ceiling_growth_gt25,36,070,56,Y,4,5,0.2,0.30239230438174364,0.2877648323272088
ceiling_growth_gt25,36,072,49,J,4,5,0.0,0.17920129137605778,0.1536011068937638
ceiling_growth_gt25,36,071,54,J,2,5,0.0,0.30916532446480277,0.2649988495412595
ceiling_growth_gt25,36,015,51,J,2,5,0.2,0.26185621139328513,0.253019609765673
ceiling_growth_gt25,36,014,42,J,1,5,0.2,0.10871212550938263,0.12175325043661367
ceiling_growth_gt25,36,075,62,Z,4,5,0.4,0.38999448224944133,0.3914238419280926
ceiling_growth_gt25,36,070,33,U,2,5,0.4,0.2450273882797232,0.2671663328111913
ceiling_growth_gt25,36,069,51,J,2,5,0.6,0.32005228541147224,0.3600448160669762
ceiling_growth_gt25,36,050,52,Y,0,5,0.2,0.22768248052860604,0.2237278404530909
ceiling_growth_gt25,36,070,33,L,4,5,0.6,0.3284684800647395,0.3672586971983482
ceiling_growth_gt25,36,047,44,R,4,5,0.8,0.40838651918056784,0.4643313021547724
ceiling_growth_gt25,36,020,81,J,0,5,0.2,0.20776205357428443,0.20665318877795807
ceiling_growth_gt25,36,070,48,J,3,5,0.4,0.1904590857236262,0.22039350204882244
ceiling_growth_gt25,36,1602,54,J,2,5,0.2,0.22085780805421992,0.21787812118933136
ceiling_growth_gt25,36,097,61,S,1,5,0.0,0.06529542024432392,0.05596750306656336
ceiling_growth_gt25,36,075,56,Y,3,5,0.4,0.2627888013985451,0.2823904011987529
ceiling_growth_gt25,36,1601,42,J,1,5,0.2,0.2330104756483594,0.22829469341287947
ceiling_growth_gt25,36,014,22,J,3,5,0.6,0.20897863082658902,0.2648388264227906
ceiling_growth_gt25,36,072,56,J,4,5,0.0,0.12677899823476668,0.10866771277265716
ceiling_growth_gt25,36,075,53,J,0,5,0.4,0.25300456667734067,0.27400391429486337
ceiling_growth_gt25,36,1601,54,Y,0,5,0.2,0.34469075467716126,0.3240206468661382
ceiling_growth_gt25,36,075,51,Y,4,5,0.2,0.24935703089847464,0.2423060264844068
ceiling_growth_gt25,36,097,54,T,1,5,0.6,0.14076095596574792,0.20636653368492677
ceiling_growth_gt25,36,049,54,J,1,5,0.2,0.09051431031843044,0.10615512313008323
ceiling_growth_gt25,36,394,54,J,0,5,0.0,0.08127163129012123,0.06966139824867534
ceiling_growth_gt25,36,3302,23,J,3,5,0.6,0.27284197397669013,0.319578834837163
ceiling_growth_gt25,36,014,51,J,1,5,0.0,0.19063358974118097,0.16340021977815514
ceiling_growth_gt25,36,3302,23,J,1,5,0.0,0.27284197397669013,0.23386454912287727
ceiling_growth_gt25,36,089,42,J,0,5,0.0,0.13146037817477724,0.11268032414980907
ceiling_growth_gt25,36,097,23,U,4,5,0.2,0.14257203997354195,0.15077603426303596
ceiling_growth_gt25,36,524,54,J,2,5,0.0,0.0848808426243042,0.07275500796368932
ceiling_growth_gt25,36,097,21,J,4,5,0.0,0.06322355534123499,0.0541916188639157
ceiling_growth_gt25,36,097,11,J,0,5,0.2,0.17126893194280346,0.1753733702366887
ceiling_growth_gt25,36,072,32,J,4,5,0.2,0.1870233567519707,0.1888771629302606
ceiling_growth_gt25,36,014,32,J,2,5,0.2,0.12297410339282604,0.13397780290813663
ceiling_growth_gt25,36,015,56,Y,3,5,0.0,0.1742626038983219,0.14936794619856164
ceiling_growth_gt25,36,047,81,J,0,5,0.4,0.4106733706457805,0.409148603410669
ceiling_growth_gt25,36,019,52,J,0,5,0.6,0.28122909660178,0.32676779708724
ceiling_growth_gt25,36,070,81,J,0,5,0.4,0.20716170131960615,0.23471002970251956
ceiling_growth_gt25,36,097,61,S,2,5,0.2,0.06529542024432392,0.08453893163799193
ceiling_growth_gt25,36,097,56,Y,3,5,0.0,0.22131089368295923,0.18969505172825077
ceiling_growth_gt25,36,012,56,J,4,5,0.4,0.2878493993415951,0.3038709137213672
ceiling_growth_gt25,36,097,52,U,4,5,0.0,0.10140927449863571,0.0869222352845449
ceiling_growth_gt25,36,036,51,K,0,5,0.0,0.11291234980669643,0.09678201412002552
ceiling_growth_gt25,36,014,48,J,2,5,0.8,0.2892169029649322,0.36218591682708473
ceiling_growth_gt25,36,097,62,U,4,5,0.2,0.14834686990383467,0.15572588848900112
ceiling_growth_gt25,36,013,54,U,4,5,0.2,0.21511950158470233,0.2129595727868877
ceiling_growth_gt25,36,069,23,L,1,5,0.0,0.077768851656087,0.06665901570521743
ceiling_growth_gt25,36,075,56,Z,3,5,0.2,0.23461127591472267,0.22966680792690514
ceiling_growth_gt25,36,097,22,K,1,5,1.0,0.46742941385041303,0.5435109261574969
ceiling_growth_gt25,36,047,48,J,1,5,0.2,0.12406582952886276,0.13491356816759667
ceiling_growth_gt25,36,013,54,Y,1,5,0.4,0.15595264799100136,0.19081655542085832
ceiling_growth_gt25,36,069,51,J,3,5,0.2,0.32005228541147224,0.30290195892411903
ceiling_growth_gt25,36,019,54,Y,3,5,0.4,0.4411599484974856,0.43527995585498763
ceiling_growth_gt25,36,524,54,Y,4,5,0.0,0.04769451053070139,0.040881009026315474
ceiling_growth_gt25,36,049,54,Z,3,5,0.2,0.11587510823281252,0.12789294991383932
ceiling_growth_gt25,36,015,42,J,2,5,0.0,0.05483861728527893,0.04700452910166766
ceiling_growth_gt25,36,024,23,J,3,5,0.0,0.0669050416178861,0.05734717852961666
ceiling_growth_gt25,36,097,33,V,3,5,0.2,0.3379047204861591,0.31820404613099357
ceiling_growth_gt25,36,031,56,J,3,5,0.0,0.09477137523214334,0.08123260734183715
ceiling_growth_gt25,36,019,48,J,4,5,0.4,0.2768366427530392,0.29443140807403356
ceiling_growth_gt25,36,072,81,Z,0,5,0.4,0.36087038219796497,0.3664603275982557
ceiling_growth_gt25,36,075,49,J,4,5,0.0,0.17954070651369766,0.153892034154598
ceiling_growth_gt25,36,1601,33,J,0,5,0.0,0.18050913722745762,0.1547221176235351
ceiling_growth_gt25,36,1602,51,J,3,5,0.0,0.08811866948443473,0.07553028812951548
ceiling_growth_gt25,36,072,81,J,1,5,0.4,0.3398266751825348,0.34842286444217263
ceiling_growth_gt25,36,070,48,J,1,5,0.6,0.1904590857236262,0.24896493062025102
ceiling_growth_gt25,36,012,11,J,4,5,0.0,0.06596950203199578,0.05654528745599638
ceiling_growth_gt25,36,012,31,A,3,5,0.0,0.0009303618968090054,0.0007974530544077189
ceiling_growth_gt25,36,091,61,R,4,5,0.8,0.2703670623247391,0.3460289105640621
ceiling_growth_gt25,36,097,21,J,2,5,0.0,0.06322355534123499,0.0541916188639157
ceiling_growth_gt25,36,014,81,J,1,4,0.0,0.08171286636851177,0.07209958797221627
ceiling_growth_gt25,36,070,52,J,4,4,0.25,0.1993200343640352,0.205282383262384
ceiling_growth_gt25,36,049,54,Y,2,4,0.25,0.09227091951872109,0.11082728192828331
ceiling_growth_gt25,36,036,44,J,3,4,0.0,0.1679646420430591,0.14820409592034628
ceiling_growth_gt25,36,070,56,Z,3,4,0.0,0.231160253651453,0.20396492969245852
ceiling_growth_gt25,36,068,49,J,3,4,0.0,0.09742447097460302,0.08596276850700267
ceiling_growth_gt25,36,047,42,J,2,4,0.0,0.07213170397911385,0.06364562115804163
ceiling_growth_gt25,36,097,51,U,3,4,0.25,0.23825152124643403,0.2396336952174418
ceiling_growth_gt25,36,019,54,Y,0,4,0.25,0.4411599484974856,0.418670542791899
ceiling_growth_gt25,36,089,54,U,3,4,0.75,0.2395490227582755,0.29960207890436075
ceiling_growth_gt25,36,050,54,J,2,4,0.0,0.20102439391569052,0.1773744652197269
ceiling_growth_gt25,36,012,48,J,2,4,0.25,0.1387230942378174,0.15181449491572124
ceiling_growth_gt25,36,075,32,S,4,4,0.0,0.16013544840839034,0.14129598388975617
ceiling_growth_gt25,36,069,42,J,2,4,0.0,0.14115417457325802,0.1245478010940512
ceiling_growth_gt25,36,020,32,J,4,4,0.0,0.16515437558785598,0.14572444904810822
ceiling_growth_gt25,36,013,54,Z,0,4,0.0,0.16279288243030665,0.14364077861497646
ceiling_growth_gt25,36,086,54,Z,3,4,0.5,0.25279960549879066,0.28188200485187415
ceiling_growth_gt25,36,047,32,J,3,4,0.0,0.08393507372115067,0.07406035916572118
ceiling_growth_gt25,36,036,51,K,1,4,0.0,0.11291234980669643,0.09962854394708509
ceiling_growth_gt25,36,073,54,Y,0,4,0.0,0.3110980467216716,0.274498276519122
ceiling_growth_gt25,36,072,54,Y,2,4,0.5,0.26847510052470247,0.29571332399238454
ceiling_growth_gt25,36,070,54,Z,2,4,0.25,0.19787111810767238,0.20400392774206388
ceiling_growth_gt25,36,3300,23,J,1,4,0.5,0.6011753581216822,0.589272374813249
ceiling_growth_gt25,36,019,53,J,2,4,0.0,0.19781084061331414,0.17453897701174778
ceiling_growth_gt25,36,1602,54,J,3,4,0.25,0.22085780805421992,0.2242863012243117
ceiling_growth_gt25,36,097,56,K,3,4,0.75,0.34685002919516117,0.3942794375251422
ceiling_growth_gt25,36,015,22,J,4,4,0.25,0.03962624930072628,0.06437610232417025
ceiling_growth_gt25,36,097,22,K,0,4,1.0,0.4674294138504131,0.5300847769268351
ceiling_growth_gt25,36,019,54,Z,0,4,1.0,0.55579380521595,0.6080533575434853
ceiling_growth_gt25,36,097,56,U,0,4,0.5,0.3662795701417236,0.38201138541916785
ceiling_growth_gt25,36,069,42,J,1,4,0.0,0.14115417457325802,0.1245478010940512
ceiling_growth_gt25,36,3300,61,S,2,4,0.0,0.29292176745607607,0.2584603830494789
ceiling_growth_gt25,36,013,56,J,1,4,0.25,0.21302203754694893,0.21737238607083728
ceiling_growth_gt25,36,012,32,J,0,4,0.25,0.06279017486170753,0.08481486017209487
ceiling_growth_gt25,36,089,42,J,1,4,0.0,0.13146037817477724,0.1159944513306858
ceiling_growth_gt25,36,050,51,J,2,4,0.25,0.16604584025729,0.1759228002270206
ceiling_growth_gt25,36,013,54,S,1,4,0.0,0.12455066807529096,0.10989764830172731
ceiling_growth_gt25,36,080,54,U,0,4,0.25,0.19202648295269723,0.19884689672296815
ceiling_growth_gt25,36,089,56,Y,4,4,0.5,0.2628776955949234,0.2907744372896383
ceiling_growth_gt25,36,075,61,S,2,4,0.25,0.22227706095731875,0.2255385831976342
ceiling_growth_gt25,36,047,42,J,3,4,0.0,0.07213170397911385,0.06364562115804163
ceiling_growth_gt25,36,075,61,S,3,4,0.25,0.22227706095731875,0.2255385831976342
ceiling_growth_gt25,36,036,53,J,4,4,0.0,0.13116962705437338,0.1157379062244471
ceiling_growth_gt25,36,1601,56,J,3,4,0.75,0.4368060757431199,0.47365241977334116
ceiling_growth_gt25,36,036,22,J,4,4,0.0,0.1723689561067095,0.1520902553882731
ceiling_growth_gt25,36,014,51,J,3,4,0.75,0.19063358974118097,0.25644140271280674
ceiling_growth_gt25,36,070,54,Z,1,4,0.25,0.19787111810767238,0.20400392774206388
ceiling_growth_gt25,36,027,54,J,3,4,0.75,0.2753705478040174,0.33120930688589767
ceiling_growth_gt25,36,070,53,J,0,4,0.5,0.3588180477301995,0.3754276891737054
ceiling_growth_gt25,36,036,54,S,3,4,0.0,0.10852763359261065,0.09575967669936235
ceiling_growth_gt25,36,036,44,J,0,4,0.5,0.1679646420430591,0.20702762533211097
ceiling_growth_gt25,36,036,71,J,0,4,0.25,0.2101454963536901,0.2148342614885501
ceiling_growth_gt25,36,097,72,R,4,4,0.0,0.15127416599468912,0.13347720528943158
ceiling_growth_gt25,36,080,61,S,4,4,0.25,0.16137659762200504,0.17180288025471033
ceiling_growth_gt25,36,047,33,K,1,4,0.0,0.05613789523396117,0.04953343697114221
ceiling_growth_gt25,36,1601,56,U,3,4,0.25,0.407921067140095,0.3893421180647897
ceiling_growth_gt25,36,072,61,J,3,4,0.25,0.14398735555705275,0.15645943137387008
ceiling_growth_gt25,36,014,48,J,0,4,0.0,0.2892169029649322,0.25519138496905786
ceiling_growth_gt25,36,097,33,K,2,4,0.0,0.12256013516145918,0.10814129573069928
ceiling_growth_gt25,36,514,54,J,2,4,0.5,0.23602324103843209,0.26707933032802833
ceiling_growth_gt25,36,050,54,Y,3,4,0.5,0.2249358086913405,0.2572963017864769
ceiling_growth_gt25,36,019,53,J,1,4,0.25,0.19781084061331414,0.2039507417176301
ceiling_growth_gt25,36,050,54,Y,4,4,0.0,0.2249358086913405,0.1984727723747122
ceiling_growth_gt25,36,036,31,J,4,4,0.0,0.0978038768462595,0.0862975383937584
ceiling_growth_gt25,36,1601,51,J,4,4,0.0,0.2518783949586923,0.22224564261061083
ceiling_growth_gt25,36,014,61,J,2,4,0.75,0.33012421917105683,0.37952136985681484
ceiling_growth_gt25,36,050,51,J,3,4,0.0,0.16604584025729,0.14651103552113823
ceiling_growth_gt25,36,013,48,J,1,4,0.0,0.12562631046385636,0.11084674452693208
ceiling_growth_gt25,36,097,56,L,4,4,0.5,0.24059709145341543,0.2711150806941901
ceiling_growth_gt25,36,514,51,J,3,4,0.5,0.4478166126493915,0.45395583469063955
ceiling_growth_gt25,36,075,32,J,1,4,0.0,0.17747925334055384,0.15659934118284163
ceiling_growth_gt25,36,070,31,J,4,4,0.25,0.16316044845229657,0.17337686628143814
ceiling_growth_gt25,36,097,61,U,3,4,0.0,0.22461633377263693,0.198190882740562
ceiling_growth_gt25,36,068,23,J,0,4,0.0,0.1852575369296037,0.16346253258494442
ceiling_growth_gt25,36,013,54,S,2,4,0.25,0.12455066807529096,0.13930941300760966
ceiling_growth_gt25,36,089,54,Z,4,4,0.5,0.2814731061003532,0.3071821524414881
ceiling_growth_gt25,36,012,22,J,0,4,0.25,0.0654996439008807,0.08720556814783592
ceiling_growth_gt25,36,047,49,J,3,4,0.25,0.26725503504586584,0.2652250309228228
ceiling_growth_gt25,36,072,92,Z,0,4,0.25,0.23735763697775644,0.23884497380390274
ceiling_growth_gt25,36,013,54,Z,1,4,0.25,0.16279288243030665,0.17305254332085881
ceiling_growth_gt25,36,069,54,Z,4,4,0.25,0.2939388801812936,0.28876960015996495
ceiling_growth_gt25,36,047,23,L,4,4,0.0,0.19953672469866596,0.1760618159105876
ceiling_growth_gt25,36,072,49,J,2,4,0.5,0.17920129137605778,0.21694231592005098
ceiling_growth_gt25,36,3300,54,J,1,4,0.5,0.5007176411620337,0.5006332127900297
ceiling_growth_gt25,36,047,51,J,1,4,0.5,0.20517518285828662,0.2398604554631941
ceiling_growth_gt25,36,075,51,U,1,4,0.5,0.36358530880522844,0.37963409600461334
ceiling_growth_gt25,36,086,56,J,2,4,0.0,0.19015096819033514,0.16778026605029572
ceiling_growth_gt25,36,514,33,J,0,4,0.25,0.27203573132087183,0.2694432923419457
ceiling_growth_gt25,36,069,54,T,3,4,0.25,0.256642941684891,0.25586141913372734
ceiling_growth_gt25,36,097,54,V,3,4,0.25,0.27069848253132844,0.26826336693940744
ceiling_growth_gt25,36,1601,56,J,4,4,0.0,0.4368060757431199,0.385417125655694
ceiling_growth_gt25,36,020,81,J,2,4,0.25,0.20776205357428446,0.2127312237420157
ceiling_growth_gt25,36,1602,52,Y,4,4,0.0,0.11142535592860175,0.09831649052523683
ceiling_growth_gt25,36,070,42,J,3,4,0.25,0.11978286178248478,0.13510252510219245
ceiling_growth_gt25,36,014,54,Z,2,4,0.0,0.17812429835200433,0.15716849854588616
ceiling_growth_gt25,36,070,33,R,4,4,0.25,0.27930578830193775,0.2758580485017098
ceiling_growth_gt25,36,070,32,J,3,4,0.0,0.10743104721595376,0.09479210048466508
ceiling_growth_gt25,36,075,92,S,0,4,0.0,0.1482799609046753,0.1308352596217723
ceiling_growth_gt25,36,020,42,J,0,4,0.0,0.09625373714947301,0.08492976807306442
ceiling_growth_gt25,36,014,54,S,0,4,0.25,0.08136667003460317,0.10120588532464986
ceiling_growth_gt25,36,050,51,J,4,4,0.25,0.16604584025729,0.1759228002270206
ceiling_growth_gt25,36,047,51,J,4,4,0.0,0.20517518285828662,0.18103692605142938
ceiling_growth_gt25,36,075,32,U,3,4,0.25,0.20008944706214454,0.20596127681953932
ceiling_growth_gt25,36,070,72,J,1,4,0.75,0.2862592608451232,0.340816994863344
ceiling_growth_gt25,36,072,54,Y,1,4,0.0,0.26847510052470247,0.23688979458061982
ceiling_growth_gt25,36,013,51,J,2,4,0.25,0.21147533131021645,0.21600764527372038
ceiling_growth_gt25,36,020,54,B,4,4,0.0,0.16325669383824756,0.14405002397492433
ceiling_growth_gt25,36,020,42,J,2,4,0.25,0.09625373714947301,0.11434153277894678
ceiling_growth_gt25,36,097,33,Y,1,4,0.25,0.17008345287712703,0.17948539959746504
ceiling_growth_gt25,36,019,56,Z,2,4,1.0,0.5200541597945174,0.57651837628928
ceiling_growth_gt25,36,1602,52,Z,4,4,0.0,0.11470257227944299,0.10120815201127321
ceiling_growth_gt25,36,020,49,J,4,4,0.25,0.2362099248914174,0.23783228666889772
ceiling_growth_gt25,36,089,51,J,3,4,0.0,0.2353947656615381,0.20770126381900422
ceiling_growth_gt25,36,086,52,J,3,4,0.0,0.2942832848359972,0.25966172191411513
ceiling_growth_gt25,36,047,54,Z,3,4,0.25,0.3084579157525528,0.30158051389931134
ceiling_growth_gt25,36,031,54,Z,2,4,0.0,0.07216952437202281,0.06367899209296131
ceiling_growth_gt25,36,086,51,J,0,4,0.25,0.1686171854666903,0.17819163423531498
ceiling_growth_gt25,36,014,32,J,4,4,0.0,0.12297410339282604,0.10850656181719945
ceiling_growth_gt25,36,036,92,J,1,4,0.0,0.1025190381843553,0.0904579748685488
ceiling_growth_gt25,36,097,23,Y,0,4,0.0,0.0923712842971512,0.08150407437983931
ceiling_growth_gt25,36,097,33,Y,0,4,0.25,0.17008345287712703,0.17948539959746504
ceiling_growth_gt25,36,347,54,Y,3,4,0.25,0.19835968571995163,0.20443501681172205
ceiling_growth_gt25,36,073,61,J,0,4,0.0,0.11860751140446327,0.10465368653334994
ceiling_growth_gt25,36,097,56,Y,4,4,0.0,0.22131089368295923,0.19527431795555228
ceiling_growth_gt25,36,012,48,J,1,4,0.0,0.1387230942378174,0.12240273020983888
ceiling_growth_gt25,36,068,23,J,1,4,0.5,0.1852575369296037,0.22228606199670914
ceiling_growth_gt25,36,015,62,J,0,4,0.25,0.22948534149762098,0.231898830733195
ceiling_growth_gt25,36,097,23,S,4,4,0.25,0.10052169173513514,0.11810737506041337
ceiling_growth_gt25,36,049,54,Z,4,4,0.0,0.11587510823281254,0.102242742558364
ceiling_growth_gt25,36,097,54,Z,0,4,0.5,0.31862237780656477,0.33996092159402774
ceiling_growth_gt25,36,020,81,J,1,4,0.5,0.20776205357428446,0.24214298844789806
ceiling_growth_gt25,36,014,42,J,3,4,0.0,0.10871212550938264,0.0959224636847494
ceiling_growth_gt25,36,020,53,J,3,3,0.0,0.18962197183865967,0.1723836107624179
ceiling_growth_gt25,36,072,22,J,4,3,0.0,0.1263788657167882,0.1148898779243529
ceiling_growth_gt25,36,070,22,J,2,3,0.0,0.22875605704597746,0.2079600518599795
ceiling_growth_gt25,36,013,48,J,2,3,0.3333333333333333,0.12562631046385636,0.14450876708835425
ceiling_growth_gt25,36,080,54,Y,0,3,0.0,0.10391973310653303,0.09447248464230275
ceiling_growth_gt25,36,071,54,Y,2,3,1.0,0.4383675377968366,0.48942503436076057
ceiling_growth_gt25,36,3300,33,J,1,3,0.0,0.29292176745607607,0.26629251586916003
ceiling_growth_gt25,36,097,56,Y,0,3,0.6666666666666666,0.22131089368295923,0.26179778213602356
ceiling_growth_gt25,36,097,22,A,4,3,0.6666666666666666,0.2866513418282492,0.3211981895408326
ceiling_growth_gt25,36,097,62,Z,3,3,0.0,0.14834686990383467,0.13486079082166788
ceiling_growth_gt25,36,036,49,J,1,3,0.3333333333333333,0.2567990613294348,0.2637567224206983
ceiling_growth_gt25,36,019,54,Y,1,3,0.3333333333333333,0.4411599484974856,0.4313575289371081
ceiling_growth_gt25,36,086,51,U,4,3,0.3333333333333333,0.20402090675689957,0.21577658190021173
ceiling_growth_gt25,36,019,61,Y,4,3,0.0,0.30020302324768583,0.272911839316078
ceiling_growth_gt25,36,524,54,J,0,3,0.3333333333333333,0.08488084262430422,0.10746743268876141
ceiling_growth_gt25,36,089,54,Y,2,3,0.6666666666666666,0.2533947931031907,0.29096496342714306
ceiling_growth_gt25,36,075,52,Y,4,3,0.0,0.334828664853907,0.30438969532173366
ceiling_growth_gt25,36,013,56,J,2,3,0.0,0.21302203754694893,0.19365639776995355
ceiling_growth_gt25,36,075,56,U,3,3,0.6666666666666666,0.3537374287657588,0.382185541302205
ceiling_growth_gt25,36,097,92,U,4,3,0.3333333333333333,0.3253199682911282,0.32604845602223775
ceiling_growth_gt25,36,072,54,Z,4,3,0.0,0.29532808112262504,0.268480073747841
ceiling_growth_gt25,36,075,51,Y,3,3,0.0,0.24935703089847464,0.22668820990770422
ceiling_growth_gt25,36,072,54,Z,3,3,0.3333333333333333,0.29532808112262504,0.2987831040508713
ceiling_growth_gt25,36,097,61,S,0,3,0.0,0.06529542024432392,0.05935947294938538
ceiling_growth_gt25,36,012,54,Z,1,3,0.3333333333333333,0.31135519662924005,0.3133532090568849
ceiling_growth_gt25,36,068,33,J,3,3,0.3333333333333333,0.0811091574373347,0.10403862797333457
ceiling_growth_gt25,36,015,53,J,4,3,0.3333333333333333,0.15725611478407173,0.1732631346521864
ceiling_growth_gt25,36,020,61,J,1,3,0.3333333333333333,0.15557446401480393,0.17173436122557934
ceiling_growth_gt25,36,097,56,B,2,3,0.6666666666666666,0.2550083641504479,0.2924318461973769
ceiling_growth_gt25,36,097,56,Y,2,3,0.3333333333333333,0.22131089368295923,0.23149475183299326
ceiling_growth_gt25,36,036,52,J,4,3,0.0,0.11793996913813647,0.10721815376194224
ceiling_growth_gt25,36,097,49,Y,4,3,0.0,0.2083338302787828,0.18939439116252982
ceiling_growth_gt25,36,013,56,Z,4,3,0.0,0.20793051536645912,0.18902774124223556
ceiling_growth_gt25,36,019,44,J,0,3,0.3333333333333333,0.19781084061331414,0.21013106722422498
ceiling_growth_gt25,36,047,31,J,1,3,0.0,0.060190873729999615,0.05471897611818147
ceiling_growth_gt25,36,020,61,J,0,3,0.0,0.15557446401480393,0.14143133092254903
ceiling_growth_gt25,36,069,54,R,4,3,0.3333333333333333,0.2748656755180686,0.28018091713763815
ceiling_growth_gt25,36,089,51,J,4,3,0.3333333333333333,0.23539476566153814,0.24429827181351949
ceiling_growth_gt25,36,072,56,J,1,3,0.3333333333333333,0.12677899823476668,0.14555666506190912
ceiling_growth_gt25,36,012,31,M,3,3,0.0,0.0010038115202412954,0.0009125559274920868
ceiling_growth_gt25,36,013,54,Z,2,3,0.3333333333333333,0.16279288243030665,0.17829655978512726
ceiling_growth_gt25,36,089,54,S,1,3,0.0,0.17890900353625064,0.16264454866931874
ceiling_growth_gt25,36,097,48,V,4,3,1.0,0.25090034481371903,0.31900031346701735
ceiling_growth_gt25,36,014,53,J,3,3,0.3333333333333333,0.14410512226072855,0.16130768690369263
ceiling_growth_gt25,36,060,54,J,0,3,0.3333333333333333,0.2453278014199196,0.25332830432113906
ceiling_growth_gt25,36,071,54,J,1,3,0.6666666666666666,0.30916532446480277,0.34166544648315406
ceiling_growth_gt25,36,070,56,M,4,3,0.3333333333333333,0.2756270356142347,0.2808730626796073
ceiling_growth_gt25,36,031,54,J,4,3,0.0,0.09051866706041596,0.08228969732765087
ceiling_growth_gt25,36,047,49,J,1,3,0.3333333333333333,0.26725503504586584,0.27326215307199925
ceiling_growth_gt25,36,097,92,K,0,3,1.0,0.5725695342546697,0.611426849322427
ceiling_growth_gt25,36,069,22,J,0,3,0.6666666666666666,0.22681061255010407,0.26679752656070066
ceiling_growth_gt25,36,047,81,J,1,3,0.6666666666666666,0.4106733706457805,0.43394548846586106
ceiling_growth_gt25,36,097,23,Y,2,3,0.3333333333333333,0.0923712842971512,0.11427692511862231
ceiling_growth_gt25,36,020,54,U,4,3,0.3333333333333333,0.21573507401429762,0.22642582486148266
ceiling_growth_gt25,36,075,11,J,1,3,0.0,0.204009471196363,0.1854631556330573
ceiling_growth_gt25,36,070,53,J,4,3,0.6666666666666666,0.3588180477301995,0.3868042858153329
ceiling_growth_gt25,36,013,49,J,4,3,0.3333333333333333,0.21017012599089782,0.2213667812038465
ceiling_growth_gt25,36,080,56,J,2,3,0.0,0.06252886629416471,0.05684442390378609
ceiling_growth_gt25,36,072,32,J,1,3,0.0,0.1870233567519707,0.17002123341088246
ceiling_growth_gt25,36,031,33,J,0,3,0.0,0.0746682020113244,0.06788018364665854
ceiling_growth_gt25,36,024,54,J,1,3,0.3333333333333333,0.10003190462260243,0.12124112541448706
ceiling_growth_gt25,36,075,51,U,3,3,0.6666666666666666,0.3635853088052284,0.3911381595199046
ceiling_growth_gt25,36,097,51,Y,4,3,0.0,0.14582381910153916,0.13256710827412652
ceiling_growth_gt25,36,019,61,J,3,3,0.3333333333333333,0.3311118992184198,0.33131384777432105
ceiling_growth_gt25,36,019,22,J,3,3,0.0,0.19180554075704173,0.17436867341549248
ceiling_growth_gt25,36,019,56,Z,3,3,0.3333333333333333,0.5200541597945174,0.5030795392071371
ceiling_growth_gt25,36,080,56,S,4,3,0.0,0.08526663585567916,0.07751512350516288
ceiling_growth_gt25,36,028,54,J,4,3,0.0,0.07355663867348332,0.06686967152134847
ceiling_growth_gt25,36,029,54,Y,0,3,0.0,0.21940200167405208,0.19945636515822915
ceiling_growth_gt25,36,091,56,J,3,3,0.3333333333333333,0.1630004052350904,0.17848521688038524
ceiling_growth_gt25,36,071,54,J,0,3,0.3333333333333333,0.30916532446480277,0.3113624161801237
ceiling_growth_gt25,36,070,33,Y,0,3,0.3333333333333333,0.3087175530078201,0.3109553512192304
ceiling_growth_gt25,36,072,92,J,1,3,0.0,0.23735763697775644,0.21577966997977857
ceiling_growth_gt25,36,091,54,U,3,3,0.3333333333333333,0.15510041269882832,0.1713034054837833
ceiling_growth_gt25,36,027,56,J,1,3,0.0,0.12951197072250653,0.11773815520227866
ceiling_growth_gt25,36,069,54,T,2,3,0.0,0.256642941684891,0.23331176516808272
ceiling_growth_gt25,36,9553,54,J,0,3,0.6666666666666666,0.23049546967673587,0.27014739667582044
ceiling_growth_gt25,36,072,33,J,0,3,0.0,0.11027518753680965,0.10025017048800877
ceiling_growth_gt25,36,097,11,J,4,3,0.3333333333333333,0.17126893194280346,0.18600205934194255
ceiling_growth_gt25,36,020,32,J,0,3,0.0,0.16515437558785598,0.1501403414435054
ceiling_growth_gt25,36,014,81,J,4,3,0.0,0.08171286636851177,0.07428442397137433
ceiling_growth_gt25,36,089,56,J,1,3,0.6666666666666666,0.23328382324866523,0.2726822635593926
ceiling_growth_gt25,36,031,56,J,4,3,0.3333333333333333,0.09477137523214334,0.11645882596861516
ceiling_growth_gt25,36,019,21,J,3,3,0.3333333333333333,0.23222360141001244,0.24141539522122343
ceiling_growth_gt25,36,019,56,U,4,3,0.6666666666666666,0.46476959975825577,0.4831238785681113
ceiling_growth_gt25,36,019,44,J,4,3,0.0,0.19781084061331414,0.17982803692119467
ceiling_growth_gt25,36,069,23,K,3,3,0.3333333333333333,0.1754580563045858,0.1898103542162901
ceiling_growth_gt25,36,047,92,J,0,3,0.0,0.08584268903299501,0.07803880821181364
ceiling_growth_gt25,36,091,54,U,2,3,0.3333333333333333,0.15510041269882832,0.1713034054837833
ceiling_growth_gt25,36,097,49,Y,3,3,0.3333333333333333,0.2083338302787828,0.21969742146556012
ceiling_growth_gt25,36,047,42,J,1,3,0.0,0.07213170397911385,0.06557427634464896
ceiling_growth_gt25,36,020,42,J,4,3,0.0,0.09625373714947301,0.08750339740861184
ceiling_growth_gt25,36,069,23,L,0,3,0.0,0.077768851656087,0.07069895605098818
ceiling_growth_gt25,36,012,31,M,4,3,0.0,0.0010038115202412954,0.0009125559274920868
ceiling_growth_gt25,36,070,49,J,3,3,0.0,0.24009802630859803,0.2182709330078164
ceiling_growth_gt25,36,013,81,J,1,3,0.0,0.12045048964543743,0.10950044513221585
ceiling_growth_gt25,36,019,54,U,1,3,0.0,0.3633759290409801,0.3303417536736183
ceiling_growth_gt25,36,029,54,Y,2,3,0.3333333333333333,0.21940200167405208,0.22975939546125945
ceiling_growth_gt25,36,075,22,J,0,3,0.6666666666666666,0.25300456667734067,0.2906102121309157
ceiling_growth_gt25,36,014,51,J,2,3,0.3333333333333333,0.19063358974118097,0.2036062937041039
ceiling_growth_gt25,36,013,54,S,4,3,0.0,0.12455066807529096,0.11322788006844632
ceiling_growth_gt25,36,072,62,U,4,3,0.6666666666666666,0.25600478681207944,0.2933376849806783
ceiling_growth_gt25,36,036,44,J,1,3,0.0,0.16796464204305908,0.1526951291300537
ceiling_growth_gt25,36,097,33,M,4,3,0.3333333333333333,0.09525969117083499,0.11690274954924393
ceiling_growth_gt25,36,072,54,B,4,3,0.3333333333333333,0.24429491325011743,0.2523893150758643
ceiling_growth_gt25,36,069,23,K,1,3,0.0,0.1754580563045858,0.15950732391325984
ceiling_growth_gt25,36,1601,56,J,0,3,0.3333333333333333,0.43680607574311986,0.4273994627967756
ceiling_growth_gt25,36,012,31,T,2,3,0.0,0.0009780727633120314,0.0008891570575563922
ceiling_growth_gt25,36,014,54,Z,0,3,0.6666666666666666,0.1781242983520043,0.2225372409260645
ceiling_growth_gt25,36,013,32,J,1,3,0.0,0.13860018498473856,0.12600016816794415
ceiling_growth_gt25,36,075,42,J,1,3,0.3333333333333333,0.1551513549088664,0.17134971658381792
ceiling_growth_gt25,36,019,61,J,2,3,0.3333333333333333,0.3311118992184198,0.33131384777432105
ceiling_growth_gt25,36,097,92,U,2,3,0.0,0.3253199682911282,0.2957454257192074
ceiling_growth_gt25,36,072,81,S,3,3,0.0,0.38166061380230437,0.3469641943657313
ceiling_growth_gt25,36,1601,54,Y,1,3,0.6666666666666666,0.3446907546771613,0.3739612921307527
ceiling_growth_gt25,36,013,42,J,1,3,0.0,0.12659778784163433,0.11508889803784939
ceiling_growth_gt25,36,013,42,J,0,3,0.0,0.12659778784163433,0.11508889803784939
ceiling_growth_gt25,36,524,54,Y,2,3,0.0,0.04769451053070139,0.04335864593700126
ceiling_growth_gt25,36,019,61,J,4,3,0.3333333333333333,0.3311118992184198,0.33131384777432105
ceiling_growth_gt25,36,068,56,J,0,3,0.6666666666666666,0.1619195120418267,0.20780561700772124
ceiling_growth_gt25,36,097,33,T,3,3,0.0,0.06483581086053403,0.05894164623684912
ceiling_growth_gt25,36,012,31,T,4,3,0.0,0.0009780727633120314,0.0008891570575563922
ceiling_growth_gt25,36,015,62,J,1,3,0.6666666666666666,0.22948534149762098,0.2692290983311706
ceiling_growth_gt25,36,069,61,J,2,3,0.6666666666666666,0.2764946730953651,0.3119648543291198
ceiling_growth_gt25,36,015,31,J,0,3,0.0,0.12827302866729604,0.11661184424299641
ceiling_growth_gt25,36,036,62,M,1,3,0.3333333333333333,0.4616866744103127,0.45001818885786005
ceiling_growth_gt25,36,069,54,B,1,3,0.3333333333333333,0.1988389993109432,0.21106575694934232
ceiling_growth_gt25,36,086,54,Z,2,3,0.3333333333333333,0.25279960549879066,0.26012085348374914
ceiling_growth_gt25,36,072,81,J,2,3,0.3333333333333333,0.3398266751825348,0.3392363713780619
ceiling_growth_gt25,36,080,51,R,4,3,0.3333333333333333,0.18014651725984507,0.19407259144834402
ceiling_growth_gt25,36,031,54,J,2,3,0.3333333333333333,0.09051866706041596,0.11259272763068118
ceiling_growth_gt25,36,3302,23,J,4,3,0.6666666666666666,0.27284197397669013,0.308644218766688
ceiling_growth_gt25,36,075,56,Z,2,3,0.0,0.23461127591472267,0.21328297810429334
ceiling_growth_gt25,36,050,52,J,4,3,0.0,0.20622921609884515,0.1874811055444047
ceiling_growth_gt25,36,014,56,Y,3,3,0.6666666666666666,0.21826902162964998,0.2590324439057424
ceiling_growth_gt25,36,012,33,J,3,3,0.3333333333333333,0.0783034421857272,0.10148797774460049
ceiling_growth_gt25,36,097,33,S,3,3,0.6666666666666666,0.28932243756564574,0.3236264583930113
ceiling_growth_gt25,36,070,56,Z,4,3,0.0,0.231160253651453,0.21014568513768456
ceiling_growth_gt25,36,020,92,S,0,3,0.6666666666666666,0.11442695323459663,0.164630563546603
ceiling_growth_gt25,36,071,52,J,0,3,0.6666666666666666,0.3135932260741694,0.34569081158257825
ceiling_growth_gt25,36,091,52,J,4,3,0.3333333333333333,0.1762814345544147,0.19055887989795275
ceiling_growth_gt25,36,015,56,Y,4,3,0.0,0.1742626038983219,0.15842054899847446
ceiling_growth_gt25,36,020,42,J,3,3,0.0,0.09625373714947301,0.08750339740861184
ceiling_growth_gt25,36,097,33,S,2,3,0.6666666666666666,0.28932243756564574,0.3236264583930113
ceiling_growth_gt25,36,015,81,J,2,3,0.3333333333333333,0.13713286103341113,0.15496926760613133
ceiling_growth_gt25,36,1601,62,U,4,3,1.0,0.5042509818787276,0.5493190744352069
ceiling_growth_gt25,36,097,32,U,2,3,0.0,0.08364052922110359,0.0760368447464578
ceiling_growth_gt25,36,019,52,K,2,3,0.6666666666666666,0.31246271285722926,0.34466307229445087
ceiling_growth_gt25,36,075,52,J,4,3,0.3333333333333333,0.4399737702601774,0.4302791850850098
ceiling_growth_gt25,36,019,54,Y,2,3,1.0,0.4411599484974856,0.49196358954316866
ceiling_growth_gt25,36,1133,54,J,3,3,0.0,0.11696500312296494,0.10633182102087722
ceiling_growth_gt25,36,036,23,M,1,3,0.3333333333333333,0.08909507875227514,0.11129855644146225
ceiling_growth_gt25,36,014,21,J,1,3,0.3333333333333333,0.0749852952847279,0.09847148056187385
ceiling_growth_gt25,36,012,32,J,1,3,0.0,0.06279017486170753,0.05708197714700684
ceiling_growth_gt25,36,080,51,U,4,3,0.0,0.14984348695681476,0.13622135177892253
ceiling_growth_gt25,36,091,54,M,3,3,0.0,0.11687966330054493,0.10625423936413175
ceiling_growth_gt25,36,014,61,J,1,3,0.0,0.33012421917105683,0.30011292651914256
ceiling_growth_gt25,36,028,51,J,0,3,0.3333333333333333,0.059697390020659824,0.08457338486726651
ceiling_growth_gt25,36,075,56,Z,4,3,0.0,0.23461127591472267,0.21328297810429334
ceiling_growth_gt25,36,097,56,B,3,3,0.3333333333333333,0.2550083641504479,0.2621288158943466
ceiling_growth_gt25,36,019,52,J,4,3,0.0,0.28122909660178,0.2556628150925273
ceiling_growth_gt25,36,014,54,Z,1,3,1.0,0.1781242983520043,0.2528402712290948
ceiling_growth_gt25,36,069,51,J,4,3,0.3333333333333333,0.32005228541147224,0.3212596534043687
ceiling_growth_gt25,36,089,56,J,0,3,0.0,0.23328382324866523,0.21207620295333202
ceiling_growth_gt25,36,015,92,J,4,3,0.3333333333333333,0.2462568421741224,0.25417288682495975
ceiling_growth_gt25,36,086,54,Y,4,3,0.0,0.18413282924845475,0.16739348113495886
ceiling_growth_gt25,36,014,81,J,2,3,0.0,0.08171286636851177,0.07428442397137433
ceiling_growth_gt25,36,069,81,J,4,3,0.3333333333333333,0.22421445471275828,0.2341343527691742
ceiling_growth_gt25,36,073,61,J,4,3,0.0,0.11860751140446328,0.10782501036769389
ceiling_growth_gt25,36,091,61,J,1,3,0.0,0.16185515819955676,0.14714105290868798
ceiling_growth_gt25,36,013,81,J,3,3,0.0,0.12045048964543743,0.10950044513221585
ceiling_growth_gt25,36,012,61,J,0,3,0.3333333333333333,0.16338130935011372,0.17883149334858822
ceiling_growth_gt25,36,086,53,J,1,3,0.3333333333333333,0.6536851230329409,0.6245622330602493
ceiling_growth_gt25,36,3300,71,J,4,3,0.0,0.2962874822346414,0.2693522565769468
ceiling_growth_gt25,36,019,72,J,3,3,0.3333333333333333,0.25584897070763535,0.2628930036736079
ceiling_growth_gt25,36,049,54,Y,1,3,0.0,0.09227091951872109,0.08388265410792826
ceiling_growth_gt25,36,1601,61,J,0,3,0.3333333333333333,0.6786306415759343,0.6472399771902434
ceiling_growth_gt25,36,014,52,J,4,3,0.0,0.11965098289674937,0.10877362081522671
ceiling_growth_gt25,36,339,54,Z,1,3,0.3333333333333333,0.28252840749082253,0.287147037112869
ceiling_growth_gt25,36,089,54,S,3,3,0.0,0.17890900353625064,0.16264454866931874
ceiling_growth_gt25,36,072,23,J,1,3,0.3333333333333333,0.21044087766047773,0.22161291908528277
ceiling_growth_gt25,36,097,48,S,4,3,0.6666666666666666,0.22059731451068867,0.2611490737975958
ceiling_growth_gt25,36,015,54,S,3,3,0.0,0.2813985772525087,0.25581688841137157
ceiling_growth_gt25,36,012,21,J,1,3,0.0,0.04511951674979885,0.04101774249981714
ceiling_growth_gt25,36,073,61,J,1,3,0.0,0.11860751140446328,0.10782501036769389
ceiling_growth_gt25,36,073,61,J,2,3,0.0,0.11860751140446328,0.10782501036769389
ceiling_growth_gt25,36,020,52,J,3,3,0.0,0.07688464022856345,0.06989512748051223
ceiling_growth_gt25,36,013,81,J,4,3,0.0,0.12045048964543743,0.10950044513221585
ceiling_growth_gt25,36,075,52,J,1,3,0.6666666666666666,0.4399737702601774,0.46058221538804006
ceiling_growth_gt25,36,020,42,J,1,3,0.0,0.09625373714947301,0.08750339740861184
ceiling_growth_gt25,36,097,32,U,4,3,0.0,0.08364052922110359,0.0760368447464578
ceiling_growth_gt25,36,1602,54,J,1,3,0.0,0.22085780805421992,0.20077982550383627
ceiling_growth_gt25,36,097,11,J,1,3,0.3333333333333333,0.17126893194280346,0.18600205934194255
ceiling_growth_gt25,36,1601,56,J,2,3,0.6666666666666666,0.43680607574311986,0.45770249309980593
ceiling_growth_gt25,36,014,92,J,0,3,0.6666666666666666,0.19615009935412675,0.23892433274617583
ceiling_growth_gt25,36,013,42,J,2,3,0.0,0.12659778784163433,0.11508889803784939
ceiling_growth_gt25,36,3300,23,J,3,3,1.0,0.6011753581216822,0.6374321437469838
ceiling_growth_gt25,36,049,54,J,0,3,0.0,0.09051431031843044,0.08228573665311857
ceiling_growth_gt25,36,072,54,Z,1,3,0.3333333333333333,0.29532808112262504,0.2987831040508713
ceiling_growth_gt25,36,013,56,J,0,3,0.3333333333333333,0.21302203754694893,0.22395942807298386
ceiling_growth_gt25,36,514,23,J,1,3,0.3333333333333333,0.30883007011424995,0.311057639497803
ceiling_growth_gt25,36,049,54,J,3,3,0.0,0.09051431031843044,0.08228573665311857
ceiling_growth_gt25,36,097,33,B,4,3,0.0,0.059848440794339104,0.05440767344939918
ceiling_growth_gt25,36,9553,54,J,3,3,0.3333333333333333,0.23049546967673587,0.23984436637279016
ceiling_growth_gt25,36,027,54,J,4,3,0.3333333333333333,0.2753705478040174,0.28063989194304606
ceiling_growth_gt25,36,047,54,Y,4,3,0.0,0.28592355289991195,0.2599305026362836
ceiling_growth_gt25,36,070,44,J,0,3,0.0,0.13824617445674622,0.12567834041522385
ceiling_growth_gt25,36,028,92,J,3,3,0.0,0.07349929426586875,0.06681754024169886
ceiling_growth_gt25,36,031,54,J,0,2,0.0,0.09051866706041597,0.08486125036913998
ceiling_growth_gt25,36,015,54,S,4,2,0.5,0.2813985772525087,0.29506116617422695
ceiling_growth_gt25,36,088,56,S,4,2,0.0,0.07863870820779684,0.07372378894480953
ceiling_growth_gt25,36,013,56,Y,2,2,0.5,0.26348607092201465,0.27826819148938875
ceiling_growth_gt25,36,049,54,Z,1,2,0.0,0.11587510823281254,0.10863291396826176
ceiling_growth_gt25,36,019,32,J,2,2,0.0,0.20325414137316275,0.19055075753734008
ceiling_growth_gt25,36,086,51,J,1,2,0.0,0.1686171854666903,0.15807861137502216
ceiling_growth_gt25,36,019,44,J,3,2,0.5,0.19781084061331414,0.216697663074982
ceiling_growth_gt25,36,024,23,J,0,2,0.0,0.0669050416178861,0.06272347651676823
ceiling_growth_gt25,36,072,61,J,4,2,0.0,0.14398735555705275,0.13498814583473695
ceiling_growth_gt25,36,091,51,J,3,2,0.0,0.1388194082162834,0.1301431952027657
ceiling_growth_gt25,36,068,56,J,1,2,0.0,0.1619195120418267,0.15179954253921252
ceiling_growth_gt25,36,089,32,J,4,2,0.5,0.21164549970718463,0.22966765597548558
ceiling_growth_gt25,36,019,81,J,1,2,0.0,0.2164720485517779,0.2029425455172918
ceiling_growth_gt25,36,097,32,U,1,2,0.5,0.08364052922110359,0.10966299614478461
ceiling_growth_gt25,36,028,51,J,1,2,0.0,0.059697390020659824,0.05596630314436858
ceiling_growth_gt25,36,012,92,J,1,2,0.0,0.019609872405108714,0.01838425537978942
ceiling_growth_gt25,36,019,32,J,1,2,0.0,0.20325414137316275,0.19055075753734008
ceiling_growth_gt25,36,012,54,Z,4,2,0.5,0.31135519662924005,0.32314549683991256
ceiling_growth_gt25,36,047,32,J,0,2,0.0,0.08393507372115067,0.07868913161357875
ceiling_growth_gt25,36,097,61,U,2,2,0.5,0.22461633377263693,0.24182781291184713
ceiling_growth_gt25,36,014,54,Y,0,2,0.5,0.17544589094504226,0.19573052276097713
ceiling_growth_gt25,36,070,54,M,4,2,0.0,0.17665959841966863,0.16561837351843933
ceiling_growth_gt25,36,029,54,Y,3,2,0.5,0.21940200167405208,0.23693937656942382
ceiling_growth_gt25,36,097,92,R,4,2,1.0,0.35506746234571473,0.39537574594910757
ceiling_growth_gt25,36,075,62,U,2,2,1.0,0.381900032404283,0.4205312803790153
ceiling_growth_gt25,36,070,61,J,2,2,0.0,0.10973571700804009,0.10287723469503758
ceiling_growth_gt25,36,024,42,J,0,2,0.0,0.07476979753051922,0.07009668518486177
ceiling_growth_gt25,36,069,53,J,3,2,0.5,0.2620105776184558,0.2768849165173023
ceiling_growth_gt25,36,075,31,J,0,2,0.0,0.1837052351049129,0.17222365791085584
ceiling_growth_gt25,36,073,42,J,4,2,0.5,0.26870903772180066,0.28316472286418815
ceiling_growth_gt25,36,097,45,J,4,2,0.0,0.0749115857735517,0.07022961166270472
ceiling_growth_gt25,36,031,23,J,4,2,0.0,0.07680157921164794,0.07200148051091995
ceiling_growth_gt25,36,070,54,R,4,2,0.0,0.17665959841966863,0.16561837351843933
ceiling_growth_gt25,36,015,53,J,0,2,0.0,0.15725611478407173,0.14742760761006724
ceiling_growth_gt25,36,047,22,K,3,2,0.5,0.10912986422159342,0.13355924770774383
ceiling_growth_gt25,36,069,53,J,2,2,0.5,0.2620105776184558,0.2768849165173023
ceiling_growth_gt25,36,072,81,S,1,2,0.5,0.38166061380230437,0.38905682543966036
ceiling_growth_gt25,36,075,48,J,3,2,0.5,0.3058523298866661,0.31798655926874947
ceiling_growth_gt25,36,089,32,J,3,2,0.0,0.21164549970718463,0.19841765597548558
ceiling_growth_gt25,36,069,61,J,3,2,0.5,0.2764946730953651,0.2904637560269048
ceiling_growth_gt25,36,019,49,L,4,2,0.5,0.42965173848280974,0.43404850482763413
ceiling_growth_gt25,36,015,81,K,4,2,0.5,0.16916294938193135,0.18984026504556065
ceiling_growth_gt25,36,069,81,J,3,2,0.5,0.22421445471275828,0.24145105129321087
ceiling_growth_gt25,36,089,81,J,3,2,0.0,0.1468283811756722,0.1376516073521927
ceiling_growth_gt25,36,097,81,V,3,2,0.0,0.19330246593415112,0.1812210618132667
ceiling_growth_gt25,36,075,51,Z,3,2,0.0,0.2566154177953091,0.2405769541831023
ceiling_growth_gt25,36,069,22,J,4,2,0.0,0.2268106125501041,0.2126349492657226
ceiling_growth_gt25,36,091,81,J,3,2,0.0,0.1762814345544147,0.16526384489476378
ceiling_growth_gt25,36,088,54,J,3,2,0.5,0.2021543458748088,0.22076969925763323
ceiling_growth_gt25,36,014,81,Y,4,2,0.0,0.1046946100346557,0.09815119690748972
ceiling_growth_gt25,36,070,81,Y,0,2,0.0,0.16432340263921233,0.15405318997426157
ceiling_growth_gt25,36,089,54,Z,3,2,0.0,0.2814731061003532,0.2638810369690811
ceiling_growth_gt25,36,072,42,J,2,2,0.0,0.13774859066016706,0.1291393037439066
ceiling_growth_gt25,36,089,42,J,4,2,0.0,0.13146037817477724,0.12324410453885366
ceiling_growth_gt25,36,070,42,J,4,2,0.0,0.11978286178248478,0.11229643292107948
ceiling_growth_gt25,36,014,22,J,4,2,0.0,0.20897863082658902,0.19591746639992721
ceiling_growth_gt25,36,097,56,U,1,2,1.0,0.3662795701417236,0.40588709700786585
ceiling_growth_gt25,36,069,54,Z,3,2,0.0,0.2939388801812936,0.27556770016996274
ceiling_growth_gt25,36,089,54,Z,2,2,0.5,0.2814731061003532,0.2951310369690811
ceiling_growth_gt25,36,581,56,Z,0,2,0.0,0.13948480388101056,0.1307670036384474
ceiling_growth_gt25,36,075,42,J,4,2,0.0,0.1551513549088664,0.14545439522706224
ceiling_growth_gt25,36,097,61,R,4,2,0.5,0.15711710496290443,0.1785472859027229
ceiling_growth_gt25,36,015,54,U,3,2,0.0,0.28967500599522955,0.2715703181205277
ceiling_growth_gt25,36,091,61,U,3,2,0.5,0.1700749258254176,0.190695242961329
ceiling_growth_gt25,36,014,21,J,2,2,0.0,0.0749852952847279,0.07029871432943241
ceiling_growth_gt25,36,070,62,J,1,2,0.0,0.14685635250436338,0.13767783047284066
ceiling_growth_gt25,36,339,56,Y,4,2,0.0,0.16649840129615165,0.15609225121514217
ceiling_growth_gt25,36,080,54,T,3,2,0.0,0.16106259024939018,0.1509961783588033
ceiling_growth_gt25,36,020,81,J,3,2,0.0,0.20776205357428446,0.19477692522589168
ceiling_growth_gt25,36,060,56,J,0,2,0.5,0.23350881815341668,0.25016451701882814
ceiling_growth_gt25,36,3302,54,J,0,2,1.0,0.2840933635276039,0.32883752830712865
ceiling_growth_gt25,36,036,53,J,2,2,0.0,0.13116962705437338,0.12297152536347504
ceiling_growth_gt25,36,024,51,J,4,2,0.0,0.06514438262794173,0.06107285871369537
ceiling_growth_gt25,36,1602,54,J,0,2,0.0,0.22085780805421992,0.20705419505083117
ceiling_growth_gt25,36,080,54,T,4,2,1.0,0.16106259024939018,0.2134961783588033
ceiling_growth_gt25,36,086,56,Z,4,2,0.5,0.23461088779739864,0.2511977073100612
ceiling_growth_gt25,36,514,56,J,1,2,0.0,0.34277142808656397,0.3213482138311537
ceiling_growth_gt25,36,047,45,Y,0,2,1.0,0.2766964450453393,0.3219029172300056
ceiling_growth_gt25,36,028,23,J,0,2,0.0,0.06533937261676005,0.06125566182821255
ceiling_growth_gt25,36,069,81,J,2,2,0.0,0.22421445471275828,0.21020105129321087
ceiling_growth_gt25,36,070,92,J,0,2,0.0,0.18642338867731115,0.1747719268849792
ceiling_growth_gt25,36,514,23,J,2,2,0.0,0.30883007011424995,0.28952819073210934
ceiling_growth_gt25,36,070,49,J,2,2,1.0,0.24009802630859806,0.28759189966431065
ceiling_growth_gt25,36,071,51,J,3,2,0.5,0.26303048690456565,0.2778410814730303
ceiling_growth_gt25,36,075,42,J,3,2,0.0,0.1551513549088664,0.14545439522706224
ceiling_growth_gt25,36,3300,71,J,0,2,0.0,0.2962874822346414,0.27776951459497634
ceiling_growth_gt25,36,1601,61,Y,1,2,0.5,0.47957525180943017,0.4808517985713408
ceiling_growth_gt25,36,089,22,J,4,2,0.0,0.13436647655487985,0.12596857177019985
ceiling_growth_gt25,36,071,52,Z,4,2,0.0,0.2804925910186228,0.26296180407995884
ceiling_growth_gt25,36,097,33,T,4,2,0.0,0.06483581086053403,0.06078357268175065
ceiling_growth_gt25,36,086,61,J,1,2,0.0,0.2703645966781415,0.25346680938575766
ceiling_growth_gt25,36,097,54,R,1,2,0.0,0.24571348391471654,0.23035639117004675
ceiling_growth_gt25,36,581,54,J,4,2,0.0,0.07288592617736882,0.06833055579128326
ceiling_growth_gt25,36,524,54,J,3,2,0.0,0.0848808426243042,0.07957578996028519
ceiling_growth_gt25,36,020,52,J,1,2,0.0,0.07688464022856345,0.07207935021427823
ceiling_growth_gt25,36,339,54,Z,3,2,0.5,0.28252840749082253,0.2961203820226461
ceiling_growth_gt25,36,028,56,J,1,2,0.0,0.14557690522473113,0.13647834864818542
ceiling_growth_gt25,36,080,33,U,0,2,0.5,0.2862882686377175,0.2996452518478602
ceiling_growth_gt25,36,027,56,J,0,2,0.0,0.12951197072250653,0.12141747255234987
ceiling_growth_gt25,36,015,61,J,4,2,0.0,0.11477060459705435,0.10759744180973846
ceiling_growth_gt25,36,069,54,Z,2,2,1.0,0.2939388801812936,0.33806770016996274
ceiling_growth_gt25,36,097,51,U,2,2,0.0,0.23825152124643403,0.2233608011685319
ceiling_growth_gt25,36,1601,56,J,1,2,0.5,0.4368060757431199,0.4407556960091749
ceiling_growth_gt25,36,070,31,J,3,2,0.0,0.16316044845229657,0.15296292042402804
ceiling_growth_gt25,36,075,33,Z,4,2,0.5,0.11947031972395078,0.14325342474120384
ceiling_growth_gt25,36,089,51,Z,3,2,1.0,0.27770562993076875,0.3228490280600957
ceiling_growth_gt25,36,020,22,J,0,2,0.0,0.13807321549472734,0.1294436395263069
ceiling_growth_gt25,36,013,81,Y,4,2,0.0,0.11569756320659083,0.1084664655061789
ceiling_growth_gt25,36,047,81,J,4,2,0.5,0.4106733706457805,0.4162562849804192
ceiling_growth_gt25,36,088,56,K,3,2,0.0,0.07863870820779684,0.07372378894480953
ceiling_growth_gt25,36,014,44,J,0,2,0.0,0.1950310481866545,0.1828416076749886
ceiling_growth_gt25,36,9553,72,J,4,2,0.0,0.11726233434129946,0.10993343844496824
ceiling_growth_gt25,36,069,42,J,4,2,0.5,0.14115417457325802,0.1635820386624294
ceiling_growth_gt25,36,075,51,U,2,2,0.5,0.36358530880522844,0.3721112270049017
ceiling_growth_gt25,36,049,33,J,2,2,0.0,0.08410743983001477,0.07885072484063885
ceiling_growth_gt25,36,072,81,S,2,2,0.0,0.38166061380230437,0.35780682543966036
ceiling_growth_gt25,36,036,49,J,4,2,0.0,0.2567990613294348,0.24074911999634513
ceiling_growth_gt25,36,581,22,J,3,2,0.0,0.09737104200257865,0.09128535187741749
ceiling_growth_gt25,36,086,61,J,4,2,0.0,0.2703645966781415,0.25346680938575766
ceiling_growth_gt25,36,019,49,J,4,2,1.0,0.47583845205684483,0.508598548803292
ceiling_growth_gt25,36,072,33,J,3,2,0.0,0.11027518753680965,0.10338298831575904
ceiling_growth_gt25,36,068,56,J,2,2,0.0,0.1619195120418267,0.15179954253921252
ceiling_growth_gt25,36,1601,61,Y,3,2,1.0,0.47957525180943017,0.5121017985713407
ceiling_growth_gt25,36,1601,56,V,3,2,0.5,0.5022161781948455,0.5020776670576677
ceiling_growth_gt25,36,012,48,K,3,2,0.0,0.0874197380516579,0.08195600442342928
ceiling_growth_gt25,36,020,53,J,2,2,0.5,0.18962197183865967,0.20902059859874345
ceiling_growth_gt25,36,015,32,J,0,2,0.0,0.12827302866729604,0.12025596437559004
ceiling_growth_gt25,36,070,53,J,1,2,0.5,0.3588180477301995,0.367641919747062
ceiling_growth_gt25,36,072,61,J,0,2,0.0,0.14398735555705275,0.13498814583473695
ceiling_growth_gt25,36,020,22,J,4,2,0.0,0.13807321549472734,0.1294436395263069
ceiling_growth_gt25,36,089,51,J,2,2,0.5,0.2353947656615381,0.251932592807692
ceiling_growth_gt25,36,1602,51,J,0,2,0.0,0.08811866948443473,0.08261125264165756
ceiling_growth_gt25,36,034,54,J,1,2,0.0,0.13580697963517546,0.127319043407977
ceiling_growth_gt25,36,019,56,Y,2,2,0.5,0.4769647383034749,0.4784044421595077
ceiling_growth_gt25,36,097,81,S,2,2,0.5,0.2084218083517108,0.22664544532972888
ceiling_growth_gt25,36,014,71,J,3,2,0.5,0.20470223546930955,0.2231583457524777
ceiling_growth_gt25,36,013,32,J,0,2,0.0,0.13860018498473856,0.1299376734231924
ceiling_growth_gt25,36,024,42,J,2,2,0.0,0.07476979753051922,0.07009668518486177
ceiling_growth_gt25,36,047,51,J,2,2,0.0,0.20517518285828662,0.19235173392964372
ceiling_growth_gt25,36,080,51,J,0,2,0.0,0.16067121809661855,0.15062926696557988
ceiling_growth_gt25,36,089,48,J,4,2,0.0,0.17453686314366454,0.16362830919718552
ceiling_growth_gt25,36,068,42,J,1,2,0.0,0.10020802728816311,0.09394502558265291
ceiling_growth_gt25,36,089,51,J,1,2,0.5,0.2353947656615381,0.251932592807692
ceiling_growth_gt25,36,020,45,J,3,2,0.5,0.19299268101873623,0.2121806384550652
ceiling_growth_gt25,36,075,49,U,4,2,0.5,0.2388439419064629,0.255166195537309
ceiling_growth_gt25,36,075,54,T,2,2,0.5,0.20115116827636387,0.21982922025909113
ceiling_growth_gt25,36,080,42,J,1,2,0.0,0.11035704417067047,0.10345972891000356
ceiling_growth_gt25,36,019,54,U,3,2,0.0,0.3633759290409801,0.34066493347591886
ceiling_growth_gt25,36,014,11,J,4,2,0.5,0.14444995285744186,0.16667183080385176
ceiling_growth_gt25,36,019,52,K,4,2,0.0,0.31246271285722926,0.29293379330365243
ceiling_growth_gt25,36,086,56,J,1,2,0.0,0.19015096819033514,0.1782665326784392
ceiling_growth_gt25,36,015,45,J,2,2,0.0,0.12104785399134221,0.11348236311688333
ceiling_growth_gt25,36,013,32,J,4,2,0.5,0.13860018498473856,0.1611876734231924
ceiling_growth_gt25,36,070,54,B,3,2,0.0,0.17130627725543626,0.1605996349269715
ceiling_growth_gt25,36,014,53,J,0,2,0.0,0.14410512226072855,0.13509855211943303
ceiling_growth_gt25,36,075,81,J,2,2,0.0,0.12395538054025795,0.11620816925649183
ceiling_growth_gt25,36,024,56,J,4,2,0.0,0.1315907579620891,0.12336633558945853
ceiling_growth_gt25,36,072,61,U,3,2,1.0,0.15035242878920585,0.2034554019898805
ceiling_growth_gt25,36,069,54,Z,0,2,0.5,0.2939388801812936,0.30681770016996274
ceiling_growth_gt25,36,071,54,Y,1,2,0.5,0.4383675377968367,0.4422195666845344
ceiling_growth_gt25,36,089,52,J,3,2,0.5,0.2166954170901436,0.23440195352200963
ceiling_growth_gt25,36,047,56,Z,3,2,0.5,0.3202106838538999,0.33144751611303114
ceiling_growth_gt25,36,097,33,B,1,2,0.0,0.059848440794339104,0.05610791324469291
ceiling_growth_gt25,36,089,54,S,4,2,0.0,0.17890900353625064,0.16772719081523496
ceiling_growth_gt25,36,3300,54,J,3,2,1.0,0.5007176411620337,0.5319227885894066
ceiling_growth_gt25,36,086,51,J,2,2,0.5,0.1686171854666903,0.18932861137502216
ceiling_growth_gt25,36,071,54,J,4,2,0.0,0.30916532446480277,0.2898424916857526
ceiling_growth_gt25,36,049,56,J,3,2,0.0,0.07709848651084686,0.07227983110391893
ceiling_growth_gt25,36,1133,54,J,4,2,0.0,0.11696500312296494,0.10965469042777963
ceiling_growth_gt25,36,049,54,J,4,2,0.0,0.09051431031843044,0.08485716592352853
ceiling_growth_gt25,36,072,23,U,4,2,0.5,0.25977651354167747,0.2747904814453226
ceiling_growth_gt25,36,036,23,M,3,2,0.0,0.08909507875227515,0.08352663633025796
ceiling_growth_gt25,36,070,22,J,0,2,0.5,0.22875605704597746,0.24570880348060387
ceiling_growth_gt25,36,020,22,J,2,2,0.0,0.13807321549472734,0.1294436395263069
ceiling_growth_gt25,36,012,31,M,2,2,0.0,0.0010038115202412954,0.0009410733002262145
ceiling_growth_gt25,36,089,32,L,4,2,0.5,0.23148726530473318,0.24826931122318735
ceiling_growth_gt25,36,524,54,Y,1,2,0.0,0.04769451053070139,0.04471360362253255
ceiling_growth_gt25,36,019,62,J,2,2,0.5,0.21094229647141535,0.2290084029419519
ceiling_growth_gt25,36,485,53,J,2,2,0.0,0.2763611987179451,0.25908862379807357
ceiling_growth_gt25,36,075,22,J,3,2,0.0,0.25300456667734067,0.23719178126000687
ceiling_growth_gt25,36,088,56,J,4,2,0.0,0.06622207006972365,0.06208319069036592
ceiling_growth_gt25,36,047,92,J,3,2,0.0,0.085842689032995,0.0804775209684328
ceiling_growth_gt25,36,9553,56,J,3,2,0.0,0.11726233434129946,0.10993343844496824
ceiling_growth_gt25,36,1602,51,J,2,2,0.0,0.08811866948443473,0.08261125264165756
ceiling_growth_gt25,36,049,54,Z,2,2,0.5,0.11587510823281254,0.13988291396826175
ceiling_growth_gt25,36,013,54,S,3,2,0.0,0.12455066807529096,0.11676625132058527
ceiling_growth_gt25,36,1602,56,J,3,2,0.0,0.17732687817914838,0.1662439482929516
ceiling_growth_gt25,36,024,51,J,2,2,0.0,0.06514438262794173,0.06107285871369537
ceiling_growth_gt25,36,086,54,Y,3,2,0.5,0.18413282924845475,0.20387452742042633
ceiling_growth_gt25,36,027,54,Z,0,2,0.5,0.23573005624002044,0.25224692772501917
ceiling_growth_gt25,36,036,54,Z,4,2,0.0,0.11181634976208371,0.10482782790195348
ceiling_growth_gt25,36,339,54,Y,2,2,0.5,0.29083806653467026,0.3039106873762534
ceiling_growth_gt25,36,070,56,Y,0,2,1.0,0.30239230438174364,0.34599278535788464
ceiling_growth_gt25,36,027,54,Z,4,2,0.0,0.23573005624002044,0.22099692772501917
ceiling_growth_gt25,36,1601,61,J,1,2,0.5,0.6786306415759344,0.6674662264774386
ceiling_growth_gt25,36,014,48,K,2,2,1.0,0.269382250046959,0.315045859419024
ceiling_growth_gt25,36,036,42,J,4,2,0.0,0.03382880765899094,0.031714507180304004
ceiling_growth_gt25,36,071,54,Y,3,2,0.0,0.4383675377968367,0.4109695666845344
ceiling_growth_gt25,36,020,53,J,1,2,0.5,0.18962197183865967,0.20902059859874345
ceiling_growth_gt25,36,031,56,J,2,2,0.0,0.09477137523214334,0.08884816428013438
ceiling_growth_gt25,36,097,92,B,2,2,0.5,0.32381746234571473,0.33482887094910757
ceiling_growth_gt25,36,012,61,J,2,2,0.5,0.16338130935011372,0.1844199775157316
ceiling_growth_gt25,36,047,81,J,3,2,0.5,0.4106733706457805,0.4162562849804192
ceiling_growth_gt25,36,097,48,Y,3,2,1.0,0.25080301023926294,0.297627822099309
ceiling_growth_gt25,36,072,53,J,0,2,0.0,0.1989637885946106,0.18652855180744746
ceiling_growth_gt25,36,050,33,J,4,2,0.5,0.242424635274426,0.2585230955697744
ceiling_growth_gt25,36,9553,62,J,4,2,0.0,0.09632646364922377,0.09030605967114728
ceiling_growth_gt25,36,013,56,Z,3,2,0.0,0.20793051536645912,0.19493485815605543
ceiling_growth_gt25,36,013,72,J,1,2,0.5,0.19903406382987046,0.21784443484050356
ceiling_growth_gt25,36,029,54,J,2,2,0.5,0.20990772403577862,0.22803849128354245
ceiling_growth_gt25,36,045,72,J,1,2,0.5,0.6712622702614558,0.6605583783701148
ceiling_growth_gt25,36,070,56,Z,2,2,0.5,0.231160253651453,0.2479627377982372
ceiling_growth_gt25,36,049,51,J,3,2,0.0,0.08410743983001477,0.07885072484063885
ceiling_growth_gt25,36,036,49,J,3,2,0.5,0.2567990613294348,0.27199911999634513
ceiling_growth_gt25,36,050,92,Y,0,2,0.0,0.16599182399377208,0.15561733499416133
ceiling_growth_gt25,36,080,33,U,1,2,0.0,0.2862882686377175,0.2683952518478602
ceiling_growth_gt25,36,1601,51,Z,3,2,0.5,0.33059039338328366,0.3411784937968284
ceiling_growth_gt25,36,013,56,Y,3,2,0.5,0.26348607092201465,0.27826819148938875
ceiling_growth_gt25,36,070,81,U,4,2,0.5,0.21611382796911385,0.23385671372104425
ceiling_growth_gt25,36,068,51,J,3,2,0.0,0.12836540624201667,0.12034256835189062
ceiling_growth_gt25,36,1125,52,J,4,2,0.5,0.22831274933712967,0.24529320250355907
ceiling_growth_gt25,36,075,51,Z,4,2,0.0,0.2566154177953091,0.2405769541831023
ceiling_growth_gt25,36,047,32,J,2,2,0.0,0.08393507372115067,0.07868913161357875
ceiling_growth_gt25,36,072,54,M,4,2,0.0,0.2206791292891836,0.20688668370860963
ceiling_growth_gt25,36,073,54,Z,3,2,0.5,0.34026348860182826,0.350247020564214
ceiling_growth_gt25,36,013,54,U,1,2,0.5,0.21511950158470233,0.23292453273565844
ceiling_growth_gt25,36,097,56,M,4,2,0.5,0.22438440966925388,0.24161038406492552
ceiling_growth_gt25,36,514,56,J,3,2,1.0,0.34277142808656397,0.3838482138311537
ceiling_growth_gt25,36,089,33,A,4,2,1.0,0.15861816864708345,0.21120453310664072
ceiling_growth_gt25,36,075,42,J,2,2,0.5,0.1551513549088664,0.17670439522706224
ceiling_growth_gt25,36,047,61,J,1,2,0.5,0.26046940156180814,0.2754400639641951
ceiling_growth_gt25,36,014,45,J,0,2,0.5,0.1784767953612346,0.19857199565115743
ceiling_growth_gt25,36,097,23,M,1,2,0.0,0.06907821482841699,0.06476082640164092
ceiling_growth_gt25,36,047,92,J,2,2,0.0,0.085842689032995,0.0804775209684328
ceiling_growth_gt25,36,070,54,T,3,2,1.0,0.22509138674792342,0.2735231750761782
ceiling_growth_gt25,36,3300,54,S,2,2,0.0,0.39493974222586514,0.37025600833674854
ceiling_growth_gt25,36,097,48,Y,2,2,0.0,0.25080301023926294,0.235127822099309
ceiling_growth_gt25,36,080,54,V,4,2,0.0,0.1136622080852705,0.1065583200799411
ceiling_growth_gt25,36,013,54,S,0,2,0.0,0.12455066807529096,0.11676625132058527
ceiling_growth_gt25,36,097,33,B,3,2,0.0,0.059848440794339104,0.05610791324469291
ceiling_growth_gt25,36,1601,61,V,2,2,0.5,0.577203054790512,0.572377863866105
ceiling_growth_gt25,36,069,42,J,0,2,0.0,0.14115417457325802,0.1323320386624294
ceiling_growth_gt25,36,020,22,J,3,2,0.5,0.13807321549472734,0.1606936395263069
ceiling_growth_gt25,36,047,23,L,0,2,1.0,0.19953672469866596,0.24956567940499932
ceiling_growth_gt25,36,015,53,J,1,2,0.0,0.15725611478407173,0.14742760761006724
ceiling_growth_gt25,36,1601,56,U,2,2,0.5,0.407921067140095,0.41367600044383906
ceiling_growth_gt25,36,036,72,J,2,2,0.0,0.2567990613294348,0.24074911999634513
ceiling_growth_gt25,36,013,53,J,3,2,0.5,0.28876373820223816,0.30196600456459827
ceiling_growth_gt25,36,014,48,K,1,2,0.5,0.269382250046959,0.283795859419024
ceiling_growth_gt25,36,097,92,U,3,2,1.0,0.3253199682911282,0.36748747027293266
ceiling_growth_gt25,36,047,51,J,3,2,0.0,0.20517518285828662,0.19235173392964372
ceiling_growth_gt25,36,080,48,J,0,2,0.0,0.16294001941186453,0.152756268198623
ceiling_growth_gt25,36,014,54,T,4,2,0.0,0.14091667508650793,0.1321093828936012
ceiling_growth_gt25,36,012,54,Y,1,2,0.0,0.2467139251487448,0.23129430482694824
ceiling_growth_gt25,36,075,56,U,4,2,0.5,0.35373742876575875,0.36287883946789884
ceiling_growth_gt25,36,014,33,U,2,2,0.0,0.0453747695945114,0.04253884649485444
ceiling_growth_gt25,36,012,92,J,0,2,0.0,0.019609872405108714,0.01838425537978942
ceiling_growth_gt25,36,097,45,J,1,2,0.0,0.0749115857735517,0.07022961166270472
ceiling_growth_gt25,36,1601,54,U,3,2,1.0,0.39955843439794936,0.4370860322480775
ceiling_growth_gt25,36,1602,54,U,4,2,0.0,0.2164475510914961,0.2029195791482776
ceiling_growth_gt25,36,1601,54,U,4,2,0.5,0.39955843439794936,0.4058360322480775
ceiling_growth_gt25,36,075,22,J,1,2,0.0,0.25300456667734067,0.23719178126000687
ceiling_growth_gt25,36,036,71,J,2,2,0.5,0.2101454963536901,0.22826140283158447
ceiling_growth_gt25,36,072,54,V,4,2,0.0,0.2206791292891836,0.20688668370860963
ceiling_growth_gt25,36,514,42,J,0,2,0.0,0.2463211853701267,0.23092611128449378
ceiling_growth_gt25,36,072,56,J,2,2,0.0,0.12677899823476668,0.11885531084509376
ceiling_growth_gt25,36,097,23,L,4,2,0.0,0.07555429746858108,0.07083215387679477
ceiling_growth_gt25,36,097,33,A,0,2,0.0,0.06483581086053403,0.06078357268175065
ceiling_growth_gt25,36,012,81,J,0,2,1.0,0.19437007575785648,0.24472194602299044
ceiling_growth_gt25,36,069,61,S,0,2,0.5,0.2714794971920149,0.285762028617514
ceiling_growth_gt25,36,047,44,R,0,2,1.0,0.4083865191805678,0.4453623617317823
ceiling_growth_gt25,36,097,33,A,2,2,0.0,0.06483581086053403,0.06078357268175065
ceiling_growth_gt25,36,012,53,J,0,2,0.0,0.019609872405108714,0.01838425537978942
ceiling_growth_gt25,36,9553,62,Z,0,2,0.5,0.14122441268698496,0.1636478868940484
ceiling_growth_gt25,36,097,62,S,3,2,0.0,0.12766139166288376,0.11968255468395353
ceiling_growth_gt25,36,097,71,S,2,2,0.0,0.06588175859608,0.061764148683825
ceiling_growth_gt25,36,097,54,T,0,2,0.0,0.14076095596574792,0.13196339621788866
ceiling_growth_gt25,36,097,33,Y,4,2,0.5,0.17008345287712703,0.1907032370723066
ceiling_growth_gt25,36,097,49,Z,1,2,0.5,0.2083338302787828,0.22656296588635888
ceiling_growth_gt25,36,047,62,Z,2,2,0.0,0.1703050746248944,0.1596610074608385
ceiling_growth_gt25,36,069,54,T,0,2,0.0,0.256642941684891,0.2406027578295853
ceiling_growth_gt25,36,031,61,J,2,2,0.0,0.1552956981489124,0.14558971701460538
ceiling_growth_gt25,36,070,48,V,4,2,0.5,0.2127644785895257,0.23071669867768035
ceiling_growth_gt25,36,069,22,J,2,2,0.0,0.2268106125501041,0.2126349492657226
ceiling_growth_gt25,36,014,54,S,4,2,0.0,0.08136667003460317,0.07628125315744047
ceiling_growth_gt25,36,015,49,J,3,2,0.0,0.13616494135848872,0.12765463252358317
ceiling_growth_gt25,36,014,56,M,4,2,0.0,0.18987355625928276,0.1780064589930776
ceiling_growth_gt25,36,029,54,J,0,2,0.0,0.20990772403577862,0.19678849128354245
ceiling_growth_gt25,36,069,54,Z,1,2,0.5,0.2939388801812936,0.30681770016996274
ceiling_growth_gt25,36,1601,53,J,1,2,0.5,0.37102861934979653,0.37908933064043426
ceiling_growth_gt25,36,019,61,J,0,2,0.5,0.3311118992184198,0.3416674055172686
ceiling_growth_gt25,36,075,54,R,1,2,0.5,0.26214852382479353,0.2770142410857439
ceiling_growth_gt25,36,097,33,M,1,2,0.0,0.09525969117083499,0.0893059604726578
ceiling_growth_gt25,36,097,56,Z,2,2,1.0,0.28278614192822565,0.32761200805771157
ceiling_growth_gt25,36,1601,42,J,0,2,0.0,0.2330104756483594,0.21844732092033692
ceiling_growth_gt25,36,097,49,Z,4,2,0.0,0.2083338302787828,0.19531296588635888
ceiling_growth_gt25,36,073,56,J,3,2,0.5,0.3187380945445998,0.3300669636355623
ceiling_growth_gt25,36,075,61,U,2,2,0.5,0.16472758578636898,0.18568211167472093
ceiling_growth_gt25,36,075,61,S,1,2,0.5,0.22227706095731875,0.23963474464748633
ceiling_growth_gt25,36,020,54,S,2,2,0.0,0.16325669383824756,0.1530531504733571
ceiling_growth_gt25,36,091,61,Y,3,2,0.5,0.2019639744176834,0.22059122601657818
ceiling_growth_gt25,36,089,22,J,0,2,0.0,0.13436647655487985,0.12596857177019985
ceiling_growth_gt25,36,015,61,B,4,2,0.0,0.12194376738437024,0.1143222819228471
ceiling_growth_gt25,36,050,51,J,0,2,0.0,0.16604584025729,0.15566797524120937
ceiling_growth_gt25,36,091,54,S,3,2,0.0,0.11687966330054492,0.10957468434426086
ceiling_growth_gt25,36,015,48,J,4,2,1.0,0.277649937312714,0.32279681623066936
ceiling_growth_gt25,36,070,56,U,4,2,0.5,0.305930065917265,0.318059436797436
ceiling_growth_gt25,36,072,48,Y,4,2,0.0,0.026240514449501328,0.024600482296407496
ceiling_growth_gt25,36,075,62,U,3,2,0.5,0.381900032404283,0.3892812803790153
ceiling_growth_gt25,36,080,33,T,4,2,0.0,0.19732541974643364,0.18499258101228153
ceiling_growth_gt25,36,015,56,M,4,2,0.0,0.20693684212925725,0.19400328949617868
ceiling_growth_gt25,36,069,44,J,0,2,0.0,0.15439240385606454,0.1447428786150605
ceiling_growth_gt25,36,013,54,U,3,2,1.0,0.21511950158470233,0.26417453273565844
ceiling_growth_gt25,36,097,11,J,3,2,0.0,0.17126893194280346,0.16056462369637825
ceiling_growth_gt25,36,3300,23,J,2,2,0.0,0.6011753581216822,0.563601898239077
ceiling_growth_gt25,36,014,44,J,1,2,0.5,0.1950310481866545,0.2140916076749886
ceiling_growth_gt25,36,047,71,J,2,2,0.5,0.15037402928538673,0.17222565245505006
ceiling_growth_gt25,36,028,23,J,4,2,0.0,0.06533937261676005,0.06125566182821255
ceiling_growth_gt25,36,072,33,J,1,2,0.0,0.11027518753680965,0.10338298831575904
ceiling_growth_gt25,36,3301,56,J,4,2,0.0,0.1505269939718123,0.14111905684857404
ceiling_growth_gt25,36,070,48,J,2,2,0.0,0.1904590857236262,0.17855539286589955
ceiling_growth_gt25,36,1602,52,J,1,2,1.0,0.13456651182100077,0.18865610483218823
ceiling_growth_gt25,36,3300,54,J,4,2,1.0,0.5007176411620337,0.5319227885894066
ceiling_growth_gt25,36,1602,52,J,0,2,1.0,0.13456651182100077,0.18865610483218823
ceiling_growth_gt25,36,080,51,J,4,2,0.5,0.16067121809661855,0.18187926696557988
ceiling_growth_gt25,36,072,52,U,4,2,0.0,0.1421762239313867,0.13329020993567503
ceiling_growth_gt25,36,020,53,Z,0,2,0.0,0.15675040493845024,0.14695350462979712
ceiling_growth_gt25,36,019,51,Z,0,2,0.5,0.3898084084244296,0.39669538289790274
ceiling_growth_gt25,36,047,56,K,3,2,0.0,0.3110618071723599,0.29162044422408745
ceiling_growth_gt25,36,072,92,J,0,2,0.5,0.23735763697775644,0.25377278466664666
ceiling_growth_gt25,36,012,31,A,2,2,0.0,0.0009303618968090054,0.0008722142782584426
ceiling_growth_gt25,36,012,31,A,1,2,0.0,0.0009303618968090054,0.0008722142782584426
ceiling_growth_gt25,36,068,42,J,0,2,0.0,0.10020802728816311,0.09394502558265291
ceiling_growth_gt25,36,075,56,S,4,2,0.5,0.28400890201040857,0.29750834563475803
ceiling_growth_gt25,36,014,62,J,1,2,0.5,0.22854941220924932,0.24551507394617123
ceiling_growth_gt25,36,075,52,Y,3,2,0.0,0.334828664853907,0.3139018733005378
ceiling_growth_gt25,36,089,56,V,4,2,0.0,0.20198740754428884,0.1893631945727708
ceiling_growth_gt25,36,097,49,Z,3,2,0.5,0.2083338302787828,0.22656296588635888
ceiling_growth_gt25,36,075,56,R,3,2,0.5,0.31811275958771246,0.3294807121134804
ceiling_growth_gt25,36,075,56,Y,1,2,0.5,0.2627888013985451,0.277614501311136
ceiling_growth_gt25,36,097,23,U,2,2,0.5,0.14257203997354195,0.16491128747519557
ceiling_growth_gt25,36,014,54,B,0,2,0.0,0.1574095315076644,0.14757143578843537
ceiling_growth_gt25,36,091,51,J,4,2,0.5,0.1388194082162834,0.1613931952027657
ceiling_growth_gt25,36,086,54,L,4,2,0.0,0.1758994329045116,0.16490571834797962
ceiling_growth_gt25,36,047,54,Z,2,2,0.5,0.3084579157525528,0.3204292960180183
ceiling_growth_gt25,36,047,61,J,0,2,0.0,0.26046940156180814,0.24419006396419513
ceiling_growth_gt25,36,050,52,Y,1,2,0.5,0.22768248052860607,0.2447023254955682
ceiling_growth_gt25,36,047,53,J,2,2,0.0,0.23008599225916537,0.21570561774296754
ceiling_growth_gt25,36,050,52,J,3,2,0.5,0.20622921609884515,0.22458989009266733
ceiling_growth_gt25,36,031,23,J,1,2,0.0,0.07680157921164794,0.07200148051091995
ceiling_growth_gt25,36,070,44,J,2,2,0.0,0.13824617445674622,0.1296057885531996
ceiling_growth_gt25,36,097,45,J,0,2,0.0,0.0749115857735517,0.07022961166270472
ceiling_growth_gt25,36,097,56,K,2,2,1.0,0.34685002919516117,0.3876719023704636
ceiling_growth_gt25,36,015,45,J,0,2,0.0,0.12104785399134221,0.11348236311688333
ceiling_growth_gt25,36,080,33,U,2,2,0.5,0.2862882686377175,0.2996452518478602
ceiling_growth_gt25,36,047,56,K,2,2,0.0,0.3110618071723599,0.29162044422408745
ceiling_growth_gt25,36,097,48,Z,3,2,0.5,0.21410915820155083,0.2319773358139539
ceiling_growth_gt25,36,013,56,U,4,2,0.5,0.2339218297872665,0.2505517154255623
ceiling_growth_gt25,36,027,51,J,3,2,0.0,0.19260567831753503,0.1805678234226891
ceiling_growth_gt25,36,020,32,J,2,2,0.5,0.16515437558785598,0.18608222711361497
ceiling_growth_gt25,36,014,31,J,1,2,0.5,0.21519051769022854,0.23299111033458925
ceiling_growth_gt25,36,075,42,U,4,2,0.0,0.17022703236329959,0.15958784284059335
ceiling_growth_gt25,36,014,72,J,0,2,1.0,0.2993595138094409,0.34314954419635085
ceiling_growth_gt25,36,072,49,J,3,2,0.0,0.17920129137605778,0.16800121066505416
ceiling_growth_gt25,36,069,56,Y,0,2,1.0,0.4115906771426305,0.4483662598212161
ceiling_growth_gt25,36,019,62,J,4,2,0.0,0.21094229647141535,0.1977584029419519
ceiling_growth_gt25,36,097,48,U,3,2,0.0,0.26942851658212696,0.25258923429574404
ceiling_growth_gt25,36,047,33,K,2,2,0.0,0.05613789523396117,0.052629276781838596
ceiling_growth_gt25,36,036,54,Y,3,2,0.0,0.12025486005509646,0.11273893130165293
ceiling_growth_gt25,36,075,11,U,4,2,0.0,0.2343125014993933,0.21966797015568124
ceiling_growth_gt25,36,014,71,J,0,2,0.5,0.20470223546930955,0.2231583457524777
ceiling_growth_gt25,36,027,54,J,2,2,0.0,0.2753705478040174,0.25815988856626626
ceiling_growth_gt25,36,080,48,U,4,2,0.0,0.1367818950184853,0.12823302657983
ceiling_growth_gt25,36,086,54,U,3,2,0.0,0.17056914705892035,0.15990857536773784
ceiling_growth_gt25,36,014,56,Y,1,2,0.0,0.21826902162964995,0.20462720777779683
ceiling_growth_gt25,36,014,21,J,3,2,0.0,0.0749852952847279,0.07029871432943241
ceiling_growth_gt25,36,097,56,Z,3,2,0.5,0.28278614192822565,0.29636200805771157
ceiling_growth_gt25,36,097,48,Z,4,2,0.5,0.21410915820155083,0.2319773358139539
ceiling_growth_gt25,36,024,33,J,3,2,0.0,0.10099562623430378,0.0946833995946598
ceiling_growth_gt25,36,019,56,Z,1,2,1.0,0.5200541597945174,0.5500507748073601
ceiling_growth_gt25,36,581,54,J,3,2,0.0,0.07288592617736882,0.06833055579128326
ceiling_growth_gt25,36,086,61,J,3,2,1.0,0.2703645966781415,0.31596680938575766
ceiling_growth_gt25,36,1601,42,J,3,2,0.5,0.2330104756483594,0.24969732092033692
ceiling_growth_gt25,36,089,56,S,3,1,0.0,0.20850313036829815,0.2017772229370627
ceiling_growth_gt25,36,089,33,K,4,1,0.0,0.09921875473247324,0.09601814974110313
ceiling_growth_gt25,36,045,72,J,0,1,0.0,0.6712622702614558,0.6496086486401185
ceiling_growth_gt25,36,097,31,K,3,1,0.0,0.08870655725935037,0.08584505541227455
ceiling_growth_gt25,36,015,61,Z,1,1,0.0,0.12194376738437024,0.1180100974687454
ceiling_growth_gt25,36,9553,33,J,0,1,0.0,0.12494966739385083,0.12091903296179113
ceiling_growth_gt25,36,012,48,J,3,1,1.0,0.1387230942378174,0.16650622023014588
ceiling_growth_gt25,36,015,61,Z,0,1,0.0,0.12194376738437024,0.1180100974687454
ceiling_growth_gt25,36,069,32,J,0,1,1.0,0.21224364352548605,0.23765513889563167
ceiling_growth_gt25,36,075,45,J,0,1,0.0,0.2073859880676556,0.200696117484828
ceiling_growth_gt25,36,1601,61,L,2,1,1.0,0.5793761510951005,0.5929446623500972
ceiling_growth_gt25,36,012,22,J,2,1,0.0,0.0654996439008807,0.06338675216214261
ceiling_growth_gt25,36,097,42,K,3,1,0.0,0.0762977534521343,0.07383653559883964
ceiling_growth_gt25,36,072,61,U,1,1,0.0,0.15035242878920585,0.14550235044116697
ceiling_growth_gt25,36,075,62,Z,3,1,1.0,0.38999448224944133,0.4096720795962336
ceiling_growth_gt25,36,012,32,J,2,1,0.0,0.06279017486170753,0.060764685350039545
ceiling_growth_gt25,36,1601,51,Y,3,1,1.0,0.3412545996214541,0.3625044512465685
ceiling_growth_gt25,36,1601,54,V,0,1,1.0,0.31560200234593955,0.33767935710897373
ceiling_growth_gt25,36,1601,62,J,1,1,1.0,0.4575088250624379,0.47500854038300444
ceiling_growth_gt25,36,097,23,U,0,1,1.0,0.14257203997354195,0.17023100642600833
ceiling_growth_gt25,36,036,52,Z,4,1,0.0,0.12935351453860128,0.12518082052122703
ceiling_growth_gt25,36,072,56,V,4,1,0.0,0.15586561028384732,0.15083768737146513
ceiling_growth_gt25,36,075,49,J,3,1,0.0,0.17954070651369766,0.17374907081970742
ceiling_growth_gt25,36,075,23,S,2,1,1.0,0.25160802492782147,0.275749701543053
ceiling_growth_gt25,36,012,31,A,4,1,0.0,0.0009303618968090054,0.0009003502227183924
ceiling_growth_gt25,36,080,92,S,4,1,0.0,0.12860155550533778,0.12445311823097205
ceiling_growth_gt25,36,083,54,J,4,1,0.0,0.14637778973715987,0.1416559255520902
ceiling_growth_gt25,36,1601,54,U,1,1,1.0,0.39955843439794936,0.4189275171593058
ceiling_growth_gt25,36,1133,56,J,1,1,1.0,0.18354151102833824,0.20987888164032734
ceiling_growth_gt25,36,047,54,Y,1,1,1.0,0.28592355289991195,0.3089582769999148
ceiling_growth_gt25,36,1601,61,J,2,1,1.0,0.6786306415759344,0.688997395073485
ceiling_growth_gt25,36,014,22,Y,0,1,0.0,0.1655884448838663,0.16024688214567706
ceiling_growth_gt25,36,024,72,J,3,1,0.0,0.08944629099109969,0.08656092676558033
ceiling_growth_gt25,36,089,54,R,1,1,1.0,0.2696608415652372,0.29322016925668115
ceiling_growth_gt25,36,019,45,K,1,1,1.0,0.2912627443082856,0.3141252364273731
ceiling_growth_gt25,36,015,33,Y,3,1,0.0,0.06872894496299407,0.06651188222225234
ceiling_growth_gt25,36,014,56,Y,0,1,0.0,0.21826902162964995,0.21122808544804833
ceiling_growth_gt25,36,012,11,K,3,1,1.0,0.09550359329181127,0.1246808967340109
ceiling_growth_gt25,36,071,51,Y,0,1,0.0,0.25622698563726554,0.24796159900380538
ceiling_growth_gt25,36,012,56,Y,0,1,1.0,0.27785937954226225,0.30115423826670545
ceiling_growth_gt25,36,072,72,M,3,1,1.0,0.2532634786322108,0.27735175351504276
ceiling_growth_gt25,36,1601,54,U,0,1,1.0,0.39955843439794936,0.4189275171593058
ceiling_growth_gt25,36,420,48,J,1,1,1.0,0.20173181949244623,0.22748240596043184
ceiling_growth_gt25,36,089,54,V,2,1,0.0,0.22507906896496052,0.21781845383705858
ceiling_growth_gt25,36,097,32,S,4,1,0.0,0.07296711740719483,0.07061333942631758
ceiling_growth_gt25,36,034,48,Y,0,1,0.0,0.14471003865392268,0.14004197289089293
ceiling_growth_gt25,36,005,54,Z,1,1,1.0,0.22497480097128075,0.2499756138431749
ceiling_growth_gt25,36,028,54,J,3,1,0.0,0.07355663867348332,0.0711838438775645
ceiling_growth_gt25,36,047,51,U,4,1,0.0,0.1878236407389137,0.18176481361830357
ceiling_growth_gt25,36,1601,54,K,4,1,0.0,0.30573943977262896,0.2958768771993184
ceiling_growth_gt25,36,012,56,Y,1,1,1.0,0.27785937954226225,0.30115423826670545
ceiling_growth_gt25,36,072,51,J,2,1,0.0,0.2085272637280663,0.2018005778013545
ceiling_growth_gt25,36,1601,54,U,2,1,1.0,0.39955843439794936,0.4189275171593058
ceiling_growth_gt25,36,1601,51,J,2,1,0.0,0.2518783949586923,0.24375328544389577
ceiling_growth_gt25,36,015,48,J,1,1,0.0,0.277649937312714,0.26869348772198126
ceiling_growth_gt25,36,070,33,Y,4,1,1.0,0.3087175530078201,0.3310169867817614
ceiling_growth_gt25,36,012,52,J,4,1,0.0,0.08268458251982976,0.0800173379224159
ceiling_growth_gt25,36,069,51,J,0,1,1.0,0.32005228541147224,0.3419860826562634
ceiling_growth_gt25,36,068,54,Y,0,1,0.0,0.10419728376915258,0.10083608106692185
ceiling_growth_gt25,36,013,61,J,0,1,0.0,0.2050310661141016,0.1984171607555822
ceiling_growth_gt25,36,019,31,J,1,1,0.0,0.20325414137316275,0.19669755616757686
ceiling_growth_gt25,36,097,21,U,2,1,0.0,0.07059787433694575,0.06832052355188299
ceiling_growth_gt25,36,071,54,Z,1,1,0.0,0.3420411056919781,0.33100752163739816
ceiling_growth_gt25,36,075,53,J,4,1,0.0,0.25300456667734067,0.24484312904258773
ceiling_growth_gt25,36,097,51,V,4,1,0.0,0.13238173124367325,0.128111352816458
ceiling_growth_gt25,36,028,49,J,3,1,0.0,0.0832890025551832,0.08060226053727408
ceiling_growth_gt25,36,050,81,J,3,1,1.0,0.2572766144859649,0.2812354333735144
ceiling_growth_gt25,36,075,56,Z,0,1,0.0,0.23461127591472267,0.2270431702400542
ceiling_growth_gt25,36,339,54,Y,0,1,1.0,0.29083806653467026,0.31371425793677765
ceiling_growth_gt25,36,019,31,J,0,1,0.0,0.20325414137316275,0.19669755616757686
ceiling_growth_gt25,36,3300,31,J,0,1,1.0,0.41583513338108635,0.43467916133653517
ceiling_growth_gt25,36,1601,61,V,0,1,1.0,0.577203054790512,0.5908416659263019
ceiling_growth_gt25,36,070,62,J,3,1,0.0,0.14685635250436338,0.14211905081067422
ceiling_growth_gt25,36,012,51,Z,4,1,0.0,0.06767979720128355,0.06549657793672602
ceiling_growth_gt25,36,072,56,S,0,1,0.0,0.15586561028384732,0.15083768737146513
ceiling_growth_gt25,36,072,52,B,4,1,0.0,0.146762553735625,0.14202827780866933
ceiling_growth_gt25,36,028,81,J,4,1,0.0,0.07816477681204205,0.07564333239875036
ceiling_growth_gt25,36,075,56,Y,0,1,0.0,0.2627888013985451,0.2543117432889146
ceiling_growth_gt25,36,027,45,J,4,1,0.0,0.16509070149330957,0.1597651949935254
ceiling_growth_gt25,36,069,23,Y,0,1,0.0,0.13868635432719506,0.13421260096180168
ceiling_growth_gt25,36,047,23,Z,0,1,1.0,0.19946200287587013,0.22528580923471303
ceiling_growth_gt25,36,097,54,M,4,1,1.0,0.24840168699837867,0.2726467938693987
ceiling_growth_gt25,36,015,54,U,4,1,1.0,0.28967500599522955,0.3125887154792544
ceiling_growth_gt25,36,089,49,Y,4,1,0.0,0.1914275273188579,0.18525244579244313
ceiling_growth_gt25,36,070,54,B,2,1,0.0,0.17130627725543626,0.1657802683117125
ceiling_growth_gt25,36,485,62,S,4,1,0.0,0.199244064222627,0.19281683634447774
ceiling_growth_gt25,36,072,51,B,4,1,0.0,0.1964492569920727,0.19011218418587678
ceiling_growth_gt25,36,049,51,J,2,1,0.0,0.08410743983001477,0.08139429660969172
ceiling_growth_gt25,36,019,23,Y,3,1,0.0,0.13790741308128057,0.13345878685285217
ceiling_growth_gt25,36,068,56,Y,4,1,0.0,0.17770899358626754,0.17197644540606538
ceiling_growth_gt25,36,075,56,K,0,1,1.0,0.2931704794946153,0.3159714317689825
ceiling_growth_gt25,36,089,56,M,4,1,0.0,0.20850313036829815,0.2017772229370627
ceiling_growth_gt25,36,005,56,B,4,1,0.0,0.1739325925011657,0.1683218637108055
ceiling_growth_gt25,36,073,33,J,1,1,0.0,0.22424232624906337,0.21700870282167423
ceiling_growth_gt25,36,020,62,J,3,1,0.0,0.17268555827265217,0.1671150563928892
ceiling_growth_gt25,36,036,56,Z,0,1,1.0,0.23480481116079258,0.25948852692979923
ceiling_growth_gt25,36,036,62,K,2,1,1.0,0.5164020127390496,0.5320019478119835
ceiling_growth_gt25,36,086,54,Y,1,1,0.0,0.18413282924845475,0.17819306056302073
ceiling_growth_gt25,36,012,31,L,3,1,0.0,0.0011920261802865382,0.0011535737228579401
ceiling_growth_gt25,36,080,32,J,1,1,0.0,0.12458275689579597,0.12056395828625416
ceiling_growth_gt25,36,097,81,Z,1,1,1.0,0.19934316799459334,0.22517080773670325
ceiling_growth_gt25,36,097,33,S,0,1,0.0,0.28932243756564574,0.27998945570868944
ceiling_growth_gt25,36,013,81,J,2,1,1.0,0.12045048964543743,0.1488230544955846
ceiling_growth_gt25,36,068,48,Y,3,1,1.0,0.19121210554422455,0.2173020376234431
ceiling_growth_gt25,36,020,54,U,2,1,0.0,0.21573507401429762,0.20877587807835252
ceiling_growth_gt25,36,080,54,L,4,1,0.0,0.11732873092673084,0.11354393315490081
ceiling_growth_gt25,36,072,22,J,0,1,0.0,0.1263788657167882,0.12230212811302084
ceiling_growth_gt25,36,036,45,J,4,1,0.0,0.13705914382263906,0.13263788111868297
ceiling_growth_gt25,36,047,54,Z,0,1,0.0,0.3084579157525528,0.2985076604056963
ceiling_growth_gt25,36,069,52,J,3,1,1.0,0.22473957792895927,0.24974797864092832
ceiling_growth_gt25,36,097,54,R,0,1,1.0,0.24571348391471654,0.2700453070142418
ceiling_growth_gt25,36,014,22,Y,4,1,0.0,0.1655884448838663,0.16024688214567706
ceiling_growth_gt25,36,1601,33,J,3,1,0.0,0.18050913722745762,0.1746862618330235
ceiling_growth_gt25,36,012,42,L,1,1,0.0,0.002094945010154953,0.0020273661388596318
ceiling_growth_gt25,36,1601,52,J,1,1,1.0,0.4843884541052123,0.5010210846179474
ceiling_growth_gt25,36,093,54,J,0,1,0.0,0.179857005080111,0.174055166206559
ceiling_growth_gt25,36,080,61,S,3,1,0.0,0.16137659762200504,0.15617090092452102
ceiling_growth_gt25,36,019,31,J,4,1,0.0,0.20325414137316275,0.19669755616757686
ceiling_growth_gt25,36,089,53,J,4,1,0.0,0.1561485420901436,0.15111149234530025
ceiling_growth_gt25,36,015,81,K,3,1,0.0,0.16916294938193135,0.16370608004703036
ceiling_growth_gt25,36,1602,52,Y,3,1,0.0,0.11142535592860175,0.10783098960832428
ceiling_growth_gt25,36,069,33,U,4,1,1.0,0.1923510597731917,0.21840425139341132
ceiling_growth_gt25,36,069,56,Z,4,1,0.0,0.3356668935481312,0.3248389292401269
ceiling_growth_gt25,36,091,54,S,2,1,0.0,0.11687966330054492,0.1131093515811725
ceiling_growth_gt25,36,097,48,K,4,1,0.0,0.17031327028557186,0.16481929382474697
ceiling_growth_gt25,36,080,62,J,4,1,0.0,0.1327499927797035,0.12846773494810015
ceiling_growth_gt25,36,070,51,R,4,1,0.0,0.15462375279895305,0.14963588980543843
ceiling_growth_gt25,36,097,56,R,1,1,1.0,0.3669145656257477,0.3873366764120139
ceiling_growth_gt25,36,089,92,J,0,1,1.0,0.20578686314366454,0.23140664175193343
ceiling_growth_gt25,36,1601,33,J,4,1,0.0,0.18050913722745762,0.1746862618330235
ceiling_growth_gt25,36,027,52,J,3,1,0.0,0.16509070149330957,0.1597651949935254
ceiling_growth_gt25,36,068,53,J,1,1,0.0,0.12773655923829325,0.12361602506931604
ceiling_growth_gt25,36,047,61,J,3,1,1.0,0.26046940156180814,0.28432522731787885
ceiling_growth_gt25,36,072,54,K,4,1,0.0,0.24429491325011743,0.236414432177533
ceiling_growth_gt25,36,019,51,Y,3,1,1.0,0.4210584084244296,0.4397339436365448
ceiling_growth_gt25,36,019,48,Z,4,1,1.0,0.30308082010187226,0.32556208396955383
ceiling_growth_gt25,36,036,48,K,4,1,1.0,0.4086003838047248,0.42767779077876594
ceiling_growth_gt25,36,097,33,V,1,1,1.0,0.3379047204861591,0.3592626327285411
ceiling_growth_gt25,36,524,92,Y,1,1,1.0,0.16879026596646274,0.19560348319335105
ceiling_growth_gt25,36,088,54,J,2,1,0.0,0.2021543458748088,0.19563323794336335
ceiling_growth_gt25,36,070,51,U,4,1,0.0,0.15462375279895305,0.14963588980543843
ceiling_growth_gt25,36,050,54,Z,1,1,1.0,0.26256172171783343,0.28635005327532265
ceiling_growth_gt25,36,080,61,S,2,1,0.0,0.16137659762200504,0.15617090092452102
ceiling_growth_gt25,36,024,51,J,1,1,0.0,0.06514438262794173,0.06304295093026618
ceiling_growth_gt25,36,068,81,J,1,1,0.0,0.18042464201953107,0.17460449227696553
ceiling_growth_gt25,36,014,62,J,0,1,1.0,0.22854941220924932,0.253434915041209
ceiling_growth_gt25,36,070,31,J,2,1,0.0,0.16316044845229657,0.15789720817964184
ceiling_growth_gt25,36,019,49,Z,1,1,1.0,0.4251131409655717,0.44365787835377907
ceiling_growth_gt25,36,049,32,J,3,1,0.0,0.0953100957074777,0.09223557649110745
ceiling_growth_gt25,36,097,61,B,4,1,0.0,0.12586710496290443,0.12180687577055267
ceiling_growth_gt25,36,091,56,J,4,1,0.0,0.1630004052350904,0.1577423276468617
ceiling_growth_gt25,36,013,62,J,4,1,0.0,0.13848718882987046,0.13401986015793915
ceiling_growth_gt25,36,097,61,B,1,1,0.0,0.12586710496290443,0.12180687577055267
ceiling_growth_gt25,36,012,48,J,4,1,0.0,0.1387230942378174,0.13424815571401685
ceiling_growth_gt25,36,075,61,Y,1,1,0.0,0.1583256001223231,0.15321832269902236
ceiling_growth_gt25,36,075,62,Y,4,1,0.0,0.3561226245477383,0.3446347979494242
ceiling_growth_gt25,36,028,51,J,2,1,1.0,0.059697390020659824,0.0900297322780579
ceiling_growth_gt25,36,9553,51,J,3,1,0.0,0.11726233434129946,0.11347967839480592
ceiling_growth_gt25,36,073,51,J,2,1,0.0,0.22424232624906337,0.21700870282167423
ceiling_growth_gt25,36,069,49,J,4,1,0.0,0.2336304169333817,0.22609395187101455
ceiling_growth_gt25,36,049,33,J,1,1,0.0,0.08410743983001477,0.08139429660969172
ceiling_growth_gt25,36,080,32,J,0,1,0.0,0.12458275689579597,0.12056395828625416
ceiling_growth_gt25,36,069,32,J,3,1,0.0,0.21224364352548605,0.20539707437950264
ceiling_growth_gt25,36,014,49,S,4,1,0.0,0.1256610181580689,0.12160743692716346
ceiling_growth_gt25,36,031,54,Y,4,1,0.0,0.07654343494002419,0.07407429187744276
ceiling_growth_gt25,36,014,54,K,1,1,0.0,0.1454623742828469,0.14077003962856152
ceiling_growth_gt25,36,024,42,J,3,1,0.0,0.07476979753051922,0.07235786857792183
ceiling_growth_gt25,36,075,44,J,1,1,0.0,0.2140758586504832,0.2071701857907902
ceiling_growth_gt25,36,080,42,J,0,1,0.0,0.11035704417067047,0.10679713952000368
ceiling_growth_gt25,36,014,61,J,3,1,1.0,0.33012421917105683,0.35173311532682916
ceiling_growth_gt25,36,339,54,Y,4,1,0.0,0.29083806653467026,0.28145619342064865
ceiling_growth_gt25,36,049,56,Z,3,1,0.0,0.08207258241477247,0.07942507975623142
ceiling_growth_gt25,36,080,61,J,0,1,0.0,0.15029867232475566,0.14545032805621516
ceiling_growth_gt25,36,514,54,J,3,1,0.0,0.23602324103843209,0.22840958810170847
ceiling_growth_gt25,36,024,49,J,3,1,0.0,0.0953100957074777,0.09223557649110745
ceiling_growth_gt25,36,097,52,S,4,1,0.0,0.114494342175879,0.11080097629923774
ceiling_growth_gt25,36,097,33,L,3,1,1.0,0.4278663372461136,0.4463222618510777
ceiling_growth_gt25,36,069,54,B,3,1,1.0,0.1988389993109432,0.2246829025589773
ceiling_growth_gt25,36,097,32,V,4,1,0.0,0.07296711740719483,0.07061333942631758
ceiling_growth_gt25,36,036,54,K,2,1,0.0,0.11903030781125039,0.11519062046250036
ceiling_growth_gt25,36,097,81,R,2,1,0.0,0.17351552825248345,0.16791825314756462
ceiling_growth_gt25,36,080,54,T,2,1,0.0,0.16106259024939018,0.1558670228219905
ceiling_growth_gt25,36,036,23,U,4,1,1.0,0.10301618480731815,0.13195114658772727
ceiling_growth_gt25,36,014,52,J,0,1,0.0,0.11965098289674937,0.11579127377104778
ceiling_growth_gt25,36,097,92,S,2,1,0.0,0.29256746234571473,0.2831298022700465
ceiling_growth_gt25,36,019,51,Y,1,1,1.0,0.4210584084244296,0.4397339436365448
ceiling_growth_gt25,36,029,56,J,3,1,1.0,0.2592756181774583,0.2831699530749597
ceiling_growth_gt25,36,070,48,Y,1,1,0.0,0.1815144785895257,0.17565917282857327
ceiling_growth_gt25,36,034,56,J,3,1,0.0,0.14471003865392268,0.14004197289089293
ceiling_growth_gt25,36,097,81,V,4,1,1.0,0.19330246593415112,0.2193249670330495
ceiling_growth_gt25,36,068,54,Y,3,1,0.0,0.10419728376915258,0.10083608106692185
ceiling_growth_gt25,36,019,49,J,1,1,1.0,0.47583845205684483,0.4927468890872692
ceiling_growth_gt25,36,075,54,R,0,1,1.0,0.26214852382479353,0.2859501843465744
ceiling_growth_gt25,36,047,92,J,4,1,0.0,0.085842689032995,0.08307357003193064
ceiling_growth_gt25,36,097,62,Z,1,1,0.0,0.14834686990383467,0.14356148700371096
ceiling_growth_gt25,36,070,72,J,2,1,0.0,0.2862592608451232,0.27702509114044177
ceiling_growth_gt25,36,3300,23,U,3,1,0.0,0.520806876712944,0.5040066548834942
ceiling_growth_gt25,36,070,92,Y,3,1,1.0,0.2307087685919764,0.2555246147664288
ceiling_growth_gt25,36,014,23,K,1,1,0.0,0.11489853299113749,0.1111921287011008
ceiling_growth_gt25,36,089,62,J,0,1,1.0,0.2166954170901436,0.24196330686142928
ceiling_growth_gt25,36,024,56,J,1,1,1.0,0.1315907579620891,0.15960395931815075
ceiling_growth_gt25,36,075,52,J,0,1,1.0,0.4399737702601775,0.4580391325098492
ceiling_growth_gt25,36,091,48,J,4,1,0.0,0.13001056676386855,0.12581667751342118
ceiling_growth_gt25,36,581,51,J,3,1,1.0,0.15791791700257865,0.18508185516378578
ceiling_growth_gt25,36,091,81,J,1,1,1.0,0.1762814345544147,0.20285300118169164
ceiling_growth_gt25,36,420,56,J,0,1,0.0,0.13825627318651496,0.1337963934063048
ceiling_growth_gt25,36,019,81,B,0,1,0.0,0.2374209564761435,0.229762215944655
ceiling_growth_gt25,36,083,42,J,1,1,1.0,0.208185584959854,0.23372798544502
ceiling_growth_gt25,36,014,61,Y,0,1,0.0,0.24244639680773136,0.23462554529780455
ceiling_growth_gt25,36,020,56,Z,4,1,0.0,0.1956268255999969,0.18931628283870666
ceiling_growth_gt25,36,069,48,Y,3,1,1.0,0.3159289780939642,0.3379957852522234
ceiling_growth_gt25,36,097,51,Y,2,1,0.0,0.14582381910153916,0.1411198249369734
ceiling_growth_gt25,36,424,51,J,0,1,0.0,0.08843737954782742,0.0855845608527362
ceiling_growth_gt25,36,065,51,J,3,1,1.0,0.21065157905286655,0.23611443134148377
ceiling_growth_gt25,36,075,53,J,2,1,0.0,0.25300456667734067,0.24484312904258773
ceiling_growth_gt25,36,034,81,J,3,1,1.0,0.208185584959854,0.23372798544502
ceiling_growth_gt25,36,1601,21,J,0,1,0.0,0.3548909120415489,0.3434428181047247
ceiling_growth_gt25,36,070,45,K,4,1,0.0,0.1696657595605522,0.16419267054246983
ceiling_growth_gt25,36,097,92,S,4,1,0.0,0.29256746234571473,0.2831298022700465
ceiling_growth_gt25,36,581,56,J,1,1,0.0,0.10918177357798023,0.10565978088191634
ceiling_growth_gt25,36,075,56,Z,1,1,1.0,0.23461127591472267,0.2593012347561832
ceiling_growth_gt25,36,097,72,Z,1,1,0.0,0.16591360141353,0.16056154975502906
ceiling_growth_gt25,36,097,56,T,4,1,0.0,0.19936455191664917,0.19293343733869273
ceiling_growth_gt25,36,015,32,J,1,1,0.0,0.12827302866729604,0.12413518903286713
ceiling_growth_gt25,36,015,54,R,4,1,0.0,0.2854500065754131,0.27624194184717393
ceiling_growth_gt25,36,068,49,Y,4,1,0.0,0.10999537045519697,0.10644713269857771
ceiling_growth_gt25,36,072,54,S,1,1,0.0,0.3124874120861291,0.3024071729865766
ceiling_growth_gt25,36,097,49,U,3,1,0.0,0.25496075524559436,0.24673621475380098
ceiling_growth_gt25,36,072,52,J,4,1,0.0,0.1421762239313867,0.13758989412714842
ceiling_growth_gt25,36,075,52,J,2,1,1.0,0.4399737702601775,0.4580391325098492
ceiling_growth_gt25,36,3300,48,J,3,1,1.0,0.41583513338108635,0.43467916133653517
ceiling_growth_gt25,36,097,62,S,2,1,0.0,0.12766139166288376,0.12354328225440364
ceiling_growth_gt25,36,1601,54,A,1,1,1.0,0.31560200234593955,0.33767935710897373
ceiling_growth_gt25,36,012,31,Z,4,1,0.0,0.0012304786377151363,0.0011907857784340028
ceiling_growth_gt25,36,072,51,J,1,1,1.0,0.2085272637280663,0.23405864231748352
ceiling_growth_gt25,36,047,53,J,1,1,0.0,0.23008599225916537,0.22266386347661166
ceiling_growth_gt25,36,014,72,L,1,1,1.0,0.25415690179714673,0.27821635657788396
ceiling_growth_gt25,36,091,61,J,0,1,0.0,0.16185515819955676,0.1566340240640872
ceiling_growth_gt25,36,097,92,T,1,1,1.0,0.334263186937512,0.3557385680040439
ceiling_growth_gt25,36,070,42,Y,4,1,0.0,0.14027392498295782,0.13574895966092693
ceiling_growth_gt25,36,070,62,Z,3,1,1.0,0.20370397282863303,0.2293909414470642
ceiling_growth_gt25,36,080,33,V,3,1,0.0,0.22857541974643364,0.2212020191094519
ceiling_growth_gt25,36,075,48,U,2,1,0.0,0.29371810050458275,0.28424332306895106
ceiling_growth_gt25,36,097,71,U,3,1,0.0,0.06388534166892607,0.061824524195734906
ceiling_growth_gt25,36,1602,52,J,2,1,0.0,0.13456651182100077,0.1302256566009685
ceiling_growth_gt25,36,071,52,J,2,1,0.0,0.3135932260741694,0.30347731555564783
ceiling_growth_gt25,36,005,54,J,4,1,0.0,0.18669433844092823,0.18067194042670473
ceiling_growth_gt25,36,9566,54,Y,4,1,0.0,0.10987674428669467,0.10633233318067227
ceiling_growth_gt25,36,019,52,K,3,1,1.0,0.31246271285722926,0.3346413350231251
ceiling_growth_gt25,36,014,31,J,0,1,0.0,0.21519051769022854,0.20824888808731792
ceiling_growth_gt25,36,072,56,Y,2,1,0.0,0.1822448099624771,0.17636594512497786
ceiling_growth_gt25,36,070,49,J,4,1,0.0,0.24009802630859806,0.23235292868574006
ceiling_growth_gt25,36,014,23,Y,4,1,0.0,0.14255795383516445,0.13795931016306237
ceiling_growth_gt25,36,036,62,M,3,1,0.0,0.4616866744103127,0.44679355588094777
ceiling_growth_gt25,36,075,51,K,4,1,0.0,0.2814491679045326,0.2723701624882574
ceiling_growth_gt25,36,080,33,S,4,1,0.0,0.20369075586728633,0.19712008632318032
ceiling_growth_gt25,36,581,56,J,3,1,0.0,0.10918177357798023,0.10565978088191634
ceiling_growth_gt25,36,047,23,R,4,1,0.0,0.1672039383597411,0.1618102629287817
ceiling_growth_gt25,36,014,56,R,4,1,0.0,0.19599850968700155,0.18967597711645312
ceiling_growth_gt25,36,069,51,Y,4,1,0.0,0.2581488474378585,0.2498214652624437
ceiling_growth_gt25,36,012,22,J,1,1,0.0,0.0654996439008807,0.06338675216214261
ceiling_growth_gt25,36,028,81,J,3,1,0.0,0.07816477681204205,0.07564333239875036
ceiling_growth_gt25,36,089,48,U,3,1,0.0,0.20578686314366454,0.1991485772358044
ceiling_growth_gt25,36,075,71,J,1,1,0.0,0.1892720604111224,0.18316651007527976
ceiling_growth_gt25,36,029,54,Y,1,1,0.0,0.21940200167405208,0.21232451774908265
ceiling_growth_gt25,36,005,23,J,3,1,1.0,0.237408138807097,0.2620078762649326
ceiling_growth_gt25,36,083,54,Z,3,1,1.0,0.18220209566644613,0.20858267322559304
ceiling_growth_gt25,36,012,31,T,1,1,0.0,0.0009780727633120314,0.0009465220290116432
ceiling_growth_gt25,36,075,51,Y,2,1,0.0,0.24935703089847464,0.24131325570820125
ceiling_growth_gt25,36,012,31,L,0,1,0.0,0.0011920261802865382,0.0011535737228579401
ceiling_growth_gt25,36,075,33,T,4,1,0.0,0.09106613648923952,0.08812851918313501
ceiling_growth_gt25,36,075,49,Y,3,1,0.0,0.21429052067763912,0.20737792323642495
ceiling_growth_gt25,36,029,51,Y,2,1,0.0,0.23784457298156958,0.23017216740151894
ceiling_growth_gt25,36,9553,48,J,1,1,0.0,0.11726233434129946,0.11347967839480592
ceiling_growth_gt25,36,019,61,J,1,1,0.0,0.3311118992184198,0.320430870211374
ceiling_growth_gt25,36,014,23,Y,1,1,1.0,0.14255795383516445,0.1702173746791914
ceiling_growth_gt25,36,049,54,J,2,1,0.0,0.09051431031843044,0.08759449385654558
ceiling_growth_gt25,36,071,54,J,3,1,0.0,0.30916532446480277,0.2991922494820672
ceiling_growth_gt25,36,019,44,J,2,1,0.0,0.19781084061331414,0.19142984575482014
ceiling_growth_gt25,36,050,56,J,3,1,0.0,0.1987525979053421,0.19234122377936333
ceiling_growth_gt25,36,028,48,J,4,1,0.0,0.0832890025551832,0.08060226053727408
ceiling_growth_gt25,36,086,51,U,1,1,0.0,0.2040209067568996,0.19743958718409638
ceiling_growth_gt25,36,050,54,Z,2,1,0.0,0.26256172171783343,0.25409198875919364
ceiling_growth_gt25,36,020,62,J,1,1,1.0,0.17268555827265217,0.19937312090901824
ceiling_growth_gt25,36,1602,33,J,0,1,0.0,0.14671162453183723,0.14197899148242313
ceiling_growth_gt25,36,013,51,Y,4,1,0.0,0.19275494068930313,0.18653703937674496
ceiling_growth_gt25,36,070,56,S,0,1,0.0,0.25299038047717953,0.24482940046178664
ceiling_growth_gt25,36,031,33,J,2,1,0.0,0.0746682020113244,0.07225955033353974
ceiling_growth_gt25,36,080,56,J,0,1,0.0,0.06252886629416471,0.060511806091127135
ceiling_growth_gt25,36,012,33,J,4,1,0.0,0.0783034421857272,0.07577752469586503
ceiling_growth_gt25,36,036,56,M,1,1,0.0,0.2176954441389082,0.21067301045700793
ceiling_growth_gt25,36,012,61,J,3,1,0.0,0.16338130935011372,0.15811094453236813
ceiling_growth_gt25,36,1602,54,Y,2,1,1.0,0.2556877946750927,0.2796978658146059
ceiling_growth_gt25,36,070,53,J,3,1,1.0,0.3588180477301995,0.37950133651309625
ceiling_growth_gt25,36,089,32,R,4,1,0.0,0.2066965319274665,0.20002890186529018
ceiling_growth_gt25,36,070,22,J,3,1,1.0,0.22875605704597746,0.25363489391546207
ceiling_growth_gt25,36,069,61,U,1,1,0.0,0.2332355775654357,0.22571184925687326
ceiling_growth_gt25,36,097,23,M,2,1,0.0,0.06907821482841699,0.06684988531782289
ceiling_growth_gt25,36,083,72,J,3,1,0.0,0.14471003865392268,0.14004197289089293
ceiling_growth_gt25,36,069,11,J,3,1,0.0,0.22473957792895927,0.2174899141247993
ceiling_growth_gt25,36,069,54,B,0,1,0.0,0.1988389993109432,0.19242483804284827
ceiling_growth_gt25,36,068,33,Y,1,1,0.0,0.09508576140894891,0.09201847878285378
ceiling_growth_gt25,36,012,52,J,0,1,1.0,0.08268458251982976,0.11227540243854493
ceiling_growth_gt25,36,019,31,J,2,1,0.0,0.20325414137316275,0.19669755616757686
ceiling_growth_gt25,36,069,71,J,1,1,0.0,0.17495663662773597,0.1693128741558735
ceiling_growth_gt25,36,019,92,J,2,1,0.0,0.21575921710502863,0.20879924235970512
ceiling_growth_gt25,36,019,81,J,4,1,0.0,0.2164720485517779,0.20948907924365603
ceiling_growth_gt25,36,080,56,J,1,1,0.0,0.06252886629416471,0.060511806091127135
ceiling_growth_gt25,36,034,51,J,3,1,0.0,0.19635385463517546,0.19001985932436335
ceiling_growth_gt25,36,070,81,Y,3,1,0.0,0.16432340263921233,0.15902264771536678
ceiling_growth_gt25,36,070,23,K,0,1,0.0,0.09270461658135946,0.08971414507873497
ceiling_growth_gt25,36,075,45,J,3,1,0.0,0.2073859880676556,0.200696117484828
ceiling_growth_gt25,36,019,62,Z,4,1,0.0,0.22127665973546598,0.2141387029698058
ceiling_growth_gt25,36,005,54,J,3,1,0.0,0.18669433844092823,0.18067194042670473
ceiling_growth_gt25,36,014,33,U,3,1,0.0,0.0453747695945114,0.04391106734952716
ceiling_growth_gt25,36,029,54,Z,4,1,0.0,0.23614618954025096,0.22852857052282352
ceiling_growth_gt25,36,073,61,J,3,1,0.0,0.11860751140446327,0.11478146264948058
ceiling_growth_gt25,36,036,54,M,2,1,0.0,0.11903030781125039,0.11519062046250036
ceiling_growth_gt25,36,024,54,J,2,1,0.0,0.10003190462260243,0.09680506898961526
ceiling_growth_gt25,36,070,54,T,4,1,0.0,0.22509138674792342,0.21783037427218396
ceiling_growth_gt25,36,070,44,J,3,1,0.0,0.13824617445674622,0.13378662044201248
ceiling_growth_gt25,36,097,56,S,3,1,0.0,0.177832632813394,0.17209609627102646
ceiling_growth_gt25,36,1133,61,J,2,1,0.0,0.12006596472240695,0.11619286908620027
ceiling_growth_gt25,36,070,72,Y,1,1,0.0,0.24981481762844446,0.2417562751243011
ceiling_growth_gt25,36,097,48,Y,0,1,1.0,0.25080301023926294,0.2749706550702544
ceiling_growth_gt25,36,097,33,S,1,1,0.0,0.28932243756564574,0.27998945570868944
ceiling_growth_gt25,36,013,32,J,3,1,0.0,0.13860018498473856,0.13412921127555344
ceiling_growth_gt25,36,015,51,Y,4,1,0.0,0.22261522793192481,0.21543409154702403
ceiling_growth_gt25,36,1125,54,J,1,1,0.0,0.17876405340397583,0.17299747103610566
ceiling_growth_gt25,36,031,56,Z,2,1,0.0,0.09308472208122184,0.09008198911085985
ceiling_growth_gt25,36,070,42,K,4,1,0.0,0.14027392498295782,0.13574895966092693
ceiling_growth_gt25,36,083,56,J,3,1,0.0,0.14471003865392268,0.14004197289089293
ceiling_growth_gt25,36,012,53,J,1,1,0.0,0.019609872405108714,0.01897729587591166
ceiling_growth_gt25,36,347,54,J,4,1,0.0,0.18529771982188242,0.17932037402117654
ceiling_growth_gt25,36,091,54,Y,0,1,1.0,0.1428537908505289,0.170503668565028
ceiling_growth_gt25,36,019,54,U,0,1,0.0,0.3633759290409801,0.35165412487836784
ceiling_growth_gt25,36,070,81,Y,2,1,0.0,0.16432340263921233,0.15902264771536678
ceiling_growth_gt25,36,070,23,Y,3,1,0.0,0.09270461658135946,0.08971414507873497
ceiling_growth_gt25,36,070,81,Y,1,1,0.0,0.16432340263921233,0.15902264771536678
ceiling_growth_gt25,36,9553,62,J,2,1,0.0,0.09632646364922377,0.09321915837021655
ceiling_growth_gt25,36,029,51,Y,3,1,1.0,0.23784457298156958,0.26243023191764797
ceiling_growth_gt25,36,097,81,Y,0,1,0.0,0.199631252207491,0.19319153439434614
ceiling_growth_gt25,36,019,22,J,1,1,0.0,0.19180554075704176,0.18561826524875008
ceiling_growth_gt25,36,031,61,Z,0,1,1.0,0.17032431409880713,0.1970880459020714
ceiling_growth_gt25,36,3302,81,J,2,1,0.0,0.18844285069514363,0.18236404905981643
ceiling_growth_gt25,36,069,54,R,0,1,1.0,0.2748656755180686,0.29825710534006644
ceiling_growth_gt25,36,514,51,J,4,1,1.0,0.4478166126493915,0.4656289799832821
ceiling_growth_gt25,36,019,81,J,0,1,0.0,0.2164720485517779,0.20948907924365603
ceiling_growth_gt25,36,3302,54,Z,3,1,0.0,0.2215933635276039,0.21444519051058442
ceiling_growth_gt25,36,3302,33,J,1,1,0.0,0.1768491987480791,0.17114438588523784
ceiling_growth_gt25,36,1601,52,Z,1,1,0.0,0.4168507355449308,0.4034039376241266
ceiling_growth_gt25,36,093,54,J,1,1,1.0,0.179857005080111,0.20631323072268803
ceiling_growth_gt25,36,073,54,J,4,1,1.0,0.3591678097123082,0.3798398158506209
ceiling_growth_gt25,36,036,53,M,0,1,0.0,0.1333069960442306,0.12900677036538447
ceiling_growth_gt25,36,014,54,B,2,1,0.0,0.1574095315076644,0.1523318046848365
ceiling_growth_gt25,36,073,56,J,2,1,1.0,0.3187380945445998,0.3407142850431611
ceiling_growth_gt25,36,036,92,J,3,1,0.0,0.1025190381843553,0.09921197243647288
ceiling_growth_gt25,36,339,56,Y,3,1,0.0,0.16649840129615165,0.16112748512530806
ceiling_growth_gt25,36,031,33,J,1,1,0.0,0.0746682020113244,0.07225955033353974
ceiling_growth_gt25,36,089,56,Y,1,1,1.0,0.2628776955949234,0.28665583444670006
ceiling_growth_gt25,36,014,92,Y,3,1,0.0,0.1746840248063898,0.1690490562642482
ceiling_growth_gt25,36,070,92,J,4,1,0.0,0.18642338867731115,0.18040973097804305
ceiling_growth_gt25,36,036,23,M,4,1,0.0,0.08909507875227515,0.08622104395381466
ceiling_growth_gt25,36,024,54,J,0,1,0.0,0.10003190462260243,0.09680506898961526
ceiling_growth_gt25,36,089,92,Z,4,1,0.0,0.18016708453539565,0.17435524309876999
ceiling_growth_gt25,36,097,61,Z,4,1,0.0,0.12586710496290443,0.12180687577055267
ceiling_growth_gt25,36,097,31,A,4,1,0.0,0.08870655725935037,0.08584505541227455
ceiling_growth_gt25,36,019,49,Y,4,1,1.0,0.4251131409655717,0.44365787835377907
ceiling_growth_gt25,36,089,23,U,3,1,0.0,0.12901461920208945,0.12485285729234465
ceiling_growth_gt25,36,019,49,J,3,1,1.0,0.47583845205684483,0.4927468890872692
ceiling_growth_gt25,36,089,21,J,3,1,0.0,0.16118559183498693,0.1559860566145035
ceiling_growth_gt25,36,070,53,Y,2,1,0.0,0.26102255966274934,0.2526024770929832
ceiling_growth_gt25,36,089,56,Z,4,1,0.0,0.23323740754428884,0.22571362020415048
ceiling_growth_gt25,36,093,54,J,2,1,0.0,0.179857005080111,0.174055166206559
ceiling_growth_gt25,36,069,48,J,0,1,0.0,0.3522332933550688,0.34087092905329236
ceiling_growth_gt25,36,015,54,L,4,1,0.0,0.2854500065754131,0.27624194184717393
ceiling_growth_gt25,36,014,52,J,3,1,0.0,0.11965098289674937,0.11579127377104778
ceiling_growth_gt25,36,075,71,L,0,1,0.0,0.20148316108280773,0.19498370427368492
ceiling_growth_gt25,36,075,71,J,0,1,0.0,0.1892720604111224,0.18316651007527976
ceiling_growth_gt25,36,069,33,V,4,1,1.0,0.1923510597731917,0.21840425139341132
ceiling_growth_gt25,36,029,54,J,4,1,0.0,0.20990772403577862,0.20313650713139866
ceiling_growth_gt25,36,9553,54,Z,3,1,0.0,0.17833330251739443,0.17258061533941396
ceiling_growth_gt25,36,015,52,Z,0,1,0.0,0.1543013747548327,0.1493239110530639
ceiling_growth_gt25,36,069,56,Y,4,1,0.0,0.4115906771426305,0.3983135585251263
ceiling_growth_gt25,36,072,62,J,4,1,0.0,0.20800509563866518,0.20129525384386954
ceiling_growth_gt25,36,581,56,J,0,1,0.0,0.10918177357798023,0.10565978088191634
ceiling_growth_gt25,36,014,53,J,1,1,0.0,0.14410512226072855,0.13945656992973732
ceiling_growth_gt25,36,068,51,Y,4,1,1.0,0.17304592942672795,0.19972186718715607
ceiling_growth_gt25,36,070,72,K,4,1,0.0,0.27325810457755556,0.26444332701053763
ceiling_growth_gt25,36,070,72,K,3,1,1.0,0.27325810457755556,0.29670139152666664
ceiling_growth_gt25,36,089,21,U,3,1,0.0,0.16118559183498693,0.1559860566145035
ceiling_growth_gt25,36,019,42,S,1,1,0.0,0.1612788023597757,0.15607626034817004
ceiling_growth_gt25,36,060,54,J,4,1,1.0,0.2453278014199196,0.2696720658902448
ceiling_growth_gt25,36,9553,51,J,2,1,0.0,0.11726233434129946,0.11347967839480592
ceiling_growth_gt25,36,088,51,J,4,1,0.0,0.09705273079088977,0.09392199753957076
ceiling_growth_gt25,36,031,51,J,3,1,0.0,0.13078589422734374,0.12656699441355845
ceiling_growth_gt25,36,070,56,U,2,1,1.0,0.305930065917265,0.32831941862961134
ceiling_growth_gt25,36,070,81,Z,1,1,0.0,0.19082717725844012,0.18467146186300656
ceiling_growth_gt25,36,075,48,U,4,1,1.0,0.29371810050458275,0.31650138758508006
ceiling_growth_gt25,36,089,22,Z,3,1,0.0,0.14736968396341663,0.1426158231904032
ceiling_growth_gt25,36,069,42,K,4,1,1.0,0.18967592208281547,0.21581540846724076
ceiling_growth_gt25,36,581,33,J,1,1,0.0,0.10375436733677475,0.10040745226139493
ceiling_growth_gt25,36,097,62,U,3,1,0.0,0.14834686990383467,0.14356148700371096
ceiling_growth_gt25,36,070,62,Y,4,1,0.0,0.171445908312504,0.1659153951411329
ceiling_growth_gt25,36,070,54,Z,0,1,0.0,0.19787111810767238,0.1914881788138765
ceiling_growth_gt25,36,075,32,U,2,1,0.0,0.20008944706214454,0.19363494876981732
ceiling_growth_gt25,36,075,54,A,3,1,1.0,0.26029258376070424,0.28415411331681056
ceiling_growth_gt25,36,019,49,L,3,1,1.0,0.42965173848280974,0.4480500694994933
ceiling_growth_gt25,36,097,54,L,2,1,0.0,0.17420695562013178,0.16858737640657914
ceiling_growth_gt25,36,072,23,J,0,1,0.0,0.21044087766047775,0.20365246225207526
ceiling_growth_gt25,36,524,56,J,3,1,1.0,0.16879026596646274,0.19560348319335105
ceiling_growth_gt25,36,036,48,M,3,1,0.0,0.38952297683068365,0.3769577195135648
ceiling_growth_gt25,36,012,31,A,0,1,0.0,0.0009303618968090054,0.0009003502227183924
ceiling_growth_gt25,36,420,51,J,2,1,0.0,0.13825627318651496,0.1337963934063048
ceiling_growth_gt25,36,097,56,R,0,1,1.0,0.3669145656257477,0.3873366764120139
ceiling_growth_gt25,36,015,81,Z,1,1,0.0,0.14781862353560435,0.14305028084090743
ceiling_growth_gt25,36,524,54,Z,0,1,0.0,0.08000369508375717,0.0774229307262166
ceiling_growth_gt25,36,019,56,U,3,1,0.0,0.46476959975825577,0.44977703202411845
ceiling_growth_gt25,36,024,72,J,2,1,0.0,0.08944629099109969,0.08656092676558033
ceiling_growth_gt25,36,072,31,J,0,1,0.0,0.16569965744344756,0.16035450720333633
ceiling_growth_gt25,36,1601,61,U,2,1,1.0,0.6454003683504321,0.6568390661455795
ceiling_growth_gt25,36,019,56,Z,4,1,0.0,0.5200541597945174,0.5032782191559846
ceiling_growth_gt25,36,049,61,U,4,1,0.0,0.0953100957074777,0.09223557649110745
ceiling_growth_gt25,36,036,56,Z,4,1,0.0,0.23480481116079258,0.22723046241367023
ceiling_growth_gt25,36,075,48,J,4,1,1.0,0.3058523298866661,0.3282441902129027
ceiling_growth_gt25,36,083,54,J,2,1,0.0,0.14637778973715987,0.1416559255520902
ceiling_growth_gt25,36,015,56,Z,2,1,0.0,0.20528521305086264,0.19866310940406062
ceiling_growth_gt25,36,088,61,J,4,1,0.0,0.10997962937698123,0.10643189939707862
ceiling_growth_gt25,36,071,48,J,0,1,0.0,0.25807105038130396,0.24974617778835867
ceiling_growth_gt25,36,581,54,Y,0,1,0.0,0.08464172072210571,0.08191134263429585
ceiling_growth_gt25,36,031,81,J,1,1,0.0,0.09790003593576349,0.09474197026041628
ceiling_growth_gt25,36,014,42,J,2,1,0.0,0.10871212550938264,0.10520528275101546
ceiling_growth_gt25,36,089,53,J,3,1,0.0,0.1561485420901436,0.15111149234530025
ceiling_growth_gt25,36,012,54,S,3,1,0.0,0.22388707439567648,0.21666491070549335
ceiling_growth_gt25,36,020,22,Y,3,1,0.0,0.1369929738322464,0.13257384564410943
ceiling_growth_gt25,36,089,51,J,0,1,0.0,0.2353947656615381,0.22780138612406914
ceiling_growth_gt25,36,014,48,K,4,1,0.0,0.269382250046959,0.26069250004544414
ceiling_growth_gt25,36,012,81,J,1,1,1.0,0.19437007575785648,0.22035813783018368
ceiling_growth_gt25,36,068,56,L,4,1,0.0,0.14645899358626754,0.1417345099221944
ceiling_growth_gt25,36,015,61,J,3,1,0.0,0.11477060459705435,0.11106832702940744
ceiling_growth_gt25,36,089,56,Z,1,1,1.0,0.23323740754428884,0.25797168472027954
ceiling_growth_gt25,36,1133,54,Y,1,1,0.0,0.11414339445085292,0.11046134946856734
ceiling_growth_gt25,36,031,54,U,2,1,0.0,0.07654343494002419,0.07407429187744276
ceiling_growth_gt25,36,075,52,U,3,1,1.0,0.35900007975333526,0.3796774965354857
ceiling_growth_gt25,36,3300,33,J,0,1,0.0,0.29292176745607607,0.2834726781832994
ceiling_growth_gt25,36,097,51,S,3,1,0.0,0.12824480214230846,0.12410787304094367
ceiling_growth_gt25,36,091,51,J,0,1,1.0,0.1388194082162834,0.16659942730608074
ceiling_growth_gt25,36,514,71,J,3,1,0.0,0.2791298344100603,0.27012564620328416
ceiling_growth_gt25,36,012,54,Y,0,1,1.0,0.2467139251487448,0.2710134759503982
ceiling_growth_gt25,36,1601,81,J,3,1,0.0,0.3548909120415489,0.3434428181047247
ceiling_growth_gt25,36,581,52,J,4,1,0.0,0.10375436733677475,0.10040745226139493
ceiling_growth_gt25,36,075,54,K,0,1,0.0,0.2209084405181823,0.2137823617917893
ceiling_growth_gt25,36,020,32,J,1,1,0.0,0.16515437558785598,0.1598268150850219
ceiling_growth_gt25,36,075,61,Y,3,1,0.0,0.1583256001223231,0.15321832269902236
ceiling_growth_gt25,36,070,81,Y,4,1,0.0,0.16432340263921233,0.15902264771536678
ceiling_growth_gt25,36,339,54,J,3,1,0.0,0.2693483109751148,0.26065965578236916
ceiling_growth_gt25,36,013,61,Y,1,1,0.0,0.21143828693016728,0.20461769702919413
ceiling_growth_gt25,36,014,61,J,4,1,0.0,0.33012421917105683,0.31947505081070016
ceiling_growth_gt25,36,069,81,Y,3,1,0.0,0.22799796326162675,0.22064319025318718
ceiling_growth_gt25,36,089,92,J,3,1,0.0,0.20578686314366454,0.1991485772358044
ceiling_growth_gt25,36,013,48,Y,0,1,1.0,0.16535426533170375,0.19227832128874556
ceiling_growth_gt25,36,069,49,Z,1,1,1.0,0.24870334705811603,0.2729387229594671
ceiling_growth_gt25,36,031,54,Y,3,1,0.0,0.07654343494002419,0.07407429187744276
ceiling_growth_gt25,36,1601,54,B,4,1,0.0,0.28334393782981054,0.27420381080304246
ceiling_growth_gt25,36,069,53,J,4,1,0.0,0.2620105776184558,0.2535586235017314
ceiling_growth_gt25,36,1125,56,J,2,1,1.0,0.24223959970990716,0.26668348359023275
ceiling_growth_gt25,36,097,71,U,2,1,0.0,0.06388534166892607,0.061824524195734906
ceiling_growth_gt25,36,086,56,J,0,1,0.0,0.19015096819033514,0.1840170659906469
ceiling_growth_gt25,36,068,51,J,4,1,0.0,0.12836540624201667,0.12422458668582258
ceiling_growth_gt25,36,031,72,J,2,1,0.0,0.09790003593576349,0.09474197026041628
ceiling_growth_gt25,36,014,71,J,1,1,0.0,0.20470223546930955,0.1980989375509447
ceiling_growth_gt25,36,029,51,J,4,1,0.0,0.2132589140454912,0.20637959423757213
ceiling_growth_gt25,36,069,48,J,1,1,0.0,0.3522332933550688,0.34087092905329236
ceiling_growth_gt25,36,581,56,Z,1,1,1.0,0.13948480388101056,0.16724335859452635
ceiling_growth_gt25,36,073,33,J,2,1,0.0,0.22424232624906337,0.21700870282167423
ceiling_growth_gt25,36,031,51,J,1,1,1.0,0.13078589422734374,0.15882505892968748
ceiling_growth_gt25,36,091,54,Y,2,1,0.0,0.1428537908505289,0.13824560404889896
ceiling_growth_gt25,36,1601,92,J,0,1,0.0,0.3548909120415489,0.3434428181047247
ceiling_growth_gt25,36,013,51,Z,4,1,0.0,0.19275494068930313,0.18653703937674496
ceiling_growth_gt25,36,013,51,R,4,1,1.0,0.22501300520543216,0.25001258568267626
ceiling_growth_gt25,36,028,56,J,0,1,1.0,0.14557690522473113,0.17313894054006237
ceiling_growth_gt25,36,075,56,L,0,1,1.0,0.2931704794946153,0.3159714317689825
ceiling_growth_gt25,36,047,56,Z,4,1,0.0,0.3202106838538999,0.30988130695538696
ceiling_growth_gt25,36,070,32,J,4,1,1.0,0.10743104721595376,0.13622359407995524
ceiling_growth_gt25,36,070,61,U,4,1,0.0,0.14747627334047633,0.14271897420046098
ceiling_growth_gt25,36,024,54,Z,4,1,1.0,0.13442784203118527,0.16234952454630833
ceiling_growth_gt25,36,073,53,J,3,1,0.0,0.23894291579504776,0.23123507980165914
ceiling_growth_gt25,36,097,42,U,4,1,0.0,0.04368267001419084,0.042273551626636305
ceiling_growth_gt25,36,347,54,Z,2,1,1.0,0.21755578433801145,0.24279592032710787
ceiling_growth_gt25,36,083,54,J,3,1,0.0,0.14637778973715987,0.1416559255520902
ceiling_growth_gt25,36,036,23,K,4,1,0.0,0.07408122302690906,0.07169150615507329
ceiling_growth_gt25,36,014,51,U,2,1,0.0,0.16624895781101576,0.1608860882042088
ceiling_growth_gt25,36,075,32,U,1,1,0.0,0.20008944706214454,0.19363494876981732
ceiling_growth_gt25,36,089,51,U,3,1,0.0,0.22214774702530968,0.21498169066965453
ceiling_growth_gt25,36,013,42,J,4,1,0.0,0.12659778784163433,0.12251398823383967
ceiling_growth_gt25,36,027,42,J,2,1,0.0,0.16509070149330957,0.1597651949935254
ceiling_growth_gt25,36,3302,51,J,2,1,0.0,0.18844285069514363,0.18236404905981643
ceiling_growth_gt25,36,031,56,Y,2,1,0.0,0.09308472208122184,0.09008198911085985
ceiling_growth_gt25,36,1601,61,L,3,1,0.0,0.5793761510951005,0.5606865978339682
ceiling_growth_gt25,36,091,54,Z,4,1,0.0,0.15178215277868695,0.1468859543019551
ceiling_growth_gt25,36,086,48,J,4,1,0.0,0.21327394267077282,0.20639413806848983
ceiling_growth_gt25,36,514,23,J,0,1,1.0,0.30883007011424995,0.3311258743041129
ceiling_growth_gt25,36,012,53,J,2,1,0.0,0.019609872405108714,0.01897729587591166
ceiling_growth_gt25,36,097,54,V,1,1,1.0,0.27069848253132844,0.2942243379335437
ceiling_growth_gt25,36,012,62,J,0,1,0.0,0.023588982830703098,0.022828047900680416
ceiling_growth_gt25,36,019,21,J,0,1,0.0,0.23222360141001244,0.22473251749356044
ceiling_growth_gt25,36,049,81,J,0,1,1.0,0.1499931659910997,0.17741274128170936
ceiling_growth_gt25,36,071,51,J,1,1,0.0,0.26303048690456565,0.2545456324882893
ceiling_growth_gt25,36,089,33,U,4,1,0.0,0.09921875473247324,0.09601814974110313
ceiling_growth_gt25,36,068,49,J,4,1,0.0,0.09742447097460302,0.09428174610445454
ceiling_growth_gt25,36,097,56,Y,1,1,1.0,0.22131089368295923,0.2464298971125412
ceiling_growth_gt25,36,075,49,J,2,1,0.0,0.17954070651369766,0.17374907081970742
ceiling_growth_gt25,36,097,21,U,4,1,0.0,0.07059787433694575,0.06832052355188299
ceiling_growth_gt25,36,9566,48,J,1,1,0.0,0.10987674428669467,0.10633233318067227
ceiling_growth_gt25,36,1602,54,Z,3,1,1.0,0.27315804087319695,0.296604555683739
ceiling_growth_gt25,36,013,56,Z,2,1,1.0,0.20793051536645912,0.23348114390302496
ceiling_growth_gt25,36,071,56,Y,0,1,0.0,0.23485443126556171,0.22727848186989844
ceiling_growth_gt25,36,050,56,Y,4,1,0.0,0.2300025979053421,0.2225831592632343
ceiling_growth_gt25,36,014,22,Y,3,1,0.0,0.1655884448838663,0.16024688214567706
ceiling_growth_gt25,36,097,71,U,4,1,0.0,0.06388534166892607,0.061824524195734906
ceiling_growth_gt25,36,015,32,J,4,1,0.0,0.12827302866729604,0.12413518903286713
ceiling_growth_gt25,36,014,81,U,4,1,0.0,0.1080718555196446,0.10458566663191413
ceiling_growth_gt25,36,013,62,J,3,1,0.0,0.13848718882987046,0.13401986015793915
ceiling_growth_gt25,36,581,54,Z,1,1,0.0,0.08464172072210571,0.08191134263429585
ceiling_growth_gt25,36,013,33,Y,4,1,0.0,0.15796571775796234,0.15287004944318935
ceiling_growth_gt25,36,581,61,B,4,1,0.0,0.10375436733677475,0.10040745226139493
ceiling_growth_gt25,36,1602,56,J,1,1,1.0,0.17732687817914838,0.2038647208185307
ceiling_growth_gt25,36,031,48,J,3,1,0.0,0.1524237641936218,0.1475068685744727
ceiling_growth_gt25,36,012,22,J,4,1,0.0,0.0654996439008807,0.06338675216214261
ceiling_growth_gt25,36,015,49,J,0,1,0.0,0.13616494135848872,0.13177252389531166
ceiling_growth_gt25,36,097,42,S,1,1,0.0,0.045047753452134305,0.043594600114968685
ceiling_growth_gt25,36,069,49,J,3,1,0.0,0.2336304169333817,0.22609395187101455
ceiling_growth_gt25,36,1601,62,J,3,1,0.0,0.4575088250624379,0.4427504758668754
ceiling_growth_gt25,36,485,53,J,3,1,1.0,0.2763611987179451,0.29970438585607595
ceiling_growth_gt25,36,072,81,Z,1,1,1.0,0.36087038219796497,0.3814874666431919
ceiling_growth_gt25,36,012,54,S,2,1,0.0,0.22388707439567648,0.21666491070549335
ceiling_growth_gt25,36,015,56,K,4,1,0.0,0.21361222413342684,0.20672150722589694
ceiling_growth_gt25,36,072,32,J,3,1,1.0,0.1870233567519707,0.21324840975997167
ceiling_growth_gt25,36,070,33,K,4,1,0.0,0.2740773162021253,0.2652361124536696
ceiling_growth_gt25,36,1125,81,T,1,1,0.0,0.17876405340397583,0.17299747103610566
ceiling_growth_gt25,36,073,42,J,3,1,0.0,0.26870903772180066,0.2600410042469039
ceiling_growth_gt25,36,097,31,U,4,1,0.0,0.08593447734499567,0.08316239743064097
ceiling_growth_gt25,36,1100,92,J,4,1,1.0,0.20173181949244623,0.22748240596043184
ceiling_growth_gt25,36,1601,53,J,4,1,0.0,0.37102861934979653,0.3590599542094805
ceiling_growth_gt25,36,013,54,U,0,1,0.0,0.21511950158470233,0.20818016282390547
ceiling_growth_gt25,36,047,53,J,4,1,1.0,0.23008599225916537,0.25492192799274066
ceiling_growth_gt25,36,097,42,S,4,1,0.0,0.045047753452134305,0.043594600114968685
ceiling_growth_gt25,36,015,72,J,1,1,0.0,0.1543013747548327,0.1493239110530639
ceiling_growth_gt25,36,013,11,K,0,1,0.0,0.14295451750180177,0.13834308145335655
ceiling_growth_gt25,36,072,51,J,0,1,0.0,0.2085272637280663,0.2018005778013545
ceiling_growth_gt25,36,097,51,U,0,1,0.0,0.23825152124643403,0.23056598830300068
ceiling_growth_gt25,36,014,56,U,4,1,1.0,0.22825657420313059,0.25315152342238445
ceiling_growth_gt25,36,339,23,J,4,1,0.0,0.1886750874209252,0.18258879427831473
ceiling_growth_gt25,36,019,54,R,0,1,1.0,0.4629650582852937,0.48028876608254234
ceiling_growth_gt25,36,014,72,R,4,1,0.0,0.2218988372810177,0.2147408102719526
ceiling_growth_gt25,36,581,51,J,4,1,0.0,0.15791791700257865,0.15282379064765675
ceiling_growth_gt25,36,097,61,Z,3,1,0.0,0.12586710496290443,0.12180687577055267
ceiling_growth_gt25,36,072,92,U,3,1,0.0,0.21520152920814759,0.20825954439498154
ceiling_growth_gt25,36,070,11,J,4,1,1.0,0.24991367543802612,0.2741100084884123
ceiling_growth_gt25,36,072,22,U,4,1,0.0,0.14268581613185763,0.13808304786953962
ceiling_growth_gt25,36,097,49,Z,2,1,0.0,0.2083338302787828,0.20161338414075755
ceiling_growth_gt25,36,1601,61,V,1,1,0.0,0.577203054790512,0.5585836014101729
ceiling_growth_gt25,36,014,56,K,1,1,0.0,0.22112355625928276,0.21399053831543494
ceiling_growth_gt25,36,9553,48,J,2,1,0.0,0.11726233434129946,0.11347967839480592
ceiling_growth_gt25,36,097,33,Z,1,1,0.0,0.07529319970900726,0.07286438681516832
ceiling_growth_gt25,36,072,11,M,3,1,1.0,0.22302154314833983,0.24808536433710307
ceiling_growth_gt25,36,080,81,J,2,1,0.0,0.1327499927797035,0.12846773494810015
ceiling_growth_gt25,36,1601,54,S,4,1,1.0,0.30573943977262896,0.3281349417154474
ceiling_growth_gt25,36,072,56,J,3,1,0.0,0.12677899823476668,0.12268935313041937
ceiling_growth_gt25,36,069,56,Y,3,1,1.0,0.4115906771426305,0.4305716230412553
ceiling_growth_gt25,36,024,56,J,3,1,0.0,0.1315907579620891,0.12734589480202171
ceiling_growth_gt25,36,071,52,Y,2,1,1.0,0.3117425910186228,0.3339444429212478
ceiling_growth_gt25,36,097,61,T,4,1,0.0,0.12992733415525617,0.12573612982766727
ceiling_growth_gt25,36,019,54,Z,1,1,0.0,0.55579380521595,0.537864972789629
ceiling_growth_gt25,36,031,48,J,2,1,1.0,0.1524237641936218,0.17976493309060174
ceiling_growth_gt25,36,047,54,Z,4,1,1.0,0.3084579157525528,0.3307657249218253
ceiling_growth_gt25,36,047,32,K,2,1,0.0,0.1191336530235687,0.11529063195829228
ceiling_growth_gt25,36,097,33,R,0,1,0.0,0.21529352481206718,0.2083485723987747
ceiling_growth_gt25,36,069,56,Y,2,1,1.0,0.4115906771426305,0.4305716230412553
ceiling_growth_gt25,36,015,54,B,0,1,0.0,0.2854500065754131,0.27624194184717393
ceiling_growth_gt25,36,072,92,J,2,1,1.0,0.23735763697775644,0.2619590035268611
ceiling_growth_gt25,36,097,52,L,4,1,0.0,0.114494342175879,0.11080097629923774
ceiling_growth_gt25,36,012,56,L,0,1,0.0,0.22230645630169008,0.21513528029195814
ceiling_growth_gt25,36,1601,56,U,1,1,0.0,0.407921067140095,0.3947623230388016
ceiling_growth_gt25,36,080,51,S,4,1,1.0,0.19176887321209315,0.21784084504396112
ceiling_growth_gt25,36,049,56,R,4,1,0.0,0.08207258241477247,0.07942507975623142
ceiling_growth_gt25,36,097,23,B,0,1,1.0,0.1102495973869224,0.13895122327766685
ceiling_growth_gt25,36,088,51,J,2,1,0.0,0.09705273079088977,0.09392199753957076
ceiling_growth_gt25,36,050,54,Z,3,1,1.0,0.26256172171783343,0.28635005327532265
ceiling_growth_gt25,36,080,31,J,0,1,1.0,0.19622553908563484,0.22215374750222724
ceiling_growth_gt25,36,014,62,K,3,1,0.0,0.1806153326705958,0.1747890316167056
ceiling_growth_gt25,36,1601,62,Y,4,1,1.0,0.4722671742580004,0.4892908137980649
ceiling_growth_gt25,36,1601,23,U,4,1,1.0,0.28020484933951195,0.3034240477479148
ceiling_growth_gt25,36,097,92,Y,3,1,0.0,0.30200512242138294,0.2922630216981125
ceiling_growth_gt25,36,089,56,R,3,1,0.0,0.19024721893485896,0.18411021187244417
ceiling_growth_gt25,36,097,62,S,4,1,0.0,0.12766139166288376,0.12354328225440364
ceiling_growth_gt25,36,097,23,M,3,1,0.0,0.06907821482841699,0.06684988531782289
ceiling_growth_gt25,36,1602,54,R,4,1,1.0,0.2556877946750927,0.2796978658146059
ceiling_growth_gt25,36,014,44,J,4,1,0.0,0.1950310481866545,0.18873972405160114
ceiling_growth_gt25,36,015,92,J,2,1,1.0,0.2462568421741224,0.2705711375878604
ceiling_growth_gt25,36,086,53,J,2,1,0.0,0.6536851230329409,0.6325985061609105
ceiling_growth_gt25,36,072,21,J,3,1,0.0,0.1555052449249542,0.1504889467015686
ceiling_growth_gt25,36,015,48,Y,0,1,0.0,0.19515448086764473,0.18885917503320457
ceiling_growth_gt25,36,091,72,Y,3,1,0.0,0.1342044560143159,0.1298752800138541
ceiling_growth_gt25,36,3300,71,J,3,1,1.0,0.2962874822346414,0.31898788603352396
ceiling_growth_gt25,36,097,23,K,4,1,0.0,0.07555429746858108,0.0731170620663688
ceiling_growth_gt25,36,036,52,J,0,1,0.0,0.11793996913813647,0.1141354540046482
ceiling_growth_gt25,36,014,48,K,0,1,0.0,0.269382250046959,0.26069250004544414
ceiling_growth_gt25,36,020,44,J,2,1,0.0,0.13244580601873623,0.12817336066329313
ceiling_growth_gt25,36,097,56,Z,1,1,1.0,0.28278614192822565,0.30592207283376677
ceiling_growth_gt25,36,072,51,U,2,1,1.0,0.22870732150820172,0.2535877304918081
ceiling_growth_gt25,36,036,81,K,4,1,0.0,0.21342394417903632,0.20653930081842223
ceiling_growth_gt25,36,069,32,J,1,1,0.0,0.21224364352548605,0.20539707437950264
ceiling_growth_gt25,36,069,81,L,3,1,0.0,0.20309467175393728,0.1965432307296167
ceiling_growth_gt25,36,045,54,J,3,1,1.0,0.758589606987227,0.7663770390198971
ceiling_growth_gt25,36,072,56,U,2,1,1.0,0.16266271235236351,0.18967359259906147
ceiling_growth_gt25,36,070,22,J,1,1,0.0,0.22875605704597746,0.22137682939933304
ceiling_growth_gt25,36,097,56,K,1,1,1.0,0.34685002919516117,0.3679193830920915
ceiling_growth_gt25,36,047,22,K,4,1,0.0,0.10912986422159342,0.10560954602089685
ceiling_growth_gt25,36,014,32,K,1,1,0.0,0.12140566730985265,0.11748935546114772
ceiling_growth_gt25,36,1601,54,M,4,1,0.0,0.28334393782981054,0.27420381080304246
ceiling_growth_gt25,36,097,48,M,4,1,1.0,0.22749098058914774,0.2524106263765946
ceiling_growth_gt25,36,068,23,S,2,1,0.0,0.1626367709814271,0.1573904235304133
ceiling_growth_gt25,36,014,72,J,2,1,1.0,0.2993595138094409,0.321960819815588
ceiling_growth_gt25,36,075,54,T,3,1,1.0,0.20115116827636387,0.22692048542873924
ceiling_growth_gt25,36,097,56,Z,4,1,0.0,0.28278614192822565,0.27366400831763776
ceiling_growth_gt25,36,029,42,J,0,1,1.0,0.2592756181774583,0.2831699530749597
ceiling_growth_gt25,36,047,54,B,1,1,1.0,0.31359357414829053,0.3357357169177005
ceiling_growth_gt25,36,034,33,J,1,1,0.0,0.14471003865392268,0.14004197289089293
ceiling_growth_gt25,36,514,42,J,1,1,0.0,0.2463211853701267,0.23837534068076777
ceiling_growth_gt25,36,080,51,J,2,1,0.0,0.16067121809661855,0.15548827557737277
ceiling_growth_gt25,36,031,54,U,0,1,0.0,0.07654343494002419,0.07407429187744276
ceiling_growth_gt25,36,073,56,B,4,1,0.0,0.27478571354747716,0.2659216582717521
ceiling_growth_gt25,36,031,61,J,3,1,0.0,0.1552956981489124,0.1502861594989475
ceiling_growth_gt25,36,013,11,J,1,1,0.0,0.14295451750180177,0.13834308145335655
ceiling_growth_gt25,36,020,49,U,4,1,1.0,0.23443056036127768,0.2591263487367203
ceiling_growth_gt25,36,1601,56,V,1,1,1.0,0.5022161781948455,0.5182737208337215
ceiling_growth_gt25,36,3302,56,J,1,1,0.0,0.1768491987480791,0.17114438588523784
ceiling_growth_gt25,36,068,54,J,2,1,1.0,0.1727360406913796,0.19942197486262542
ceiling_growth_gt25,36,524,42,J,0,1,0.0,0.0988353960876667,0.09564715750419359
ceiling_growth_gt25,36,072,56,Z,0,1,1.0,0.18812367479997635,0.21431323367739646
ceiling_growth_gt25,36,070,61,R,4,1,1.0,0.17973433785660536,0.2061945205063923
ceiling_growth_gt25,36,080,33,V,4,1,1.0,0.22857541974643364,0.2534600836255809
ceiling_growth_gt25,36,014,55,J,1,1,0.0,0.1256610181580689,0.12160743692716346
ceiling_growth_gt25,36,089,54,Z,0,1,1.0,0.2814731061003532,0.3046513930003418
ceiling_growth_gt25,36,060,54,Y,1,1,0.0,0.21246687257087696,0.20561310248794545
ceiling_growth_gt25,36,3300,51,J,0,1,0.0,0.352359587075155,0.3409931487824081
ceiling_growth_gt25,36,1602,42,J,2,1,0.0,0.14671162453183723,0.14197899148242313
ceiling_growth_gt25,36,088,54,J,4,1,1.0,0.2021543458748088,0.22789130245949238
ceiling_growth_gt25,36,097,49,S,2,1,0.0,0.18414037807467626,0.17820036587871896
ceiling_growth_gt25,36,068,81,J,0,1,1.0,0.18042464201953107,0.20686255679309457
ceiling_growth_gt25,36,424,33,J,3,1,0.0,0.08843737954782742,0.0855845608527362
ceiling_growth_gt25,36,072,22,J,2,1,0.0,0.1263788657167882,0.12230212811302084
ceiling_growth_gt25,36,072,92,Z,2,1,0.0,0.23735763697775644,0.22970093901073202
ceiling_growth_gt25,36,071,54,L,1,1,1.0,0.37429917020810716,0.39448306794332955
ceiling_growth_gt25,36,514,33,J,2,1,0.0,0.27203573132087183,0.2632603851492308
ceiling_growth_gt25,36,013,48,Y,4,1,0.0,0.16535426533170375,0.16002025677261653
ceiling_growth_gt25,36,031,33,Y,0,1,0.0,0.08430280872246303,0.08158336327980292
ceiling_growth_gt25,36,089,54,U,2,1,0.0,0.2395490227582755,0.23182163492736338
ceiling_growth_gt25,36,020,23,Y,1,1,0.0,0.11379616916284604,0.11012532499630263
ceiling_growth_gt25,36,019,54,B,4,1,1.0,0.4629650582852937,0.48028876608254234
ceiling_growth_gt25,36,097,32,Y,2,1,0.0,0.07296711740719483,0.07061333942631758
ceiling_growth_gt25,36,019,92,J,4,1,0.0,0.21575921710502863,0.20879924235970512
ceiling_growth_gt25,36,047,53,J,0,1,0.0,0.23008599225916537,0.22266386347661166
ceiling_growth_gt25,36,070,53,S,3,1,0.0,0.26944264223251546,0.2607509440959827
ceiling_growth_gt25,36,072,21,J,0,1,0.0,0.1555052449249542,0.1504889467015686
ceiling_growth_gt25,36,073,52,J,2,1,0.0,0.23894291579504776,0.23123507980165914
ceiling_growth_gt25,36,036,54,U,4,1,0.0,0.11903030781125039,0.11519062046250036
ceiling_growth_gt25,36,339,51,J,0,1,0.0,0.2376140224721769,0.22994905400533247
ceiling_growth_gt25,36,080,56,R,4,1,0.0,0.0907677091366907,0.0878397185193781
ceiling_growth_gt25,36,020,44,J,3,1,0.0,0.13244580601873623,0.12817336066329313
ceiling_growth_gt25,36,031,56,J,1,1,0.0,0.09477137523214334,0.09171423409562258
ceiling_growth_gt25,36,031,54,Y,0,1,0.0,0.07654343494002419,0.07407429187744276
ceiling_growth_gt25,36,072,54,Z,2,1,1.0,0.29532808112262504,0.3180594333444759
ceiling_growth_gt25,36,3300,56,J,3,1,1.0,0.39122808904221096,0.4108658926214945
ceiling_growth_gt25,36,089,92,Y,2,1,0.0,0.18016708453539565,0.17435524309876999
ceiling_growth_gt25,36,1601,54,S,2,1,0.0,0.30573943977262896,0.2958768771993184
ceiling_growth_gt25,36,097,61,M,1,1,0.0,0.12992733415525617,0.12573612982766727
ceiling_growth_gt25,36,050,51,J,1,1,0.0,0.16604584025729,0.16068952282963547
ceiling_growth_gt25,36,036,23,U,2,1,0.0,0.10301618480731815,0.09969308207159822
ceiling_growth_gt25,36,097,22,S,3,1,0.0,0.2406288477526523,0.23286662685740547
ceiling_growth_gt25,36,024,56,L,4,1,0.0,0.11206728292616226,0.10845220928338284
ceiling_growth_gt25,36,080,54,S,1,1,1.0,0.22870610404263525,0.2535865522993244
ceiling_growth_gt25,36,020,81,J,4,1,0.0,0.20776205357428446,0.20106005184608175
ceiling_growth_gt25,36,097,33,Y,2,1,0.0,0.17008345287712703,0.1645968898810907
ceiling_growth_gt25,36,075,44,U,1,1,0.0,0.2140758586504832,0.2071701857907902
ceiling_growth_gt25,36,014,23,M,1,1,0.0,0.11130795383516444,0.10771737467919139
ceiling_growth_gt25,36,524,42,J,3,1,0.0,0.0988353960876667,0.09564715750419359
ceiling_growth_gt25,36,3302,33,J,0,1,0.0,0.1768491987480791,0.17114438588523784
ceiling_growth_gt25,36,019,72,J,4,1,0.0,0.25584897070763535,0.24759577810416322
ceiling_growth_gt25,36,072,23,U,3,1,1.0,0.25977651354167747,0.28365469052420395
ceiling_growth_gt25,36,075,56,U,2,1,1.0,0.35373742876575875,0.37458460848299235
ceiling_growth_gt25,36,3302,56,J,0,1,0.0,0.1768491987480791,0.17114438588523784
ceiling_growth_gt25,36,075,71,J,4,1,0.0,0.1892720604111224,0.18316651007527976
ceiling_growth_gt25,36,3300,23,U,2,1,1.0,0.520806876712944,0.5362647193996232
ceiling_growth_gt25,36,029,54,J,1,1,0.0,0.20990772403577862,0.20313650713139866
ceiling_growth_gt25,36,069,54,L,3,1,0.0,0.23694945056820424,0.22930591990471377
ceiling_growth_gt25,36,014,56,K,3,1,1.0,0.22112355625928276,0.24624860283156397
ceiling_growth_gt25,36,050,21,Y,0,1,0.0,0.19380106818003354,0.18754942081938727
ceiling_growth_gt25,36,024,54,Z,2,1,0.0,0.13442784203118527,0.1300914600301793
ceiling_growth_gt25,36,014,44,J,2,1,1.0,0.1950310481866545,0.22099778856773017
ceiling_growth_gt25,36,075,56,Y,2,1,0.0,0.2627888013985451,0.2543117432889146
ceiling_growth_gt25,36,036,48,K,3,1,0.0,0.4086003838047248,0.3954197262626369
ceiling_growth_gt25,36,097,33,R,3,1,0.0,0.21529352481206718,0.2083485723987747
ceiling_growth_gt25,36,070,56,Y,3,1,0.0,0.30239230438174364,0.2926377139178164
ceiling_growth_gt25,36,075,11,U,2,1,1.0,0.2343125014993933,0.25901209822521937
ceiling_growth_gt25,36,013,51,S,4,1,0.0,0.19275494068930313,0.18653703937674496
ceiling_growth_gt25,36,015,44,J,2,1,0.0,0.14480822376893965,0.14013699074413513
ceiling_growth_gt25,36,086,52,L,4,1,0.0,0.2640509892251563,0.2555332153791835
ceiling_growth_gt25,36,080,92,J,2,1,0.0,0.12860155550533778,0.12445311823097205
ceiling_growth_gt25,36,019,56,Y,0,1,1.0,0.4769647383034749,0.49383684351949186
ceiling_growth_gt25,36,072,72,J,1,1,1.0,0.2532634786322108,0.27735175351504276
ceiling_growth_gt25,36,050,42,J,3,1,0.0,0.19380106818003354,0.18754942081938727
ceiling_growth_gt25,36,049,56,U,4,1,0.0,0.08207258241477247,0.07942507975623142
ceiling_growth_gt25,36,036,54,Z,3,1,0.0,0.11181634976208371,0.10820937073750037
ceiling_growth_gt25,36,089,49,J,1,1,1.0,0.22368559183498693,0.24872799209837446
ceiling_growth_gt25,36,091,61,M,3,1,0.0,0.1707139744176834,0.16520707201711296
ceiling_growth_gt25,36,581,53,J,4,1,0.0,0.10375436733677475,0.10040745226139493
ceiling_growth_gt25,36,097,51,S,4,1,0.0,0.12824480214230846,0.12410787304094367
ceiling_growth_gt25,36,068,56,L,3,1,0.0,0.14645899358626754,0.1417345099221944
ceiling_growth_gt25,36,019,33,Y,1,1,0.0,0.10785519907810003,0.10437599910783874
ceiling_growth_gt25,36,013,56,Y,0,1,1.0,0.26348607092201465,0.28724458476324
ceiling_growth_gt25,36,097,32,M,2,1,0.0,0.07296711740719483,0.07061333942631758
ceiling_growth_gt25,36,097,42,U,3,1,0.0,0.04368267001419084,0.042273551626636305
ceiling_growth_gt25,36,070,56,Y,2,1,1.0,0.30239230438174364,0.3248957784339454
ceiling_growth_gt25,36,047,44,J,0,1,0.0,0.29388068418325836,0.28440066211283066
ceiling_growth_gt25,36,097,49,V,4,1,0.0,0.18414037807467626,0.17820036587871896
ceiling_growth_gt25,36,072,23,Y,4,1,0.0,0.2120201595766244,0.20518079959028168
ceiling_growth_gt25,36,339,54,J,2,1,0.0,0.2693483109751148,0.26065965578236916
ceiling_growth_gt25,36,029,54,Z,1,1,1.0,0.23614618954025096,0.26078663503895255
ceiling_growth_gt25,36,020,54,L,3,1,1.0,0.21131379324194893,0.23675528378253122
ceiling_growth_gt25,36,3302,54,Z,2,1,0.0,0.2215933635276039,0.21444519051058442
ceiling_growth_gt25,36,014,81,T,1,1,1.0,0.1403299200357736,0.16806121293784543
ceiling_growth_gt25,36,031,61,S,0,1,0.0,0.1380662495826781,0.13361249959614008
ceiling_growth_gt25,36,080,51,J,3,1,0.0,0.16067121809661855,0.15548827557737277
ceiling_growth_gt25,36,071,52,Y,0,1,0.0,0.3117425910186228,0.3016863784051188
ceiling_growth_gt25,36,097,32,U,3,1,0.0,0.08364052922110359,0.08094244763332606
ceiling_growth_gt25,36,072,23,Z,0,1,1.0,0.24427822409275343,0.268656345896213
ceiling_growth_gt25,36,091,56,K,4,1,0.0,0.14651657348364755,0.1417902324035299
ceiling_growth_gt25,36,075,21,J,1,1,0.0,0.22098153151017622,0.21385309500984795
ceiling_growth_gt25,36,091,54,K,2,1,1.0,0.1566783512554188,0.1838822754084698
ceiling_growth_gt25,36,080,54,Y,2,1,0.0,0.10391973310653303,0.10056748365148357
ceiling_growth_gt25,36,069,22,Y,0,1,1.0,0.24576784764206308,0.2700979170729643
ceiling_growth_gt25,36,089,54,U,1,1,1.0,0.2395490227582755,0.2640796994434924
ceiling_growth_gt25,36,014,31,J,4,1,1.0,0.21519051769022854,0.24050695260344696
ceiling_growth_gt25,36,013,81,Z,4,1,0.0,0.12316192212314507,0.1191889568933662
ceiling_growth_gt25,36,071,51,J,2,1,0.0,0.26303048690456565,0.2545456324882893
ceiling_growth_gt25,36,075,81,S,4,1,0.0,0.14686842765412253,0.14213073643947344
ceiling_growth_gt25,36,070,56,Y,1,1,0.0,0.30239230438174364,0.2926377139178164
ceiling_growth_gt25,36,072,61,J,1,1,0.0,0.14398735555705275,0.13934260215198652
ceiling_growth_gt25,36,013,53,J,4,1,1.0,0.28876373820223816,0.3117068434215208
ceiling_growth_gt25,36,019,23,M,3,1,0.0,0.13790741308128057,0.13345878685285217
ceiling_growth_gt25,36,014,92,K,0,1,1.0,0.20694208932251884,0.2325246025701795
ceiling_growth_gt25,36,3301,33,J,0,1,0.0,0.134189912210441,0.1298612053649429
ceiling_growth_gt25,36,014,92,J,4,1,1.0,0.19615009935412675,0.22208074131044522
ceiling_growth_gt25,36,072,53,K,4,1,0.0,0.1795420975361984,0.17375041697051458
ceiling_growth_gt25,36,071,52,B,4,1,0.0,0.3117425910186228,0.3016863784051188
ceiling_growth_gt25,36,019,81,Y,3,1,1.0,0.26967902099227253,0.2932377622505863
ceiling_growth_gt25,36,086,52,J,0,1,1.0,0.2942832848359972,0.31704834016386824
ceiling_growth_gt25,36,012,21,J,2,1,0.0,0.04511951674979885,0.043664048467547276
ceiling_growth_gt25,36,097,42,U,2,1,0.0,0.04368267001419084,0.042273551626636305
ceiling_growth_gt25,36,014,21,J,4,1,0.0,0.0749852952847279,0.07256641479167217
ceiling_growth_gt25,36,072,54,K,1,1,0.0,0.24429491325011743,0.236414432177533
ceiling_growth_gt25,36,080,33,Y,2,1,0.0,0.20369075586728633,0.19712008632318032
ceiling_growth_gt25,36,020,51,Z,3,1,0.0,0.10268575871054836,0.09937331488117583
ceiling_growth_gt25,36,068,56,Y,2,1,1.0,0.17770899358626754,0.2042345099221944
ceiling_growth_gt25,36,020,56,Z,0,1,0.0,0.1956268255999969,0.18931628283870666
ceiling_growth_gt25,36,069,92,J,3,1,0.0,0.16419270292895927,0.1588961641247993
ceiling_growth_gt25,36,069,11,J,1,1,1.0,0.22473957792895927,0.24974797864092832
ceiling_growth_gt25,36,097,48,Y,1,1,1.0,0.25080301023926294,0.2749706550702544
ceiling_growth_gt25,36,036,23,M,2,1,0.0,0.08909507875227515,0.08622104395381466
ceiling_growth_gt25,36,014,33,K,4,1,0.0,0.04830217408447988,0.04674403943659343
ceiling_growth_gt25,36,097,56,K,0,1,1.0,0.34685002919516117,0.3679193830920915
ceiling_growth_gt25,36,3301,56,Z,4,1,1.0,0.187640767970903,0.21384590448797067
ceiling_growth_gt25,36,097,42,K,1,1,1.0,0.0762977534521343,0.10609460011496867
ceiling_growth_gt25,36,097,62,K,3,1,0.0,0.14001571988832412,0.13549908376289432
ceiling_growth_gt25,36,015,48,Y,4,1,0.0,0.19515448086764473,0.18885917503320457
ceiling_growth_gt25,36,015,48,J,2,1,1.0,0.277649937312714,0.3009515522381103
ceiling_growth_gt25,36,069,61,S,2,1,1.0,0.2714794971920149,0.29498015857291765
ceiling_growth_gt25,36,080,61,U,4,1,1.0,0.1874050811094252,0.21361782042847602
ceiling_growth_gt25,36,1601,61,R,3,1,0.0,0.5658076398401037,0.547555780490423
ceiling_growth_gt25,36,097,51,B,1,1,0.0,0.13238173124367325,0.128111352816458
ceiling_growth_gt25,36,069,52,J,2,1,0.0,0.22473957792895927,0.2174899141247993
ceiling_growth_gt25,36,097,62,M,4,1,0.0,0.14001571988832412,0.13549908376289432
ceiling_growth_gt25,36,097,33,L,0,1,0.0,0.4278663372461136,0.41406419733494865
ceiling_growth_gt25,36,097,81,Z,3,1,0.0,0.19934316799459334,0.19291274322057422
ceiling_growth_gt25,36,3300,56,J,1,1,0.0,0.39122808904221096,0.3786078281053655
ceiling_growth_gt25,36,089,48,U,4,1,1.0,0.20578686314366454,0.23140664175193343
ceiling_growth_gt25,36,086,48,J,3,1,0.0,0.21327394267077282,0.20639413806848983
ceiling_growth_gt25,36,075,81,Y,4,1,0.0,0.14686842765412253,0.14213073643947344
ceiling_growth_gt25,36,015,48,Y,1,1,0.0,0.19515448086764473,0.18885917503320457
ceiling_growth_gt25,36,069,61,Z,0,1,0.0,0.2332355775654357,0.22571184925687326
ceiling_growth_gt25,36,069,42,K,0,1,0.0,0.18967592208281547,0.18355734395111173
ceiling_growth_gt25,36,097,71,M,4,1,0.0,0.06800697661530838,0.06581320317610488
ceiling_growth_gt25,36,072,53,J,3,1,1.0,0.1989637885946106,0.22480366638188123
ceiling_growth_gt25,36,097,49,Y,2,1,1.0,0.2083338302787828,0.23387144865688658
ceiling_growth_gt25,36,072,54,K,3,1,1.0,0.24429491325011743,0.26867249669366206
ceiling_growth_gt25,36,339,44,J,3,1,0.0,0.1886750874209252,0.18258879427831473
ceiling_growth_gt25,36,013,42,J,3,1,1.0,0.12659778784163433,0.1547720527499687
ceiling_growth_gt25,36,097,48,U,2,1,0.0,0.26942851658212696,0.2607372741117358
ceiling_growth_gt25,36,070,52,J,0,1,0.0,0.1993200343640352,0.1928903558361631
ceiling_growth_gt25,36,089,32,J,2,1,0.0,0.21164549970718463,0.20481822552308188
ceiling_growth_gt25,36,068,54,U,2,1,1.0,0.08485941303563255,0.1143800771312573
ceiling_growth_gt25,36,339,51,J,2,1,1.0,0.2376140224721769,0.2622071185214615
ceiling_growth_gt25,36,070,62,J,2,1,0.0,0.14685635250436338,0.14211905081067422
ceiling_growth_gt25,36,049,56,J,4,1,0.0,0.07709848651084686,0.07461143855888405
ceiling_growth_gt25,36,047,23,Y,1,1,1.0,0.19946200287587013,0.22528580923471303
ceiling_growth_gt25,36,031,32,J,2,1,0.0,0.09790003593576349,0.09474197026041628
ceiling_growth_gt25,36,047,62,J,4,1,0.0,0.18969889376460647,0.1835795746109095
ceiling_growth_gt25,36,070,51,L,4,1,0.0,0.15462375279895305,0.14963588980543843
ceiling_growth_gt25,36,031,51,Z,3,1,0.0,0.11118452915257056,0.1075979314379715
ceiling_growth_gt25,36,075,61,Y,4,1,0.0,0.1583256001223231,0.15321832269902236
ceiling_growth_gt25,36,075,52,M,4,1,1.0,0.41029042806086274,0.42931331747825424
ceiling_growth_gt25,36,047,33,Z,3,1,1.0,0.10831585805891514,0.1370798626376598
ceiling_growth_gt25,36,3300,54,J,2,1,0.0,0.5007176411620337,0.48456545918906485
ceiling_growth_gt25,36,068,42,J,3,1,0.0,0.10020802728816311,0.09697551027886753
ceiling_growth_gt25,36,089,54,Y,0,1,0.0,0.2533947931031907,0.2452207675192168
ceiling_growth_gt25,36,9553,23,J,1,1,0.0,0.12494966739385083,0.12091903296179113
ceiling_growth_gt25,36,339,54,J,1,1,1.0,0.2693483109751148,0.29291772029849816
ceiling_growth_gt25,36,019,92,J,1,1,0.0,0.21575921710502863,0.20879924235970512
ceiling_growth_gt25,36,020,54,Y,1,1,0.0,0.1790557287258199,0.1732797374765999
ceiling_growth_gt25,36,097,33,B,0,1,0.0,0.059848440794339104,0.05791784593000558
ceiling_growth_gt25,36,091,61,K,3,1,0.0,0.17622087681825385,0.1705363324047618
ceiling_growth_gt25,36,070,56,S,4,1,0.0,0.25299038047717953,0.24482940046178664
ceiling_growth_gt25,36,080,54,Y,1,1,0.0,0.10391973310653303,0.10056748365148357
ceiling_growth_gt25,36,097,22,U,4,1,0.0,0.2406288477526523,0.23286662685740547
ceiling_growth_gt25,36,072,11,U,4,1,0.0,0.1907634786322108,0.18460981803117174
ceiling_growth_gt25,36,070,53,Y,4,1,0.0,0.26102255966274934,0.2526024770929832
ceiling_growth_gt25,36,015,45,J,1,1,0.0,0.12104785399134221,0.11714308450775053
ceiling_growth_gt25,36,047,23,M,0,1,0.0,0.1619788152859992,0.1567536922122573
ceiling_growth_gt25,36,097,51,Z,0,1,0.0,0.13238173124367325,0.128111352816458
ceiling_growth_gt25,36,047,62,J,3,1,0.0,0.18969889376460647,0.1835795746109095
ceiling_growth_gt25,36,047,31,J,3,1,0.0,0.060190873729999615,0.05824923264193511
ceiling_growth_gt25,36,485,54,S,4,1,1.0,0.2627196105285583,0.28650284889860483
ceiling_growth_gt25,36,097,23,M,4,1,0.0,0.06907821482841699,0.06684988531782289
ceiling_growth_gt25,36,024,61,J,0,1,0.0,0.1499931659910997,0.14515467676558033
ceiling_growth_gt25,36,072,92,U,2,1,0.0,0.21520152920814759,0.20825954439498154
ceiling_growth_gt25,36,075,32,S,3,1,0.0,0.16013544840839034,0.15496978878231324
ceiling_growth_gt25,36,1100,51,J,4,1,0.0,0.13825627318651496,0.1337963934063048
ceiling_growth_gt25,36,091,54,Z,3,1,1.0,0.15178215277868695,0.17914401881808414
ceiling_growth_gt25,36,3300,42,J,3,1,0.0,0.352359587075155,0.3409931487824081
ceiling_growth_gt25,36,013,49,Z,2,1,1.0,0.22372948895805253,0.24877047318521214
ceiling_growth_gt25,36,075,56,U,0,1,1.0,0.35373742876575875,0.37458460848299235
ceiling_growth_gt25,36,073,81,J,3,1,1.0,0.3024184621009791,0.32492109235578626
ceiling_growth_gt25,36,013,54,Y,0,1,1.0,0.15595264799100136,0.1831799819267755
ceiling_growth_gt25,36,097,45,J,3,1,0.0,0.0749115857735517,0.07249508300666294
ceiling_growth_gt25,36,047,56,Z,1,1,0.0,0.3202106838538999,0.30988130695538696
ceiling_growth_gt25,36,086,54,U,4,1,0.0,0.17056914705892035,0.16506691650863262
ceiling_growth_gt25,36,097,22,Z,4,1,0.0,0.2406288477526523,0.23286662685740547
ceiling_growth_gt25,36,089,56,Y,0,1,0.0,0.2628776955949234,0.25439776993057106
ceiling_growth_gt25,36,069,22,J,1,1,0.0,0.2268106125501041,0.2194941411775201
ceiling_growth_gt25,36,1602,51,J,4,1,0.0,0.08811866948443473,0.08527613175913037
ceiling_growth_gt25,36,070,23,B,0,1,0.0,0.09270461658135946,0.08971414507873497
ceiling_growth_gt25,36,036,45,J,1,1,0.0,0.13705914382263906,0.13263788111868297
ceiling_growth_gt25,36,027,51,J,4,1,0.0,0.19260567831753503,0.1863925919201952
ceiling_growth_gt25,36,083,54,Z,4,1,0.0,0.18220209566644613,0.176324608709464
ceiling_growth_gt25,36,1601,48,J,4,1,1.0,0.41836645834748015,0.4371288306588518
ceiling_growth_gt25,36,024,33,J,2,1,0.0,0.10099562623430378,0.09773770280739076
ceiling_growth_gt25,36,097,45,J,2,1,0.0,0.0749115857735517,0.07249508300666294
ceiling_growth_gt25,36,036,92,J,2,1,0.0,0.1025190381843553,0.09921197243647288
ceiling_growth_gt25,36,097,48,M,3,1,1.0,0.22749098058914774,0.2524106263765946
ceiling_growth_gt25,36,031,54,Z,3,1,0.0,0.07216952437202281,0.06984147519873175
ceiling_growth_gt25,36,080,51,J,1,1,0.0,0.16067121809661855,0.15548827557737277
ceiling_growth_gt25,36,097,23,T,4,1,0.0,0.0732647733028665,0.07090139351890307
ceiling_growth_gt25,36,424,54,Y,1,1,0.0,0.08843737954782742,0.0855845608527362
ceiling_growth_gt25,36,072,33,J,4,1,0.0,0.11027518753680965,0.106717923422719
ceiling_growth_gt25,36,524,54,Y,0,1,0.0,0.04769451053070139,0.046155977932936826
ceiling_growth_gt25,36,089,81,J,0,1,0.0,0.1468283811756722,0.1420919817829086
ceiling_growth_gt25,36,080,22,S,1,1,1.0,0.19622553908563484,0.22215374750222724
ceiling_growth_gt25,36,031,51,J,4,1,0.0,0.13078589422734374,0.12656699441355845
ceiling_growth_gt25,36,9566,51,J,3,1,0.0,0.10987674428669467,0.10633233318067227
ceiling_growth_gt25,36,012,31,T,3,1,0.0,0.0009780727633120314,0.0009465220290116432
ceiling_growth_gt25,36,014,81,J,0,1,0.0,0.08171286636851177,0.07907696745339848
ceiling_growth_gt25,36,012,31,T,0,1,0.0,0.0009780727633120314,0.0009465220290116432
ceiling_growth_gt25,36,075,81,U,4,1,0.0,0.1422787892899312,0.13768915092573988
ceiling_growth_gt25,36,1601,23,U,3,1,1.0,0.28020484933951195,0.3034240477479148
ceiling_growth_gt25,36,036,62,Z,4,1,0.0,0.47410796548227846,0.45881416014414045
ceiling_growth_gt25,36,014,62,J,3,1,1.0,0.22854941220924932,0.253434915041209
ceiling_growth_gt25,36,1602,56,J,4,1,0.0,0.17732687817914838,0.17160665630240166
ceiling_growth_gt25,36,072,92,Z,1,1,1.0,0.23735763697775644,0.2619590035268611
ceiling_growth_gt25,36,068,56,U,3,1,0.0,0.1511834772503407,0.14630659088742648
ceiling_growth_gt25,36,047,56,K,0,1,1.0,0.3110618071723599,0.3332856198442193
ceiling_growth_gt25,36,080,53,K,4,1,0.0,0.1327499927797035,0.12846773494810015
ceiling_growth_gt25,36,019,23,U,4,1,1.0,0.1701654775974096,0.1969343331587835
ceiling_growth_gt25,36,086,42,J,4,1,0.0,0.22725548105605764,0.2199246590865074
ceiling_growth_gt25,36,089,54,T,4,1,0.0,0.22507906896496052,0.21781845383705858
ceiling_growth_gt25,36,015,44,J,4,1,0.0,0.14480822376893965,0.14013699074413513
ceiling_growth_gt25,36,013,33,U,4,1,0.0,0.15796571775796234,0.15287004944318935
ceiling_growth_gt25,36,3300,54,S,0,1,0.0,0.39493974222586514,0.3821997505411598
ceiling_growth_gt25,36,020,54,V,4,1,1.0,0.21131379324194893,0.23675528378253122
ceiling_growth_gt25,36,075,48,J,1,1,0.0,0.3058523298866661,0.2959861256967736
ceiling_growth_gt25,36,012,42,M,3,1,0.0,0.002094945010154953,0.0020273661388596318
ceiling_growth_gt25,36,072,56,Y,0,1,1.0,0.1822448099624771,0.2086240096411069
ceiling_growth_gt25,36,069,92,J,1,1,0.0,0.16419270292895927,0.1588961641247993
ceiling_growth_gt25,36,050,56,Y,0,1,1.0,0.2300025979053421,0.25484122377936336
ceiling_growth_gt25,36,019,21,J,4,1,0.0,0.23222360141001244,0.22473251749356044
ceiling_growth_gt25,36,072,42,J,3,1,0.0,0.13774859066016706,0.13330508773564553
ceiling_growth_gt25,36,075,31,J,3,1,0.0,0.1837052351049129,0.17777925977894796
ceiling_growth_gt25,36,070,48,Y,4,1,0.0,0.1815144785895257,0.17565917282857327
ceiling_growth_gt25,36,047,23,K,3,1,0.0,0.1672039383597411,0.1618102629287817
ceiling_growth_gt25,36,1601,54,K,3,1,1.0,0.30573943977262896,0.3281349417154474
ceiling_growth_gt25,36,047,48,J,2,1,0.0,0.12406582952886276,0.12006370599567363
ceiling_growth_gt25,36,091,44,J,3,1,0.0,0.1342044560143159,0.1298752800138541
ceiling_growth_gt25,36,097,23,T,0,1,0.0,0.0732647733028665,0.07090139351890307
ceiling_growth_gt25,36,091,54,U,1,1,1.0,0.15510041269882832,0.1823552380956403
ceiling_growth_gt25,36,097,33,T,2,1,0.0,0.06483581086053403,0.06274433309083938
ceiling_growth_gt25,36,9553,62,Z,4,1,0.0,0.14122441268698496,0.13666878647127578
ceiling_growth_gt25,36,045,92,J,2,1,1.0,0.758589606987227,0.7663770390198971
ceiling_growth_gt25,36,581,54,J,0,1,0.0,0.07288592617736882,0.07053476726842144
ceiling_growth_gt25,36,091,48,K,3,1,0.0,0.13001056676386855,0.12581667751342118
ceiling_growth_gt25,36,050,92,Y,1,1,0.0,0.16599182399377208,0.16063724902623105
ceiling_growth_gt25,36,080,48,R,4,1,0.0,0.14119421421263,0.13663956214125486
ceiling_growth_gt25,36,069,53,Y,3,1,1.0,0.26356032956922426,0.287316447970217
ceiling_growth_gt25,36,097,62,Z,4,1,1.0,0.14834686990383467,0.17581955151984
ceiling_growth_gt25,36,069,42,J,3,1,0.0,0.14115417457325802,0.13660081410315292
ceiling_growth_gt25,36,072,42,J,1,1,0.0,0.13774859066016706,0.13330508773564553
ceiling_growth_gt25,36,089,56,J,2,1,1.0,0.2332838232486652,0.25801660314386954
ceiling_growth_gt25,36,047,33,K,3,1,0.0,0.05613789523396117,0.05432699538770436
ceiling_growth_gt25,36,075,49,K,1,1,1.0,0.24654858519376815,0.27085346954235623
ceiling_growth_gt25,36,097,54,M,2,1,1.0,0.24840168699837867,0.2726467938693987
ceiling_growth_gt25,36,036,32,M,4,1,0.0,0.21090895688960692,0.2041054421512325
ceiling_growth_gt25,36,031,71,J,3,1,0.0,0.09790003593576349,0.09474197026041628
ceiling_growth_gt25,36,020,56,K,3,1,0.0,0.2075425604128994,0.2008476391092575
ceiling_growth_gt25,36,020,32,J,3,1,1.0,0.16515437558785598,0.19208487960115092
ceiling_growth_gt25,36,020,48,J,4,1,0.0,0.13244580601873623,0.12817336066329313
ceiling_growth_gt25,36,060,54,J,2,1,0.0,0.2453278014199196,0.23741400137411578
ceiling_growth_gt25,36,019,56,K,3,1,1.0,0.4774892384445386,0.4943444243011664
ceiling_growth_gt25,36,049,81,J,3,1,0.0,0.1499931659910997,0.14515467676558033
ceiling_growth_gt25,36,072,56,M,3,1,0.0,0.15586561028384732,0.15083768737146513
ceiling_growth_gt25,36,005,33,J,1,1,0.0,0.1739325925011657,0.1683218637108055
ceiling_growth_gt25,36,069,61,Y,0,1,0.0,0.2332355775654357,0.22571184925687326
ceiling_growth_gt25,36,047,45,J,1,1,0.0,0.22110600778873737,0.21397355592458456
ceiling_growth_gt25,36,047,52,J,1,1,0.0,0.17293594793743844,0.1673573689717146
ceiling_growth_gt25,36,019,61,U,3,1,1.0,0.4078640965941957,0.4269652547685765
ceiling_growth_gt25,36,027,54,J,1,1,0.0,0.2753705478040174,0.2664876269071136
ceiling_growth_gt25,36,013,22,K,3,1,0.0,0.147565953550247,0.14280576150023902
ceiling_growth_gt25,36,014,56,Y,2,1,0.0,0.21826902162964995,0.21122808544804833
ceiling_growth_gt25,36,036,22,S,1,1,0.0,0.09362809941511646,0.09060783814366109
ceiling_growth_gt25,36,485,53,J,4,1,1.0,0.2763611987179451,0.29970438585607595
ceiling_growth_gt25,36,524,53,J,4,1,0.0,0.10531471966053142,0.10191747063922395
ceiling_growth_gt25,36,089,33,L,4,1,0.0,0.09921875473247324,0.09601814974110313
ceiling_growth_gt25,36,047,53,J,3,1,1.0,0.23008599225916537,0.25492192799274066
ceiling_growth_gt25,36,020,62,J,2,1,0.0,0.17268555827265217,0.1671150563928892
ceiling_growth_gt25,36,072,61,S,4,1,0.0,0.14888731828145346,0.1440845015626969
ceiling_growth_gt25,36,019,52,K,0,1,0.0,0.31246271285722926,0.30238327050699604
ceiling_growth_gt25,36,071,56,J,0,1,0.0,0.242430380661225,0.23461004580118547
ceiling_growth_gt25,36,086,54,Z,1,1,1.0,0.25279960549879066,0.2769028440310878
ceiling_growth_gt25,36,012,61,J,4,1,1.0,0.16338130935011372,0.19036900904849716
ceiling_growth_gt25,36,3300,71,J,1,1,0.0,0.2962874822346414,0.28672982151739496
ceiling_growth_gt25,36,031,62,J,4,1,0.0,0.09790003593576349,0.09474197026041628
ceiling_growth_gt25,36,072,81,L,1,1,0.0,0.3223010890040884,0.31190427968137585
ceiling_growth_gt25,36,047,61,Z,4,1,1.0,0.26182029208591245,0.2856325407283024
ceiling_growth_gt25,36,485,52,S,4,1,1.0,0.2627196105285583,0.28650284889860483
ceiling_growth_gt25,36,050,23,J,3,1,0.0,0.19380106818003354,0.18754942081938727
ceiling_growth_gt25,36,014,92,J,2,1,0.0,0.19615009935412675,0.1898226767943162
ceiling_growth_gt25,36,068,54,S,4,1,0.0,0.12436449998253696,0.12035274191858415
ceiling_growth_gt25,36,050,56,J,4,1,0.0,0.1987525979053421,0.19234122377936333
ceiling_growth_gt25,36,013,32,J,2,1,0.0,0.13860018498473856,0.13412921127555344
ceiling_growth_gt25,36,069,61,J,4,1,0.0,0.2764946730953651,0.2675754900922888
ceiling_growth_gt25,36,013,81,Y,2,1,0.0,0.11569756320659083,0.1119653837483137
ceiling_growth_gt25,36,012,44,J,1,1,0.0,0.023588982830703098,0.022828047900680416
ceiling_growth_gt25,36,075,54,R,2,1,0.0,0.26214852382479353,0.2536921198304454
ceiling_growth_gt25,36,097,23,K,3,1,0.0,0.07555429746858108,0.0731170620663688
ceiling_growth_gt25,36,072,54,R,3,1,0.0,0.1681364794584256,0.16271272205654091
ceiling_growth_gt25,36,024,51,L,4,1,0.0,0.07775297281399496,0.07524481240064028
ceiling_growth_gt25,36,014,56,Z,3,1,0.0,0.18987355625928276,0.18374860283156397
ceiling_growth_gt25,36,020,48,J,0,1,0.0,0.13244580601873623,0.12817336066329313
ceiling_growth_gt25,36,068,51,J,1,1,0.0,0.12836540624201667,0.12422458668582258
ceiling_growth_gt25,36,050,54,J,1,1,1.0,0.20102439391569052,0.22679780056357146
ceiling_growth_gt25,36,024,52,J,4,1,0.0,0.0953100957074777,0.09223557649110745
ceiling_growth_gt25,36,047,51,J,0,1,1.0,0.20517518285828662,0.23081469308866448
ceiling_growth_gt25,36,080,49,J,4,1,0.0,0.1327499927797035,0.12846773494810015
ceiling_growth_gt25,36,028,33,J,1,1,0.0,0.0832890025551832,0.08060226053727408
ceiling_growth_gt25,36,075,54,K,3,1,0.0,0.2209084405181823,0.2137823617917893
ceiling_growth_gt25,36,005,42,J,2,1,1.0,0.237408138807097,0.2620078762649326
ceiling_growth_gt25,36,012,54,Y,4,1,0.0,0.2467139251487448,0.23875541143426915
ceiling_growth_gt25,36,015,71,J,2,1,0.0,0.14480822376893965,0.14013699074413513
ceiling_growth_gt25,36,060,33,J,2,1,0.0,0.18430075940592994,0.17835557361864188
ceiling_growth_gt25,36,015,51,Z,3,1,0.0,0.22261522793192481,0.21543409154702403
ceiling_growth_gt25,36,097,56,R,3,1,1.0,0.3669145656257477,0.3873366764120139
ceiling_growth_gt25,36,069,61,S,1,1,0.0,0.2714794971920149,0.26272209405678865
ceiling_growth_gt25,36,072,51,J,4,1,0.0,0.2085272637280663,0.2018005778013545
ceiling_growth_gt25,36,097,31,U,2,1,0.0,0.08593447734499567,0.08316239743064097
ceiling_growth_gt25,36,091,61,M,2,1,0.0,0.1707139744176834,0.16520707201711296
ceiling_growth_gt25,36,072,81,U,4,1,1.0,0.3545591535202174,0.3753798259873072
ceiling_growth_gt25,36,097,81,S,0,1,0.0,0.2084218083517108,0.20169852421133305
ceiling_growth_gt25,36,068,92,J,3,1,0.0,0.12773655923829325,0.12361602506931604
ceiling_growth_gt25,36,020,62,J,0,1,0.0,0.17268555827265217,0.1671150563928892
ceiling_growth_gt25,36,071,52,J,4,1,0.0,0.3135932260741694,0.30347731555564783
ceiling_growth_gt25,36,020,54,S,3,1,0.0,0.16325669383824756,0.15799034887572347
ceiling_growth_gt25,36,047,23,M,2,1,0.0,0.1619788152859992,0.1567536922122573
ceiling_growth_gt25,36,013,61,J,2,1,0.0,0.2050310661141016,0.1984171607555822
ceiling_growth_gt25,36,069,81,U,0,1,0.0,0.20309467175393728,0.1965432307296167
ceiling_growth_gt25,36,9553,54,J,1,1,0.0,0.23049546967673587,0.22306013194522825
ceiling_growth_gt25,36,012,72,J,0,1,1.0,0.08706452913663441,0.1165140604548075
ceiling_growth_gt25,36,024,51,J,3,1,0.0,0.06514438262794173,0.06304295093026618
ceiling_growth_gt25,36,097,61,Y,4,1,0.0,0.12992733415525617,0.12573612982766727
ceiling_growth_gt25,36,3300,23,J,0,1,1.0,0.6011753581216822,0.614040669150015
ceiling_growth_gt25,36,097,48,Y,4,1,0.0,0.25080301023926294,0.24271259055412542
ceiling_growth_gt25,36,020,54,U,3,1,1.0,0.21573507401429762,0.24103394259448155
ceiling_growth_gt25,36,091,51,J,1,1,0.0,0.1388194082162834,0.1343413627899517
ceiling_growth_gt25,36,014,56,Z,4,1,0.0,0.18987355625928276,0.18374860283156397
ceiling_growth_gt25,36,069,49,J,0,1,1.0,0.2336304169333817,0.2583520163871436
ceiling_growth_gt25,36,015,23,M,0,1,0.0,0.09046716900296212,0.08754887322867301
ceiling_growth_gt25,36,097,33,B,2,1,0.0,0.059848440794339104,0.05791784593000558
ceiling_growth_gt25,36,031,51,J,2,1,0.0,0.13078589422734374,0.12656699441355845
ceiling_growth_gt25,36,024,51,J,0,1,0.0,0.06514438262794173,0.06304295093026618
ceiling_growth_gt25,36,031,61,J,1,1,1.0,0.1552956981489124,0.18254422401507653
ceiling_growth_gt25,36,024,33,J,1,1,0.0,0.10099562623430378,0.09773770280739076
ceiling_growth_gt25,36,089,62,J,4,1,0.0,0.2166954170901436,0.20970524234530025
ceiling_growth_gt25,36,581,54,J,2,1,0.0,0.07288592617736882,0.07053476726842144
ceiling_growth_gt25,36,097,23,T,3,1,0.0,0.0732647733028665,0.07090139351890307
ceiling_growth_gt25,36,036,31,J,1,1,0.0,0.0978038768462595,0.09464891307702533
ceiling_growth_gt25,36,019,72,Y,3,1,1.0,0.2881556074956457,0.3111183298344959
ceiling_growth_gt25,36,1602,54,Z,2,1,0.0,0.27315804087319695,0.26434649116760994
ceiling_growth_gt25,36,031,51,Y,2,1,0.0,0.11118452915257056,0.1075979314379715
ceiling_growth_gt25,36,091,54,Y,3,1,0.0,0.1428537908505289,0.13824560404889896
ceiling_growth_gt25,36,069,81,Y,1,1,1.0,0.22799796326162675,0.2529012547693162
ceiling_growth_gt25,36,075,54,M,4,1,0.0,0.22803451924457527,0.2206785670108793
ceiling_growth_gt25,36,075,62,T,4,1,1.0,0.42544852609029965,0.44398244460351577
ceiling_growth_gt25,36,091,54,B,4,1,0.0,0.12442028673928976,0.12040672910253847
ceiling_growth_gt25,36,013,61,J,3,1,1.0,0.2050310661141016,0.23067522527171122
ceiling_growth_gt25,36,015,71,J,3,1,0.0,0.14480822376893965,0.14013699074413513
ceiling_growth_gt25,36,050,52,J,2,1,0.0,0.20622921609884515,0.1995766607408179
ceiling_growth_gt25,36,070,33,U,1,1,0.0,0.2450273882797232,0.23712327898037727
ceiling_growth_gt25,36,070,31,J,1,1,0.0,0.16316044845229657,0.15789720817964184
ceiling_growth_gt25,36,071,56,Y,2,1,0.0,0.23485443126556171,0.22727848186989844
ceiling_growth_gt25,36,070,45,J,1,1,0.0,0.17513884857863452,0.16948920830190436
ceiling_growth_gt25,36,070,51,Y,4,1,0.0,0.14979176052398577,0.1449597682490185
ceiling_growth_gt25,36,075,51,S,0,1,0.0,0.45670546841562215,0.44197303395060206
ceiling_growth_gt25,36,015,81,J,0,1,0.0,0.13713286103341113,0.132709220354914
ceiling_growth_gt25,36,1601,51,J,0,1,0.0,0.2518783949586923,0.24375328544389577
ceiling_growth_gt25,36,075,81,U,2,1,0.0,0.1422787892899312,0.13768915092573988
ceiling_growth_gt25,36,075,33,Y,4,1,0.0,0.09106613648923952,0.08812851918313501
ceiling_growth_gt25,36,047,31,J,2,1,0.0,0.060190873729999615,0.05824923264193511
ceiling_growth_gt25,36,073,54,Y,2,1,1.0,0.3110980467216716,0.3333206903758112
ceiling_growth_gt25,36,1133,54,M,0,1,0.0,0.11414339445085292,0.11046134946856734
ceiling_growth_gt25,36,097,54,A,4,1,1.0,0.20792443090144758,0.2334752557110783
ceiling_growth_gt25,36,080,42,J,2,1,0.0,0.11035704417067047,0.10679713952000368
ceiling_growth_gt25,36,070,31,J,0,1,0.0,0.16316044845229657,0.15789720817964184
ceiling_growth_gt25,36,073,51,J,0,1,0.0,0.22424232624906337,0.21700870282167423
ceiling_growth_gt25,36,020,49,J,0,1,1.0,0.2362099248914174,0.2608483144110491
ceiling_growth_gt25,36,014,54,B,1,1,1.0,0.1574095315076644,0.18458986920096554
ceiling_growth_gt25,36,075,33,U,4,1,0.0,0.09106613648923952,0.08812851918313501
ceiling_growth_gt25,36,015,92,Z,4,1,1.0,0.24577385406755753,0.27010372974279767
ceiling_growth_gt25,36,075,92,Y,1,1,0.0,0.27888114024697935,0.26988497443256065
ceiling_growth_gt25,36,097,62,Z,2,1,0.0,0.14834686990383467,0.14356148700371096
ceiling_growth_gt25,36,069,44,J,1,1,0.0,0.15439240385606454,0.14941200373167535
ceiling_growth_gt25,36,015,62,J,3,1,0.0,0.22948534149762098,0.22208258854608484
ceiling_growth_gt25,36,015,31,J,1,1,0.0,0.12827302866729604,0.12413518903286713
ceiling_growth_gt25,36,013,81,S,4,1,0.0,0.12316192212314507,0.1191889568933662
ceiling_growth_gt25,36,097,33,A,1,1,0.0,0.06483581086053403,0.06274433309083938
ceiling_growth_gt25,36,027,51,J,1,1,1.0,0.19260567831753503,0.21865065643632423
ceiling_growth_gt25,36,034,51,J,0,1,1.0,0.19635385463517546,0.2222779238404924
ceiling_growth_gt25,36,088,51,J,1,1,0.0,0.09705273079088977,0.09392199753957076
ceiling_growth_gt25,36,091,54,L,3,1,0.0,0.12442028673928976,0.12040672910253847
ceiling_growth_gt25,36,036,32,K,0,1,0.0,0.21090895688960692,0.2041054421512325
ceiling_growth_gt25,36,014,54,B,4,1,0.0,0.1574095315076644,0.1523318046848365
ceiling_growth_gt25,36,014,23,M,3,1,0.0,0.11130795383516444,0.10771737467919139
ceiling_growth_gt25,36,028,23,J,2,1,0.0,0.06533937261676005,0.06323165091944521
ceiling_growth_gt25,36,015,61,J,0,1,0.0,0.11477060459705435,0.11106832702940744
ceiling_growth_gt25,36,013,61,Y,4,1,1.0,0.21143828693016728,0.23687576154532317
ceiling_growth_gt25,36,086,54,Z,0,1,1.0,0.25279960549879066,0.2769028440310878
ceiling_growth_gt25,36,031,54,U,1,1,0.0,0.07654343494002419,0.07407429187744276
ceiling_growth_gt25,36,581,81,J,0,1,0.0,0.10375436733677475,0.10040745226139493
ceiling_growth_gt25,36,097,51,U,1,1,0.0,0.23825152124643403,0.23056598830300068
ceiling_growth_gt25,36,070,56,R,4,1,0.0,0.2611513604925724,0.25272712305732814
ceiling_growth_gt25,36,089,32,Y,0,1,1.0,0.23895459644359554,0.26350444817122154
ceiling_growth_gt25,36,097,33,V,2,1,1.0,0.3379047204861591,0.3592626327285411
ceiling_growth_gt25,36,014,48,Y,4,1,0.0,0.2446269920006205,0.2367357987102779
ceiling_growth_gt25,36,015,92,J,0,1,0.0,0.2462568421741224,0.23831307307173136
ceiling_growth_gt25,36,069,61,J,1,1,0.0,0.2764946730953651,0.2675754900922888
ceiling_growth_gt25,36,075,54,B,4,1,0.0,0.22803451924457527,0.2206785670108793
ceiling_growth_gt25,36,013,56,Y,4,1,0.0,0.26348607092201465,0.25498652024711094
ceiling_growth_gt25,36,1602,81,J,3,1,0.0,0.13768542106942924,0.13324395587364118
ceiling_growth_gt25,36,019,45,J,2,1,0.0,0.25091078354865165,0.24281688730514678
ceiling_growth_gt25,36,091,54,Y,4,1,0.0,0.1428537908505289,0.13824560404889896
ceiling_growth_gt25,36,1100,54,J,2,1,0.0,0.13825627318651496,0.1337963934063048
ceiling_growth_gt25,36,070,45,K,1,1,0.0,0.1696657595605522,0.16419267054246983
ceiling_growth_gt25,36,070,54,T,0,1,0.0,0.22509138674792342,0.21783037427218396
ceiling_growth_gt25,36,097,54,V,2,1,0.0,0.27069848253132844,0.26196627341741463
ceiling_growth_gt25,36,036,22,S,3,1,0.0,0.09362809941511646,0.09060783814366109
ceiling_growth_gt25,36,019,22,J,2,1,0.0,0.19180554075704176,0.18561826524875008
ceiling_growth_gt25,36,091,51,R,4,1,0.0,0.13251786972633775,0.12824309973516557
ceiling_growth_gt25,36,071,52,B,0,1,1.0,0.3117425910186228,0.3339444429212478
ceiling_growth_gt25,36,019,45,J,0,1,0.0,0.25091078354865165,0.24281688730514678
ceiling_growth_gt25,36,097,54,M,1,1,1.0,0.24840168699837867,0.2726467938693987
ceiling_growth_gt25,36,091,51,U,4,1,0.0,0.13251786972633775,0.12824309973516557
ceiling_growth_gt25,36,069,48,J,3,1,0.0,0.3522332933550688,0.34087092905329236
ceiling_growth_gt25,36,097,81,U,2,1,0.0,0.21193879726618278,0.20510206187049945
ceiling_growth_gt25,36,1125,51,J,3,1,1.0,0.24223959970990716,0.26668348359023275
ceiling_growth_gt25,36,015,54,U,2,1,0.0,0.28967500599522955,0.2803306509631253
ceiling_growth_gt25,36,013,53,J,0,1,1.0,0.28876373820223816,0.3117068434215208
ceiling_growth_gt25,36,050,92,J,0,1,0.0,0.17670097392885414,0.17100094251179432
ceiling_growth_gt25,36,024,61,J,4,1,1.0,0.1499931659910997,0.17741274128170936
ceiling_growth_gt25,36,086,72,J,0,1,0.0,0.22725548105605764,0.2199246590865074
ceiling_growth_gt25,36,024,44,J,3,1,0.0,0.0953100957074777,0.09223557649110745
ceiling_growth_gt25,36,047,62,J,1,1,0.0,0.18969889376460647,0.1835795746109095
ceiling_growth_gt25,36,080,48,J,3,1,1.0,0.16294001941186453,0.18994195426954633
ceiling_growth_gt25,36,047,62,J,0,1,1.0,0.18969889376460647,0.21583763912703854
ceiling_growth_gt25,36,072,52,J,3,1,0.0,0.1421762239313867,0.13758989412714842
ceiling_growth_gt25,36,070,32,Y,1,1,0.0,0.13301837713901174,0.12872746174743072
ceiling_growth_gt25,36,036,23,L,3,1,1.0,0.10633928754303809,0.1351670524610046
ceiling_growth_gt25,36,020,54,S,1,1,0.0,0.16325669383824756,0.15799034887572347
ceiling_growth_gt25,36,1602,81,J,0,1,0.0,0.13768542106942924,0.13324395587364118
ceiling_growth_gt25,36,097,54,M,3,1,0.0,0.24840168699837867,0.2403887293532697
ceiling_growth_gt25,36,031,23,J,0,1,0.0,0.07680157921164794,0.07432410891449802
ceiling_growth_gt25,36,036,56,Z,3,1,0.0,0.23480481116079258,0.22723046241367023
ceiling_growth_gt25,36,012,54,S,0,1,0.0,0.22388707439567648,0.21666491070549335
ceiling_growth_gt25,36,060,51,Y,3,1,1.0,0.24777630571186127,0.27204158617276897
ceiling_growth_gt25,36,089,54,S,2,1,0.0,0.17890900353625064,0.17313774535766188
ceiling_growth_gt25,36,049,54,Y,0,1,0.0,0.09227091951872109,0.08929443824392364
ceiling_growth_gt25,36,524,54,J,1,1,0.0,0.0848808426243042,0.082142750926746
ceiling_growth_gt25,36,070,51,Y,3,1,0.0,0.14979176052398577,0.1449597682490185
ceiling_growth_gt25,36,075,62,T,1,1,1.0,0.42544852609029965,0.44398244460351577
ceiling_growth_gt25,36,075,62,T,2,1,1.0,0.42544852609029965,0.44398244460351577
ceiling_growth_gt25,36,424,81,J,0,1,0.0,0.08843737954782742,0.0855845608527362
ceiling_growth_gt25,36,047,48,J,3,1,0.0,0.12406582952886276,0.12006370599567363
ceiling_growth_gt25,36,072,32,J,2,1,0.0,0.1870233567519707,0.18099034524384264
ceiling_growth_gt25,36,019,21,J,1,1,0.0,0.23222360141001244,0.22473251749356044
ceiling_growth_gt25,36,080,61,J,3,1,0.0,0.15029867232475566,0.14545032805621516
ceiling_growth_gt25,36,019,53,J,3,1,1.0,0.19781084061331414,0.22368791027094917
ceiling_growth_gt25,36,089,42,J,3,1,1.0,0.13146037817477724,0.15947778533042958
ceiling_growth_gt25,36,012,54,Z,0,1,1.0,0.31135519662924005,0.33356954512507103
ceiling_growth_gt25,36,524,54,K,1,1,1.0,0.1122617595998862,0.14089847703214795
ceiling_growth_gt25,36,097,33,A,3,1,0.0,0.06483581086053403,0.06274433309083938
ceiling_growth_gt25,36,014,52,Y,0,1,1.0,0.16734788391568478,0.19420762959582397
ceiling_growth_gt25,36,070,48,U,4,1,0.0,0.18736978435047816,0.18132559775852725
ceiling_growth_gt25,36,070,61,Y,0,1,1.0,0.17973433785660536,0.2061945205063923
ceiling_growth_gt25,36,075,31,J,2,1,0.0,0.1837052351049129,0.17777925977894796
ceiling_growth_gt25,36,036,11,J,2,1,1.0,0.20951983691402953,0.23501919701357699
ceiling_growth_gt25,36,097,51,Y,3,1,1.0,0.14582381910153916,0.17337788945310242
ceiling_growth_gt25,36,036,92,J,4,1,0.0,0.1025190381843553,0.09921197243647288
ceiling_growth_gt25,36,047,22,K,1,1,0.0,0.10912986422159342,0.10560954602089685
ceiling_growth_gt25,36,019,54,U,2,1,0.0,0.3633759290409801,0.35165412487836784
