projectid,txturl,http_status,text_bytes,text_sha256,status,cached
P000304,http://documents.worldbank.org/curated/en/918701468743737845/text/multi-page.txt,200,144410,c92f24bc81609f7bc38f675f31e404c3ffffc579ff53f0d611b8ac24e234c2f9,ok,True
P000306,http://documents.worldbank.org/curated/en/805061468770375790/text/multi-page.txt,200,248696,83d592e3dd438dea33c28b31eff3e19b3e3ae10c5adfd488dc6fb493c8e4d3e9,ok,True
P000309,http://documents.worldbank.org/curated/en/897661468769899771/text/multi0page.txt,200,312876,c289b909bc4654dafde04e1314389fc0dbd32d0aad776e882e17e42eaa793920,ok,True
P000432,http://documents.worldbank.org/curated/en/470141468769475153/text/multi-page.txt,200,149453,649618b4c9d0b79dec4801a5888082f75bd42fc85e3e0e1fea52d1ba3d323334,ok,True
P000527,http://documents.worldbank.org/curated/en/822101468743102731/text/multi0page.txt,200,508009,ef0edc69dd1cb4e8af40c7a90313e4561c7184850132c65c9b6067bcbb168f1b,ok,True
P000733,http://documents.worldbank.org/curated/en/598481468770506116/text/multi-page.txt,200,174385,4026ac374d36920c6faeb685d5d30eca14767542573a8d3ad4493ed18f361483,ok,True
P000732,http://documents.worldbank.org/curated/en/621451468749078565/text/multi-page.txt,200,380301,9cc5208560cfaf48f55a4a4c84aa04558439cbeb2090b2aad9cd69725f83cb6d,ok,True
P000756,http://documents.worldbank.org/curated/en/621431468770505812/text/multi0page.txt,200,413367,165e51344ecac12dc07933936d79416957696debf0e55daa6d56cb94d85babf7,ok,True
P000825,http://documents.worldbank.org/curated/en/266271468771029498/text/multi0page.txt,200,254185,a12596c986bee985bd9a39271b92bf839f09475cb4175edc994926069929d7ab,ok,True
P000946,http://documents.worldbank.org/curated/en/813781468771068989/text/multi-page.txt,200,330891,b168f973d1a0825d7b72a8d72f181ceb16f3c0b9d2a13e5cd57e00ddc040891b,ok,True
P000970,http://documents.worldbank.org/curated/en/329571468749776196/text/multi0page.txt,200,172685,b0cc272f6f05e0e7daa4eece6f9276e3120ed38922eaf9658043aa31d5532eac,ok,True
P000968,http://documents.worldbank.org/curated/en/995481468771085346/text/multi-page.txt,200,401695,da1077d0aa0c7341548d7779054d05d9e28c8dac777078cce971751ec7c5e987,ok,True
P000974,http://documents.worldbank.org/curated/en/638381468771622789/text/multi-page.txt,200,162152,d6c978bd97a16c3378aca3eb098641817f2424990cee74c8326615910d12e14a,ok,True
P001001,http://documents.worldbank.org/curated/en/611541468771074425/text/multi0page.txt,200,242374,53096396b159a9be9c90cff1aad15368f856e411be6076d62016986448b1f2a2,ok,True
P001074,http://documents.worldbank.org/curated/en/997701468749964833/text/multi-page.txt,200,227034,ccc34426daf9bba5f7ee559f534f9031aa283d50de40098c97d8e11810e87487,ok,True
P001015,http://documents.worldbank.org/curated/en/359001468749075408/text/multi-page.txt,200,165818,851f2b35ad4f5f7cd820aac4236e94186fdf96454f5ddf5274b49509fe87346a,ok,True
P001402,http://documents.worldbank.org/curated/en/628391468756998992/text/multi0page.txt,200,213759,8a30dca0d54dbe9fd762787f50ddb3fbb2dd71fe50115a0565d1fdec7c3e2571,ok,True
P001564,http://documents.worldbank.org/curated/en/334031468757231648/text/multi-page.txt,200,167691,56b0dfbb7bce239ee38c51cc1d0bed5ad60f933b18aa3e990604155dd44579c4,ok,True
P001559,http://documents.worldbank.org/curated/en/561121468777012858/text/multi-page.txt,200,281347,7b1adba4835f510b0a3987be4c6d112a0c68a23f57e79f63e518eaf2636eb1aa,ok,True
P001409,http://documents.worldbank.org/curated/en/623071468772458459/text/multi0page.txt,200,503476,9250ccb738ed39afdc0957956b66cf0421f8a9417d3bb8fde7c7953f89b62537,ok,True
P001670,http://documents.worldbank.org/curated/en/312091468758684378/text/multi-page.txt,200,132633,41b24d90eae18a8519a77932e43e0fd8fe8068ac8b9a7c123a2493c92601f602,ok,True
P001568,http://documents.worldbank.org/curated/en/639541468757193393/text/multi0page.txt,200,176801,a1d7f634f4d9f8d6f3e94ec88aeca9016e5f8e558055e37cfebad5ee5fa61d4d,ok,True
P001666,http://documents.worldbank.org/curated/en/502901468773387580/text/multi-page.txt,200,251264,d778acc0ca02150507e03806950fbb042e9bde407dbbf0905b0063a84da7530f,ok,True
P001748,http://documents.worldbank.org/curated/en/270751468756312439/text/multi-page.txt,200,262710,30c9911d02c6cb512318bdc7c4f0524bb2a0f6b987dca06e35bd7bab123f4d20,ok,True
P001785,http://documents.worldbank.org/curated/en/126651468779683355/text/multi0page.txt,200,311590,02f8d361a60671638d8adf4d16f9ca10f467d0102ac0d26bf4d52a1867715d6a,ok,True
P001786,http://documents.worldbank.org/curated/en/795871468757005080/text/multi-page.txt,200,481019,7de201a25ec4c90e36cbfdc958d762454b4eb515d91011fa95b1b9be995ecabe,ok,True
P001799,http://documents.worldbank.org/curated/en/523851468758086701/text/multi-page.txt,200,259121,f2e6974878ba4765da50f3b9d966466c73f0711647038b9378d55f924ee265f6,ok,True
P001806,http://documents.worldbank.org/curated/en/614621468775149734/text/multi0page.txt,200,371041,02a9254234d6c3ddf27e0a5c7fe4497ab478b59e00016210baf06d0a5a8a17db,ok,True
P001807,http://documents.worldbank.org/curated/en/389181468758089933/text/263650MOZ0idar20031020511.txt,200,307193,0faa813cd46d02765f583410c712bf366565101165809e2ae9eb0eef5b738b9d,ok,True
P001808,http://documents.worldbank.org/curated/en/279851468775176962/text/multi0page.txt,200,279278,0fb4515071a940e3c0ce40cace4ff44e18c509da5f9fcc438284fabe7c44060d,ok,True
P001921,http://documents.worldbank.org/curated/en/463711468757476377/text/multi0page.txt,200,240617,5156362f10a8af145a1bff89fe1fc5339947f08dc07bbaf8e3d50bda9944ec4d,ok,True
P002366,http://documents.worldbank.org/curated/en/227251468777942949/text/multi-page.txt,200,455590,86c95347af919eafec8035dc252b20b871cef340f1f84db40d31278bc2802e95,ok,True
P002804,http://documents.worldbank.org/curated/en/664171468778228204/text/multi-page.txt,200,98447,5d0914ef1859b0f02892cf188ee03ada72436c431340b52c56775cde27068638,ok,True
P002367,http://documents.worldbank.org/curated/en/971361468777555429/text/multi-page.txt,200,400550,76facbac5439036ff078b2aa3b4e7024bea5ee246f9e919b4e1e408eb25d4a63,ok,True
P002797,http://documents.worldbank.org/curated/en/418391468761059141/text/multi0page.txt,200,521550,0fa923089a6419cbb8d20ccd9a00b9c488c30c6aa5143139dfd7b45d8829a737,ok,True
P002952,http://documents.worldbank.org/curated/en/717151468765311304/text/multi0page.txt,200,289533,89d9e3be142104981d2708ef1ebd4cf463b5664951141c41d54f1eadb657a7f6,ok,True
P002984,http://documents.worldbank.org/curated/en/589591468760240369/text/multi0page.txt,200,321887,a43c86df269dab511f75a66028bbd72cbae14709393add7dd2c4f51641aebc27,ok,True
P002970,http://documents.worldbank.org/curated/en/798851468778170365/text/multi-page.txt,200,242122,58ba0b0a8d11370e148db1298a84024ee662319a4898cb863b9d0d247999f6d6,ok,True
P002992,http://documents.worldbank.org/curated/en/247361468765562390/text/multi-page.txt,200,371782,be02fdb8f33e7e7795def7522e2fe16969131edd7fc7571301f17c08a092dcd8,ok,True
P003248,http://documents.worldbank.org/curated/en/153531468763820140/text/multi0page.txt,200,273832,6e553dbdda0aa18926a34c017827a548513ebffc3f08367d874bcaad8cfd0786,ok,True
P003227,http://documents.worldbank.org/curated/en/589541468782080213/text/multi-page.txt,200,206991,44e3922efeca8731edfe3eed53275cbf5529253890b282fe48e054830f4a574c,ok,True
P003249,http://documents.worldbank.org/curated/en/418231468781484352/text/multi-page.txt,200,359366,6cc58b82d8b610b09704fe55425df1e2a1cc9a71ffae60278c63fddf5a9bbd97,ok,True
P003331,http://documents.worldbank.org/curated/en/685011468781170641/text/multi-page.txt,200,138516,eb31797863c553f503a298b3859166bb902c67c9d21df4c9a68723eec5e2fba0,ok,True
P003318,http://documents.worldbank.org/curated/en/424651468764085072/text/multi-page.txt,200,305594,f80e393d6f3cab2d2f88d4762f87a511534b583c954ef82a6feedd39dd9b6fe3,ok,True
P003539,http://documents.worldbank.org/curated/en/589921468769154903/text/multi-page.txt,200,237283,e8348f91dc6e36354b62947da10d7f3085f75cb09ebb66db404f5fcdfc5f326b,ok,True
P003614,http://documents.worldbank.org/curated/en/333391468743673744/text/multi-page.txt,200,172021,d6cc7fe513fcbb70b2f411cdef7997431502f6d1565d05cde1c04f6af7e5ba85,ok,True
P003566,http://documents.worldbank.org/curated/en/406281468769778128/text/multi0page.txt,200,293904,7f5a3fe37c989c29b3762487e3813a495ca68dc02fd31c0f6b100a5ede757b5c,ok,True
P003606,http://documents.worldbank.org/curated/en/463211468743764158/text/multi-page.txt,200,245702,d83e3d76e6989525e03737e715521d159685eafbcab24bd56d6b4a7493379282,ok,True
P003619,http://documents.worldbank.org/curated/en/343461468746663601/text/multi-page.txt,200,214893,27fc20ed0ae0aff70317944d3d263c6149794f2acdae2ecfe3f4b4d564f0206e,ok,True
P003653,http://documents.worldbank.org/curated/en/539611468770426752/text/multi-page.txt,200,307141,3bb9298e92a1428390ce5bb1bf11396e282512de9aec4fd9e23605798a170153,ok,True
P003967,http://documents.worldbank.org/curated/en/948141468771685490/text/multi0page.txt,200,250329,ac912b8b8249c57e2bd5326765aaf499c987796586ce81af6dd9de1463f267bc,ok,True
P003993,http://documents.worldbank.org/curated/en/640981468772804886/text/multi-page.txt,200,167007,101dc40263118d6bd648e1b7f10e18917165f2c980fdcb1926c75e6da3c80933,ok,True
P004030,http://documents.worldbank.org/curated/en/249021468744080506/text/multi-page.txt,200,141820,c1fa7b5925fbcbcbe5cc52078df832a0c1732fb17ec8bd3748d29f41e38de70a,ok,True
P004397,http://documents.worldbank.org/curated/en/262651468775145760/text/multi0page.txt,200,363477,e0e74f0e727f8dfd8fc11e7c1d1a66ab33bea9386fbbb715fc42eca8ab010618,ok,True
P004398,http://documents.worldbank.org/curated/en/472151468780905814/text/R200100203.txt,200,420921,df39aef8795a42420f7430c0ab6b094e2a7a4f43cc395dd4a006e374104815d2,ok,True
P004566,http://documents.worldbank.org/curated/en/520711468776046682/text/multi0page.txt,200,267838,91b56b1b42856f732a9ef6c001c493ddd97e2f7ac7e80d7a19635bbe726a0374,ok,True
P004823,http://documents.worldbank.org/curated/en/725171468761427229/text/multi0page.txt,200,223724,f671ff1eecd630889367741fb8a65d55b2a4703a2881aece679e8e995c97caee,ok,True
P004595,http://documents.worldbank.org/curated/en/174961468758970529/text/multi-page.txt,200,145296,f7585c90c678658404336c06df9e2f0920d0930a51693bd5d0a97e5e2eaa1c96,ok,True
P004828,http://documents.worldbank.org/curated/en/153751468761976081/text/multi-page.txt,200,175887,6fa418589cff12539d140034e9f360bf59580b1eb3af89c3fda8065938a834f7,ok,True
P004833,http://documents.worldbank.org/curated/en/599501468764395009/text/multi-page.txt,200,115220,914a9ce6326c09e850a69e0a87958f3d2f7064bfba023c6976465a241cbfd7b7,ok,True
P005519,http://documents.worldbank.org/curated/en/928811468758130219/text/multi-page.txt,200,96216,e46a727bece462dea869a56b1bab6d70e3012a97c4d8313e9d15a703b111b797,ok,True
P004844,http://documents.worldbank.org/curated/en/756941468780600639/text/multi-page.txt,200,179737,60b9861ad2a4a303ef718670c001dc28c3db582eaef548dfb02f33c63dce86c0,ok,True
P004845,http://documents.worldbank.org/curated/en/303321468761710236/text/multi-page.txt,200,290406,f4c1a6cb261988462919f3a7286af7f202824e8c8f5b98a34e487c1728431193,ok,True
P005523,http://documents.worldbank.org/curated/en/216261468756968650/text/multi-page.txt,200,99519,05cae44d2cc27b09624c5ea3a727ca53b50f697b6be0cd571253b8aed2173d54,ok,True
P005525,http://documents.worldbank.org/curated/en/433661468756949072/text/multi-page.txt,200,152416,beb6eb7e099166fb5aa54e78007c066d93a2e6cabadfc2747cb8154a173619c8,ok,True
P005524,http://documents.worldbank.org/curated/en/710131468758124444/text/multi-page.txt,200,200291,9ba28c8ebdc1aee267fdd6e3fe0620511d0d0d299f3884b945d698d3935e6bbd,ok,True
P005736,http://documents.worldbank.org/curated/en/179201468760571354/text/multi-page.txt,200,171082,337961a9a69796fce894de13fc63b0bcd8352c77731b2f544c84a3449e7d0b54,ok,True
P005741,http://documents.worldbank.org/curated/en/454481468311360839/text/multi-page.txt,200,161290,3f6775b490628fd56c37aa8171da0184832d74b8239aef3865fac26f78ecb13b,ok,True
P005746,http://documents.worldbank.org/curated/en/173441468777570726/text/multi0page.txt,200,148380,03fecca227bbcc53982c5a847fd811b60cf15213361958cd7065b9a3fc9a827f,ok,True
P005906,http://documents.worldbank.org/curated/en/969301468764101772/text/multi-page.txt,200,284371,1ff8628b1ee2495b05f20d1d011ce8c424dd71de9824242dc1467a8cfa69d129,ok,True
P005750,http://documents.worldbank.org/curated/en/773011468778167522/text/multi0page.txt,200,238312,57c926bae7e08abfcf63b6169974535449527ba897d6177118a6527144c057ef,ok,True
P005907,http://documents.worldbank.org/curated/en/312711468782165600/text/multi-page.txt,200,269739,e56597fe8ea1f9042d661ab5b7d2d2eff525a5f5df3a5a63c356f4bbfd7d00b7,ok,True
P006041,http://documents.worldbank.org/curated/en/324291468741669308/text/multi-page.txt,200,171417,68664cbd6f4f809a634e949e0ceac275d67a0ee431084209d1c6f8e512c933c0,ok,True
P006043,http://documents.worldbank.org/curated/en/271841468768697115/text/multi-page.txt,200,276289,9d3029b126d179177331d70d896696a5176a30609332eca484543203ff178f70,ok,True
P006046,http://documents.worldbank.org/curated/en/146641468741389757/text/multi-page.txt,200,305745,26b35fe313cf6ae2f833966d63e32d974a33593d1feb99cce57f650d7d478444,ok,True
P006050,http://documents.worldbank.org/curated/en/173171468767393073/text/multi-page.txt,200,143072,bd7bfd58bc3a8068066e72a43a553ca7c9d8ad588b5029fe92fed24541899c16,ok,True
P006059,http://documents.worldbank.org/curated/en/413141468742833963/text/multi0page.txt,200,136960,05bc2e339f1812fbcf7fd3c6bab8b8594cfd5c8e95e9c8482529ec30ed14cab2,ok,True
P006058,http://documents.worldbank.org/curated/en/475641468742820285/text/multi-page.txt,200,181011,6f87fa521613f451aa115a299af9d42d9f945f6d23de70a72ea13c0d3cf22418,ok,True
P006204,http://documents.worldbank.org/curated/en/604181468769751133/text/multi-page.txt,200,229654,e0582cac4f32f4a8fc971df7fbb3bcaadd3217e428c980183e005a219939b4a4,ok,True
P006449,http://documents.worldbank.org/curated/en/343171468769763405/text/multi-page.txt,200,238062,816413b8f14d742fc0cc9472cf049316643077b4acb9b4d91978f902ee1cfca1,ok,True
P006475,http://documents.worldbank.org/curated/en/343591468769762775/text/multi0page.txt,200,140236,f0978d8c22e96e5f0c029990468747e0839aa4209c9a38dc9ed3706d62d1922c,ok,True
P006549,http://documents.worldbank.org/curated/en/229381468743798142/text/multi-page.txt,200,345745,5582cbbfbc1abcc7ce9a6ef9203f2289fc348ca796e7c297116dca7cf33aceac,ok,True
P006553,http://documents.worldbank.org/curated/en/469521468016230708/text/474930PAD0P0061B01Official0Use0Only.txt,200,538254,1f3866afa3776d7ee42af9cc83ae91d9366c5caa10870e08d371e9f540f1fc43,ok,True
P006559,http://documents.worldbank.org/curated/en/697091468769465915/text/multi-page.txt,200,144248,275841a59bcf69099bb888d47933a47dd7120505279201d8ef02acdaa4bf5dea,ok,True
P006861,http://documents.worldbank.org/curated/en/256521468746390643/text/multi-page.txt,200,142834,592fdf212ce446cf2615fc194404c9029385b88d32a652a76b26883b7210f0b7,ok,True
P006891,http://documents.worldbank.org/curated/en/638121468744029682/text/multi0page.txt,200,221705,d0f2ed406f1d629bb8dab14ac9858e1d5ac232daacde44a8a9f56dc96f6f1b38,ok,True
P007015,http://documents.worldbank.org/curated/en/485631468746720409/text/multi0page.txt,200,147823,6de97b4d2bbadb35a691d0dbbe21f5a601477935795c8a19655ae105c7c4d533,ok,True
P007223,http://documents.worldbank.org/curated/en/369661468749083495/text/multi0page.txt,200,165457,2f8cb4425131da2d6e6dd20c999c51d25bddaa8d2dafa98e0b7c2917e33770d1,ok,True
P007711,http://documents.worldbank.org/curated/en/331191468774660723/text/multi0page.txt,200,194953,99759d78b77908b2d8a78d506dd93f517899c036dd2de517d256206d13e64510,ok,True
P007397,http://documents.worldbank.org/curated/en/268431468774876424/text/multi0page.txt,200,382190,26b30786a8c909d1b179100b159ad6be0539421a587ae9419d05c9664a971aaa,ok,True
P007837,http://documents.worldbank.org/curated/en/352171468757503511/text/multi0page.txt,200,112509,e15a6f4a2bc9fb35650c5e5e89dbf9a4fb114563a1ab75a9d889172c4255c8b3,ok,True
P007610,http://documents.worldbank.org/curated/en/691011468753263442/text/multi-page.txt,200,303825,6103b5379df5d54dd296095fb6d2a40f9cf4b3232001de7d98d96d8acc5b6389,ok,True
P008276,http://documents.worldbank.org/curated/en/687711468742875560/text/multi-page.txt,200,252010,d3fd69e2da3e4f3c43f281b667b73e2b7852fd53c7f8e4b465f688cf8e5bc7c8,ok,True
P008286,http://documents.worldbank.org/curated/en/239061468742855442/text/25755.txt,200,441940,93207e6bbbd0639879e1c22f85f0d37d4e82eca36eecc98856d84054e15fd5e6,ok,True
P008314,http://documents.worldbank.org/curated/en/282191468770113556/text/231510fixed.txt,200,296404,84e80458707a86fcd45f7cd4349b9740612bff23117485534feb582abf5e0384,ok,True
P008497,http://documents.worldbank.org/curated/en/876291468771123950/text/multi-page.txt,200,204489,3a74cfe64dee5cf947ff5bf5bcb18fe8e1f6890a26bf619fb1f20a3aa5b0d9ae,ok,True
P008499,http://documents.worldbank.org/curated/en/505531468773750475/text/multi-page.txt,200,145105,f5edda33fc004495b98ebb1b99a3b12df353582a9ba3b47decf1913be8a83446,ok,True
P008503,http://documents.worldbank.org/curated/en/814721468752136372/text/multi-page.txt,200,248920,8dd271d3363715a8905229b282d05af27d97d75dd4ce4c241d979468ee793ac9,ok,True
P008500,http://documents.worldbank.org/curated/en/440831468775806854/text/multi-page.txt,200,188941,15537e53129bdf8b33794c10f8dbda8c4f492512da304e1e74505b2a3227b222,ok,True
P008530,http://documents.worldbank.org/curated/en/673331468772443462/text/multi-page.txt,200,276212,e44b3eb3b52b81dc828c166dcf265ec4d1c059ee1ce4dc67a8f7150b93ed4d1b,ok,True
P008615,http://documents.worldbank.org/curated/en/141131468776734717/text/multi-page.txt,200,289883,757e92fd70b8e451450638e9e0aef929f15282ca476d3d359fe6e7eb219cc20d,ok,True
P008616,http://documents.worldbank.org/curated/en/867691468759293134/text/multi-page.txt,200,76249,d66fb4da89a5ffe871089d4d9b36705127241bed10aa139dea89c8bc9c6b8ab4,ok,True
P008783,http://documents.worldbank.org/curated/en/132281468780947660/text/multi0page.txt,200,337859,e7f7b7155391a603256127a6d9609f39530d4e8783dcd72a4b004b7cc46f0bad,ok,True
P008797,http://documents.worldbank.org/curated/en/166201468758984711/text/multi-page.txt,200,313054,d32ba76e9debd6c1dc6df989d86bffce3e980816a9e2aa695e9f77bcff2c41f2,ok,True
P008832,http://documents.worldbank.org/curated/en/155491468759873204/text/multi-page.txt,200,377445,d4c7b8a1d1bb159f6f39dc308b9d56dd81758200cf88564b17e24ef75f63c4d1,ok,True
P008860,http://documents.worldbank.org/curated/en/890301468782071765/text/multi0page.txt,200,258680,23e3d10f4c3a44226820d48c7069cca86e6bcc08cb9a29a6a290991f3894b845,ok,True
P009073,http://documents.worldbank.org/curated/en/577271468760489728/text/multi-page.txt,200,219687,ba7a07b7181b059266321f82868cac74765acca47ed3d2da964bec41b56d6eb7,ok,True
P009089,http://documents.worldbank.org/curated/en/885841468760493837/text/multi0page.txt,200,296548,a280d6d6dd5f605aab9485297f54e80d9a500ffe51aa8c88ea1b960a728da088,ok,True
P009125,http://documents.worldbank.org/curated/en/875551468779137187/text/multi-page.txt,200,314676,e2deb277e0c11ff7a0bf522ecf618465372c0012f904424cf8f216514c38d669,ok,True
P009131,http://documents.worldbank.org/curated/en/271531468761431098/text/multi-page.txt,200,163675,3a750625c11df7b20859a282daae6259614c33e7fc3dd39ad7177286c9245549,ok,True
P009127,http://documents.worldbank.org/curated/en/419551468779118141/text/255421UZ1Drain1Improve1R20031011111.txt,200,496552,e3add6e9aa5f3c2de801c95caa9d2fc2cd0a908c9555850966d4a67c27ce71f8,ok,True
P009468,http://documents.worldbank.org/curated/en/239061468742545356/text/multi-page.txt,200,382969,7fb45e11a395351a3781bc8edae106f6807450c19a104b32849bca077b99d48c,ok,True
P009524,http://documents.worldbank.org/curated/en/345721468768585506/text/multi-page.txt,200,172142,1008fa69bf01cb09a879af9de6cdb4a9be8f01181aa115ec4e75ce8860f081d1,ok,True
P009550,http://documents.worldbank.org/curated/en/858091468743409663/text/multi-page.txt,200,244372,d93271ac2cf2a8849b899aa31c0f67439cf910880a08e8121d67e85e55a4cff8,ok,True
P009574,http://documents.worldbank.org/curated/en/534941468768593094/text/multi-page.txt,200,143916,2af496c85f1e232e1b86cea2c052bb395ef325f35ea1976a65867a6544872691,ok,True
P009972,http://documents.worldbank.org/curated/en/124131468756597853/text/multi-page.txt,200,192676,29db386ce2fd1b6007fc89bf9e96040738f0c2a633e919c7be32a672d2048533,ok,True
P009995,http://documents.worldbank.org/curated/en/617341468771641163/text/multi-page.txt,200,150515,66d37390fa37fffb56bd9d8ebe0ff2d22ccbc46c30ebe1647127e08eab1978fa,ok,True
P010496,http://documents.worldbank.org/curated/en/223181468774894023/text/multi0page.txt,200,261895,7b175630b4473964749e3dacd7bf6da5c4fafabbc2e521f656198ef6697f0b85,ok,True
P010498,http://documents.worldbank.org/curated/en/112601468777039297/text/multi-page.txt,200,178689,e255b3aea45013e43745ae3a4f07b7f5b120c7c0b48fdf3e851d184c9e8745e4,ok,True
P010509,http://documents.worldbank.org/curated/en/868721468756966773/text/multi-page.txt,200,106560,00ffcca6bd9ce25f857090f64620b3d6619972c5c893d23f70ee769068db2412,ok,True
P010505,http://documents.worldbank.org/curated/en/680591468775824645/text/multi-page.txt,200,327507,cf2ca857632be161fb913f54a5acb1833cfdcacd20fed61125d7edadf151ef5c,ok,True
P010511,http://documents.worldbank.org/curated/en/941531468750030165/text/multi0page.txt,200,261100,4d8854ef06f3d9f9710a2a40ba0808393c09080185a55d6e32e6c7529611f6cf,ok,True
P010525,http://documents.worldbank.org/curated/en/387281468759868625/text/multi-page.txt,200,352666,94d8a9610eb22e501d577091d2a579d2d405117ddbb8d4e465f59c4f82322b47,ok,True
P010531,http://documents.worldbank.org/curated/en/672681468772474128/text/multi0page.txt,200,452266,f8da9aec10b422442f95875d0bc5422585189a4ef1c4bd93571745565e1256d3,ok,True
P010556,http://documents.worldbank.org/curated/en/637571468780970318/text/272810PK.txt,200,293454,0eda4aa4e1132fc577450478087235783b19e991eaa628e5550aabeb904d3eb5,ok,True
P010561,http://documents.worldbank.org/curated/en/100691468772758467/text/multi-page.txt,200,255078,a72b0918132e06b52f0601cb0fcac3ffae74ef0cedc4f87fabf11e7e12a6a952,ok,True
P010566,http://documents.worldbank.org/curated/en/276131468772744316/text/multi-page.txt,200,221526,788d29dfc749b875bac51311db5145156a796ae11af69d99caacd569468eb0ee,ok,True
P033965,http://documents.worldbank.org/curated/en/527091468769914275/text/multi-page.txt,200,98272,d3c0c7d3373a19115de1da5dbc21cbba47361b9b0f41513d381b3f755d0f88c1,ok,True
P034038,http://documents.worldbank.org/curated/en/756301468772197635/text/multi0page.txt,200,432907,65847eea48905e5b37c238a0876cc3a331fc485a2a2e9892ecde6da19ee8fa34,ok,True
P034081,http://documents.worldbank.org/curated/en/879701468769148976/text/multi-page.txt,200,524992,ecea22ff8a7160c51ac15bc4f777bf522c921b7e4bc753883bd10c6544031d3d,ok,True
P034212,http://documents.worldbank.org/curated/en/419901468777264672/text/multi-page.txt,200,147003,1dd8c2f2d625f17596ef0f21581cefa96aa7f11a2b6ba91c14a551cb221799a3,ok,True
P034213,http://documents.worldbank.org/curated/en/318511468780942160/text/multi-page.txt,200,114716,d30e0331d8df5773bcab06bbcce685fcc489d196caa154a715d93ed4ec802a40,ok,True
P034609,http://documents.worldbank.org/curated/en/294621468773072222/text/multi0page.txt,200,88680,934d686adcdaba4e129b7691b6dd0ed95f057cbb0aedf3849369709af93b123f,ok,True
P035076,http://documents.worldbank.org/curated/en/884001468764096110/text/multi0page.txt,200,374384,9803cdafcb440ab4d03d04fd679bcb8394a0a832102ea0ca4d6fc259e06ee900,ok,True
P035160,http://documents.worldbank.org/curated/en/543321468752699577/text/multi-page.txt,200,307269,a1364e7f68246848eda1866827a8a90c3a276a9eac70ca6c0072610c73245184,ok,True
P035169,http://documents.worldbank.org/curated/en/824901468752410003/text/multi-page.txt,200,246046,7b3de46a159115ba4ab7775ec4056620304203942b3138cadaf45df488154462,ok,True
P035172,http://documents.worldbank.org/curated/en/149071468771360294/text/multi-page.txt,200,496726,3116fb27e18ee66fa8deb53e1e9e0a50c1bc72427a9b32f592dc461f84324f13,ok,True
P035173,http://documents.worldbank.org/curated/en/478321468782109550/text/multi-page.txt,200,378002,9b2658e43cabfa1ff4aa8b457d0796d27f1a1fcf29a02f46a47baf7ca7a04a6b,ok,True
P008416,http://documents.worldbank.org/curated/en/701521468771549450/text/multi-page.txt,200,54,47f09540894d71ac8dafe9c2a97e9ad1a3090105dca3f9dc661d00aa98234043,too_short,False
P035630,http://documents.worldbank.org/curated/en/251021468756573864/text/multi0page.txt,200,353720,13d813b122b775a8af0534a5a796e7d72c7b1550b75a8b7fe4295fac782ba39e,ok,True
P035643,http://documents.worldbank.org/curated/en/924931468770678556/text/multi-page.txt,200,373751,de33bd40cb11fb3363551efcffcddb1ada67579307f55da73c92ce5a27e21761,ok,True
P035645,http://documents.worldbank.org/curated/en/128201468743813215/text/multi-page.txt,200,97391,98fb28a4edb5c8804598b8d657f5069f0a5e932800e4e61fe18a5fff99576508,ok,True
P035648,http://documents.worldbank.org/curated/en/424141468767962329/text/multi-page.txt,200,261115,8d4c35d1be8ae2d06b765580b69e75d072faa4a807a55e3e7be4ef57dcf52ab3,ok,True
P035655,http://documents.worldbank.org/curated/en/308471468027282736/text/177700Replacem1erA1998100101PUBLIC1.txt,200,289737,d81df256c1a55ce17db8bc3b0a9f845ae1c2060459777d09d46b83c5733db3cd,ok,True
P035672,http://documents.worldbank.org/curated/en/862301468768844770/text/multi-page.txt,200,291207,b36c8583840971c4e48659b21e86ebc66a7fbe27d5c427f735a4da7faa7abb38,ok,True
P035673,http://documents.worldbank.org/curated/en/718091468769798335/text/multi-page.txt,200,281144,ce6026ae7b98eaf3a331f8ac6cf57ec095a7317fc5358930e7875626356f56e8,ok,True
P035688,http://documents.worldbank.org/curated/en/349841468771563642/text/multi0page.txt,200,192791,22a85d2774caa117d6d7e226807c171b582885dc8be63bf81c0f71937651f51c,ok,True
P035689,http://documents.worldbank.org/curated/en/482211468775496517/text/multi0page.txt,200,321632,2f969314e2bedb31a2cd81351166b4f4b9c583118e7c9d3cb239baadd93e01d1,ok,True
P035698,http://documents.worldbank.org/curated/en/699531468769262352/text/multi-page.txt,200,301939,2d4d17ae8bffad70e03f94c4dbd34b0f19b8ad695eaecd14d13faf84a407fe27,ok,True
P035707,http://documents.worldbank.org/curated/en/797771468760510334/text/multi-page.txt,200,180068,c17df3e702e3b2ed212f8cabf67313d425928f97b5b83f44ce8d8c025819e65f,ok,True
P035728,http://documents.worldbank.org/curated/en/753561468770405889/text/multi-page.txt,200,265208,98a48f06c6ced793dc498286d52152eebdfd23a230517b781b1c0a1d71c24887,ok,True
P035730,http://documents.worldbank.org/curated/en/663981468758370772/text/multi0page.txt,200,190433,69f09d4566b5cca7d89195172a0512be9394f41ad32017198bcaa7864cddac50,ok,True
P035733,http://documents.worldbank.org/curated/en/109751468770934962/text/multi0page.txt,200,94638,0509037825dcd837a15815f7254a88f7513de80ab22f0e55cbc753290334615f,ok,True
P035737,http://documents.worldbank.org/curated/en/622541468771079848/text/multi0page.txt,200,137171,b00945d1268b3911010d02d84cebf3c59122886bf7ccba82587c07eebf3a0185,ok,True
P035740,http://documents.worldbank.org/curated/en/310721468780010210/text/272530PE.txt,200,449492,ecc403d68d582995b8c27799f9f37efe261cd450597b1c918d38d89c5c0f974d,ok,True
P035741,http://documents.worldbank.org/curated/en/561721468743787027/text/multi-page.txt,200,200251,89caef00b8667c5de94c844bb8b2ac9e1205adf9918301d76350097493ce7102,ok,True
P035751,http://documents.worldbank.org/curated/en/433201468774564355/text/266440MX.txt,200,261619,a32c61076542f3d5afc46033ed885c31341c94fb9750a585c621129bdb9cca28,ok,True
P035752,http://documents.worldbank.org/curated/en/480871468774622429/text/271740MX.txt,200,209427,cf2fd01fb31361892c574c1383ea65e34b1c9831d6709fb6479a9fb1fc270753,ok,True
P035753,http://documents.worldbank.org/curated/en/428541468775815116/text/multi0page.txt,200,251556,9bdc7348b51551c0d9c310ba8a2c82b12496fe3f37af0617027d10f936e3ea9b,ok,True
P035770,http://documents.worldbank.org/curated/en/122111468768674538/text/multi0page.txt,200,197706,15e8453c603714e446354e88c535d5657de6e35aecd7c0026d30689065011145,ok,True
P035775,http://documents.worldbank.org/curated/en/703211468746353081/text/multi-page.txt,200,142606,3e984268b07ff1a59c5b6ada53e558772ba666bb0b949b7d1ac4670f534d14fb,ok,True
P008284,http://documents.worldbank.org/curated/en/705381468741625903/text/multi-page.txt,200,82,5809412e9a898fcb55d17281fa343724a7a303c1ed9df36d43656cec9c1707fa,too_short,False
P035777,http://documents.worldbank.org/curated/en/286051468779357257/text/259201UA1Rural1tre0Dev1r20031011611.txt,200,285171,cce9e2cc5d984af3131e0d58945207b5eca50ac8b507eb1b1097c926f22af6ee,ok,True
P035776,http://documents.worldbank.org/curated/en/386651468757207053/text/multi-page.txt,200,352619,374ed906600a5efa63e23aa83769bd2e84e527ed3f26ab3c772d10efdf092c3f,ok,True
P035781,http://documents.worldbank.org/curated/en/350151468774544101/text/multi-page.txt,200,181931,b5a185da820ba0ee257e7358580f74f77da0dc491ec4ed325755d07db2110c4a,ok,True
P035780,http://documents.worldbank.org/curated/en/968301468757200405/text/multi-page.txt,200,267721,2de6e67ae2adc96f19e590e6b3b32b0ba2c166e5dc91d051d861225a3ee3a24b,ok,True
P035786,http://documents.worldbank.org/curated/en/543201468779356487/text/multi0page.txt,200,336838,b85d0548a291535468d2adfc96d5e9d6b5868cbf05ff82a01b77488bfe9e8f3a,ok,True
P035802,http://documents.worldbank.org/curated/en/274291468757200745/text/multi-page.txt,200,251824,d9e53144ef0f1ab3ad46f7a2cc98ea6d3dd92b6e6e74d49e91ee698b66fd1c06,ok,True
P035805,http://documents.worldbank.org/curated/en/503111468740424539/text/multi-page.txt,200,164997,bcf077c8bfbf4690e6e86ff26a1700c459da71bc90c7d3d41ece3412e24ecc40,ok,True
P035807,http://documents.worldbank.org/curated/en/202811468772215633/text/multi0page.txt,200,163639,2c97146c7a1667ea6f27c9f1d0bcd67fdfd20427870a619de5ae86d1fbfdb9c0,ok,True
P035813,http://documents.worldbank.org/curated/en/741811468742153103/text/multi-page.txt,200,408653,9bbf12faff1add69b14e0cae19cc94c375003b8c2d522db5d75b7ae510a2b4b4,ok,True
P035823,http://documents.worldbank.org/curated/en/874021468774971447/text/multi0page.txt,200,374914,a043a1bbfdee952c9918c117f17365d5f294ec0aadc8e641b738deca913d95b4,ok,True
P035827,http://documents.worldbank.org/curated/en/205461468752711385/text/multi0page.txt,200,157429,472f2cfd75dda07d6fd112cc22806af471b898041ed8e209411cf1270cfcdf37,ok,True
P035824,http://documents.worldbank.org/curated/en/105961468772766058/text/multi-page.txt,200,436672,c3db7af9a832806b3246bc35a38864049039f74e73b538042f8c941ab7f415d4,ok,True
P035828,http://documents.worldbank.org/curated/en/247891468759866832/text/multi-page.txt,200,200944,bb2ae0abaa9b34b94c5c649749185bbcf173d429d588e17d8deabd557b219f70,ok,True
P035917,http://documents.worldbank.org/curated/en/994641468278962596/text/multi0page.txt,200,248289,314b3cfdabeaed95fc6042fa0efa850c84182578afb6f438eb7f4f1d5cb9f8e8,ok,True
P035997,http://documents.worldbank.org/curated/en/867791468752361147/text/multi0page.txt,200,277693,7cdf68cf9c24d790d5f9d1d728658237009088387b8eb84f900b19716754c1f1,ok,True
P036037,http://documents.worldbank.org/curated/en/683871468767433172/text/multi-page.txt,200,225677,f809a0dce242cbb63bb46e06398a4f56445e1a6e931e9354ec81e7ccf5a9d326,ok,True
P036038,http://documents.worldbank.org/curated/en/799861468776981137/text/multi0page.txt,200,124909,1211b132665e3bb6c337336c78ba815b6c8d9f77e222db28d66c1de986ce1118,ok,True
P036047,http://documents.worldbank.org/curated/en/106191468774925756/text/multi-page.txt,200,140556,c7836c555d3a90ee908b4c8daead7dc55514be528938c72bcb3fb57c523278eb,ok,True
P036048,http://documents.worldbank.org/curated/en/198261468752343411/text/multi-page.txt,200,339023,231e35f3e1546d55000bcd5e1e54ddfc7ae2d6288db7cbb8a77a48be02719087,ok,True
P036049,http://documents.worldbank.org/curated/en/598591468752384772/text/multi0page.txt,200,237178,b1ace7c65f28ca2d8545a86fdc7bfa4ba87628d1cd320ca54d991216435a030a,ok,True
P036953,http://documents.worldbank.org/curated/en/303301468769240122/text/multi-page.txt,200,215661,4b48690c29708e8a141faf7749745dcbb888c4e6fcda69720499a46f854fc071,ok,True
P036956,http://documents.worldbank.org/curated/en/964411468752384422/text/multi0page.txt,200,240887,9fe3c2ae83eb328e6a860b4a58ab52e66dbeada14f25917879da6eaaa24ca98b,ok,True
P036977,http://documents.worldbank.org/curated/en/261571468774253536/text/multi0page.txt,200,240876,a915dc622b5c860becda23725e641d971191225e7dec622d3eec6383c39ea5a1,ok,True
P037095,http://documents.worldbank.org/curated/en/716891468756333078/text/multi-page.txt,200,250180,8875062427946f7726ad5585ee63b40821c69cbcf28af3a2a740318bc67e74b5,ok,True
P037294,http://documents.worldbank.org/curated/en/146261468768701847/text/multi-page.txt,200,155337,9765a9b19baf6b720afa3241a95f677be029ff8a5f79c0e3c98efcefd5d6e568,ok,True
P037339,http://documents.worldbank.org/curated/en/731691468763220932/text/multi-page.txt,200,292681,beddd29de9e752caa32f3fdd5225b3853fd25e223451e74e32b2c28e0f6dac30,ok,True
P037580,http://documents.worldbank.org/curated/en/629261468769752798/text/multi-page.txt,200,161718,62fcc4e98d7c5afb531c7a860639f7e3fc0070d158c7356f6911cc11c59515a4,ok,True
P037588,http://documents.worldbank.org/curated/en/885541468770515567/text/multi0page.txt,200,225761,4a58012e7cba79c260923e0f5b2b17aa49e437c89607f02381278c800605d79f,ok,True
P037835,http://documents.worldbank.org/curated/en/792911468775507792/text/multi-page.txt,200,374747,d7b2e8cd5e66ad3420ba93829af309317e0cb2f51c628898bb4ec58158f09c88,ok,True
P037857,http://documents.worldbank.org/curated/en/275371468743409024/text/multi0page.txt,200,325553,40266130a824ff3fe78edac45415e889b083e43d92a4099cc677ec9b1e951dfa,ok,True
P038021,http://documents.worldbank.org/curated/en/741511468752769970/text/multi-page.txt,200,243080,df6d57d0639c8f4410bc55fd1e22816e070384bd35a92e878311ac83063407a0,ok,True
P038090,http://documents.worldbank.org/curated/en/999501468760762244/text/multi0page.txt,200,198943,d1ff2fb6dba3e1fcf00e8df051f25ae938cb0fa52cbef9beb91cd250dbda4d04,ok,True
P038334,http://documents.worldbank.org/curated/en/290151468752402493/text/multi-page.txt,200,393340,12e93cf455435e2142414da03bc716be9b4bc40fb2bdf70e92574f6b64f12b5e,ok,True
P038551,http://documents.worldbank.org/curated/en/767181468763190714/text/multi0page.txt,200,367543,43b42cfd4c119788891d89b9a616bb711d95ce0e7a0ddca196413adde059b328,ok,True
P038687,http://documents.worldbank.org/curated/en/610581468757188510/text/multi-page.txt,200,200514,64f8f01097a0958abdbd1ee7e3a09ba9da9145585dcb83342280429aa2594778,ok,True
P038895,http://documents.worldbank.org/curated/en/387971468743396129/text/multi-page.txt,200,345882,8b4197fae044bd13da89f296d59856a59ad559ea338869b8595c8deef2240df2,ok,True
P038947,http://documents.worldbank.org/curated/en/100271468743713169/text/multi-page.txt,200,186885,c539f2b9132a929da3ca46c506f5f4226c4ffc548e9f30ec0a80963dd57b9a03,ok,True
P039015,http://documents.worldbank.org/curated/en/608891468779948149/text/multi0page.txt,200,148354,c23b46cf6d6cd38b6d8b709698fc3a6ea3260100e46525f762e1b6389838d766,ok,True
P039019,http://documents.worldbank.org/curated/en/373621468763225917/text/multi-page.txt,200,381072,d809be2ef471f80a25e2c1a4d49735b8db005d3e690ff2cef5cd263e29433d06,ok,True
P039022,http://documents.worldbank.org/curated/en/129491468780927187/text/multi-page.txt,200,158672,0b3cfc6a729eebb737d0083d5d41bb38b7fceb81df9639f44997c2cd678a372f,ok,True
P039082,http://documents.worldbank.org/curated/en/353791468770418633/text/multi-page.txt,200,292115,d3bfcc7cddfe484b22fb7b5a82783a301f988e041a4411d600fbd7639b01ff4a,ok,True
P039084,http://documents.worldbank.org/curated/en/568901468770929573/text/multi0page.txt,200,186245,c66e2598dc96ac74b74ff7bebf03e169153d1692de752ee1f1fd58e647fa45ee,ok,True
P039086,http://documents.worldbank.org/curated/en/527241468776379830/text/multi-page.txt,200,198936,71e66075c79b10c62ea5ba32e46a54d06cac2f5f6f0600a4ebf7846bcfbdb01c,ok,True
P039161,http://documents.worldbank.org/curated/en/747261468770684181/text/multi-page.txt,200,158207,f32a9192cc7cafd81cdf161496b03250211bc30e09b090779da4a2d3bca76ffe,ok,True
P035626,http://documents.worldbank.org/curated/en/789241468749088708/text/multi-page.txt,200,61,63b0c4157e356aa469d1ab36ae04eb20947b465b2a51b14cdb8c932eaf7c1d89,too_short,False
P039171,http://documents.worldbank.org/curated/en/244851468782359416/text/multi-page.txt,200,129620,a6668369cad5400cfd7c3694e8aaf7dd99bf67bfec87b81de19e251e2d0187be,ok,True
P039199,http://documents.worldbank.org/curated/en/252311468770138440/text/multi-page.txt,200,208619,0687c2907ff20312e238ddfb315fffb3e52b5429d621cda23f50d6ac5e949b2b,ok,True
P039200,http://documents.worldbank.org/curated/en/507461468769769798/text/multi-page.txt,200,233488,ca93ec7cc0831a748e4dddf4560ca9102b0b2dfeefbf4c95df40bf1a9537fa3a,ok,True
P039203,http://documents.worldbank.org/curated/en/773951468781742084/text/multi-page.txt,200,131393,63ff79331ad8ba4b8a03a2fd7b43a161ba5e1ce2844d36de6337df2338a7bb1a,ok,True
P039251,http://documents.worldbank.org/curated/en/711001468758987797/text/multi-page.txt,200,90695,0d11c15814d606f9a1d5c9325fa92da1cca13562f4104438acfb4829655d217a,ok,True
P039292,http://documents.worldbank.org/curated/en/663571468768616264/text/multi0page.txt,200,108009,cf75edd3c8fde8b4fed2bb8266931b12dd1a26a411934271e1dbf349e1e058d4,ok,True
P039437,http://documents.worldbank.org/curated/en/260511468746684165/text/multi0page.txt,200,217419,2bf07d5328fad57fca3ddf926591d62337c28ed2262b785a66e81d5f9b72c756,ok,True
P039644,http://documents.worldbank.org/curated/en/202121468752344435/text/multi-page.txt,200,242036,6317850a930198e1e13b9f2e7b8ef0fdb9b1675e05ad57b920150665a6a9f504,ok,True
P039749,http://documents.worldbank.org/curated/en/466121468773744158/text/multi-page.txt,200,176090,af9111ce27960c15d69bc300e04cdcd17455b49fd8049a4346a45b764c10a850,ok,True
P039882,http://documents.worldbank.org/curated/en/259061468743355428/text/multi-page.txt,200,142872,8e870e95b2b05e8546661a065b0c2e8573a4eca29e4208008d714154c4bdd484,ok,True
P039929,http://documents.worldbank.org/curated/en/566501468771082073/text/multi-page.txt,200,141609,cf99c1bdb06b18a3d662e5e0ebb3b73e6069ac43d93dfc875442911d0a4fa2a9,ok,True
P039983,http://documents.worldbank.org/curated/en/833321468757773168/text/multi-page.txt,200,144933,b0b2715532765f757e14893f3a7b758d855cdfe5527a74c25926bce0e9e91e1d,ok,True
P040061,http://documents.worldbank.org/curated/en/257861468771714956/text/multi-page.txt,200,190371,1655818e01cd34915cfc9d836f5a2c5e7b30f3a05e7e8420b38df0f0a8c0747f,ok,True
P040085,http://documents.worldbank.org/curated/en/864121468768630769/text/multi0page.txt,200,312779,8c76cbc29267916f04bddb3f448541adc9b087b0b1f2bd4dd8ab05e6e36daa97,ok,True
P040086,http://documents.worldbank.org/curated/en/144631468746757346/text/multi0page.txt,200,296396,bdf6a5f429370c6436d485fa0fa51780f43ce0dfcb4567011aec7c85cb00bc5a,ok,True
P040106,http://documents.worldbank.org/curated/en/209791468751789138/text/multi0page.txt,200,233682,21a1aee43d0bc3b5f10e07872cea0fcb5ac89693b61af76da8fa5336f9e9e97d,ok,True
P040108,http://documents.worldbank.org/curated/en/168951468760229089/text/multi-page.txt,200,129422,33e3b7e691449183b880cad2726d74c33ecc3d234cb241a9f26580a08412ea21,ok,True
P040109,http://documents.worldbank.org/curated/en/450041468770457585/text/multi0page.txt,200,218328,5c2cbb580013f30cc8719544b1a0058a56c619fae02ff9acab32e943e960578d,ok,True
P040110,http://documents.worldbank.org/curated/en/399481468743363497/text/multi-page.txt,200,149884,5693e8f182abdc5587be4683b9f399a04caaf1ee366cda2a81f1b4daad7c5472,ok,True
P040139,http://documents.worldbank.org/curated/en/873151468746728189/text/multi-page.txt,200,126214,d1a67d9cc07200785038dcddfdf9ccb200e12e1c4c8a7a7947333e93cb85aa97,ok,True
P040150,http://documents.worldbank.org/curated/en/971601468743930018/text/multi-page.txt,200,172027,c59bab58b815dbadb992b8f7b64c49052e9b2251abab67430c4dfdb4742361db,ok,True
P040174,http://documents.worldbank.org/curated/en/280721468779128231/text/multi-page.txt,200,369401,f873324def91a49527f0624ca7979634cb3c4db813ef2d7d7f79998621a4d07c,ok,True
P040177,http://documents.worldbank.org/curated/en/436401468771553325/text/267800PAD1P04017701public1.txt,200,141827,fb8f1fecf8a03e1bddaf5b64f1860c9a128d1b57871c052701bd8d07d87c419b,ok,True
P040179,http://documents.worldbank.org/curated/en/954551468757803327/text/multi0page.txt,200,193968,6137ea29420b803f2240b7404cac4c3db077cd4b2a7635d68118aa48f9c8b52a,ok,True
P040195,http://documents.worldbank.org/curated/en/873971468771707250/text/multi-page.txt,200,195264,707880b91d2966416491d61125603a9e8d5fee5e7ce5e82c88cbf2215b768389,ok,True
P040196,http://documents.worldbank.org/curated/en/558101468752104347/text/multi-page.txt,200,213959,945a2d8ea016dd0bdbdd01d107d147ee9504673b4859ac4745efa159871b9b42,ok,True
P040197,http://documents.worldbank.org/curated/en/820821468760231572/text/multi-page.txt,200,234015,8a4bba8e7e1bd0aa5f16fe2481505d51d1b121d252f85734988706ef8cfcc92f,ok,True
P040198,http://documents.worldbank.org/curated/en/377121468774872676/text/multi0page.txt,200,160443,ae5074e72c837d1ab125f07f14ba2da58ef391eacdf608ff3b14a50a359e2962,ok,True
P040199,http://documents.worldbank.org/curated/en/419061468761379650/text/multi0page.txt,200,260915,8e3f513240ec21ea342353386e18afb58e866348542f6a1f12207717ff4a2cb3,ok,True
P040503,http://documents.worldbank.org/curated/en/162801468762310492/text/multi-page.txt,200,135199,ec7143d53d0f138c8c1fdcb3d7220757ead03a3cfc994e70e145d2ee780f1f78,ok,True
P040506,http://documents.worldbank.org/curated/en/688721468762309757/text/multi-page.txt,200,351443,f80eb75c8b70c6900d3fc9c71fab74cec0727f74335b9583416918e161468500,ok,True
P040528,http://documents.worldbank.org/curated/en/980191468756283582/text/multi0page.txt,200,311589,f5f1f6639d43f132d8f5c5f9d5f41c6c488ac1f0f82467095ce17c17094460a4,ok,True
P040551,http://documents.worldbank.org/curated/en/793391468765310666/text/multi0page.txt,200,149340,ed1eae87c4fc8b92f5d0c66a614d96a0b44cddd4a5347eca5b42bd0ecdf03882,ok,True
P040555,http://documents.worldbank.org/curated/en/991441468770695872/text/multi0page.txt,200,350755,0e36b9fc45291ca06f1bd46b184c1af7dfacc7efbd717f1d26bf41d17045de8d,ok,True
P040556,http://documents.worldbank.org/curated/en/942411468749732039/text/multi-page.txt,200,173690,c6a0dbb7914b37aa71f560260221a1caf8ddecbc3faa4d3121782117b063788b,ok,True
P040558,http://documents.worldbank.org/curated/en/276431468774294399/text/242020rev.txt,200,285818,d017c4a3bf622d8651e5315ea1e226b1d93c4195e86f2d1b0258222f1c6aeaa7,ok,True
P040566,http://documents.worldbank.org/curated/en/225371468773759337/text/multi-page.txt,200,162827,2c74826c85a41e83f42fa13559228844de187aa9fefeade7108e04c359218d75,ok,True
P040578,http://documents.worldbank.org/curated/en/153141468771376086/text/multi0page.txt,200,398075,670ab05c16f89ae4c2bed16b595f52c17196fad5241e4e93b181ce87eb580676,ok,True
P040599,https://documents.worldbank.org/curated/en/854031468743975422/text/IBArchive-7838b510-0a9d-4e10-b876-a86a802a7006.txt,200,298581,eb196117c2672b5e7e96f37e150398454ad98cf467e7774059cbe2c058bfca4b,ok,True
P040610,http://documents.worldbank.org/curated/en/661181468771673975/text/multi0page.txt,200,265606,2fa81049497eb8a368537643e13fe241635ee08158e67a0ed970034679dcd058,ok,True
P040612,http://documents.worldbank.org/curated/en/273221468779978360/text/multi-page.txt,200,234367,c799068a5fa11e3a71c9bedbdbf7fee3b0437ffaf3c3e4967e829832bb95d4cc,ok,True
P040613,http://documents.worldbank.org/curated/en/591851468775534240/text/296510NP.txt,200,353848,a8b33629fc7dcec18073bc5b3d62c732671e6cf92f9c03fcbfe3708b981fc403,ok,True
P040650,http://documents.worldbank.org/curated/en/273491468760234690/text/multi-page.txt,200,358346,04ca5e0e749516f2320b9855639a6b3a182d1e32943428a102922e13b25efd3f,ok,True
P040652,http://documents.worldbank.org/curated/en/122341468776969402/text/multi-page.txt,200,255009,3eaa5d6c8d74f291562b9b713ad9b8ab3885e55bf3cab885134cd77dddfb449a,ok,True
P040102,http://documents.worldbank.org/curated/en/892101468746392337/text/multi0page.txt,200,35,c9a3ca9431cdf29981d29dfe0509d28339bfad67ea520b11487dc9a2600b4145,too_short,False
P040659,http://documents.worldbank.org/curated/en/848471468770983289/text/multi-page.txt,200,89462,62cd1b1050bc10b498b6343be77bdb29ab4f9d038a31e755c73a17ec654ec4ca,ok,True
P040712,http://documents.worldbank.org/curated/en/492541468206346512/text/28924.txt,200,512892,13fa09640816012a45f5b50909797f33500928e5f9b0f76bb24a81da6eceaa14,ok,True
P040713,http://documents.worldbank.org/curated/en/892661468743384296/text/multi0page.txt,200,165018,4eac0ccf7cc5dc102a33a28b7ff5a20cc214fa025544ca1863d9c0977dae3efc,ok,True
P040716,http://documents.worldbank.org/curated/en/622281468742839155/text/multi0page.txt,200,204967,4f169e297c7a03f77b2ba30262f324a64eff3bb61867239273005f28df2169e8,ok,True
P040795,http://documents.worldbank.org/curated/en/923881468760158043/text/multi0page.txt,200,280380,9ba2c914f19b4c83c4df3762f7cd3ede6d3b7b60ca4192c723a407cf94099af8,ok,True
P040858,http://documents.worldbank.org/curated/en/960861468744289085/text/multi-page.txt,200,314735,eff605ee4820dbdcf20aed2d91b5577354530d4519c83f26a0a1eb3ec0befc61,ok,True
P040907,http://documents.worldbank.org/curated/en/244541468756954277/text/multi0page.txt,200,224727,1d2d80deae20553ab50236acaf58ba988f064b86c8d14fb954f9f47947a68411,ok,True
P040975,http://documents.worldbank.org/curated/en/914521468768336907/text/multi-page.txt,200,159783,7a027259b05d8d3a2114a5476971269c712768ad284c32d466a14c9d0bacbb76,ok,True
P040990,http://documents.worldbank.org/curated/en/686831468742461406/text/multi-page.txt,200,353006,10abfd21c792b198e0163716138f821b906c81e6202bf9ac64d28dfa59b9042a,ok,True
P041199,http://documents.worldbank.org/curated/en/794331468766461804/text/multi-page.txt,200,154648,3df9b761540a997dc6bcd2257022449aedadbdf1f79564305902cff3911483c7,ok,True
P041264,http://documents.worldbank.org/curated/en/484141468771697873/text/multi-page.txt,200,385146,a49846a22a903f23735391f67819dfd04678fbeb1945e96d634ec573fcbe0b75,ok,True
P041268,http://documents.worldbank.org/curated/en/356571468746381213/text/multi-page.txt,200,513960,12a0de3ddac323eaa84272ff42dc1629d8acbfba98fc6b9804653b0305cbcaee,ok,True
P041280,http://documents.worldbank.org/curated/en/108351468761108223/text/multi0page.txt,200,170535,a839d372c3f5a33e8c0300f572fca42f4a0ff37888a4d5aa347200465aa41bfa,ok,True
P041396,http://documents.worldbank.org/curated/en/349641468323669725/text/36485.txt,200,326311,c503c354eb515686c835b128c9242f4591f742563960cbe9788f7d4e1ae329bc,ok,True
P041410,http://documents.worldbank.org/curated/en/216751468773401292/text/multi-page.txt,200,338709,ad49e5fc32e1831c89cea1e8035e95d4b72a9d25cfb118db49e27d760dca37a9,ok,True
P038395,http://documents.worldbank.org/curated/en/722791468773691304/text/multi0page.txt,200,94,3bd0c97fcacd9653ee2b0758a67f52d5a94b92cc6eef2b802c1be2a49712e25f,too_short,False
P041442,http://documents.worldbank.org/curated/en/283451468768669635/text/multi0page.txt,200,289534,2915c5cf77fa07d4b7ce45c9eed8c3afc7d03b65d946ea96e310408b018c0121,ok,True
P041528,http://documents.worldbank.org/curated/en/203031468763827831/text/multi-page.txt,200,270558,87baacecd069b01a8a78b6375b7072efaaaf5f94de0a51fa2e51e9d78c67f6d5,ok,True
P041566,http://documents.worldbank.org/curated/en/414711468781476229/text/multi-page.txt,200,446639,4c897b35158ad8417190013cea72409af1f2559f720d7b0cf6330521dc49cece,ok,True
P041568,http://documents.worldbank.org/curated/en/944381468771060136/text/multi-page.txt,200,303560,e9817ed20773d4ec73b634b7bed4ba69b49b3aed34c7ad62365561c3d5315d7b,ok,True
P041642,http://documents.worldbank.org/curated/en/302761468770432588/text/multi0page.txt,200,263863,84e4ea1742747cb89e4a53d7949f410fcb3c5c4d0ee1cf8f7582876af7438482,ok,True
P041680,http://documents.worldbank.org/curated/en/597881468744298443/text/multi0page.txt,200,219893,f0c775d36c1f04706fdd258a3bc059282f93c671f5b533d35bc17c96ddbc148c,ok,True
P041723,http://documents.worldbank.org/curated/en/261341468774675880/text/multi-page.txt,200,403757,6b77c7f3486f2d3bfa70c9a3a649099ccdf261ad06e36f84363c21a5490539fa,ok,True
P041807,http://documents.worldbank.org/curated/en/467301468761950027/text/multi0page.txt,200,96681,09078008f3be3688a064f611495655fc65ade50f5f47bf9ca2e2354b456f5557,ok,True
P041887,http://documents.worldbank.org/curated/en/825851468743382535/text/multi-page.txt,200,174058,eead421b9992ad4e71589d512953473877697409046f431594dfac1156955510,ok,True
P041890,http://documents.worldbank.org/curated/en/256111468744043966/text/multi-page.txt,200,265042,43e75f7c2b2c0eb51216c3585ca35cb38e7451f3734c6d065b33df76acf0a0d0,ok,True
P041895,http://documents.worldbank.org/curated/en/133141468755950582/text/multi-page.txt,200,209128,85c69b1d807049b55f1dca6a71105ba3f65bd39b45e2077bb87fce68578b9f60,ok,True
P041994,http://documents.worldbank.org/curated/en/336461468779161575/text/multi0page.txt,200,217716,94a8f348a3b083fad1956e8542c389f6c37b8123cc19e619c7b67b61f0722418,ok,True
P042014,http://documents.worldbank.org/curated/en/544661468746750095/text/multi0page.txt,200,315032,6e4a7a244c229895c3addd2cf1f1fc1df8394d5b1d02550816687f2737c12071,ok,True
P042039,http://documents.worldbank.org/curated/en/924061468773962703/text/multi-page.txt,200,260445,a27a1113db2cc5b12036ed69d2130b3d4d16d69861dab075607504f27cef9f78,ok,True
P042109,http://documents.worldbank.org/curated/en/421971468746371234/text/multi-page.txt,200,378783,ef56c72f3c1911987766a68f37ef333aa02e92c701498bddc0e27e77073529f0,ok,True
P042299,http://documents.worldbank.org/curated/en/628901468770498983/text/multi-page.txt,200,144163,395b92c33be15d32a1ea896860e034d435ba094817de52f79b3c25e89e48ae1e,ok,True
P042237,http://documents.worldbank.org/curated/en/176911468753299536/text/multi-page.txt,200,236012,0d3b8f0e1e63e88ff39de2460b313c36647d85755c6245ca5268faa36958d43e,ok,True
P042722,http://documents.worldbank.org/curated/en/867391468762943753/text/multi-page.txt,200,188869,248cedf4a7169eff62954d0865859c9ec4cc8731d94788b3b5d15e459a3c1281,ok,True
P042568,http://documents.worldbank.org/curated/en/633501468779402279/text/multi-page.txt,200,355540,3c1b6586b47968f6e2cdd14ea95eeea6a5c13f1e4f0b9407de9ce738f08a1743,ok,True
P042927,http://documents.worldbank.org/curated/en/212451468780327164/text/multi-page.txt,200,261726,a0187607f1be847c0a7c81544eaef1c29731bbb25a0d88547c25c825425f2302,ok,True
P042940,http://documents.worldbank.org/curated/en/355161468741586205/text/multi-page.txt,200,181326,0b1794e1f7e47a872822a140bce3237c8f89a835d29c11009fb8b39a43e0e0b1,ok,True
P043124,http://documents.worldbank.org/curated/en/798941468770065161/text/multi0page.txt,200,133984,2736f6a927e1418c5f12856f2d3784a16d1c19a01d25c0045a8ad251fa695962,ok,True
P043178,http://documents.worldbank.org/curated/en/122541468768314223/text/multi-page.txt,200,352848,3ae37854df265e9577b20ca9353d6065c4264df0dbea05ce65d80826df12d7f9,ok,True
P043254,http://documents.worldbank.org/curated/en/608341468764124012/text/multi0page.txt,200,209719,0a6829be88bbb52d9b0464a4e9fb3dcf08b2c968989df815b7b5bcb8e3135ddd,ok,True
P043195,http://documents.worldbank.org/curated/en/225421468746815100/text/253711Croatia01ateway01r20031012711.txt,200,367731,093a13f9002a81038f3d6b6ce8500646ebcd2deae446c4f7437739693256bd97,ok,True
P043255,http://documents.worldbank.org/curated/en/825581468766492804/text/multi-page.txt,200,241637,94aa06d2dcf5f604d3bd43d18c139bebd9ac2d4075ca36eddb24b0cc09cbbd38,ok,True
P043311,http://documents.worldbank.org/curated/en/302681468758093246/text/236311NP1Power0Dev10Project01PAD.txt,200,426065,117996258971049251a5689ef5f17194c628aea23cc170b2fe8ff2b04391ebca,ok,True
P043412,http://documents.worldbank.org/curated/en/213971468280459864/text/30721A.txt,200,259800,58f3ee9aed4851c299d8096ad56879a4efb8a6ac73bcceb85997800d624ac4ff,ok,True
P043418,http://documents.worldbank.org/curated/en/713091468767402890/text/multi0page.txt,200,120528,ccf50b7c78c4f9bc9d3acb7c936edbf4be5893b346da554b96d3fd9ad9ce47d8,ok,True
P043420,http://documents.worldbank.org/curated/en/841441468743772422/text/multi-page.txt,200,311826,7ebae5ad051e0928ef8d79958af2ac53a6a586dceb40000847054a9c9bba4242,ok,True
P043444,http://documents.worldbank.org/curated/en/367181468770702078/text/multi0page.txt,200,153362,7b3d1cf70452fe23e9037829f29c884fc64cf75b8acf7f6ef381d3c779c0432c,ok,True
P043700,http://documents.worldbank.org/curated/en/879181468778502279/text/multi-page.txt,200,174677,55f68154d667d15ae5639532615a2f64308423b9af865cd2956f33886118ed8c,ok,True
P043724,http://documents.worldbank.org/curated/en/543581468768694290/text/multi-page.txt,200,148517,c587cb70ae89b2468f9e7c7e35a38106f12518177c274f3956cf5f6cc5a24f77,ok,True
P043736,http://documents.worldbank.org/curated/en/105461468770690571/text/multi-page.txt,200,151175,024cfa13b7670630972cf1b9d37fce6314148f1ce7ccedb639c9b7ce392b842a,ok,True
P043868,http://documents.worldbank.org/curated/en/127661468743683235/text/multi0page.txt,200,134063,1985d5abfcaee83302588ea6dd3623ac57c73fb76cf6a7e729b586be4f47c5d4,ok,True
P043869,http://documents.worldbank.org/curated/en/988291468769492388/text/multi0page.txt,200,427107,b15cb45c379c0a479ac73df172184b55599db9095bd019759c67507b0badc0b8,ok,True
P043873,http://documents.worldbank.org/curated/en/972191468769727746/text/multi0page.txt,200,198801,eda8c301ee841c1bf396a9b6e442cbd05d7edeeaa5e3d0ef00e1457aba2c8eef,ok,True
P043874,http://documents.worldbank.org/curated/en/165871468743369557/text/multi0page.txt,200,303628,556ce6927d51e6a8e60e5176361f4326d44368f86526a0cab8647aefa9280602,ok,True
P043882,http://documents.worldbank.org/curated/en/269021468759025283/text/multi-page.txt,200,132616,140904e183ca594863ee98b9d8f8f612256fee68f77c55b5aa2c2340fa65b010,ok,True
P043881,http://documents.worldbank.org/curated/en/318751468759295696/text/262730RO0PAD.txt,200,426568,e035a48a60a8f91c2a194ee981fe95c128594d5a71bc78f8678f79444db98c9e,ok,True
P043933,http://documents.worldbank.org/curated/en/615651468746348686/text/multi-page.txt,200,324390,3ee49de05c8b0a26cdc7306401b35df5fe6b9775fbb56fe61da35b19662063c4,ok,True
P044140,http://documents.worldbank.org/curated/en/171881468744028762/text/multi-page.txt,200,388565,a8939dc8d3346489d590869777a67e314a0c1328bf53bae9b952452f526c878c,ok,True
P044213,http://documents.worldbank.org/curated/en/339211468760214943/text/multi-page.txt,200,166471,5120e8dd3f9e9dd1669c75e0eaa52a2b3484e70006f253e0d54bf7ef7410e2bc,ok,True
P044325,http://documents.worldbank.org/curated/en/363211468765555734/text/multi-page.txt,200,141270,69e692a3794271774580479c2d577eda530f1e279b71bffd7dc67efff359637e,ok,True
P044343,http://documents.worldbank.org/curated/en/700281468750532098/text/multi0page.txt,200,112068,5a7975c5992c87d042fe1648ff32f06c5203db144dd6eaec78bbe83144c0081a,ok,True
P044523,http://documents.worldbank.org/curated/en/245571468743173386/text/multi-page.txt,200,401976,c68a3cf1b411d63697cf462d067946fc2602d12e554eda40234bf9df5c3d4829,ok,True
P044531,http://documents.worldbank.org/curated/en/331451468774669073/text/multi0page.txt,200,202006,847f80988caf900ec715aca403c6e5ba6428ed39721bd126564ad3ed4f932d1d,ok,True
P044584,http://documents.worldbank.org/curated/en/265211468749726440/text/multi-page.txt,200,162577,8cc596f636677b1cdae122ef461590cd9581d478eec79e8c653a8cfa13e26c88,ok,True
P044585,http://documents.worldbank.org/curated/en/417461468770692422/text/multi-page.txt,200,201860,4e0a24a62c262f9379432455f6bdbcce69710485e45cefb77b4e22a3234460c9,ok,True
P044601,http://documents.worldbank.org/curated/en/655511468776370151/text/multi0page.txt,200,486471,908eda77f4f25ff5e1e01c1607f749f466ad375ac20d446f5e077796b97229d4,ok,True
P044613,http://documents.worldbank.org/curated/en/693901468770964529/text/259420ET02nd0Road0Sector0Dev0Project0PAD.txt,200,412016,135da8ea2be53a754bb04eda3fe325a952876f8a37d8b015a2be876cba428dc9,ok,True
P044679,http://documents.worldbank.org/curated/en/588481468779155929/text/multi-page.txt,200,191434,0eaff15b9d5813e3bc64ce34d34081312259b2cdd3d22bb81966ffa8c50ee6fc,ok,True
P044695,http://documents.worldbank.org/curated/en/414251468760231906/text/multi-page.txt,200,310748,d07fae474f48304bfd160b3b7cb822c3669285b943dee851f8f040d0a3dc7a38,ok,True
P044711,http://documents.worldbank.org/curated/en/393851468774662018/text/multi0page.txt,200,403018,97c944e373421e4833b8b56ea8ebc80cfcd61955bd099922a9b8620db00299bd,ok,True
P044748,http://documents.worldbank.org/curated/en/392831468768598958/text/multi0page.txt,200,199610,fc28aa249dec59b1715f9b8db4c857e045364edd3042caf31374f313c539eb7e,ok,True
P044789,http://documents.worldbank.org/curated/en/568241468743378284/text/multi-page.txt,200,203855,bdbc15d90a25967db4b04728b87032cd6c51228734e8b86ea504a8053cd43279,ok,True
P044800,http://documents.worldbank.org/curated/en/220211468749762082/text/multi0page.txt,200,393665,83992f66a51739965b4266a1bb2544592f746773a592559546d4933d0985d647,ok,True
P044803,http://documents.worldbank.org/curated/en/610221468764706731/text/multi0page.txt,200,281947,8c062ca54d7d4e32afe73aaa86417d6aad1934ec535388b8c3f1cd61cdee9637,ok,True
P044804,http://documents.worldbank.org/curated/en/598551468772470021/text/multi-page.txt,200,276919,1e9cd8ebae9114eaf48898f17224dd5cab5ceb7629fbb7e5837dcce4c94a1cb5,ok,True
P044809,http://documents.worldbank.org/curated/en/834711468777975177/text/multi-page.txt,200,137390,c878d87fdf9316e1ad6000ba5d98e305d12b11380946faff2d406a121759f55e,ok,True
P044810,http://documents.worldbank.org/curated/en/217041468768667449/text/multi0page.txt,200,274694,869c0788ba0175585983e6ce888d52eb5468e2f84c2da3130c49af3f8c0d01c1,ok,True
P044811,http://documents.worldbank.org/curated/en/811101468742545031/text/multi-page.txt,200,190633,48edc34396f3ec7a12285d858e2bb27ae0ae7235a98215734bae9a993d49c065,ok,True
P044824,http://documents.worldbank.org/curated/en/598391468771712088/text/multi0page.txt,200,167858,d1f1735ef4984032465c291b6ac67a5ad58d19a5fac498965f46ae58a22718bb,ok,True
P044829,http://documents.worldbank.org/curated/en/926141468742816355/text/multi-page.txt,200,208484,6565381aa8a235078a5c80bb5cc41e1cbf2bbffb16cb147a9cdeb2c6be94f3f0,ok,True
P044840,http://documents.worldbank.org/curated/en/987281468779678423/text/multi-page.txt,200,192356,96545177e62e08f2c4d8d89275b87f5c19d738c7eec254d0c1e1860ce9ae7794,ok,True
P044852,http://documents.worldbank.org/curated/en/821931468768591417/text/multi0page.txt,200,157651,abd41e2bebdacb0eb8e9f344683bb70a21d48e3da89e5b9f14e8f3622d3be69f,ok,True
P044876,http://documents.worldbank.org/curated/en/543221468742526737/text/multi0page.txt,200,303095,4700b9849109bb434f6cdd08a00f36a2d11f786e1c3ff4ac860af31813769178,ok,True
P044973,http://documents.worldbank.org/curated/en/556621468774291767/text/multi-page.txt,200,165753,3219ece7822f10c7759b0feee9418da2187c21fa02a5e8a7386e239f814d7b67,ok,True
P045031,http://documents.worldbank.org/curated/en/538831468765908736/text/multi-page.txt,200,208957,0004eb6f2f3dde3a25c9e057d15226b0f6fcb0e7f6a799f3d5bad7f0bbad5828,ok,True
P045049,http://documents.worldbank.org/curated/en/200211468775824282/text/multi-page.txt,200,372778,247c8abc6fc24d9ba4b7ee36d90dfc85094af34dfc7e13e1da59305fd895a8a9,ok,True
P045050,http://documents.worldbank.org/curated/en/642801468756299450/text/multi-page.txt,200,221410,6ce8dc7ebef784e737b5f80a00cce691ee585936e175f463d1962af814d302a7,ok,True
P045051,http://documents.worldbank.org/curated/en/217701468772799369/text/multi-page.txt,200,199558,cd64a54fa1853a46c098abaf1f0230f30416fae0e082b9778b9051ce8e1e671b,ok,True
P045052,http://documents.worldbank.org/curated/en/586691468775768764/text/multi-page.txt,200,275884,a2925099b4785d899cfae65daa8a4941fd1c2713e3c4a3d90b27cd949f0be7ad,ok,True
P045053,http://documents.worldbank.org/curated/en/653881468758084652/text/multi-page.txt,200,150383,76b4c34e05c6bc59f7304ae33af14aaeb3840aea5d3e02b1f69a68fafb471deb,ok,True
P045091,http://documents.worldbank.org/curated/en/837731468759911848/text/multi-page.txt,200,239807,d75e2f7da5825c1d8eb9b50841ccc384f0558d979fdeeb3bf3d2c73e4ecbbb70,ok,True
P045174,http://documents.worldbank.org/curated/en/228571468757172943/text/multi-page.txt,200,297717,2373d8e082493cf168265103762aba1181c14d45bdcb8fd02b549847e4b5301a,ok,True
P045175,http://documents.worldbank.org/curated/en/411581468770945652/text/multi0page.txt,200,167977,89b380c64525e89d52664855dde943fc279ef9911aea59d3fa4e4e0ad8238df9,ok,True
P045182,http://documents.worldbank.org/curated/en/894871468759892828/text/multi-page.txt,200,160073,7fc6d50fec818ca45c1242dfe29b0a02597d79091efb7380b92fcb799927c25d,ok,True
P045264,http://documents.worldbank.org/curated/en/510861468743123533/text/multi-page.txt,200,368260,fc51282eddfcffcc48983df503c02dd7c2a2333ffab1b072a791d86c94f05b35,ok,True
P045337,http://documents.worldbank.org/curated/en/182801468774924408/text/Indonesia-Kecamatan-Development-Project.txt,200,214284,8ccad2d566b0336193ed55c51cf5f2fdc5ce77495f5061a8d4404b70dffd09ef,ok,True
P045348,http://documents.worldbank.org/curated/en/458441468768848167/text/multi-page.txt,200,252091,73f1be75d4523dce1a47ec0ef994b1665aa5dbb85fbec6a988e25cf677305427,ok,True
P045483,http://documents.worldbank.org/curated/en/583901468768013967/text/multi-page.txt,200,211607,9617bffc79b6ab28f81d4c8e533ab6c11fc0aec56a346b94999a96fd6dcf445a,ok,True
P045499,http://documents.worldbank.org/curated/en/104911468770713531/text/multi-page.txt,200,473356,4650659fa0a0cf92f8dc66ad7d67732d336e8a27ddff99c245eaf23ab4e2e1e6,ok,True
P045628,http://documents.worldbank.org/curated/en/982631468779138602/text/multi-page.txt,200,287709,6aba688e53749242481181e47d757805fe53cdbf0520c78667fedeaecf5f0ea7,ok,True
P045644,http://documents.worldbank.org/curated/en/518511468768544075/text/multi-page.txt,200,135278,93838fb581b9b874dbf0c8d05eb217c3daee0f692ad562f790281467c0e0f652,ok,True
P045788,http://documents.worldbank.org/curated/en/135261468744008037/text/multi-page.txt,200,408408,968302a1a44074d8bb68f1288f756ccec45a4b68375033098bdbe37aad104d66,ok,True
P045864,http://documents.worldbank.org/curated/en/165011468770682918/text/multi-page.txt,200,294828,c6d12f92b2d48020c4463b39125aa4b737601072cf23fc72fd261db368fde27b,ok,True
P045910,http://documents.worldbank.org/curated/en/353221468768868318/text/multi-page.txt,200,322362,718550d6c3e31ab9b98e39e4b108fae65a82ed393c0d8b88e84891b7cb114679,ok,True
P010530,http://documents.worldbank.org/curated/en/665191468779688119/text/multi-page.txt,200,399745,523fbfac965d208ee81d12df64d7ca9d250c367b943743872abf4b53e5ffef9a,ok,False
P046031,http://documents.worldbank.org/curated/en/904751468770418312/text/multi-page.txt,200,171986,007cdee7d1f6a5446c1d4a06c3376cc14cb3c3cf61e9309c1dad0541b59532a8,ok,True
P046042,http://documents.worldbank.org/curated/en/530751468753278773/text/multi-page.txt,200,147287,0dcddb7831d335167d58b7a57836fa2493427dd5b880ffc6366663f64dea3931,ok,True
P046043,http://documents.worldbank.org/curated/en/315731468761958772/text/multi0page.txt,200,203205,b97712702abb77f36855523a1a34bb05d6817be3ab4dde747ef32b1fbcfb0e5e,ok,True
P046045,http://documents.worldbank.org/curated/en/617961468752125207/text/multi0page.txt,200,338283,c9174440d7ca943d318c4593e893deba2674d3737d6ebecfda295284c370a3b4,ok,True
P046046,http://documents.worldbank.org/curated/en/561921468773395834/text/multi-page.txt,200,125766,30eaf76d2e9b5cf1e6ac9b540d82a4df64eaaa4b586844b12070c7273863fd77,ok,True
P046051,http://documents.worldbank.org/curated/en/961491468746383927/text/multi-page.txt,200,279811,6f5b0f7fb9553c78bcbe5c4fe1c3b7d8c5b8ec81c81ea6b7b4521ab8dbee1129,ok,True
P046052,http://documents.worldbank.org/curated/en/268271468743396797/text/multi0page.txt,200,114649,1ef96d929f2f50da628d1a61ed2773c426692be8542f0e56ca7c01c8753693bb,ok,True
P046061,http://documents.worldbank.org/curated/en/304751468759262051/text/multi-page.txt,200,220817,1e62f34fc0178b872bb9b1540dca654412f186e8b314fe53b150cf5d05fcf870,ok,True
P046112,http://documents.worldbank.org/curated/en/444991468744060160/text/multi0page.txt,200,190424,1294414b41f3bba41e8d1f7f8b5c732e9e1d748e804e51466c01abee7a1d3d40,ok,True
P046497,http://documents.worldbank.org/curated/en/165011468763166805/text/multi0page.txt,200,273203,bbe29e173aca483fb1e2289dd3a555fed6deed250bbe4a41fc7a0a929be62cd0,ok,True
P046499,http://documents.worldbank.org/curated/en/614801468773395498/text/multi-page.txt,200,339749,f5856ea1337ae4a3a2c8c6e324b8f1feecba1e1ae8cdc506b9cc24c98a9b9365,ok,True
P046563,http://documents.worldbank.org/curated/en/185611468769290436/text/multi-page.txt,200,345316,456ff054adc18d937836b6f3e5e4e4aec79772234f06ed582e5caccb8f6bfe3d,ok,True
P046564,http://documents.worldbank.org/curated/en/698191468746386510/text/multi-page.txt,200,531723,aff3ff9dc1219ec707549a387f4169d561cb6a6c7b5e3dce2db72cd8fd7f6b87,ok,True
P046832,http://documents.worldbank.org/curated/en/339841468765303246/text/multi-page.txt,200,191715,38c35ff4f7a752b695c68d1451ad48a6e021d449e49e13f132e9b741c6ed7993,ok,True
P046952,http://documents.worldbank.org/curated/en/576221468770424230/text/multi-page.txt,200,190695,991876ff0a212380cc4eca119f4ded0fe410dd9e4b93d4a1caec9ae5cd5264b3,ok,True
P047067,http://documents.worldbank.org/curated/en/842091468780570606/text/multi-page.txt,200,117819,35c5d263041922a35fc16a6b27d53eabe12c143f32eecfe12e6f551067a0abcd,ok,True
P047110,http://documents.worldbank.org/curated/en/390141468765560618/text/multi-page.txt,200,95508,5106da3433cf3462760ed929e866a6e0a195b986788008004fb0bca54d389454,ok,True
P047250,http://documents.worldbank.org/curated/en/245861468744292409/text/multi-page.txt,200,293594,5e4116cf31bc61b580549cfb26a4edbbae9eb87aff1fb960746dca4c1c4e50a6,ok,True
P047319,http://documents.worldbank.org/curated/en/648531468759908020/text/multi-page.txt,200,552942,207025df9cb782335d1da59f94d23e0d2ac183e5b19f8aa3cbb7153152a23b31,ok,True
P047345,http://documents.worldbank.org/curated/en/556461468743985855/text/multi0page.txt,200,196667,266b93f8c4b1e241c39078f1ae2f9c4bd51119ab552195d1a5f4dbaf93b61afa,ok,True
P040653,http://documents.worldbank.org/curated/en/199581468280730417/text/312050MALI0corrigendum0Box10901PUBLIC1.txt,200,88,4e54db8ed3e1d356971051bd4984b2059bbb8a3fa38a2b55d1235f27a32eb001,extract_failed,False
P047761,http://documents.worldbank.org/curated/en/513981468760827487/text/multi-page.txt,200,121801,88f8efedbc44ba1025e32c194569c1beb26cea66988133d939343307b0dfff76,ok,True
P047762,http://documents.worldbank.org/curated/en/785871468760800091/text/multi0page.txt,200,168755,903a6164a66647a6ceabcfeba7efda407b9326b14f509729042c976790e78dad,ok,True
P048026,http://documents.worldbank.org/curated/en/354581468761368889/text/multi-page.txt,200,178079,2c0653e0c9d94597b4cbcc2d1f6245ec0366b7bf763918f57e22ed5d0c4e4102,ok,True
P044305,https://documents.worldbank.org/curated/en/234181468743694143/text/IBArchive-c568f59e-dd2a-480f-8157-cf747605158a.txt,200,190,9c1bdfad9bea2dd3ecae8b3600c3dfa9e128c8fb5b1becafd52dd932f817be58,too_short,False
P048204,http://documents.worldbank.org/curated/en/719251468770394993/text/multi-page.txt,200,173096,5e4767cae7a92c2e22880254e6916862ab8fcfeb12deac89f8619c46e96433fb,ok,True
P048315,http://documents.worldbank.org/curated/en/618471468760551061/text/multi0page.txt,200,284284,dcc8d0197e0e16f7add1bb3adf0a3e635f46fc91b756fa2f78a05eff1bfc09ad,ok,True
P048357,http://documents.worldbank.org/curated/en/234431468743395109/text/multi-page.txt,200,154986,fc4cb714b2de988ed859a2de5eea8200b2399ed4812f74c0240c20934ac76017,ok,True
P048505,http://documents.worldbank.org/curated/en/322951468761407500/text/multi-page.txt,200,213651,0a2bbc80e297e29958837de886177d92904b81dc327ae48840eb3c0ef61fdd77,ok,True
P048521,http://documents.worldbank.org/curated/en/176321468773733620/text/multi-page.txt,200,328921,f4e150dec91dbd7d4abcdf231a24d2cac4f0635b8f3bc1bbd5988aa30c391bdc,ok,True
P048588,http://documents.worldbank.org/curated/en/346301468780912355/text/multi-page.txt,200,164488,dcf48bef6ebc6bea3f2182c3e3c63c1d3eb4ad1a2a287727f5cd0ea32da116de,ok,True
P048651,http://documents.worldbank.org/curated/en/626401468771630738/text/multi0page.txt,200,202190,8e9508e2f4eba5deb9128a3e934eca953186371cf83d11feec257ddcfa739289,ok,True
P048652,http://documents.worldbank.org/curated/en/839491468749749860/text/multi0page.txt,200,247511,bffed3c830500ea496017d1d1fd24587510f2ec2ff36dc97d2bdd6a376b3d413,ok,True
P048654,http://documents.worldbank.org/curated/en/394601468771114785/text/multi0page.txt,200,100916,c1d5f1a76136a46d8c6963a65e15dfe2de05244a85ee1ac9ce94f04f109f17dc,ok,True
P048657,http://documents.worldbank.org/curated/en/151491468752062393/text/multi-page.txt,200,107230,c9d2119e79a66b6fd71f3fef89c56db47c9194e8d3e07136324ac255095f64dd,ok,True
P048697,http://documents.worldbank.org/curated/en/952781468757231339/text/multi-page.txt,200,80424,3740bc9b47f1f8d3e3408dcfe9b1a72e7a023b3eb6b5a912f164f7ce52c733b1,ok,True
P048715,http://documents.worldbank.org/curated/en/468991468752140323/text/multi-page.txt,200,178628,e64f8e46908a590bdc70dfc5ad7e9a0f2f02c8e28c606889240bc93c977da5e8,ok,True
P048756,http://documents.worldbank.org/curated/en/531671468749365559/text/multi0page.txt,200,126276,a0ea6b556c6766eae81660c2572f0aae53af19d2bf4eff7ff436953f1738eaec,ok,True
P048790,http://documents.worldbank.org/curated/en/304931468760199647/text/multi0page.txt,200,237198,b51944101b10c8261b735f2be710fa052e38ee82166c84245cf1ac00c0467b30,ok,True
P048791,http://documents.worldbank.org/curated/en/244501468773998573/text/multi0page.txt,200,232097,83a1cc1cc0fec1eadd4188ad18524ed88fb01f193d40349a74d9efc23d7bcb85,ok,True
P048795,http://documents.worldbank.org/curated/en/485101468749378851/text/multi0page.txt,200,453515,414c16a9c5c71a60d43644ba7a653afbeec013b693d384379832a9c2a5684036,ok,True
P048825,http://documents.worldbank.org/curated/en/549421468312322853/text/204130PAD0REVI1480IDASecM2009104101.txt,200,209867,db55f749497a1fa22ee6222030c6d39431086c461ab7b6b06857fa096e07161a,ok,True
P048851,http://documents.worldbank.org/curated/en/716631468779364606/text/multi-page.txt,200,135918,71a0a439726879d87616160281311822502fc1613baabb2ae47705b98f8b2dfe,ok,True
P048852,http://documents.worldbank.org/curated/en/650431468764690732/text/multi-page.txt,200,209604,d0d807dfd6a2b426d7ca399830faf82dc8d7a6eaa934389df682d0a4b6c79afe,ok,True
P048869,http://documents.worldbank.org/curated/en/762551468769761641/text/multi-page.txt,200,157992,31c6d543186832422d71110b813842affc77f75476d871798131fae12f9a6140,ok,True
P048983,http://documents.worldbank.org/curated/en/347691468746725804/text/multi-page.txt,200,143525,4591cf6bb3cef5c9e5a3b11b88d22ec19baca15e8f7b77b096d1f94191202804,ok,True
P049012,http://documents.worldbank.org/curated/en/611421468211465425/text/multi0page.txt,200,168313,d4ecd2c631141b521e7c3d49ec0b0f2a2a93b5429becb5bc392f233a5ab0d9d8,ok,True
P049051,http://documents.worldbank.org/curated/en/876531468752122606/text/multi-page.txt,200,139056,36843e739fe34ee8797fc3f40225cebd7a58480050ac060b5682b34651596e6f,ok,True
P049172,http://documents.worldbank.org/curated/en/742041468753006002/text/multi-page.txt,200,190121,d5d80fc5e51a1512f5c29656a88b3a40ea15617f1f7e8ff691d7eed6c59767c6,ok,True
P049200,http://documents.worldbank.org/curated/en/614631468776099046/text/multi-page.txt,200,263141,3f69ba5eabb3300d9be3339d68baa44f0c053233efc3ce437196592002cf852b,ok,True
P049265,http://documents.worldbank.org/curated/en/458211468769319667/text/multi0page.txt,200,362326,d0bf5c1c88da18c508dfc6213097adf4c98cb9ca179b180b0d6dfebf858ae1ec,ok,True
P049267,http://documents.worldbank.org/curated/en/523911468761436240/text/multi-page.txt,200,230429,7dbc4797ce7b8c47c816868ccb38690b85e634dab2a0fe29221683ac10db8153,ok,True
P049268,http://documents.worldbank.org/curated/en/664131468767394046/text/multi-page.txt,200,113933,f166ba6a7397585e63b1eb1b09ec4a93c24a4ab38bff7e9cd7753e4dccfcf6f7,ok,True
P049269,http://documents.worldbank.org/curated/en/881161468742174579/text/multi0page.txt,200,112320,7e299d0fbea41ca53d60ee06e7bfc21c8661a8f95a1340f78f9f66dbce3e4c27,ok,True
P049290,http://documents.worldbank.org/curated/en/250731468277466031/text/317640corr.txt,200,1020217,4edbe1d852922c318820415bf2b88056b702ac70b0c00a4714b7200319c87cec,ok,True
P049296,http://documents.worldbank.org/curated/en/431241468775538277/text/multi-page.txt,200,158746,36f4a63b98e3f72c08d0b3200003cac889c8fcb37f371023721cf5a7cf88cba5,ok,True
P049385,http://documents.worldbank.org/curated/en/865491468772781649/text/multi0page.txt,200,491453,1eb37dbacf9fd2fefcac2e60c769cc95454e5699d16101ece9380364f07b8aaa,ok,True
P049386,http://documents.worldbank.org/curated/en/735571468771079523/text/multi-page.txt,200,178310,2d929c5f4077792e22af531855e610594d8ca2f4b9af2a39c31290c5e3dbcc7e,ok,True
P049395,http://documents.worldbank.org/curated/en/875481468749772262/text/multi0page.txt,200,291306,0b127ce9c438d42b26d1d0c040d5424bdd411b841cc25c45ea043143541c2692,ok,True
P049436,http://documents.worldbank.org/curated/en/478191468768870548/text/multi-page.txt,200,339651,2229ba990d02d3e556e99d29861c602a51b467df847266be498d0e15f4669513,ok,True
P049477,http://documents.worldbank.org/curated/en/608731468750029082/text/multi0page.txt,200,249270,c3dce985670bb324a72e47b9e7e182e301e572e6d53a124a63c453c4f6f8f393,ok,True
P049537,http://documents.worldbank.org/curated/en/337261468771642769/text/multi-page.txt,200,456347,d4082b67fd75e2a152fc0c86587d3bf75d2fa8af61ec839132bff5a17fcc71ab,ok,True
P049539,http://documents.worldbank.org/curated/en/934011468752346541/text/multi0page.txt,200,354887,dfdb223401ec6ade4394a912cf9f7a01f6dc5bb0b2243d47ef08af49f66f371f,ok,True
P049545,http://documents.worldbank.org/curated/en/254781468771711084/text/multi-page.txt,200,282258,c460e5453b4f529936308cda44c72ece687446bd290c705c168372dbbbd217bd,ok,True
P049581,http://documents.worldbank.org/curated/en/294581468773394111/text/multi-page.txt,200,149343,764612c6c7089e71d9824fb8856b1c6f3e11dee7f918b3e8ee33719672b04d37,ok,True
P049582,http://documents.worldbank.org/curated/en/431911468761430772/text/multi-page.txt,200,195260,37c25694adf2f1a3dce8d1db9fcdc5b634bea28ea88116aefeafe9dbf6bf0193,ok,True
P049599,http://documents.worldbank.org/curated/en/767351468752969271/text/multi-page.txt,200,231126,5937281d802acf14517e909c301b17163ea136a0ad6de3e75e62e68111ec7bd5,ok,True
P049616,http://documents.worldbank.org/curated/en/923521468749358293/text/multi-page.txt,200,284701,f4fbf622c8644f8b692a151dcb37f3fe95257382630229c88d4f68dd14360787,ok,True
P049618,http://documents.worldbank.org/curated/en/645421468774534904/text/28825.txt,200,251147,f0f26204ff538bc39e0aad1b4837cc6b191f92c02d402dfa101e5be26dd937bf,ok,True
P049621,http://documents.worldbank.org/curated/en/467141468761691064/text/multi0page.txt,200,331274,e6480f07d21a62c9c42da125d02c40f07a1929d3399d622f1541be1597cfe794,ok,True
P049665,http://documents.worldbank.org/curated/en/331181468743971962/text/multi-page.txt,200,264840,c1c9da97461ac5d898cedbcbd3a9bde332bc2981e61b78d620ee387715ffc51e,ok,True
P049700,http://documents.worldbank.org/curated/en/314601468771881312/text/multi-page.txt,200,252293,56af9a9325e6afa587a146e6025c634d283a520b234b28c2a52c5d9b8aa7f647,ok,True
P049702,http://documents.worldbank.org/curated/en/305161468770114184/text/257560EG0PAD.txt,200,256009,bbf83e2d7d2e7e9ed7de01911539a8ed3d6742fa73ae607700f50ca4dc9a2659,ok,True
P049716,http://documents.worldbank.org/curated/en/840261468771250131/text/multi-page.txt,200,181536,c0dca45ad936f6c84dd4c0536520e0c73a3456563c7e375d6525a481e1260af4,ok,True
P049718,http://documents.worldbank.org/curated/en/285441468761050547/text/multi-page.txt,200,276717,3b789ac4c7b7af80badbfc847d138e38008e80bcd0b89cdcce1daee9e805fd78,ok,True
P049719,http://documents.worldbank.org/curated/en/839061468758687030/text/multi-page.txt,200,181316,d76ff88bbead02dc1349981e6fc5868f1618c189c981d42ec259616f6c10d9e4,ok,True
P049721,http://documents.worldbank.org/curated/en/338901468272068563/text/31939.txt,200,228887,6c9b8cb2b9e349c13c094c2f2552308a35b9e5ec8813e14fdb244c1ba244e4f8,ok,True
P049723,http://documents.worldbank.org/curated/en/675441468772460409/text/multi-page.txt,200,240437,e48b9baac01b25910629cb266d006cc0cfc88d256f78658a4bbc1a136c83f7aa,ok,True
P049724,http://documents.worldbank.org/curated/en/922371468772487066/text/307030KG.txt,200,251980,0d3d2cf203858c9939eda4e4332fe8da168c0e013a3776655bf5ac78f0ed087c,ok,True
P049735,http://documents.worldbank.org/curated/en/173291468767062502/text/multi-page.txt,200,164759,5eb54701e20a39f3eea8da494f65b4faf77e17962c4b16f07cffea109385a73c,ok,True
P049770,http://documents.worldbank.org/curated/en/808141468771673328/text/multi-page.txt,200,299589,387919e2b1a20c4e1b625dd758a1bc403ad2a6c837bae25ef9dae49044220f08,ok,True
P049789,http://documents.worldbank.org/curated/en/956021468757827104/text/multi-page.txt,200,187617,a5038dea0242e346981717bcffce2757f4a6a4df3be08c9b3bb078dcaa41bd8e,ok,True
P049790,http://documents.worldbank.org/curated/en/732891468768721225/text/multi-page.txt,200,417115,575ff209decee81037558ba638a4de2d1b46dcab10f8782acbb2edaee3a204a0,ok,True
P049791,http://documents.worldbank.org/curated/en/569921468775828655/text/multi-page.txt,200,282947,987bc487ca852ba9ce40f99478638235fac3090fe19a0216ca64b029960b53f6,ok,True
P049838,http://documents.worldbank.org/curated/en/675651468761369235/text/multi-page.txt,200,159934,851b8f8f15f00b2a69dc1e74c2c75ba7adc4ce79752b29dbdaa4cc00d2b2d4fb,ok,True
P049874,http://documents.worldbank.org/curated/en/957861468758089224/text/multi-page.txt,200,240324,0bddcbab42af8196d7927746ac82079630663e6f2385d6c6f539fbf78840f4c4,ok,True
P049892,http://documents.worldbank.org/curated/en/332731468768651814/text/287760IDA0R20040012001.txt,200,146195,bda52be25d8b70449c7e2edf11e7a0ed92150b1ba416e22f35f2d1f2ea9feb61,ok,True
P049894,http://documents.worldbank.org/curated/en/203901468765295678/text/multi-page.txt,200,236075,ebf9738e964645bef9b9732f0cdcc53a4183276b44f391a754cd9f1e2fd98ccd,ok,True
P049895,http://documents.worldbank.org/curated/en/544671468774602801/text/multi0page.txt,200,241821,f2c8bc9ac8dc9186e0e3a122a86f1531ebbe6c8dbc582bf158d19f2814b1f6b7,ok,True
P049924,http://documents.worldbank.org/curated/en/308331468751788751/text/multi-page.txt,200,299732,e9249d89db3192243308c27ca2fcc6f2b89ec990aff006dcfab5ea692a99e8d0,ok,True
P050036,http://documents.worldbank.org/curated/en/810721468769183651/text/multi-page.txt,200,221471,1a3a0982558c98131e301b326a114cd39d8ffd5d316b9d27416d57ef68e5fac5,ok,True
P050046,http://documents.worldbank.org/curated/en/135541468771250491/text/multi0page.txt,200,511484,a608f8b15bb245ed071f65e0dc208727141946c7dad95c4f143116a7121c77e2,ok,True
P050272,http://documents.worldbank.org/curated/en/612391468774685881/text/30758.txt,200,275593,51c4075b551f24b1f6bf61ee27556f64df62afaa24a29353df751a4161703f45,ok,True
P050342,http://documents.worldbank.org/curated/en/864311468749088394/text/multi-page.txt,200,197373,6edb40f34b04556b22023c1d091bf57a1ae317228cba21f9392b1549712b9479,ok,True
P050354,http://documents.worldbank.org/curated/en/686181468770706216/text/multi-page.txt,200,110646,42e6ff4e0fefa1a3bd2721fd4202444df57e76db9049d5f467692058251d6607,ok,True
P050383,http://documents.worldbank.org/curated/en/961051468035488068/text/241110PAD00REP00020006310BOX358358B.txt,200,315516,9cf07c30e7929ad7245b1bdf3fdb1ae4bad9a7ce556b50af989366045c4f938a,ok,True
P050400,http://documents.worldbank.org/curated/en/716351468764097563/text/multi-page.txt,200,321464,d663caed3bc6b87c4a46adbfd7bcd90ebdc7e207c962470f378052b543cd9bda,ok,True
P050418,http://documents.worldbank.org/curated/en/513331468778166163/text/multi-page.txt,200,170916,d5ea39dcc8aa07af737d6438b6b5a2435bd31ed316d7708ac1d42cbfc4bd9dca,ok,True
P050439,http://documents.worldbank.org/curated/en/745271468760537072/text/multi-page.txt,200,274887,366b9c015120b3fa766e3efc924037333d5001dcb5ab01da8f79ad15fd66fbc5,ok,True
P050440,http://documents.worldbank.org/curated/en/916231468308933815/text/35616.txt,200,419029,f19a666c26e8c80b9a3296ffc75382f7cadd36c55b7b01091fdcf0063a008ed7,ok,True
P050441,http://documents.worldbank.org/curated/en/965381468765031484/text/multi-page.txt,200,101745,5457cd438e6983799d3b7237a37d5fcbb3c6ad7da037c127e946495224ea62b2,ok,True
P050474,http://documents.worldbank.org/curated/en/743531468759300039/text/multi0page.txt,200,263223,a4b3b26d0c42fd524fe0483d5f4d7c27aadc5da36edc941f2aa012b8ec16f7bd,ok,True
P050483,http://documents.worldbank.org/curated/en/841241468764089167/text/multi-page.txt,200,279199,e735704a7070b6ac4e6143b8e124dce1e444385138b7bee2b2ab74db68642178,ok,True
P050484,http://documents.worldbank.org/curated/en/519221468773401964/text/multi-page.txt,200,334320,3383233fab1562b043529959028195c47701c4b452542429baa2d2883372f4d9,ok,True
P050487,http://documents.worldbank.org/curated/en/896041468759002835/text/multi-page.txt,200,204854,a4dba9f06bd4eb37acdab4af534f92f1778dffda771531d0a824e2d33b4d42af,ok,True
P050495,http://documents.worldbank.org/curated/en/253821468778218074/text/multi0page.txt,200,228819,fd5fe8c3b2cc9d9d7b3a58d0a11268889d878ce803dc6d554015b47ea4fb7cb4,ok,True
P050508,http://documents.worldbank.org/curated/en/569371468779116640/text/multi-page.txt,200,186843,33a3dcd8813d133015a2ea6cc46c8564e2ca4850b1d306537a458967fc06324b,ok,True
P050529,http://documents.worldbank.org/curated/en/618271468757483917/text/multi0page.txt,200,630629,0060b555baf65b6c3e863f05b098c72652535c391fad21bb7619ec3045452c78,ok,True
P050530,http://documents.worldbank.org/curated/en/410591468764086814/text/multi-page.txt,200,289801,225cf7291ac4e31a232d0988b145a26bf02013fd9b3cd9519f53723bb92a843b,ok,True
P050544,http://documents.worldbank.org/curated/en/277131468772489688/text/multi-page.txt,200,241908,fbbb8a2ae5ddbad648382113e645ab9ce8077655ef64ebd5b608fa5d8ee52066,ok,True
P050567,http://documents.worldbank.org/curated/en/801491468025762818/text/376870EG.txt,200,272729,d0d8b86bc73c243ef9fcd83e3a791e97cb21e1eab082cc40b1618e68b2dee120,ok,True
P050576,http://documents.worldbank.org/curated/en/659301468770953135/text/multi0page.txt,200,226202,2fe07145b44af37404529e5d064945dcee89491f2f2f08d4eca4f94c87663f05,ok,True
P050578,http://documents.worldbank.org/curated/en/337641468770421159/text/multi-page.txt,200,279378,ad8ca271ee3712ceeab5f39a63b913837c5ebb08d134d745f2df6bbb3b1f44fb,ok,True
P050589,http://documents.worldbank.org/curated/en/827781468756939086/text/multi-page.txt,200,142929,00e21cd76d32955fe6e0aac4e88fbd5e228af425fb4d226e60102fc527a05106,ok,True
P050595,http://documents.worldbank.org/curated/en/300171468775146791/text/multi-page.txt,200,437282,ad8146667797e7ed31b5ce59338abbb6916f5774d9d692c99e101d92657e3bdc,ok,True
P050601,http://documents.worldbank.org/curated/en/932001468769834027/text/multi-page.txt,200,98563,27b0b356b9f6894ae74211ba170d57450b285518a477d05309a441ded0f9a55b,ok,True
P050612,http://documents.worldbank.org/curated/en/484591468751773277/text/multi0page.txt,200,240451,59b16481bc67b6683a3684b50dca617146f3d7bcb0ba83f99911d8071412e56f,ok,True
P050613,http://documents.worldbank.org/curated/en/209511468775815823/text/multi-page.txt,200,316145,371d6d3705481823b0a63425181efc62df921bdcd86aa16d4149d75ab7d12721,ok,True
P050615,http://documents.worldbank.org/curated/en/848451468771579060/text/multi-page.txt,200,256756,de0b7a624fe22da67e50ef840509d22849e2058839fd04e93536b3c29badb032,ok,True
P050616,http://documents.worldbank.org/curated/en/302111468771068673/text/multi-page.txt,200,170678,7a4b7d46303b5212438818f290f94ce9fee20f8dc7911bfffbac1870d7a90d69,ok,True
P050620,http://documents.worldbank.org/curated/en/144341468751787623/text/260900GH.txt,200,393894,f93b55bac3c626cd8a5ec3ba315f0afae14752316d6b4ba3c2ca5a0650f191d0,ok,True
P050623,http://documents.worldbank.org/curated/en/104941468749980928/text/multi0page.txt,200,234166,7650e29870d4bd2efab372907a500de8e9079a5aeaa2e91969de6522357a1a43,ok,True
P050624,http://documents.worldbank.org/curated/en/172291468749980148/text/multi-page.txt,200,272861,c322e95defdaa0b30dfe1808355ff65a3da8970fb2176705ab61b0179d115e94,ok,True
P050637,http://documents.worldbank.org/curated/en/296551468752770595/text/multi-page.txt,200,234268,324259a1470ab5025c3abe3a9d93eb64190ce5c2d486fd6a51d6914ad90229be,ok,True
P050638,http://documents.worldbank.org/curated/en/180381468772766730/text/multi-page.txt,200,153133,47a6752a10c90098c71fde035d8aef9684e7d0ec1fd05c4577373dfe04958774,ok,True
P050646,http://documents.worldbank.org/curated/en/445461468756336237/text/multi-page.txt,200,430345,81a81d3df2e20aa00a6e3579928388c5947d32e9daa3791cdc0995643b2ae4f5,ok,True
P050647,http://documents.worldbank.org/curated/en/956151468772764016/text/multi0page.txt,200,361739,e5cb7225e473a107e02a81111132a6a26b8e2e042853124b4b677e129acfaf82,ok,True
P050649,http://documents.worldbank.org/curated/en/485581468756597539/text/25056.txt,200,288464,065972091405788e97a420d61d8dea85658fa6efdbdb9745c74c09db6cc9d54b,ok,True
P050651,http://documents.worldbank.org/curated/en/361341468774926400/text/multi-page.txt,200,258918,0442bc3a658b8201912110e089e9e44f680931e6c56fe44d2ce9d741c5445424,ok,True
P050653,http://documents.worldbank.org/curated/en/831601468771674312/text/multi0page.txt,200,308096,0c9c692e842248e96eee7cc0a877241be66028f53c6641152b3177ed850ca63b,ok,True
P050655,http://documents.worldbank.org/curated/en/303201468750256862/text/268230IN.txt,200,352844,c5d930872d84b3a530688f1f2187a05dcf07540c159a371e4ad20c7a7184022d,ok,True
P050657,http://documents.worldbank.org/curated/en/378911468772739039/text/multi-page.txt,200,237602,d4e38a9f60959dac791ab92c0e9c63bec9a0a66108bb9ecfa9d1f58c3b8eaee8,ok,True
P050658,http://documents.worldbank.org/curated/en/354771468772739447/text/multi-page.txt,200,275049,86d13370bfbab6c9c250906730b05f31c197d32d0e5d96c34ad0bad7f5c07a02,ok,True
P050660,http://documents.worldbank.org/curated/en/780931468776040902/text/multi-page.txt,200,232027,a8070cbb3048b4fbe27177bce232076a7f247c3741d2de8a7460d742f590f056,ok,True
P050667,http://documents.worldbank.org/curated/en/630021468750265112/text/multi-page.txt,200,267731,5a57b39f9196b5fab18d2f26e4cf1c9953371749f4c249802ffed25a05728751,ok,True
P050668,http://documents.worldbank.org/curated/en/611341468266452381/text/240040IB0multi0page.txt,200,378995,2d54bdb5b8f8931f2e9a11a8b1459529fedfdd1f452a4600de0cce2fd2a34af0,ok,True
P050671,http://documents.worldbank.org/curated/en/444471468775542700/text/multi0page.txt,200,169031,08544bcb4d0c4aaec53512a8719fdc6033166b418b42dbf172d820efd021abe3,ok,True
P050706,http://documents.worldbank.org/curated/en/998961468781474055/text/multi-page.txt,200,202120,89c192631ec7e94bd12118d3a58709e803658a25287f5eca4179480217112498,ok,True
P050713,http://documents.worldbank.org/curated/en/916041468741873696/text/multi-page.txt,200,99491,57cb6ca5f93cab412ebaaf130734695671b75a1c1607b2343ff64dfbb7d10134,ok,True
P050714,http://documents.worldbank.org/curated/en/481051468741668967/text/multi-page.txt,200,169944,13916debbfcd243ee3c0935bee06b6bc846c5fdc00dba802024cac95f3571641,ok,True
P050716,http://documents.worldbank.org/curated/en/561931468125373364/text/403820Uruguay0PAD0R20071017011.txt,200,335514,3718966e2cb5afddaea4f47512281c3f4c853cb9fd9c325d435194d1919c88a3,ok,True
P050719,http://documents.worldbank.org/curated/en/357771468772454007/text/multi0page.txt,200,182919,51a406625ccd81e20bc4c4dbca24f53773c5e67fb8a7ef698b6297a21864d5bc,ok,True
P050731,http://documents.worldbank.org/curated/en/853271468751794455/text/multi-page.txt,200,368856,204eeecf4010bb631519667e1d48fdabfa6bc866a5e5502675fad9cf355d1187,ok,True
P050732,http://documents.worldbank.org/curated/en/901881468770631347/text/multi-page.txt,200,252584,5979b2ef8eb62c7f580f8a50717ef41fd4e0be1af58906cb43f6231659c775c9,ok,True
P050738,http://documents.worldbank.org/curated/en/418081468781158319/text/multi0page.txt,200,234902,7305a3839ea2be192d510f45374a796dcdf0c8daed627a3890ce0f17adf35e11,ok,True
P050740,http://documents.worldbank.org/curated/en/440651468760786826/text/28915.txt,200,252999,4f90aa7536317507675d0152a24ef35f041c513dfb201220d53dce18ab0907cd,ok,True
P050741,http://documents.worldbank.org/curated/en/815441468777043559/text/25386.txt,200,312136,7081e7c9e805cce113b3f167b96c1bc6e7cc28ffe3bfd4405752239f85929ae9,ok,True
P050745,http://documents.worldbank.org/curated/en/914981468768636950/text/multi-page.txt,200,159923,0dda90ba3f4cfe4c5470f0057260f470c0bfc2320e2c57f55c8088dcf653bc73,ok,True
P050751,http://documents.worldbank.org/curated/en/842531468767994902/text/multi-page.txt,200,241859,8fa875109a3b67b72c358e9f36a4e35bea2a1fc27d865ff1637722a739006b88,ok,True
P050752,http://documents.worldbank.org/curated/en/127591468767997175/text/multi-page.txt,200,275093,cfe2d405b8964d67cbe239118c81aba5dc9c8d326f443bd18ae33795698f25a1,ok,True
P050761,http://documents.worldbank.org/curated/en/980261468020975540/text/31691a0.txt,200,252658,7d9d85aa6ffa0b327a1545676c807fe3562ca6f28239735ee4913b11330e421c,ok,True
P050762,http://documents.worldbank.org/curated/en/849721468741907543/text/multi0page.txt,200,285602,397b51ddd49dba67c4ad1bf1acef63c99aca616f11ad45eb0a0c697d2d8d80e1,ok,True
P050763,http://documents.worldbank.org/curated/en/516821468769865297/text/multi-page.txt,200,392100,51888a7825f5484fb60e72ac28ba2dcc2b36a2185e411d9cb530ca20f4e30978,ok,True
P050772,http://documents.worldbank.org/curated/en/945511468769318714/text/multi-page.txt,200,214747,9673fea04b573e983477cd3c2e058cdde295be9c104987d3e7db2190a0dbb3a0,ok,True
P050776,http://documents.worldbank.org/curated/en/913451468770128981/text/multi-page.txt,200,383896,f680750f62d9cec9bc124ce25e1b9ac93f2cb84de7e532248eb4d591b2086327,ok,True
P050875,http://documents.worldbank.org/curated/en/676331468743712861/text/multi0page.txt,200,313325,fe7ecb1670ae7ae52ef7bf82f5185563c1c425f1d7249030f20b9180a32d056e,ok,True
P050880,http://documents.worldbank.org/curated/en/614961468742504429/text/multi0page.txt,200,310909,fabb8435c384a242c78f7e20dec68fbcc01cc776c662205fabd7779be00fb05a,ok,True
P050881,http://documents.worldbank.org/curated/en/638471468743759829/text/multi0page.txt,200,308025,0f0870ea1ec14ee4098424331690bf5e6aa9ba153b301efb6b0b446c0793dfb0,ok,True
P050886,http://documents.worldbank.org/curated/en/251461468742508091/text/multi-page.txt,200,127665,fa2ab48417db26cb149fcccd731831abf6f2a8d361b925f3ee3a1cc2038880f6,ok,True
P050892,http://documents.worldbank.org/curated/en/905051468740694226/text/multi0page.txt,200,132236,70f60cb70414f91c43214b01b15dfe4cdfa33d903c093daa486f3c2b3583f5b6,ok,True
P050911,http://documents.worldbank.org/curated/en/722571468749062532/text/multi-page.txt,200,204667,5991ccd2020cd5844a3dd521861ee3ee1a3b17287ac308b27d1d2765be66b097,ok,True
P050938,http://documents.worldbank.org/curated/en/787201468750311018/text/multi0page.txt,200,160490,96014eb60f7108a782727b618d943bcd0d7c1f43ef7b0e63d572ff5f08d801db,ok,True
P050945,http://documents.worldbank.org/curated/en/794141468761375158/text/multi-page.txt,200,233861,84398b8ca2620d8d44ceff848d968b9df2cc7eb9bb5341239ec5738d33508856,ok,True
P051124,http://documents.worldbank.org/curated/en/153121468757802917/text/multi-page.txt,200,128505,75c75c50b81e7baf83a7cf3da66d4c8b70f1e2789753ffa5fb00d045babe10c0,ok,True
P051173,http://documents.worldbank.org/curated/en/912971468756611602/text/multi-page.txt,200,154252,f5377891c25aaccd30cd714a41c0b1ce9a9f1dac386b8d6d0d03faa06a39c5db,ok,True
P051174,http://documents.worldbank.org/curated/en/415541468779961565/text/multi-page.txt,200,240419,b5d4ff6d4eea3647087502a29fdbc6941d8af42ce88697f8c9375979b7cb5574,ok,True
P051272,http://documents.worldbank.org/curated/en/823041468775585827/text/multi0page.txt,200,198886,39f96a477bf774529bae578e190b249ad1ca48f0f873f0e9aed1f70650f36f43,ok,True
P051273,http://documents.worldbank.org/curated/en/176191468770948403/text/multi-page.txt,200,393402,e39710fac31581c6108af69540f280f03a3d5902c9332ba2e8ddc575416ee5de,ok,True
P051306,http://documents.worldbank.org/curated/en/878591468770447015/text/28656.txt,200,248595,8ccedcecf102ccff7f57a2229e8d0452e7c200d9b10274224dad0be7a628ecdb,ok,True
P051309,http://documents.worldbank.org/curated/en/644281468767684276/text/multi-page.txt,200,126628,6020344928b42a4927dac4b94d168e661150f7ec559fc432964f154675f6a082,ok,True
P051310,http://documents.worldbank.org/curated/en/192291468767658763/text/multi-page.txt,200,290006,1ed2e6977138c07b1dce20fa91ac59b65682e797da389a8750537b58c25055f1,ok,True
P051370,http://documents.worldbank.org/curated/en/839621468761959487/text/284850UZ.txt,200,300190,3b321a3a0c4911999281da45db28edc8b1ab60f757bfbdc42f112096ac2d06b6,ok,True
P051372,http://documents.worldbank.org/curated/en/208181468776986817/text/multi0page.txt,200,405291,dd8315432ff610445e700d91f217eca2190b43e281efbb3dae484e35750192b0,ok,True
P051386,http://documents.worldbank.org/curated/en/833991468776741806/text/multi0page.txt,200,112856,5d653604e8cb3f675d56305523576daff29afea114b63925c53b89e9aa9a7f59,ok,True
P051418,http://documents.worldbank.org/curated/en/737961468781509862/text/multi-page.txt,200,247220,d3f91984a0e91794edcdc924cc9212e3dc97fabdf9111768cc794541aa98cd67,ok,True
P051553,http://documents.worldbank.org/curated/en/997841468765282525/text/multi-page.txt,200,289166,821c3fdd0e4058a7dbe138f49ca1e85c5530ac76ba7d5cb59ef632d218bc0433,ok,True
P051564,http://documents.worldbank.org/curated/en/361281468779384866/text/multi-page.txt,200,217321,d60e9bc9852a9e99d9d0f3cf6ff562a185ced94ad8379f706d630c2b9bd2144c,ok,True
P051602,http://documents.worldbank.org/curated/en/327171468768317080/text/multi0page.txt,200,117030,120053b5edb45200347119cf8146a5105272552973910186962e90c5d91147bd,ok,True
P051609,http://documents.worldbank.org/curated/en/713351468760176765/text/multi0page.txt,200,343034,62b52fd64ce76ecfbd91644a9f0c5dd85826b23a072a7ad2ce4b4b6396113d20,ok,True
P051610,http://documents.worldbank.org/curated/en/816121468764075152/text/multi-page.txt,200,124337,fcc98687cc086933956cb7f99293a0c6e9b27b56cdddd8d60c9fe58dc26c9b74,ok,True
P051696,http://documents.worldbank.org/curated/en/504331468769492725/text/multi0page.txt,200,244292,5a1a8b28e0f9b957e2b2fccc0d358d1a9c9f7588d41bd19c612a747db4967876,ok,True
P051705,http://documents.worldbank.org/curated/en/727671468746655868/text/multi-page.txt,200,369243,d0efece0c674ebd07b3da6d748d072325c6ab1671077293b711eb7965c8209f8,ok,True
P051736,http://documents.worldbank.org/curated/en/481481468769158827/text/multi-page.txt,200,248602,226cce3c8bda88de6bac064f6257574b7f533b315d5f0830953f9f6f2fa86345,ok,True
P051741,http://documents.worldbank.org/curated/en/645331468773059454/text/multi-page.txt,200,321809,997fb54b2ea02772e3fe078ece2121de03f2b87197342aba54d5a2584ad1d373,ok,True
P051838,http://documents.worldbank.org/curated/en/828591468782352998/text/multi0page.txt,200,256516,97e45e4f64c0512df4b54d6fc19f7665461ed04a75be5b0b38542a337892a239,ok,True
P051855,http://documents.worldbank.org/curated/en/727091468773760580/text/multi-page.txt,200,186924,a2571664f4c6b0b27e4a522a881b5a5bd90d12128fe943ec8bd6a304fc87b6ac,ok,True
P045915,http://documents.worldbank.org/curated/en/720801468768838258/text/multi-page.txt,200,130,72dc11a3664bb221969ff451deca5489d8cb46e7f26137f1f867a0bf519d2d3f,too_short,False
P051859,http://documents.worldbank.org/curated/en/491881468743144356/text/multi0page.txt,200,336709,a180bb1812efa3bc91b96e9152a5a408e51dff899b324d71a03dbb01d1e161cc,ok,True
P051888,http://documents.worldbank.org/curated/en/891181468743707719/text/multi-page.txt,200,279068,f21cdb3831ade05cca971f887d027d1ac2e220463b0101fb5b06fd5e81ff946e,ok,True
P051922,http://documents.worldbank.org/curated/en/518131468773383107/text/multi0page.txt,200,285778,769de2737ea3304b9a718a6576a093b7f01b3881a220cffd1fcd29a598ea915e,ok,True
P051931,http://documents.worldbank.org/curated/en/848391468777982563/text/multi-page.txt,200,111257,da79303df10fe5c410a0fb21e464098fce54da86d5ea5bafb4736eb955c876ea,ok,True
P052021,http://documents.worldbank.org/curated/en/624541468775151432/text/multi-page.txt,200,200830,52d71f77f8b6cd233d8b31a0617d2d5f7039eb556573f2ff0ca2f698f35158fd,ok,True
P052037,http://documents.worldbank.org/curated/en/879831468779660957/text/multi0page.txt,200,276208,49c17e046e39cf96720d8d8df51c3ad6624e94f8b9aefde606f56a50bee3ef9f,ok,True
P052080,http://documents.worldbank.org/curated/en/827591468775536962/text/multi-page.txt,200,218971,c3ef12e124170fe4226feaca6057d755ccdf9563e1d5bb8ae2fff60cbafd3995,ok,True
P052154,http://documents.worldbank.org/curated/en/802491468771549108/text/multi-page.txt,200,216033,43ee3197ac6961516adf474a0c105efb3d77910157986c1b31ccf4f58759c60b,ok,True
P052186,http://documents.worldbank.org/curated/en/459871468776993462/text/multi-page.txt,200,268049,63bc8b7303d48d60d5d65297a114195ee29dc06f52a6f5f3bd0b0fb63ebd9ab1,ok,True
P052208,http://documents.worldbank.org/curated/en/313111468773117249/text/multi-page.txt,200,326073,da0b423243b2d54889d8081bf6bb985c9d62cbce4acae39957138e0a3c8594d9,ok,True
P052240,http://documents.worldbank.org/curated/en/657721468758087935/text/multi-page.txt,200,238416,6c59391b7e1cdc1dc9c4ccde4adfb701dd21a088a106f9a5e4205c257343c9ca,ok,True
P052247,http://documents.worldbank.org/curated/en/535051468758127882/text/multi-page.txt,200,170288,102b3289a7d1e35733e94bf8dfbe604a48c5200bac5d908a27752bd786a0884a,ok,True
P052256,http://documents.worldbank.org/curated/en/610771468236358557/text/331650BR.txt,200,228578,dd013fe2c796f806500f409a008f9b7b34dafcd8b359423c06b1d304fc83ae6b,ok,True
P052263,http://documents.worldbank.org/curated/en/568251468765015019/text/multi-page.txt,200,91038,297e12abb41e31c55a309f159457d8c4aa2723166da7f935788e5e82574fc900,ok,True
P052293,http://documents.worldbank.org/curated/en/757391468777014459/text/multi-page.txt,200,297529,98b96514847eb3b15522644ed0f05df636eef5d2bc9c9b896b7133aa09a79f8f,ok,True
P052297,http://documents.worldbank.org/curated/en/989981468774267355/text/multi-page.txt,200,122356,a7e98c624bea463e63c3c888f54ef38524f31975bd572cf0723dda0eb6a581bb,ok,True
P052315,http://documents.worldbank.org/curated/en/150521468751756638/text/multi-page.txt,200,160634,f170fd4567a9832cdc5a157e19f19052878845ba9efe30a3604207524ddbc584,ok,True
P052368,http://documents.worldbank.org/curated/en/647641468763788663/text/multi0page.txt,200,323697,24af7251608f86cbaae52f2d287dd5e72e315db3e1c112332c28a73982bc4663,ok,True
P052400,http://documents.worldbank.org/curated/en/904551468769816132/text/multi0page.txt,200,387798,e0f4f777097bf4d81e2afb575186e27322bf836d788b27e267ccb79d148b67ac,ok,True
P052402,http://documents.worldbank.org/curated/en/335391468774853249/text/289190MLI.txt,200,312860,bc7a4641af4ec6c6304fe58e72d2dea777a2df95a42672f293be01705a2e3e16,ok,True
P052590,http://documents.worldbank.org/curated/en/410511468741670325/text/multi0page.txt,200,173406,03ac70947301741bd320e317a83ee0a01b55d08f79ac35383a73c40530f8593f,ok,True
P052608,http://documents.worldbank.org/curated/en/547181468031562188/text/39088.txt,200,1252648,906bd9efea4902bca59005a4b07ed7f79033e5d813e5edfc7a17f6e8e2f158ea,ok,True
P052705,http://documents.worldbank.org/curated/en/975061468770927553/text/multi-page.txt,200,304262,e1fcd24c482437b306eb4a20d5430dfcfc07ded739ea744e9be5dc1b86227a9c,ok,True
P052736,http://documents.worldbank.org/curated/en/522711468770737657/text/multi-page.txt,200,104272,03f005419984ce713692d7304a76b24c065e5b4aee666284f53fed88f4914edf,ok,True
P052887,http://documents.worldbank.org/curated/en/309071468749954120/text/multi0page.txt,200,224328,69cf58c66b9feba644ccbcc1efd5133ea06d748834f35fc063ef417873b98873,ok,True
P053200,http://documents.worldbank.org/curated/en/576931468756999598/text/multi-page.txt,200,278848,2f9447ad0f409d61441fafaf31735691ed076320166ef4646981045276caaffc,ok,True
P053243,http://documents.worldbank.org/curated/en/448071468771878774/text/multi0page.txt,200,187609,764a9671ecbc890d29dd870eb057fefa2ae376d9f4884124c988cdbd57e715f9,ok,True
P053349,http://documents.worldbank.org/curated/en/811071468770408948/text/multi0page.txt,200,622599,93954a4f0348c840860f02f1544ca306cc96f0d4306e0c57d2dfb8387ed364b7,ok,True
P053575,http://documents.worldbank.org/curated/en/461461468752084088/text/multi0page.txt,200,310715,6b01247fd54e03377abf1a8fd7a4560c100508c85c1d3fb35d72de727f9587eb,ok,True
P053578,http://documents.worldbank.org/curated/en/203291468742526374/text/multi0page.txt,200,309899,7fc7db578d4bc663e1ca571bfb3a6e4fdfa827fc911057dde58eeacab51af9bf,ok,True
P053616,http://documents.worldbank.org/curated/en/860921468764961726/text/multi0page.txt,200,98927,bd8a7726e5f0ae71e572f80adf529027d66ec62775e007039e8b4da63e44ba6a,ok,True
P053705,http://documents.worldbank.org/curated/en/950941468760196525/text/multi-page.txt,200,103016,8ca75093f4295635fc716661a66b19af3077aa545600883f6ef70d2ddc0688fb,ok,True
P053706,http://documents.worldbank.org/curated/en/686311468775151765/text/multi-page.txt,200,102269,c138331212ebeba5a059c1b1fcfc812db89cbf81cf585971d5de7420f795a511,ok,True
P053796,http://documents.worldbank.org/curated/en/116181468759285898/text/multi-page.txt,200,109282,4f7b8a41607e897000f6e7765d223a1effbb26d706f1983bc58e3af278980239,ok,True
P053830,http://documents.worldbank.org/curated/en/789491468759017193/text/multi-page.txt,200,302190,b6e16563f14bc8d700e333fadb976c3aacdbd62a2682eb764e3b7116be5eab78,ok,True
P053832,http://documents.worldbank.org/curated/en/211431468751799298/text/multi-page.txt,200,339911,bca3471bc83be520fde55c52cc17a2cdd77614ea96d6e2a4ccfaf86ff6d88cec,ok,True
P053892,http://documents.worldbank.org/curated/en/221361468779450522/text/multi-page.txt,200,193800,d535927c8e430680d6a997f2e4b91d276099986264730c06530b1acf457a5636,ok,True
P053985,http://documents.worldbank.org/curated/en/761471468780353844/text/multi-page.txt,200,235664,fcb223c468965398f359f1165e5d88bfd1661287478489770d875bb7cac9ca27,ok,True
P054051,http://documents.worldbank.org/curated/en/267821468765317790/text/multi-page.txt,200,181564,f5b7e0d568bb51d1a7e4c4eae91a4cd8f08feb44aa4d624f7b9d81102a25577a,ok,True
P054119,http://documents.worldbank.org/curated/en/194221468769839977/text/258661BR1Bahia0Health0R20031009311.txt,200,322619,1ee19b77994f4622124ef8d76f7d5bb0d40d6f63b7cc9d2fd0fb76ec909903e4,ok,True
P054120,http://documents.worldbank.org/curated/en/535021468743761352/text/multi-page.txt,200,120126,b3296615682ea4b381cac9385e4f4a9e65ce29b88fbd0efd7360fce6b2b5373d,ok,True
P054217,http://documents.worldbank.org/curated/en/826261468767419539/text/multi0page.txt,200,142876,7bab1e01e977dc18da306ad4bec1de7c9d2181e4fbe37babf203fcbc03901fc0,ok,True
P054221,http://documents.worldbank.org/curated/en/768371468028756968/text/410380PAD0DO0P101Official0Use0Only1.txt,200,359879,16e96ad27f28e914271303b1d8b494a74f7fa5defcab5e4bf7223f728d6e10cc,ok,True
P054238,http://documents.worldbank.org/curated/en/364311468758373190/text/multi-page.txt,200,312315,371ee8b182d0bd99c63901332458c2fa9398668ea4c2a52656b0ed06d1875e2f,ok,True
P054384,http://documents.worldbank.org/curated/en/551801468767701954/text/multi0page.txt,200,91444,74afad6e7ae3589b3406d73a4d95f0e322ceee1316eea6156d07e34b0c25e3ac,ok,True
P054462,http://documents.worldbank.org/curated/en/401511468752143712/text/multi-page.txt,200,159483,edb1194ca11d2d3dc49f8e6f8e64b0a4381c7fd5d98eff0f11ddbbf1db79717d,ok,True
P054736,http://documents.worldbank.org/curated/en/313411468741902312/text/multi0page.txt,200,342866,c7687e1a1b303d02007559008d7c63ea8810aae362d0b4e881ee45b7ec034cc5,ok,True
P054786,http://documents.worldbank.org/curated/en/452631468743108314/text/multi0page.txt,200,197429,d87424f2ddf6c5372ef95f6c03f9dfc1639cb4f11dc57211ddad3037a08fb68e,ok,True
P054799,http://documents.worldbank.org/curated/en/284881468778490152/text/multi0page.txt,200,143597,aa1fc2efe0122656b45da5009e5277dcfda8a8b80172e97d23c676ebe91d7f0a,ok,True
P054884,http://documents.worldbank.org/curated/en/394311468779408394/text/multi-page.txt,200,161915,1ee53ae604b2588c8772406256fb426ad38a4aeccd284f231df39c2eee383bdd,ok,True
P054886,http://documents.worldbank.org/curated/en/126031468275346194/text/multi0page.txt,200,273226,d83d1aa715408515ab176c79982b5e1e15e749bf4d1e0571994d1b764f875cb0,ok,True
P054937,http://documents.worldbank.org/curated/en/935561468746805753/text/multi0page.txt,200,300346,c04468924b7910e5935719832e0a40ba264dbc89a9d9e5a9af8cf2609e4d72f2,ok,True
P054939,http://documents.worldbank.org/curated/en/903451468777260391/text/multi-page.txt,200,133577,6bf973964af54b2d544ed3cc04a5b6ec90aacbb7ffe02e87fdb237460475642f,ok,True
P054966,http://documents.worldbank.org/curated/en/367561468778815729/text/multi0page.txt,200,166550,6679a7910c31dbcd271ad8858590c124cfdf47b6d3beb628471822259318e481,ok,True
P055003,http://documents.worldbank.org/curated/en/761991468760204656/text/multi-page.txt,200,207380,8af8da44df85842e123ce64f4bab5d518a8388fe01c783a60afbb0befe780678,ok,True
P055021,http://documents.worldbank.org/curated/en/585981468770385832/text/multi0page.txt,200,265826,1cca6fa865934b9b065e64058bf081ada369b39aad5f363599ed504a4f0686cb,ok,True
P055022,http://documents.worldbank.org/curated/en/920471468740999201/text/multi0page.txt,200,207250,acea330d2bdc413e6bb8a5af27dfa4755c94c6eff69946762d1e650a3500b96c,ok,True
P055068,http://documents.worldbank.org/curated/en/921221468773990053/text/multi0page.txt,200,356216,8d9c834a967d553d847fcc0500e7f955ca8a1f15077bafe0416a2e732b5b9b2a,ok,True
P055073,http://documents.worldbank.org/curated/en/510911468749752351/text/multi-page.txt,200,199243,46f0c190ea1b1f9844281aa1f0428a6f1521642ec2de5e860e1ba7dc6ed13ef2,ok,True
P055084,http://documents.worldbank.org/curated/en/449661468771093033/text/multi-page.txt,200,266322,3d101884a1b29214ff129955c9e54a0f93fffc156f875d4c37374b68544f20d5,ok,True
P055120,http://documents.worldbank.org/curated/en/650791468303278375/text/531520PAD0P0551ly10IDA1R20101013311.txt,200,364444,da1086e8c6f9874fa8afcef80aa92c9bcc1f3ad294f5c203745014fffa7afb92,ok,True
P055122,http://documents.worldbank.org/curated/en/304501468768845794/text/multi-page.txt,200,326382,354711843ea76e0890d501cfe155e0ffec68bb3c62eac066c3d673dfdd2f174a,ok,True
P055155,http://documents.worldbank.org/curated/en/435631468769272398/text/multi-page.txt,200,158460,0d7d79d8c3f8acdcf54cb19566410298181ac7d84539686c8c876e2d3339b679,ok,True
P055156,http://documents.worldbank.org/curated/en/406831468744248725/text/multi-page.txt,200,161332,8b0e313ddc93fd0eb3200b4519828aedf87bad3181dc232825682795300d875c,ok,True
P055157,http://documents.worldbank.org/curated/en/537391468770096991/text/multi-page.txt,200,297826,587a53711ee9d59b724cd260d43552d75a3a124294c8430d6272ec5fca214a6f,ok,True
P055158,http://documents.worldbank.org/curated/en/649531468768839910/text/multi-page.txt,200,324412,6239a267f73622d998c5185f5e88e4f7146befb26a38c5313c81f432c81a253d,ok,True
P055159,http://documents.worldbank.org/curated/en/770191468761680225/text/multi0page.txt,200,133723,3adbe96e7985aa9f2afa03579b8cdaba5fdc58fb8c5876c398504f30fbe6af10,ok,True
P055166,http://documents.worldbank.org/curated/en/714251468758692981/text/multi0page.txt,200,169634,51781020437868807444c956fca4e12b058e1bc6bd9679bba3bf8715151e3ec7,ok,True
P055173,http://documents.worldbank.org/curated/en/106801468749087426/text/multi0page.txt,200,365362,df2a799d2eeb65131ca82f0e3c29f67612f2606e663fd686def5d377d990c3eb,ok,True
P055230,http://documents.worldbank.org/curated/en/773291468769750114/text/multi-page.txt,200,228892,59e8c36b29260f969b3e1b2f799efb1fc241a1676f7614bc2f02d001b6aa8c48,ok,True
P048202,https://documents.worldbank.org/curated/en/626141468770126475/text/IBArchive-48d72a43-c037-4466-a67d-d46221702c4b.txt,200,110,13d299e8993100a2fc80ffce3d8fed61a88197bcb82ec200d35c2f8ceca1efad,too_short,False
P055232,http://documents.worldbank.org/curated/en/567681468758737628/text/23843.txt,200,451353,390e5e1d85e640b82c72fe971b8c67de5ffe25a4aa05bddb73cd705ff84d1eed,ok,True
P055292,http://documents.worldbank.org/curated/en/401631468780957458/text/multi0page.txt,200,140934,4c776a8dd33f0f099aec0898a077ebc8effae618248946bb5d789f824282ea71,ok,True
P055304,http://documents.worldbank.org/curated/en/121791468776774382/text/19327-replacement.txt,200,185692,e0d58d8891008c6d37637100a455b4a0efd601965700d18bc9df49866f101180,ok,True
P055383,http://documents.worldbank.org/curated/en/357561468742548905/text/multi0page.txt,200,270203,10ac450fb2f0c58fbeaf8dbfb7bb2955d9d5b28399fa92985f3c20d41cc29b6f,ok,True
P055388,http://documents.worldbank.org/curated/en/761061468769317790/text/multi-page.txt,200,160940,71eb9a9e6f5495ee4ed67f237fc0551491aa32f23b7f5bc2410c4126e9348b2a,ok,True
P055434,http://documents.worldbank.org/curated/en/899901468769461013/text/multi0page.txt,200,285644,0cb81c4130e311d0b667af2dd77bfc28963a9eee11b2551de509ddb327e77dc1,ok,True
P055454,http://documents.worldbank.org/curated/en/180251468750027365/text/multi-page.txt,200,403819,32072a415efc53f460c63bd8df87575f242b5233b8a95bae8c146d90e737dd7b,ok,True
P055455,http://documents.worldbank.org/curated/en/916061468772800010/text/multi0page.txt,200,267928,467e2732e028dba938212b380995b834c428de0c4bcb7e902e5e96dc7f281a11,ok,True
P055456,http://documents.worldbank.org/curated/en/674211468752703205/text/multi-page.txt,200,148098,44fa88c0ab9555965547df56e87620f0cd44df32da52511c7b755db5c63fceec,ok,True
P055459,http://documents.worldbank.org/curated/en/442471468752418802/text/27703.txt,200,381821,4e74bfd6e18230a15397f9abc5e987d9d098fa2b4a21b391335e8ef79a73bec7,ok,True
P055461,http://documents.worldbank.org/curated/en/895551468741603125/text/multi-page.txt,200,108092,24f06b3252a7161bd650e21d43a1b73d083a5481d77f2f59536830c2e673c1a7,ok,True
P055468,http://documents.worldbank.org/curated/en/822821468744075050/text/multi-page.txt,200,193910,e00592f3086f2a189a691a9087b898e56312b22d72f65d9e09439625a151f4e7,ok,True
P055467,http://documents.worldbank.org/curated/en/495321468743952915/text/multi0page.txt,200,168932,11d4889ce801d8858e0777d410c984426958fe86a4499385673024cf1af13cd4,ok,True
P055472,http://documents.worldbank.org/curated/en/523781468759612742/text/multi-page.txt,200,224282,69761acb8aa924cacdad353eb9fddd70b3999bff2f9118fdb0f78c3c198efa3b,ok,True
P055477,http://documents.worldbank.org/curated/en/661831468741391621/text/multi0page.txt,200,155680,3ad0ecfc6659cf812bfa2976d6546a7e6c97179644e986aa9533c72641ae1aa8,ok,True
P055480,http://documents.worldbank.org/curated/en/481361468743104713/text/multi-page.txt,200,156460,d145206db8ce81728e78fcf9f3168142b9c5c8846c56193cac9dd4a807128545,ok,True
P055481,http://documents.worldbank.org/curated/en/436391468743669004/text/multi-page.txt,200,239117,f72ee793f05ca3248ca164dc6e3c5cea31b1ba1dc9fb078145e572aa6da2c8b8,ok,True
P055482,http://documents.worldbank.org/curated/en/264301468769301250/text/multi-page.txt,200,263463,8ebffbdd8bb37e993fba85a6b2706bc81d7ad58d77cc12bd50d91ad83a8066fc,ok,True
P055483,http://documents.worldbank.org/curated/en/158991468221697798/text/32463.txt,200,340851,fff3b1f4785315a216eaf79f5eeab2f95dcba2e336cbbdf800069590c40d8709,ok,True
P055495,http://documents.worldbank.org/curated/en/903971468776429226/text/multi0page.txt,200,131038,a439af1bb7e6d942d2ecccd97c7ebbdbb51c7e0e647a6577a89576a6500fc8e8,ok,True
P055573,http://documents.worldbank.org/curated/en/716591468770989280/text/multi-page.txt,200,132807,a78c6bc0b3f76b3417e025920d783c8f346c8b4f0bd1b3378f8fc0013c0e6389,ok,True
P055585,http://documents.worldbank.org/curated/en/849231468774260036/text/multi-page.txt,200,158388,a4490bda49260844293944266511b0184043c60da9f8c7b87d86018b6d83015e,ok,True
P055684,http://documents.worldbank.org/curated/en/310011468743765349/text/multi-page.txt,200,98495,b1b7386bcb6f4b12d68e41560f4f7ed36e1136fc35da565561807b5ea9892ae1,ok,True
P055739,http://documents.worldbank.org/curated/en/959701468765283436/text/multi-page.txt,200,165638,0273361bb9666be07d0721577acec3a08f5880c36ae9bdb992289b22056af4ca,ok,True
P055738,http://documents.worldbank.org/curated/en/721841468760205649/text/multi0page.txt,200,226870,5cacd8889f356fb7bbf26163cb7b729f6061e1f3d58fecf81c02639d666908cd,ok,True
P055755,http://documents.worldbank.org/curated/en/943031468752385474/text/multi-page.txt,200,96307,04de87bfa677db292a4e37580fe96c1fe7f030c89c5e5e294574f1b22e8bd1af,ok,True
P055814,http://documents.worldbank.org/curated/en/488131468782374768/text/multi-page.txt,200,244014,3b0a9417b45eba1b9f454e330c013cff4bfeb579e32e2359bb942c0a99631fd5,ok,True
P055821,http://documents.worldbank.org/curated/en/123151468772772324/text/multi-page.txt,200,286805,d23b0a37951ea5c3e7039abde72ac76a37263c37fc945092ac3d712d93aca9db,ok,True
P047690,http://documents.worldbank.org/curated/en/752761468757526472/text/multi-page.txt,200,102,796ce88c235562f7c1cc47be2b62b6987d1d3ed2056c0eb64531bcbea23cda70,too_short,False
P055823,http://documents.worldbank.org/curated/en/446061468756956814/text/multi0page.txt,200,294614,72748b80688add466cc29032e565c63908dc9358798cec68b80a1fc3ef523318,ok,True
P055844,http://documents.worldbank.org/curated/en/850601468780969000/text/multi0page.txt,200,168488,211b4757b45b40fae5ea5224b7e8cfa269796cd92e9e58da9c1b51365d488a49,ok,True
P055853,http://documents.worldbank.org/curated/en/438231468775765195/text/multi-page.txt,200,130837,48b6dfbe7d67d9b54d8c0f5288a31b9039d560ff1d6629fa9d8408d964bd564d,ok,True
P055944,http://documents.worldbank.org/curated/en/878041468761130646/text/multi-page.txt,200,137915,72e9dee7bb4ebfe41338a904a785b0b4db073deb00562e68b6699a1a4c880c88,ok,True
P055954,http://documents.worldbank.org/curated/en/195771468770340783/text/multi0page.txt,200,249291,162e7a31e6466794c6891ce7568b7bf13535dd38e7dd2560ebfda81e24cc4fb9,ok,True
P055974,http://documents.worldbank.org/curated/en/130431468743783678/text/multi-page.txt,200,171223,8c1b1e5220f63e525c2d1c0d5ef5d7a1d03032eaacbfa55b7d75bf97a33375b5,ok,True
P055988,http://documents.worldbank.org/curated/en/338321468776384471/text/multi-page.txt,200,73950,2de6a15f01528a47fb6d94368adf3384f8a7340be36f9d24f05a12217d21f02d,ok,True
P055991,http://documents.worldbank.org/curated/en/550521468749992724/text/276020HN.txt,200,269839,f73f95169bbe86dff8c3a2bd96c0c524292e598002441226421f17c17b238096,ok,True
P056074,http://documents.worldbank.org/curated/en/350511468752400780/text/multi-page.txt,200,143660,e4bf1a045e43bcbbd4d46a13d99ae390c64b698a8af321e0c893d9eb37d464e2,ok,True
P056087,http://documents.worldbank.org/curated/en/443841468758102368/text/multi-page.txt,200,127846,7f6a724f3ddc64301dd21d2e660541114f2abe4c62b762f493d98e1dd4eb0437,ok,True
P056192,http://documents.worldbank.org/curated/en/326391468743778198/text/multi-page.txt,200,153634,b41d38c0d02275a7a645310251068c41e42b4659fb48439c86b96c57100690dc,ok,True
P056199,http://documents.worldbank.org/curated/en/172891468768726776/text/multi0page.txt,200,288848,bbf10859ab215ea3454622c35e5c676a7c32bfd83d5d65535b5ea674ecd23de7,ok,True
P056200,http://documents.worldbank.org/curated/en/594721468773987016/text/multi0page.txt,200,159505,4d8786116670fe4c5b35a4c5a782b17093e6644f3ecc968e2b4018e61678e1c8,ok,True
P056213,http://documents.worldbank.org/curated/en/727611468758746811/text/multi0page.txt,200,196214,b2b480416ee01fdcf74903d34e64428e3f1683dbbf6e73d11fe18b996f6c53e1,ok,True
P056216,http://documents.worldbank.org/curated/en/125751468769147670/text/multi-page.txt,200,313633,856dfe1037556637841458c66cafc51c6dbe91904b8c1ed1e165c7b45159de6b,ok,True
P056236,http://documents.worldbank.org/curated/en/601731468770099540/text/multi0page.txt,200,223106,d8c77aae5e18201f4f2329d0de4b4404b94202f444b7d685b319ddbbe46e7df1,ok,True
P056269,http://documents.worldbank.org/curated/en/178531468761732634/text/multi-page.txt,200,137105,ac632e584ca85938ea72ffde70b4dac7c3ea572bc24f27be99d39467ad6156bd,ok,True
P056256,http://documents.worldbank.org/curated/en/721441468749348146/text/285570GH.txt,200,229231,05bec2aacb26d04e46b2dae67e242e2a3ba57bd2252dd3989f3b71cdea98d4de,ok,True
P056337,http://documents.worldbank.org/curated/en/113601468776743913/text/multi-page.txt,200,230974,495d2f271045fc814347f885fffc677c9759ce60c99450c7c5f9ef5c22d37f73,ok,True
P056393,http://documents.worldbank.org/curated/en/818431468767401086/text/multi-page.txt,200,334707,3f464adba70641ba470c33fc812159faf3a274ba844d4caeda7a8125245466c4,ok,True
P056416,http://documents.worldbank.org/curated/en/219651468772446349/text/multi-page.txt,200,277905,31170e3581d924e399cce45d46400fe7abf37d44602ff1cfe1beb3a2dca1b03d,ok,True
P056418,http://documents.worldbank.org/curated/en/180321468757191595/text/286590LES.txt,200,225957,c11aba64d34650ed2856a103313b58620a14bb96b27ae9abee9259a53e215d64,ok,True
P056419,http://documents.worldbank.org/curated/en/220751468770678241/text/multi-page.txt,200,131036,6c75390044db3a71c25f4831b2b00511ebbe08eac3db62981e2bda6cbc3eeae2,ok,True
P056424,http://documents.worldbank.org/curated/en/936081468743707409/text/multi-page.txt,200,328719,0334c679fdb198a40fe83a72564e9bec8838f8849e2571d601bf89fe5e9298b1,ok,True
P056487,http://documents.worldbank.org/curated/en/723731468773690896/text/multi-page.txt,200,172717,e306a9cf4662ec989ea8b3d7f3acbc7040a7593eae070a2da812a091691c94e8,ok,True
P056452,http://documents.worldbank.org/curated/en/155161468761710565/text/multi-page.txt,200,337823,d0c9603a5737e396c7c02cf7bd6c3990810a7bbf0680ce5ac35fc0a194fcf7b3,ok,True
P056514,http://documents.worldbank.org/curated/en/265261468770967721/text/multi-page.txt,200,121465,4799bde0c7d3c6141ced08833d7984324d6f499e5978ae3600f010fde2c57d40,ok,True
P056516,http://documents.worldbank.org/curated/en/815201468770430409/text/multi-page.txt,200,373560,e031de239624bcd96d788f48a0991fc736dc069fced3fe00075e0d0a02f12fec,ok,True
P056796,http://documents.worldbank.org/curated/en/523361468753031778/text/multi-page.txt,200,133891,75fd94409c6f10f4a4fe1a31c329b473ffad72b4ef408928e64da1c998fb06a1,ok,True
P056596,http://documents.worldbank.org/curated/en/145691468768727417/text/multi0page.txt,200,276537,44af1d8140cb237af7568f1b3636a20fd489934eddd07e2a361d5e6a9725f850,ok,True
P056978,http://documents.worldbank.org/curated/en/689531468758123739/text/multi0page.txt,200,277437,be07aed1291f601c0c087bf7e1e377a82721bedb733522e8b2537e06b18e47a4,ok,True
P056891,http://documents.worldbank.org/curated/en/197651468759904610/text/multi0page.txt,200,442401,8e59b833d18582190ace48dc5b037c731184b9cf3af59efe12de6715c43baa0d,ok,True
P057007,http://documents.worldbank.org/curated/en/519721468760234014/text/multi0page.txt,200,83787,94e562a67b4c7f947c01b618fc71fe2c236061db146c83c80ebb01baa3d1edca,ok,True
P057167,http://documents.worldbank.org/curated/en/919651468781198984/text/multi0page.txt,200,341215,4c58d43676ad00b790817da97336c892fae197834bb8b7300b00641635939d48,ok,True
P057182,http://documents.worldbank.org/curated/en/129781468741889559/text/multi-page.txt,200,172219,35dc9163cd1511e00d0f8c9b522b8a010e7e61dbcf1ddd3ce236c5fa100e99d0,ok,True
P057188,http://documents.worldbank.org/curated/en/616571468751768760/text/multi-page.txt,200,107620,2b840528e5b4897b986a6b106417542f56c2dd7bdfbfdabb70f7b7220831ce51,ok,True
P057187,http://documents.worldbank.org/curated/en/371031468761370682/text/multi-page.txt,200,201805,20677d32086f75dae011dc0895cdc1bf6fedf8a3aa7669872bbcb864fe2fa255,ok,True
P057271,http://documents.worldbank.org/curated/en/832561468751549759/text/multi-page.txt,200,159454,b91b5522b1ce0638b9058e3ac2fe6fb1de1b3e84874eab7af99e9ae4f594cb16,ok,True
P057234,http://documents.worldbank.org/curated/en/124701468778751565/text/239010TZ0PAD0GEF0R20030001201.txt,200,569984,b8eaee94c98bc4f693347c276d68471371862adcd8d63a0e8a8eddaad55232c2,ok,True
P057272,http://documents.worldbank.org/curated/en/297381468771028530/text/multi-page.txt,200,144184,f5e47155cc02053b3dfc149ef550d3e2c00353d9414d35d2e675984f28988a74,ok,True
P057326,http://documents.worldbank.org/curated/en/595501468772180963/text/multi-page.txt,200,263577,6474d8343326308bc6c6483df40f4e8d117711b9e5ccfb6d32668521358944ee,ok,True
P057295,http://documents.worldbank.org/curated/en/141851468777926895/text/multi0page.txt,200,262081,833c131c8cc462ffcddc6284d4d5995f7989cc7a853648958b738715f092c61d,ok,True
P057345,http://documents.worldbank.org/curated/en/733591468743356494/text/multi0page.txt,200,107326,85bdd678504b53bd8bf2fb8f6304ddc80a027ad06a352ecbadd10551b98f3295,ok,True
P057350,http://documents.worldbank.org/curated/en/194421468771631353/text/multi-page.txt,200,139649,a7df2337b102916b77a5cd59638da19ada752d032257cdf07c3f4e5b561f3619,ok,True
P057352,http://documents.worldbank.org/curated/en/929021468746703340/text/multi-page.txt,200,226640,34cfd127227da6b1436272473632d89cfe4488e684f760e5b6a7eec8680ea61a,ok,True
P057369,http://documents.worldbank.org/curated/en/673611468746646410/text/multi0page.txt,200,169786,185789d7cfdf13c0d5383f525002953069c1cf45d9cef37291f84af808fb5855,ok,True
P057394,http://documents.worldbank.org/curated/en/263711468751499846/text/multi0page.txt,200,235323,4b4ac2c3c24bca8ddffcded38722adaf2a21145cf6d56a71e9b437362cf25fcd,ok,True
P057396,http://documents.worldbank.org/curated/en/359611468769747807/text/multi-page.txt,200,177335,839fdbb23dd748847ebe333340abb50a234996f044272fe5e04e582194b18917,ok,True
P057416,http://documents.worldbank.org/curated/en/164991468743381772/text/multi0page.txt,200,146877,13b8034c6a24b982b7dbba7e2302c317cf98946492f47b09dd7efe14b7067b09,ok,True
P057449,http://documents.worldbank.org/curated/en/696181468741663307/text/multi-page.txt,200,97345,b9a379992507c077afafec4c339aaab1cd422f0f89349dbe8aa7c16270ee73d8,ok,True
P057459,http://documents.worldbank.org/curated/en/625331468741898201/text/multi-page.txt,200,119326,50934a65f55cc93a7f3375efa53f4f24212c251f884179b7c38b7ac6cfcc821f,ok,True
P057473,http://documents.worldbank.org/curated/en/492381468740396172/text/multi-page.txt,200,168474,d18d49587b7b7afe8ff914b933d5515061a10d71b31cedaa0431ed00c4ff3d86,ok,True
P057530,http://documents.worldbank.org/curated/en/501371468776963355/text/multi-page.txt,200,243766,519eb3129f353719c08e5112c3bdecb6bcf8ab606d6ab8e3de565eaa229955e4,ok,True
P057481,http://documents.worldbank.org/curated/en/842471468319538210/text/30980.txt,200,471212,a24ca9cad4ac4d86d6a4154745b9b76830612ed9ea0fd465ea9b72076b1bd6b2,ok,True
P057538,http://documents.worldbank.org/curated/en/582681468752084735/text/multi-page.txt,200,138976,51f17fa4716d5544fb66f8c3f8dc0ff7840daf923524fe77fe39bf53e1ed8063,ok,True
P057531,http://documents.worldbank.org/curated/en/843911468752958910/text/multi0page.txt,200,417584,75f2292ae737812ea3cd97d4e9f5585ef437b6c65bee66db5cb21a191cac4912,ok,True
P057570,http://documents.worldbank.org/curated/en/235681468768567751/text/multi-page.txt,200,116908,4f86ba31e6a92ff339a7c9994e3a577c1402b358567c5c9ace694d6344f49d7e,ok,True
P057578,http://documents.worldbank.org/curated/en/602191468764350634/text/multi-page.txt,200,269922,4fdfd8218be0056845b77b9cbe21f730daa5b964ca0ff54a98ea89b93ffb6070,ok,True
P057601,http://documents.worldbank.org/curated/en/477731468781806803/text/multi-page.txt,200,128102,13b1a15e4fff165004014b9410c87c49683cbd773ebaa100fc51e3223f20fc89,ok,True
P057598,http://documents.worldbank.org/curated/en/627011468776699293/text/multi-page.txt,200,252249,727cb2faa64f1f6b1e2f228dfe94e1b045ad5c5153743eb60fd34729e37a8e85,ok,True
P057602,http://documents.worldbank.org/curated/en/265051468183253761/text/244780PAD0REVI1480IDASecM2009104101.txt,200,295292,4b1714908a39a7e0d7812d44d85c7a1f0338499554e69b6597a7861b6d1a5fc6,ok,True
P057649,http://documents.worldbank.org/curated/en/254791468769486821/text/multi0page.txt,200,306788,660fa42d8b8bf4c14424799fd400857e8400f3bf94ad0bfd259b1d34d86c516e,ok,True
P057653,http://documents.worldbank.org/curated/en/971681468770491736/text/multi0page.txt,200,324478,def7427a1f7aef18aa78292a2f048f6800bef7aa61d236dcf66029b59bbaff7d,ok,True
P057665,http://documents.worldbank.org/curated/en/306841468770140432/text/multi0page.txt,200,524792,8155664977df5b4fa93d87ecf8acdecb5d1e94999277a226b6b0bf8dff90e914,ok,True
P057692,http://documents.worldbank.org/curated/en/207441468748778968/text/multi0page.txt,200,110100,9804e3c317de2bcaddede3c0d72a8ece033191cea5cc374680c1dff2b2158b45,ok,True
P057704,http://documents.worldbank.org/curated/en/621901468770077505/text/multi-page.txt,200,105156,0b458fc1f88f8923c7e5a7710a6d8271460e64ce5f5f88daf887308b8e28bedd,ok,True
P057731,http://documents.worldbank.org/curated/en/483201468759027136/text/multi0page.txt,200,327211,f7889ed029713e505c3cbb43ccaac120db0cdc3d93dec92b86c073f57786900c,ok,True
P057761,http://documents.worldbank.org/curated/en/852071468272371658/text/36298.txt,200,383334,9ae29ee5f9620aa0e8f8534e76c70995eb31c9728ea1b4802437682508bd073b,ok,True
P057767,http://documents.worldbank.org/curated/en/742731468770949410/text/multi-page.txt,200,108428,405a2e07b134e41b5615b4e2f6771c2f1bb05e52dc78109750cae7d1fdb14bf4,ok,True
P057770,http://documents.worldbank.org/curated/en/625061468771066109/text/multi0page.txt,200,169104,627cecd0679f17ac62f78699199ea3a64b4aa59ff54fa42e264fca9fbad0e84e,ok,True
P057813,http://documents.worldbank.org/curated/en/396641468773998239/text/multi-page.txt,200,150644,0a356ab5ffef72ce05592891b8d41a08c48e121b59c7668927220c71c4605609,ok,True
P057833,http://documents.worldbank.org/curated/en/477731468740689808/text/multi-page.txt,200,134296,6550011df46fc04f9def907f34da361392bc424db40bf2843d57a6b6f85c48a1,ok,True
P057815,http://documents.worldbank.org/curated/en/516251468781765580/text/25875.txt,200,288614,c6028c58b5f566091c7744c33a11a3d0b5c5c3796bc05dab9e833cdfb86c6385,ok,True
P057838,http://documents.worldbank.org/curated/en/426021468768587816/text/multi-page.txt,200,232684,903eff06c558d3dfe60672460e9c4ad07f6a4811e84a647cf28f1bb727e50fd8,ok,True
P057847,http://documents.worldbank.org/curated/en/558151468768589127/text/multi0page.txt,200,220362,d7117b94d5c669d04f723e80241aef76de76dcdf1fe6f97bd26fe08416820a0b,ok,True
P057857,http://documents.worldbank.org/curated/en/771201468770513171/text/28326.txt,200,354844,56769936280352d39e29b2edfbebaa8b97bc3d29e2959d3c56ea5ef3599a8171,ok,True
P057859,http://documents.worldbank.org/curated/en/494651468771608935/text/multi0page.txt,200,311821,47fe9d4fda6390ec9745df331e43a8be87333c9ff9981487789e7d2807c6ff24,ok,True
P057875,http://documents.worldbank.org/curated/en/953331468774865584/text/multi-page.txt,200,159429,571df2c7bd645f4ff76e878099f0a5871ada4874a39bc5b1abb3712027d50896,ok,True
P057880,http://documents.worldbank.org/curated/en/488871468008998105/text/31552a.txt,200,239661,53ebd329ec95040375ed4942367ca99b5a40fd13f1a9b0fe55045dd5e8d6bbc4,ok,True
P057883,http://documents.worldbank.org/curated/en/502921468761075944/text/multi0page.txt,200,304745,d0e95904fb548f92403674befb20b558534e1380ce11bdc34772bb3c150ae4f4,ok,True
P057915,http://documents.worldbank.org/curated/en/113951468767062854/text/multi-page.txt,200,86271,0eb00207bd3076c8985bd51a86602e892de7ff005d80f97fa1a42d02d6027a41,ok,True
P057929,http://documents.worldbank.org/curated/en/839401468746344036/text/291490ER.txt,200,314053,53be6b9489130e34798408589173d2f2666b85793d61a8720e30e34a5c520d9b,ok,True
P057933,http://documents.worldbank.org/curated/en/849191468746694710/text/27173.txt,200,400687,a393a46f2846cb1ac5cd0efc0d1ae5a37dfdf33f91548a548da6be0189398abd,ok,True
P057950,http://documents.worldbank.org/curated/en/247421468740695495/text/multi0page.txt,200,260271,5389072a1eb9b40467df91c50740f099b19430e3324c6ebe8784b830cb154a74,ok,True
P057951,http://documents.worldbank.org/curated/en/259771468768012722/text/multi-page.txt,200,224885,c835e62be0897b1f1ef78eb272eaa19b9955b22c2f08db4ffde3730876345605,ok,True
P057952,http://documents.worldbank.org/curated/en/925281468768560491/text/multi-page.txt,200,310251,2dbc781fd2bacc3f42151b4bc5bbe94cdb45bfb3bf22e1f4f05b15206bddb590,ok,True
P057953,http://documents.worldbank.org/curated/en/555901468777299385/text/multi-page.txt,200,154107,4d313abc4865afa631674352a90f0495b39ea6b6b22c8c2d5d30ba99475c80bd,ok,True
P057959,http://documents.worldbank.org/curated/en/116651468768603812/text/multi-page.txt,200,155783,435c5e97dbff09f7638149427079cb59e160160872b279d193e2e091e510e73a,ok,True
P057960,http://documents.worldbank.org/curated/en/479581468780965699/text/multi0page.txt,200,343888,2431d3b08df1c19455c9f18013933bf7ed4fecad4e1934f9e88c1c2b9297cc3a,ok,True
P051856,http://documents.worldbank.org/curated/en/115411468770442899/text/multi-page.txt,200,63,eef4e57e1e359fd250e18a5122264957ab2db7d10e49aae4a76c9f9cad41c217,too_short,False
P057996,http://documents.worldbank.org/curated/en/265491468759900781/text/multi-page.txt,200,335320,fda2e2445dc1fffd0a427774a881e6ee8e8875c4cb666f97d1d7d6f3764b03e2,ok,True
P057997,http://documents.worldbank.org/curated/en/822471468771370353/text/multi-page.txt,200,196108,f85447611f833af366156ee2889cfd33c9e2da8649386eca7d0cecf7a7e86b28,ok,True
P057998,http://documents.worldbank.org/curated/en/672711468744074754/text/multi-page.txt,200,133248,830d99d384f31eecc477932d83a6f0773a0b8fbca7d585167792f4cfd7a5553d,ok,True
P058015,http://documents.worldbank.org/curated/en/327491468773698632/text/30707.txt,200,303464,01a121f1aa28d346d5bb924973e6cfe04788cbeda78989482034be345bd32252,ok,True
P058038,http://documents.worldbank.org/curated/en/300001468760173545/text/multi-page.txt,200,204620,08ad7246b2cae54147974375165675c68c207002bc17b5566a20679c3c218977,ok,True
P058050,http://documents.worldbank.org/curated/en/795591468757174717/text/multi-page.txt,200,187105,12df1ec25313e769919a672b562045f395d9c79940d0ac73cb866ca9f16f11ab,ok,True
P058056,http://documents.worldbank.org/curated/en/741411468758385720/text/multi0page.txt,200,73060,465ad6f47d1a4b06277279462646dda4501320f819dfa820f599457914531341,ok,True
P058067,http://documents.worldbank.org/curated/en/710601468760786494/text/multi0page.txt,200,258404,b9dc92ab0cc6b33548cc763722b7d3eb33c52feb1bec9383b7d8388430ece147,ok,True
P058070,http://documents.worldbank.org/curated/en/821791468781177914/text/multi-page.txt,200,250643,77c16f3872608a0646e7d5ea06004946eaec0e34d8e5d9254e068f3f4d5aabec,ok,True
P058129,http://documents.worldbank.org/curated/en/738081468744098064/text/multi-page.txt,200,131001,b7359f198d18e0e653196a265b561c107b1c9113e4735fe0134bd6a57e7405b3,ok,True
P058202,http://documents.worldbank.org/curated/en/285881468776076694/text/multi-page.txt,200,500830,2a5964452bdb35ea3cf27351dc36dbe3244517049435a1da44c920e099915ffa,ok,True
P058284,http://documents.worldbank.org/curated/en/181571468776051063/text/multi-page.txt,200,113258,896c7dc1000c9f84444f6c4be0ba6317a2d261264ebe0c154f3de1a3430093ed,ok,True
P058308,http://documents.worldbank.org/curated/en/490961468769241394/text/multi-page.txt,200,130941,5312131fc90a8b2e54fc097fcb60439a91c559de990bad6d652912a716058cc9,ok,True
P058358,http://documents.worldbank.org/curated/en/919501468759601777/text/multi-page.txt,200,180768,699f8b3d61aa3d9332440f85abd0fc8ae71c2e91cbb55560a893262d7b86acd6,ok,True
P058468,http://documents.worldbank.org/curated/en/747151468742543647/text/multi-page.txt,200,172633,b84d75332ebe491e0ae8881be0bf7c779ea583cfc24cbd2ab6206a976430c475,ok,True
P058476,http://documents.worldbank.org/curated/en/342391468772475807/text/multi-page.txt,200,463480,3fd869600e93cff8f378b4ec330fee04f72435819c6f2cf57dbb54838844b460,ok,True
P058503,http://documents.worldbank.org/curated/en/456731468743799662/text/multi0page.txt,200,472614,0ea304c5ea8baf5c290c2cfdc1ef4b51e93461b69d12c0a57c2c66fb654bba27,ok,True
P058512,http://documents.worldbank.org/curated/en/311701468743173075/text/multi-page.txt,200,324213,0011b2ddcaa8906232e3d42b39cfdd25a40a367b381ae582dcddab07b1a8208c,ok,True
P058520,http://documents.worldbank.org/curated/en/859301468772216611/text/multi0page.txt,200,256801,7a789b977844d7e0caac2defeb5aed92f62eab1ba975311b6a06f84bfa7bed51,ok,True
P058521,http://documents.worldbank.org/curated/en/873371468767980151/text/multi0page.txt,200,302111,cc5ee03cc44f20f2b545465415a86c1fa773995d3ddc00a74b607cb0d663f757,ok,True
P058526,http://documents.worldbank.org/curated/en/131241468741885005/text/multi-page.txt,200,141886,2d1d509843882b05e3487fa51606d03a85f7b805ab6baf66004757f1c45eadc8,ok,True
P058627,http://documents.worldbank.org/curated/en/659281468761952620/text/multi-page.txt,200,295879,8ae086440b61bb83cb28394a4bb406d413c24da5c244570b157400a8c9719a10,ok,True
P058681,http://documents.worldbank.org/curated/en/391071468756325472/text/multi-page.txt,200,190093,e89fe0b76ce0d1a9f54e5a88cdb315d4729e915485fe85b080de3f988c835930,ok,True
P058683,http://documents.worldbank.org/curated/en/587811468780609549/text/multi-page.txt,200,286913,2d21ff84fb52db90200c09b70f97302bcd9e320337290abd10d46a763029c2cc,ok,True
P058684,http://documents.worldbank.org/curated/en/573471468763473544/text/multi-page.txt,200,137273,e878bc0e81637c4436aa912f9a53b7b39d32c5f0ca650b5d12307f59aac8a6d7,ok,True
P058706,http://documents.worldbank.org/curated/en/921601468778211730/text/multi0page.txt,200,341678,6e94599b1613781f7802404f42217d64785bd2d62501dd378d701d39997720c7,ok,True
P058724,http://documents.worldbank.org/curated/en/576381468744339198/text/multi0page.txt,200,166134,5584e9b849f13c0321c10d673fb327c267ad65c9e935f407374546cee97720d9,ok,True
P058730,http://documents.worldbank.org/curated/en/284131468761111997/text/multi-page.txt,200,184218,93e66b7fe68ec6c8ee0017988ea271d4eed6adfce2f5394ad311e8184b4c7311,ok,True
P058770,http://documents.worldbank.org/curated/en/807611468774562384/text/multi-page.txt,200,150232,1c00b40d09b5fbe2a087ddc1bc9bd5d588ee5c47885c9d8586fef6571059cda5,ok,True
P058841,http://documents.worldbank.org/curated/en/467751468769854636/text/multi-page.txt,200,183743,8ba0a5f6cd80525d45175a1643d2541d81ea0349f7c5abdc225a48eb5ffe62ee,ok,True
P058842,http://documents.worldbank.org/curated/en/783811468776053756/text/multi-page.txt,200,375912,36ebcecaf7f192dd27d4ca0de5a9f8f6cce4284a37ad7d94ecbbf137028d2e0e,ok,True
P058843,http://documents.worldbank.org/curated/en/768041468743121101/text/multi-page.txt,200,309044,2201f0f5886125a91f010bfa1ebeb1c3c043ae37f8bc18103fd80db3fcfdbded,ok,True
P058844,http://documents.worldbank.org/curated/en/482471468744042094/text/multi-page.txt,200,297844,79ca93c0b8481951afdf618f9a922eb3cc072298c097573b341420cec52fa947,ok,True
P058845,http://documents.worldbank.org/curated/en/885291468746679602/text/multi0page.txt,200,291794,09566c9c14b992478c0270011b9aee9411e8bceb84e41635b358a50b06f46ab4,ok,True
P058846,http://documents.worldbank.org/curated/en/406991468769215538/text/multi0page.txt,200,360785,85c97a3cb892f93e980d9dcb263842bc1c75784bc405c4f829169f49a32441e9,ok,True
P058847,http://documents.worldbank.org/curated/en/962101468746670423/text/multi0page.txt,200,380160,bafeb349ab5e4c6fbb8f1cfc243033d2bdc578e32f1d3c285fdaf9742f8aff3c,ok,True
P058877,http://documents.worldbank.org/curated/en/226861468764394627/text/multi0page.txt,200,168734,bd00410d0951c5f7746907627a9b5cce19778bb278b2ee551c00d618bc9c6709,ok,True
P058898,http://documents.worldbank.org/curated/en/320351468761049832/text/multi-page.txt,200,336633,ad127f93dd522a83a4dccc1b07bf2a096f5f1620769d1045aab680be096297c8,ok,True
P058969,http://documents.worldbank.org/curated/en/600271468742873324/text/multi-page.txt,200,145510,82c0d2258a6fecc38fb8e6fdf2117f194bbb24c02e4580a5b4fd3617cbda8882,ok,True
P059073,http://documents.worldbank.org/curated/en/968621468778762476/text/25249.txt,200,298684,3f9cbde451224c1f1c220ec11f8803422887aaee29086dbb149c5016f61eacfb,ok,True
P059127,http://documents.worldbank.org/curated/en/200721468760809063/text/multi-page.txt,200,153318,ec59145d4f9c9e0b41a02c1b176f9e8cca170004b874fdf570207996c829dad7,ok,True
P059143,http://documents.worldbank.org/curated/en/991281468740965699/text/multi-page.txt,200,234394,e84d8c730491ae789995b86faa8d620030ac17594036e07ebfcc1ae4f23f7c05,ok,True
P059161,http://documents.worldbank.org/curated/en/428161468756308988/text/multi0page.txt,200,319016,37a5cf7ba6680cc105840e5ad6bf0427dcb8c5feab5bda0f1433318ee2b003c1,ok,True
P059223,http://documents.worldbank.org/curated/en/461061468765563476/text/multi-page.txt,200,199780,e20f130cb6ee67f7e96d9bdb43588cb1fbceac75b878af998ae071449ea53386,ok,True
P059242,http://documents.worldbank.org/curated/en/769551468752699039/text/multi-page.txt,200,292663,ab9e14807f929b2524378a4b9c37bc11277a4221426a390f9bfa1358701367cd,ok,True
P059305,http://documents.worldbank.org/curated/en/567571468752968908/text/multi-page.txt,200,113203,7aa80f3f2a5a462c9d3831c320c483a7bb0970502fd2d352cd02328c7f52e107,ok,True
P059477,http://documents.worldbank.org/curated/en/330751468771710113/text/multi-page.txt,200,423054,66847bbd44401729080e1a81b391b5ca437887f53d7281086113eb0dc52f59cd,ok,True
P059481,http://documents.worldbank.org/curated/en/407621468768018135/text/multi-page.txt,200,179107,a2eef33ae85b59a3b6720f053bc70d1403a38f631889fe86f7bae998ee5bcdd1,ok,True
P059501,http://documents.worldbank.org/curated/en/273781468756598149/text/multi-page.txt,200,192473,45bf9aa8cdd7c6e4536d8009551b602a21030a0376388143990d9ac9982cf3cb,ok,True
P059510,http://documents.worldbank.org/curated/en/573821468770709799/text/multi-page.txt,200,282422,3062549302ed833bcf54399c9f3ca7b6f254ba1bab3c06d71bdb18ef968b3786,ok,True
P059565,http://documents.worldbank.org/curated/en/325191468743809270/text/multi-page.txt,200,282083,22025991b9b960f2271dd810cf98199873ed0a26268a81029af5e281d3911c0f,ok,True
P059566,http://documents.worldbank.org/curated/en/905301468769471551/text/multi-page.txt,200,321116,e4f0de7d32d715cdbcb323f049adc912b3ff5b4559864e9c487c3e269de7f26c,ok,True
P059663,http://documents.worldbank.org/curated/en/693451468761678633/text/27368.txt,200,406167,e59be8b3596e5ae902aad6a7562bcbbb3991579c533ba8e4552b0b0679bf06bf,ok,True
P059755,http://documents.worldbank.org/curated/en/757771468782071422/text/multi-page.txt,200,188974,aeabf062e244d1d59792703fe684dbc3b790f60da87ef6ebe353ed489f5a9a0b,ok,True
P059763,http://documents.worldbank.org/curated/en/943081468740692365/text/multi-page.txt,200,155001,85ff6b05214ba359fb7ebef6d70a7586afa7d8129cccbf90ec60a15143d3426b,ok,True
P059803,http://documents.worldbank.org/curated/en/823791468752137325/text/257160rev.txt,200,314225,0d929dd15aaa1756c025c421e9b06b0e40f26902616d3d43b7891fbde9107a97,ok,True
P059864,http://documents.worldbank.org/curated/en/838101468779143587/text/multi-page.txt,200,209515,1836d5db95f791d375ece10b91fd19417143c3bb8b3873dad4505f41872b59bd,ok,True
P059872,http://documents.worldbank.org/curated/en/844161468760515362/text/multi0page.txt,200,276270,dbda2005991ac6688ae781e201efd0d793b7d94177d6ccd0b2275763098f2ed5,ok,True
P059930,http://documents.worldbank.org/curated/en/324531468774931684/text/multi-page.txt,200,229371,a9da98fa46a8e788da3f6c277efa6ed2ec24cee2dfd7701d4241d357ce0af14b,ok,True
P059931,http://documents.worldbank.org/curated/en/583021468774930673/text/259411ID1Water1Irriga11r20031011011.txt,200,661321,90a4d2339684066e5f2581a14d0d12f6bfbcd624ab9cb030b4cfefca9fce7545,ok,True
P059936,http://documents.worldbank.org/curated/en/913081468764708516/text/multi0page.txt,200,422989,5dd7e1558fd9e81dd2137e914b105a563f600c37829f053ba81336e151147737,ok,True
P059971,http://documents.worldbank.org/curated/en/889101468742494818/text/multi-page.txt,200,178497,214e594dabd892b3370927f6dd6bbc2bb89bf36f4cba45aee26f481de2445da3,ok,True
P060003,http://documents.worldbank.org/curated/en/121021468769448072/text/multi-page.txt,200,93545,f893d938e1b25a120f99534204f424dc09a947b4a7a0f91de0824982a5896a5d,ok,True
P060005,http://documents.worldbank.org/curated/en/431681468106469791/text/324980rev0pdf.txt,200,267074,3ae0a43cf5663a87f94f30ac72d5703f969a795ab4884a86c3548e374f4eca4a,ok,True
P060132,http://documents.worldbank.org/curated/en/951691468764071702/text/multi-page.txt,200,203874,c7e97df2c36283ed91c9d601c4accca267d9129e9575e6df1a49c07afeac9da0,ok,True
P060221,http://documents.worldbank.org/curated/en/154161468769465580/text/multi0page.txt,200,168698,0d9e492abf392b9d9932a1a786e90c4bd7e44dafdf45505b66dd9f3a915a22ec,ok,True
P060270,http://documents.worldbank.org/curated/en/281701468770445351/text/multi-page.txt,200,187882,b0d685a413af12fb80c41b2755ab76505744e1b9b0c42828dea61c2c6c83c4e5,ok,True
P060329,http://documents.worldbank.org/curated/en/175601468771108549/text/multi-page.txt,200,244746,08c0b8dc8e666023733bdf29393676d769399b19de2d1918235fe21b366b41e9,ok,True
P060330,http://documents.worldbank.org/curated/en/504821468758373916/text/multi-page.txt,200,175311,d15b776d82bd8dd7f8a70c2f66e1d47b86bcd5f8dc6e6f5894cbe8f6074788ac,ok,True
P060392,http://documents.worldbank.org/curated/en/266331468768283556/text/multi-page.txt,200,199136,c2470af0d4fc260286d518b305e9fb764b76691f311e996b1f3a5c043ad5e248,ok,True
P060434,http://documents.worldbank.org/curated/en/542671468760191939/text/multi0page.txt,200,436661,25ffdbb23509220248377e603c0d486ad89f32d0c554fdba190400ba32505afc,ok,True
P060474,http://documents.worldbank.org/curated/en/321351468743658642/text/multi-page.txt,200,353365,1050f1c01712bdb790c89cad951b579ac4ea9dce0b883ede05c4f34a05738410,ok,True
P060484,http://documents.worldbank.org/curated/en/670681467998521868/text/34675.txt,200,422882,a0eee91aa998930768d8c8b6cdbd5c646e98d3fe00fc30b2d09891caba1e5321,ok,True
P060499,http://documents.worldbank.org/curated/en/177401468776073205/text/multi-page.txt,200,193034,30cee4bf75f89bbd2bc52ff71577cb3320d53dce5921f1bf161fb6a578bf2a41,ok,True
P060573,http://documents.worldbank.org/curated/en/744381468769520164/text/25473.txt,200,357143,7228272d4ddebaf28eb8910ec41fce03ec3f5fa358f028142fdec75df57398f3,ok,True
P060577,http://documents.worldbank.org/curated/en/405351468756360478/text/multi0page.txt,200,245144,9391468f82db2848138b7ab0c3e6617fdafef64faf57d3fb55c89e59684fbd84,ok,True
P060686,http://documents.worldbank.org/curated/en/584481468776773205/text/multi0page.txt,200,294935,7c94a873f5da76c44bf04ece639099de573df5d617d8af359016cf888ac0e77b,ok,True
P060718,http://documents.worldbank.org/curated/en/516081468752989304/text/multi-page.txt,200,177152,6f84287b4a3ae4305dc7ed7d935d9d68281c6c9218ee48d81e399b3eb53fe946,ok,True
P060785,http://documents.worldbank.org/curated/en/603271468752085052/text/multi-page.txt,200,178926,c0eec6077e86a56e9ecebfb165c609ff376ae16835196ffd062eb8e1356d96b5,ok,True
P060786,http://documents.worldbank.org/curated/en/379411468221362025/text/275630PAD0Box8601PUBLIC1.txt,200,244681,8b006277720347c842e2e26594189f1abe54e8802d0bb70f00f476b878181f11,ok,True
P060833,http://documents.worldbank.org/curated/en/812141468778512600/text/multi-page.txt,200,310655,e2f626fb2722da5b9bbf7aacb290f2eb883373cf1dcf136e7812a04aa9f1a123,ok,True
P060908,http://documents.worldbank.org/curated/en/674191468774634551/text/multi-page.txt,200,389623,b1ada56dae26397efd4f02e57c3f83a804d7ef414db2c1cfd041f46416e27c16,ok,True
P060943,http://documents.worldbank.org/curated/en/601221468756308399/text/multi-page.txt,200,119657,58da6c934d7b7d593afdb04d83ec074a08baa362da9ba8c2c3b77411d6b43e3a,ok,True
P061209,http://documents.worldbank.org/curated/en/435971468761111287/text/256880NIR0basic0Ed0Program.txt,200,298140,5bf1b8f84c1a676e0733dbccbb7f38753d2a2df9078854bc7b76130b141b2845,ok,True
P061558,http://documents.worldbank.org/curated/en/207861468776735428/text/multi0page.txt,200,341663,abc7387f121fed8e3534f3b48df2974050bc6c4fe38b44b4e2971e41829f3869,ok,True
P062619,http://documents.worldbank.org/curated/en/319771468769170774/text/multi-page.txt,200,120299,e662918781c9edeaec87a2688d4c3707ac21e18da2b0e2f5c33691032a69438a,ok,True
P062628,http://documents.worldbank.org/curated/en/633701468773376420/text/multi-page.txt,200,151403,edb10fe78ac0ee365463a511696682157199ec5a693f448a87013c4f2116d12f,ok,True
P062668,http://documents.worldbank.org/curated/en/294471468760760897/text/multi-page.txt,200,259052,598a6fd15be43e192dd424a22aacb2d4475d3207e030b67e2f76d798e0d3de7f,ok,True
P062682,http://documents.worldbank.org/curated/en/548031468774561367/text/multi-page.txt,200,133677,58dd1e42e1212ce460d1c9079f29178d8b82c9962e5dd93455ad831948fd2968,ok,True
P062714,http://documents.worldbank.org/curated/en/414281468763486684/text/multi-page.txt,200,370095,ebeb3223094dbbc72f2ff52965929c5cc396473530b082a64dcf18c6e3608ba0,ok,True
P062748,http://documents.worldbank.org/curated/en/778191468781771785/text/multi0page.txt,200,264866,d7c34d5c9865a35d84130b55004f086c6a915da7b329a9027d60cdc4aef269f4,ok,True
P062790,http://documents.worldbank.org/curated/en/504401468743785188/text/multi-page.txt,200,204459,6c83d866df04a59f6f3484fe6aa7bb8d7b781c75d7ca1719bd3194779a35d4ce,ok,True
P062840,http://documents.worldbank.org/curated/en/855211468743349626/text/multi-page.txt,200,248579,faddb7f18a88eeee05e5103293f06507979ca8432739663ebb6e3a6382b685cf,ok,True
P062916,http://documents.worldbank.org/curated/en/860531468742546388/text/256361BD1Centr1th11IDA1R20031010411.txt,200,183537,8b504001bb20454ece0e43fd496867a28fb9992ef85555a7f4809dd42189c415,ok,True
P062932,http://documents.worldbank.org/curated/en/188791468763235681/text/multi-page.txt,200,291288,5161f9eec4369c71df5a71dac8c1213354fa57f5a105c0004390504e8f3889d1,ok,True
P062936,http://documents.worldbank.org/curated/en/643771468769459675/text/multi-page.txt,200,152987,1030341981e2b62f518a082f2b19e0cb047ae0e6f6965d91bed7f561441a744d,ok,True
P063081,http://documents.worldbank.org/curated/en/977881468032092715/text/349770REV0pdf.txt,200,375353,d4f3c091186212b02048e214e57386a9be8db9dfdc204a49f2e2ea18685332e1,ok,True
P063095,http://documents.worldbank.org/curated/en/261431468758685077/text/multi-page.txt,200,165605,ef56a61f1f96a4ff53ea077d6bb1f90d3cc5c04b7bb2a4b19a3f534337672505,ok,True
P063096,http://documents.worldbank.org/curated/en/614071468782151814/text/multi-page.txt,200,144285,871383408f94c3acbceb914d7be5fc2b110c0f6ad527f9b86a5adf0eec46f26d,ok,True
P063201,http://documents.worldbank.org/curated/en/650361468746802912/text/multi-page.txt,200,147160,ee7ff35b74dd66a7f3fc163f4b0486c5e9472d62f284adc16a4033d8d7b7a315,ok,True
P063317,http://documents.worldbank.org/curated/en/489851468770719168/text/multi0page.txt,200,400532,38938ed84b23923987c231aa1b2c26ec7d3257dba715debe84052abee137065a,ok,True
P063383,http://documents.worldbank.org/curated/en/637981468779177111/text/multi-page.txt,200,455640,abca2e83093c92bda2b3a90611172ad165309d2865b3244da00127a8713eb98c,ok,True
P063386,http://documents.worldbank.org/curated/en/335481468769895943/text/multi-page.txt,200,136643,335ff22df50f28dee8ead4c5335c9a1ab25855c36ea1c77fe025d612720a9ead,ok,True
P063388,http://documents.worldbank.org/curated/en/672021468767403883/text/multi-page.txt,200,166266,ec62c4e417a3ccbfd2dddc4c13607c4f1bdaaf7a9b723eee45f04bbc503f6441,ok,True
P063398,http://documents.worldbank.org/curated/en/491121468769264647/text/27707.txt,200,249524,b1dcad221aaed1facfc9e3c4447ba0b5f2aa057d896245ce627ddb52a0dc031f,ok,True
P063463,http://documents.worldbank.org/curated/en/996281468774581878/text/multi0page.txt,200,315806,df8f1643da31073038500e170dede2121aa7cf113a6a228e4f2b7a14f0e07c56,ok,True
P063472,http://documents.worldbank.org/curated/en/144981468777286071/text/multi-page.txt,200,137260,e3b9a8e932c20d7f2385f29ad5bc424d54b8fdd68956bd2d853b156494cf01c8,ok,True
P063501,http://documents.worldbank.org/curated/en/149621468774679636/text/multi-page.txt,200,103144,7981bd387a6ad49fbcfca27780700c1a854ebc3216e4c22f94217efdf4f6a8ef,ok,True
P063546,http://documents.worldbank.org/curated/en/951001468746754409/text/multi0page.txt,200,206448,5ad8468741c115a6e0ac1527aa1b33818e596d3b1faed5393827e433f66de066,ok,True
P063577,http://documents.worldbank.org/curated/en/449401468773096867/text/multi0page.txt,200,186866,16b11b163e958dc7c240aa4f23f7b835e95fc7814b26e02d7dffe8a3e6ca58e0,ok,True
P063584,http://documents.worldbank.org/curated/en/592071468782128789/text/multi-page.txt,200,252349,3dd66a8f655f524a7722a251ffba402bcea06b9827cb05d3a36b3cc4c9c77644,ok,True
P063622,http://documents.worldbank.org/curated/en/723041468775777998/text/26133.txt,200,332036,69216dc375a64a81e4f829b711dbb603702cf7645779d6d888af952ab2f97794,ok,True
P063644,http://documents.worldbank.org/curated/en/133611468770358510/text/multi0page.txt,200,408280,aba07e61f1806fc6033468cf7adccebe9cd47bf923c94c2bf2ff626aba376b07,ok,True
P063656,http://documents.worldbank.org/curated/en/785701468757001491/text/multi0page.txt,200,358368,10d4832ad2aa6b77bc7bde01c68190ff3aea39b2e0cd67ce39a419e9cd312d53,ok,True
P063683,http://documents.worldbank.org/curated/en/326161468741676990/text/multi0page.txt,200,255739,ba67d0a87b53c33ea167e1d52155a7a3aa19539d0433a42b07c62a07374fbdaa,ok,True
P063717,http://documents.worldbank.org/curated/en/828061468776423025/text/multi-page.txt,200,284099,200a6aef5f9efcb6d27260cc86c4eca34066f3a3b1dc6da3beac2bd2b970dab6,ok,True
P063732,http://documents.worldbank.org/curated/en/928701468771706912/text/multi-page.txt,200,174065,2a0890cf15849c23e38e0d0eb2a48065e1840b7df30a9a0c33f0c6c09ab56429,ok,True
P057995,http://documents.worldbank.org/curated/en/817851468751544465/text/multi0page.txt,200,73,8c520799e2b35cc0351541a9fec547421db025e0cb31a6b11c73935be94eaadc,too_short,False
P063791,http://documents.worldbank.org/curated/en/639341468756607283/text/multi-page.txt,200,150680,19295d319af05aed1bff6a55ba91cb4c23324db341a40dcf96e73bbb9aa8c34a,ok,True
P063918,http://documents.worldbank.org/curated/en/299631468774631459/text/multi-page.txt,200,172912,553d2fb0dca198ed32d80339998394a6d55366dcf4c62fb67b632cd74c64af01,ok,True
P063913,http://documents.worldbank.org/curated/en/316271468756303995/text/254140ID0Java1Bali0Power0revised.txt,200,394153,ffba86ff33f167007d7a90b0173aa0b67a490234cef49bb60184c77fcea50310,ok,True
P064008,http://documents.worldbank.org/curated/en/276721468759320609/text/multi-page.txt,200,145186,20e69e575cd753c63ec57b82780729c9af3c005fa7f0a4b91088458f742be94c,ok,True
P064045,http://documents.worldbank.org/curated/en/660631468771720363/text/multi-page.txt,200,145250,2f6cbe16c711ae6e1d36e95a566b8c393110caabcd8bcd3eb9b579550e82e0f9,ok,True
P064064,http://documents.worldbank.org/curated/en/391221468781535937/text/multi-page.txt,200,265079,d14c7d1be686c0598f27b940cd8fecfe6100823aef4868f09b164709492ea1d4,ok,True
P064082,http://documents.worldbank.org/curated/en/614741468778528993/text/multi0page.txt,200,284164,1a9741dcad307d271896b4c247c668026c704b244ce7799042fb012dff8c8278,ok,True
P064149,http://documents.worldbank.org/curated/en/503631468742890481/text/multi-page.txt,200,197474,176ccf62794e77693fa081c4b06f860dac8d44ae5c7954e1855a797160ead813,ok,True
P064237,http://documents.worldbank.org/curated/en/300501468759013095/text/multi0page.txt,200,309995,7d3f5acffd5a14addf53e5deadceed9d92c8925daf56af1a26951669251a21e1,ok,True
P064238,http://documents.worldbank.org/curated/en/625681468777987899/text/multi0page.txt,200,393916,3152e485ab3d51115bd58251f0aab3b650e0e0773982a4f0fb03348f0f2431bd,ok,True
P064305,http://documents.worldbank.org/curated/en/685941468758751337/text/multi-page.txt,200,142530,668731c8c1eec4654e369a87b1c19175e024ed085c6138ae0a48086756967ffc,ok,True
P057910,https://documents.worldbank.org/curated/en/533121468769921003/text/IBArchive-c2137bd3-f723-4c6d-920a-06a43b12bd13.txt,200,46,e46560c3e5c6e23209f738e5315dfef3b5b1e69dd752aa9db7a239171b66c913,too_short,False
P064438,http://documents.worldbank.org/curated/en/373991468759573484/text/25655.txt,200,358477,104122d0a032dc36591bb20873d2fb7e997efca2dcb7e3c5376d9f605bfdbf11,ok,True
P064510,http://documents.worldbank.org/curated/en/590301468744270104/text/multi-page.txt,200,132720,44986d486c3cc1df2cf0352bac0a66370e677cb34eb222c636b5e804e89f3677,ok,True
P064508,http://documents.worldbank.org/curated/en/858881468758773099/text/multi0page.txt,200,234275,f753990a41ece4d45e97300595caa5bc78b33d1226c86ed9685f36f43b6c9720,ok,True
P064536,http://documents.worldbank.org/curated/en/511221468742208336/text/multi-page.txt,200,324451,67830718e75834f87721868eaa6fc06d2fc482991ab6042fce8a1336be5260cb,ok,True
P064558,http://documents.worldbank.org/curated/en/926151468744107717/text/29604.txt,200,380806,2c453deb8a5a3ffbd9b00855bda500a5de0b7b939278825937f8634ddbb67589,ok,True
P064557,http://documents.worldbank.org/curated/en/541361468228541423/text/38438.txt,200,308897,f2e0eb4daaee201e1b7b63c75c3638a79ea16857a84e7b4aebe1bdc47f40acb8,ok,True
P064570,http://documents.worldbank.org/curated/en/348551468757234304/text/multi-page.txt,200,213522,80633f6de4261dbe8ccb2d6bc55682f34c4ed5d432ed392bbc97813ea747352e,ok,True
P064614,http://documents.worldbank.org/curated/en/941131468742863562/text/multi-page.txt,200,273792,01e100f9a604bd148833ee3918dc3336bac6d4ea95b2c8673a2b46e4b4aa6f8a,ok,True
P064573,http://documents.worldbank.org/curated/en/559701468742794631/text/266320CORR.txt,200,553979,4fd1d55c2ef08938db66ecb784d69193a72adec516d0312ecb0ec4ee2443bee7,ok,True
P064585,http://documents.worldbank.org/curated/en/495521468753277070/text/multi-page.txt,200,274907,2f32d0afc7348d71e187d08e9ef056f8755a6a721a9ea34ea962d9d57e0df03f,ok,True
P064728,http://documents.worldbank.org/curated/en/616251468771663000/text/281780ID.txt,200,316077,b19e258960089395f2aa4fca9654daaab555e5fb8f515c135bdeaf0efe5dbe7d,ok,True
P064729,http://documents.worldbank.org/curated/en/701151468768727100/text/multi0page.txt,200,491248,faad98ddfe8a11774a3ec94f20acf31a23dd1102e090ad4e3e579619a3a90a7b,ok,True
P064730,http://documents.worldbank.org/curated/en/254571468770376718/text/multi-page.txt,200,533194,9aa6a6823ef0a509d1716c13ed09d8b00aed4d0e7f1b39362a34b21f3af9640f,ok,True
P064836,http://documents.worldbank.org/curated/en/572471468113358621/text/33397.txt,200,324648,c5ef70c64fcabea0446f782fad06e270a784bc4c9141a5f12c2f16020d7346c9,ok,True
P064821,http://documents.worldbank.org/curated/en/819501468758741256/text/multi0page.txt,200,372045,17a4f7300aefa7bb4e7bb4125698fe74fef7fa2e2818d7f915a4d721f9c3ff5e,ok,True
P064844,http://documents.worldbank.org/curated/en/908861468742209296/text/270150KH.txt,200,428130,4bce383b9790f8238de045269a6f1ce251279e688a85b6d344b4541d92df0cb6,ok,True
P064879,http://documents.worldbank.org/curated/en/167221468768656996/text/multi-page.txt,200,174260,9ced02613750c563cb596aa1f7c5324321d4b4c04cf780820767a4b485b18d62,ok,True
P064883,http://documents.worldbank.org/curated/en/723661468752063807/text/multi0page.txt,200,502472,e979e88854393b0df436fcf633153ab9a475efb7f02f4a8515d4fa818c1a8f5b,ok,True
P064876,http://documents.worldbank.org/curated/en/853921468015065365/text/27594.txt,200,407348,6c51c7f355040e9f114f3188674659f565e8c42ad72b40e849aafc3531c73b72,ok,True
P064887,http://documents.worldbank.org/curated/en/815501468774640910/text/multi-page.txt,200,203997,02ffc315c20d4a106f93b7412a4315aee5bc6ec4cb46230f830976eb73a0d0ea,ok,True
P064895,http://documents.worldbank.org/curated/en/266961468750244345/text/multi-page.txt,200,294811,2bc08e78883ab15d96f7111254586b00a6118a0b5b4b46a25af37dfefc851036,ok,True
P064886,http://documents.worldbank.org/curated/en/763821468774269191/text/253111LA1Susta1Dev1IDA1R20031014011.txt,200,368095,743712e25219c9aa8fbb192c09689233563a616a44f5b4102464149c0dac3c51,ok,True
P064913,http://documents.worldbank.org/curated/en/397401468750305928/text/multi-page.txt,200,175596,95d046b56d9342055370013a79ff36f72b9fae6d944182f9a7e8d0ee8296c713,ok,True
P064906,http://documents.worldbank.org/curated/en/899651468759552634/text/multi0page.txt,200,273345,9db9f5752ffdd1bd3c960b46b7cd30a218176aae81ab90f569b8bf6bfef05064,ok,True
P064914,http://documents.worldbank.org/curated/en/407781468749993125/text/27943.txt,200,323803,06676deac090b47f25c856f029eeaf7296d7a822efeb6abef8e9b7996abf2542,ok,True
P064915,http://documents.worldbank.org/curated/en/624231468775557961/text/multi-page.txt,200,334988,a9c6d9aea17c5a8561653e1f2df8ca17a735fdbe30b9d883bf7d1802ff2555b2,ok,True
P064916,http://documents.worldbank.org/curated/en/920111468775770207/text/multi0page.txt,200,258699,005e9ce3154e95a6eae551593edd7ccdfaf63f56b5caccab86b449ef25b1aef2,ok,True
P064918,http://documents.worldbank.org/curated/en/731851468284386043/text/357950rev0pdf.txt,200,460473,7eacaa4f8d9fd3c5bdad9584b1e99ba2178dead3979cac53b00b7975a45447ba,ok,True
P064919,http://documents.worldbank.org/curated/en/203061468023457480/text/multi0page.txt,200,288329,d6012d9b9090ebc5496f5af9ac8142b426e7a6ba8ca939735f8969b7dae1bad0,ok,True
P064921,http://documents.worldbank.org/curated/en/674331468741851352/text/multi-page.txt,200,185514,6a692697790f6e5aa72aa172bce0888a3209c660360e8a02ef66e3d83cff909a,ok,True
P064925,http://documents.worldbank.org/curated/en/810201468298755077/text/36317.txt,200,260235,61c28aa8795483b3d0ffaa953e212d900e82988034949644def7fe371e617bdb,ok,True
P064926,http://documents.worldbank.org/curated/en/739381468777013809/text/multi-page.txt,200,220657,e4f846515b063ab18f910ed2e9c1f7662f508f52cdbd54ef964178980e09488b,ok,True
P064961,http://documents.worldbank.org/curated/en/775271468769202384/text/multi-page.txt,200,135380,95c92d1950798616d1a328aa53ddc964fd468832f59c3637d5867523986c7e5c,ok,True
P064983,http://documents.worldbank.org/curated/en/533931468742871997/text/multi0page.txt,200,160988,357bb8dbf29451594bc3740bf8cb664b2b6f1ed45f2f9bfd749e69cfae36c677,ok,True
P064965,http://documents.worldbank.org/curated/en/379761468759912492/text/multi0page.txt,200,397228,a49c68eca2dcfd91c95553729aa1de23f21e590be05ff7cfa912bb1d9ac00aed,ok,True
P064981,http://documents.worldbank.org/curated/en/823721468782091767/text/254601RY1Sana11mt01IDAR200310091111.txt,200,381853,190eb42e640c970ada18a9d6a6e5c1bbee6996212f6590f0c3fbd57d92a79ca2,ok,True
P065041,http://documents.worldbank.org/curated/en/576001468780964992/text/multi-page.txt,200,189886,a44f0781d72563456d7e5aef5e8858b1a94dfab598aef2f4c540a0a88f9a9775,ok,True
P065035,http://documents.worldbank.org/curated/en/270051468746659697/text/257030CN0PAD.txt,200,657873,49e90f64fcc7b3fcebccd5862d50c7bc1bdc8ce9186626b443d0640a1c42d19f,ok,True
P065059,http://documents.worldbank.org/curated/en/199211468776382745/text/multi0page.txt,200,288721,b4ecdbaf2532bd4a9d24e07c14154b6df8ae17c90e12b6beaed9cfc7cdc79a0f,ok,True
P065111,http://documents.worldbank.org/curated/en/410411468168259671/text/252260PAD0REVI1480IDASecM2009104101.txt,200,249856,de58908762ed548d5cd944bd1e1606f75b274e8fc9314e0ac0779a8c722c7080,ok,True
P065113,http://documents.worldbank.org/curated/en/424771468780910986/text/multi-page.txt,200,141565,a460af062f8ae5840a4bdebcb90d562707836d612c2e12e402669b94665731a3,ok,True
P065126,http://documents.worldbank.org/curated/en/551731468037482453/text/28046.txt,200,170863,ebec394d4171c553551d363ed69c9f1e63b62c02b5d133be8e55c42c177046e3,ok,True
P065127,http://documents.worldbank.org/curated/en/844811468749973398/text/29306.txt,200,196863,d5dcc3b407917809fa9dcf761549d92cebae26467fb1895dea0789254edd7e57,ok,True
P065129,http://documents.worldbank.org/curated/en/394061468033659245/text/38444.txt,200,303866,068f1434c480a8e4180447e1b32bde5e43b9385754ddf65caac9b61334388dfa,ok,True
P065188,http://documents.worldbank.org/curated/en/405171468760496574/text/multi-page.txt,200,213562,798c782d57f67958c81cae20d16f2569ef6ccbe2dd9d537c1181b10616dd3607,ok,True
P065256,http://documents.worldbank.org/curated/en/344021468758736875/text/multi0page.txt,200,220597,cd83bdb4a049af60f30bac518e108ffba78c860f0e510d62436793c59e569295,ok,True
P065200,http://documents.worldbank.org/curated/en/225791468758385095/text/multi-page.txt,200,215212,dd8da4fce5f82bf82ad3ff1584874f1f3c40b046e8ab7ca03a7b597c9b1c7e5a,ok,True
P065263,http://documents.worldbank.org/curated/en/450131468749792955/text/multi-page.txt,200,160606,89cc0e2e6e365836b0fbb8522b408974f43255ebe94af54e5f1172a9ff2374dc,ok,True
P065270,http://documents.worldbank.org/curated/en/362941468106437469/text/32446.txt,200,267204,4c18484823053c7909812f2b71e112a5a7d5635c4fbbaca4650123a5ff12a137,ok,True
P065372,http://documents.worldbank.org/curated/en/720971468778464807/text/multi-page.txt,200,253422,d5d243f99ea78f6462b13861fc56b23437caeca7d856b0a1f0f7d04b6d2675d2,ok,True
P065301,http://documents.worldbank.org/curated/en/772271468780963675/text/multi-page.txt,200,300290,06ccad50204db078d96d7c6005edcef867b4c3b6ca5bb795aea523f0bd886bbc,ok,True
P065414,http://documents.worldbank.org/curated/en/109121468752125532/text/multi-page.txt,200,220604,b4c5301154866d22a1af115cfadfa83f88d5c8010611bef444a05cbeda1a5734,ok,True
P065416,http://documents.worldbank.org/curated/en/359061468771873526/text/27759.txt,200,230224,a792de1be5ec85f973e3d18a862e46d42ae95e6dc53249c395df8a62c4a31c18,ok,True
P065436,http://documents.worldbank.org/curated/en/349701468779174292/text/multi0page.txt,200,311305,16c931bf20e2afc9888348d302390f82a2403201b06a00c72c69ff55392b7b10,ok,True
P065437,http://documents.worldbank.org/curated/en/525121468778177363/text/multi0page.txt,200,261904,a104a5c2b6e7d6848b7d305b21a5ff5b1fc2480aa75807f29e2cb684eca7511c,ok,True
P065466,http://documents.worldbank.org/curated/en/310031468746815731/text/multi0page.txt,200,143455,974f095e6a59f1a357d36585760b0be07a2459fab7ece9b2cdb1a263db6f407c,ok,True
P065593,http://documents.worldbank.org/curated/en/137371468765334508/text/multi0page.txt,200,271468,7167d76606f4d15945ef254b82088353b8ddf3c18aa8bc41c83c335f2d7e3699,ok,True
P065463,http://documents.worldbank.org/curated/en/161411468771892916/text/257020CN.txt,200,341331,b5327346cf7be9e6204b469f20e932d6aa0d65e08357123835dedec389ae43da,ok,True
P065713,http://documents.worldbank.org/curated/en/935961468744335400/text/multi-page.txt,200,281073,5a2b15fc6cf2dcc4138621611d659e31327c30c6748fac8d0ed3518276f315f9,ok,True
P065715,http://documents.worldbank.org/curated/en/498641468770993575/text/multi-page.txt,200,226147,ec1f29c61c84a97b3405538083d8fc621a6a666ef354a5d2b50e788f8a573aa2,ok,True
P065757,http://documents.worldbank.org/curated/en/445301468774254737/text/multi-page.txt,200,170386,137137cf2c0b533758467bfc06f5163ae6ac6da31fd6c02deba816dfefe47fc3,ok,True
P065779,http://documents.worldbank.org/curated/en/114621468753003475/text/multi-page.txt,200,214622,60ecddede58a9c8996f13fabb9ddec51dfb12afc1661272cd7201148401cb9db,ok,True
P065798,http://documents.worldbank.org/curated/en/640741468743686907/text/multi-page.txt,200,145339,3679854a3f5a6e3eca3a80efdb02c5de3ae272a8bc57e4f28fa09d727e4be55f,ok,True
P065898,http://documents.worldbank.org/curated/en/993281468782356304/text/273950VN.txt,200,269328,a0483c136b1480f73df6e3cb4bfddabea7dd9a1dd0921e49427e7cbc305c9e54,ok,True
P065902,http://documents.worldbank.org/curated/en/733501468741012055/text/multi-page.txt,200,169539,0e56b350011cde1de4c48baff8ce3f3cdb38e80d5398455bde3be2bbb8f26016,ok,True
P065927,http://documents.worldbank.org/curated/en/209951468743666002/text/multi-page.txt,200,180494,c3a4389735551587c0c4d02ec2ca4c79637e8f2971bd92d3363deb90748f6817,ok,True
P065937,http://documents.worldbank.org/curated/en/419561468770431325/text/multi0page.txt,200,653828,272d37dc5151967dedecca2278186f25507987b0303bb7d4d03b3b582c48c37a,ok,True
P065988,http://documents.worldbank.org/curated/en/352891468761376644/text/multi0page.txt,200,387912,4be901b219616d47e0fbd31892d884e0b821e9cd0af3cfe6db7027a41da1b653,ok,True
P065973,http://documents.worldbank.org/curated/en/909631468772498702/text/multi0page.txt,200,241761,8682bfcf6ec728f70b765e45c5e0ccd65ddd4b3b848dd00dc4dbc91e6c5593c8,ok,True
P065991,http://documents.worldbank.org/curated/en/624411468759311769/text/multi0page.txt,200,363559,3721aca83d62b62f072ca76e9b08a8436a35cdacb5692ca29f03c55571b7d53a,ok,True
P066065,http://documents.worldbank.org/curated/en/453911468776709503/text/multi0page.txt,200,255010,c25da97df0fb8b5a2358940fb238610103c2e22fdfe25ea0d24dc9fc713bd2fd,ok,True
P066051,http://documents.worldbank.org/curated/en/289351468779083720/text/26767.txt,200,427163,40643c6eb54690a8a31db14a3afcc799e4b85e2805a50e7ac4cf5bff9337f7df,ok,True
P066069,http://documents.worldbank.org/curated/en/288761468776754685/text/multi-page.txt,200,277028,39d2aceaaa0a7a18ace2316cb1b81fe3ab30864176135c9f2b78e34b83cde99b,ok,True
P066076,http://documents.worldbank.org/curated/en/840951468776109202/text/255040PH0PAD.txt,200,215944,4a20dec3e07ddc9e7b3dc3478728c7d9b34f650b2f5ca9380d8c03c391006342,ok,True
P066100,http://documents.worldbank.org/curated/en/326831468742152376/text/multi0page.txt,200,209666,a4ef1313165cc75e900e7c2b7a859794e579e57b57b5a78c8309aa02714f770f,ok,True
P066149,http://documents.worldbank.org/curated/en/824871468760502083/text/27983.txt,200,247864,e34e215b12ff87d07afbfc3705a2b14b17966a463e56b9e92b6d80102a6042e8,ok,True
P066157,http://documents.worldbank.org/curated/en/511121468773101487/text/26267.txt,200,206824,c2b80ab2f2e81d7ae40f83da14f56bcb3aae9e79de47ed719d70816d611baf26,ok,True
P066155,http://documents.worldbank.org/curated/en/468981468758975965/text/multi0page.txt,200,297093,26bc413712ae49966476081a8b74a5f24a0677edbf3df833fddd735f3653e7d9,ok,True
P066175,http://documents.worldbank.org/curated/en/917201468749084584/text/multi0page.txt,200,185031,c19358b8745c8e88777dfa4ab3288c8a53acf943893e56a5f5ff8d1bb2d04f46,ok,True
P066169,http://documents.worldbank.org/curated/en/432111468769457746/text/multi0page.txt,200,298092,7d2b71a49c2b1314b34e1bbf0ab1868f2b70dc78db610a3b5855b6fe93a33955,ok,True
P066170,http://documents.worldbank.org/curated/en/107451468743772104/text/multi0page.txt,200,313754,d156d655541d0ad42ebd5ad630efd554282ef965a1944b6f5e44a779a0bb5467,ok,True
P066198,http://documents.worldbank.org/curated/en/839451468756595032/text/multi-page.txt,200,111415,b7a7e114a52144d0bf030057d802b4a6cdb3ca5af5c338f834a2734e377a8311,ok,True
P066199,http://documents.worldbank.org/curated/en/322411468206973219/text/31975.txt,200,297093,57dce051bf566855ff044506c0a2b2aacdc19ca8a4c72776c194037009f31ed7,ok,True
P066221,http://documents.worldbank.org/curated/en/949911468758706941/text/multi-page.txt,200,149164,d95025d39f8430bc4257d51b3a42bba46fc298fbc13e83aa220f0d482bb2b511,ok,True
P066260,http://documents.worldbank.org/curated/en/617921468768541746/text/multi0page.txt,200,259778,21913954a7160a51bde81ee1e12c45404686be578b86b07d36b7eb9dad3baff3,ok,True
P066345,http://documents.worldbank.org/curated/en/752021468757488238/text/multi-page.txt,200,158743,585198874be68f9baa7160ee2d1f5f3488417653c361bc3b91aaa743731dbc3a,ok,True
P066321,http://documents.worldbank.org/curated/en/398291468761376295/text/multi0page.txt,200,358888,b33dae7ad17150ab5079ed33dab09830f4e90326a2b18b1a9f3d6d8bc5b80c05,ok,True
P066353,http://documents.worldbank.org/curated/en/736711468770691182/text/multi-page.txt,200,111256,6a4b7d6a8aa21b75d76e0637e45aa3ede89f7c289e31a0054162a2ca80990bbc,ok,True
P066386,http://documents.worldbank.org/curated/en/373441468777889230/text/27857.txt,200,301544,a4b89270cc33601c8626120f33cb31191188950f9f90fbe557790c30f27c7893,ok,True
P066397,http://documents.worldbank.org/curated/en/463601468760151834/text/24284.txt,200,376173,c8b1cd758af74a6c0d5289bccf3d83d61180d0153155cbc56295b5228f2d5d68,ok,True
P066396,http://documents.worldbank.org/curated/en/266301468780591925/text/multi0page.txt,200,605883,01838c298a5ffe438551e129f57487dcd5f80403f158fba43f1f0831a3f01ea7,ok,True
P066486,http://documents.worldbank.org/curated/en/260241468773423492/text/multi-page.txt,200,255228,360e5c2e5e98f2b26c83eb9e384db72217be88eff919f73a577e01f22793c2bd,ok,True
P066426,http://documents.worldbank.org/curated/en/127791468278947574/text/36794.txt,200,279164,3c5d1d4dc35f98265970318b224d3c81385a908f96847d3518d4c6c4bfccf899,ok,True
P066490,http://documents.worldbank.org/curated/en/938781468773756479/text/multi0page.txt,200,205360,f9d5cf86b5462e007684ae68d24269021b6dd1dd9be65daa27acd8be81b17375,ok,True
P066488,http://documents.worldbank.org/curated/en/207281468273657157/text/532840PAD0P066101Official0Use0Only1.txt,200,396499,3bec62df11bb2261928c7982b0aca4fb3c338693dafdd231781ff8215747b4f4,ok,True
P066491,http://documents.worldbank.org/curated/en/949361468742522118/text/multi-page.txt,200,204531,581ed7052f0dc7250f34e3ee088bb05f4b25fb6be2f5ad506944495ab2200bc1,ok,True
P066512,http://documents.worldbank.org/curated/en/231781468776410585/text/280610PL.txt,200,264874,d5769b036989fa8b94dae74a83a3215dc7d189c83ecba6e76eb208be0fa73573,ok,True
P066532,http://documents.worldbank.org/curated/en/317991468776746130/text/26517.txt,200,252922,58ef97be811dfa20cfecb640d647de8d7c99183e6d663138b82877ecc6ef2a3e,ok,True
P066535,http://documents.worldbank.org/curated/en/402031468006925230/text/36172.txt,200,383265,22576e82388a5a964c3346390dd7ab050968692883036a00827a00cbc56b2d34,ok,True
P066571,http://documents.worldbank.org/curated/en/334211468775589200/text/multi-page.txt,200,181517,0cad16dd4cf9e9cdb16a757a488c272ff330456cfd1155a98fb34be52c6f6b73,ok,True
P066674,http://documents.worldbank.org/curated/en/250691468279342437/text/multi-page.txt,200,279104,94b031d8131cad9fede1394e8abef27b0ba17782a62eeb387d0c901cc6d52ace,ok,True
P066749,http://documents.worldbank.org/curated/en/876971468779082040/text/multi-page.txt,200,189123,78e86b4cfaa0ece49f0c9af03d792d3dc6b3cda8dde1402f098c7e1600c248e8,ok,True
P066938,http://documents.worldbank.org/curated/en/635381468752987243/text/multi-page.txt,200,138501,23114da14f2b578c223514f5f9aca425e12ecca64aedf6d788ef074b249f516a,ok,True
P066752,http://documents.worldbank.org/curated/en/756131468746732000/text/multi0page.txt,200,376171,838139b42c94d6e7e740efdf8d9df8e9c3b6ebe156233814b17939bbcee043e5,ok,True
P066954,http://documents.worldbank.org/curated/en/781341468758388121/text/multi-page.txt,200,198701,4fa8da03d51e34cd4935a0eaf2a4e26d7d691acd515b7a9cebee18f42d2d15b0,ok,True
P066955,http://documents.worldbank.org/curated/en/369981468770428273/text/263590CN.txt,200,457484,959ece96adc0876eba5a2bc34cd63d22734ee0777d9045cb6b106133a9ba2423,ok,True
P066998,http://documents.worldbank.org/curated/en/424061468743942923/text/24101.txt,200,284457,f0f54cda9ab6e3cd52f139931390568e6081e7187ca877663315808da3af614a,ok,True
P067103,http://documents.worldbank.org/curated/en/385131468778744119/text/257921TZ1Parti1p11IDA1R200310086111.txt,200,319065,ee424c76974033d4c378e02a3aad62a1c4263e4905617931620a687d80164cbd,ok,True
P067216,http://documents.worldbank.org/curated/en/790821468752770919/text/multi0page.txt,200,570063,29d7cbe38e35339830889db0f778491b6a141b48dd5c90a5322d225865a0d320,ok,True
P067329,http://documents.worldbank.org/curated/en/858561468767979415/text/multi-page.txt,200,138514,853501cf8a86e2d66f1ac2f40204f8bd8aa69d8373f323530a25c050c59d73bb,ok,True
P067330,http://documents.worldbank.org/curated/en/740441468772738667/text/multi-page.txt,200,192880,d698464ffc5b5b99016b50e0e6689934f7d3518b0f058d10030ad3429b666e02,ok,True
P067337,http://documents.worldbank.org/curated/en/698561468771891929/text/multi0page.txt,200,283396,3a2603088d0f7c51bd9d18d4723abf30a40a2a40c2a566cd641d0a3df02ee47a,ok,True
P067367,http://documents.worldbank.org/curated/en/716921468776052436/text/multi0page.txt,200,358127,947fefa5c42929e79b99657a99b1dbcb2f98c69e0af7555b797053155fb700fe,ok,True
P067498,http://documents.worldbank.org/curated/en/772881468760540637/text/multi-page.txt,200,135466,2e980d6766eee9271c2b8c6c29087cc964f26ced1e2cfaa6773924dd37e1ccb8,ok,True
P067543,http://documents.worldbank.org/curated/en/894271468774894671/text/multi0page.txt,200,294096,5809e3dace80c1d348263255c77e1c91d0fcf04914317dd888ef2691aaca77d6,ok,True
P067567,http://documents.worldbank.org/curated/en/222661468767659832/text/multi-page.txt,200,176192,e7b05367f6dfb630fbb441f9a613c939b09d215a474ef83c56f76b6b095a0eaa,ok,True
P067610,http://documents.worldbank.org/curated/en/900431468778506744/text/multi-page.txt,200,148185,6d459acf81389399a6f1ce8c50d834c4b39d57b218f3717bd460a5ea57bae52b,ok,True
P067606,http://documents.worldbank.org/curated/en/746371468752707558/text/multi0page.txt,200,275588,e4931e6af21f862773ba1df094f37ab8dbfd385b2f57f57c5cb74dbcd74363b1,ok,True
P067685,http://documents.worldbank.org/curated/en/287781468751143394/text/multi0page.txt,200,357260,42320629909a56d98c3fbe57fa2295fb655cee96e6c540a7eb17cb0053209fb2,ok,True
P067625,http://documents.worldbank.org/curated/en/110161468019252771/text/30698.txt,200,429181,14f1a98af9b35027acfa2e207688c01de4916d7edf928215ff7c99f6d9f7a09d,ok,True
P067774,http://documents.worldbank.org/curated/en/413761468772153846/text/multi0page.txt,200,238187,1f3a623860e0f8bb55d2d6093a213671d9f2e6edc294cbc7a39033b2f25ea30a,ok,True
P067770,http://documents.worldbank.org/curated/en/463311468757844764/text/multi0page.txt,200,450164,566938ff31a4808798759dfb84a93dcaa14e648cc23ebb718a97f74f179c91dc,ok,True
P067828,http://documents.worldbank.org/curated/en/110161468019252771/text/30698.txt,200,429181,14f1a98af9b35027acfa2e207688c01de4916d7edf928215ff7c99f6d9f7a09d,ok,True
P067986,http://documents.worldbank.org/curated/en/169021468746745828/text/multi0page.txt,200,481397,3b41f6e57e8e5c0724329e9a24cee7016531dd8c276feb8ca9697fea0333facb,ok,True
P068058,http://documents.worldbank.org/curated/en/438351468768727736/text/multi0page.txt,200,383866,dae1b458e61c2bc74a7d95212349427f2b217c01dde0e7f902715472fdfb1ede,ok,True
P068062,http://documents.worldbank.org/curated/en/466271468758985753/text/multi0page.txt,200,303309,ced7db1324808d50ac2d9d6d724d68e372a6621be3efe8edf7c4d75427850fdc,ok,True
P068124,http://documents.worldbank.org/curated/en/547251468781795659/text/285250UY.txt,200,230469,e38ad9467ad1250736177cd8243786fc30938bc9b0facdba7fb49f3b7cac4d31,ok,True
P068121,http://documents.worldbank.org/curated/en/328891468772451568/text/multi0page.txt,200,444915,8ac912504e08c89456e4578dca53df8b9e28e64c09f373b0f752ba90800b0836,ok,True
P068133,http://documents.worldbank.org/curated/en/578031468247265023/text/34042.txt,200,293420,c81e70e4bd04c20250f2f2ad742bdc0658bcd8cdf0cac886394375704bb50a67,ok,True
P068250,http://documents.worldbank.org/curated/en/396521468763199713/text/multi0page.txt,200,328422,b19ef67736c126569a4597dc9bd84a4e66fc405a4536b8d5202292b66d177b6b,ok,True
P068271,http://documents.worldbank.org/curated/en/275461468769919343/text/multi0page.txt,200,292781,93f9665e4cb7ce2f86d8bcb6e0b2b514f35cb3f3fc1f728c77c99dde65c37442,ok,True
P068290,http://documents.worldbank.org/curated/en/536811468774571429/text/259590ME0PAD.txt,200,258092,f3707b39eb173f5bd0d21de7776faec840eb0e93f6f58d9c0488db31ce1986e8,ok,True
P068463,http://documents.worldbank.org/curated/en/657931468746356497/text/multi-page.txt,200,238349,37cdc6df0e1b64217a4ac63c31394df6c41d3905df9a37815d8b415f29789f3f,ok,True
P068368,http://documents.worldbank.org/curated/en/735031468779115589/text/multi-page.txt,200,536200,4c21343861544cbc229cf38cdee5d3f6b18c6beba1a951bb0d3dcfcefded80e6,ok,True
P068673,http://documents.worldbank.org/curated/en/805661468758101927/text/multi-page.txt,200,169149,4e58e3b814dd588e591961cdde5799a44d8ca44115606d947a116c720afa2806,ok,True
P068752,http://documents.worldbank.org/curated/en/254341468016237003/text/30004ACHA.txt,200,235835,7bcb40310d270887853a63e4ca4a1b7bc71902e47eb42ef4e2a9023972871882,ok,True
P068753,http://documents.worldbank.org/curated/en/233731468746801637/text/multi-page.txt,200,132981,82fee48e3588c4abc043ebc74c73e8fa44fe5adeead9b4af5e4ac7a0806ec577,ok,True
P068762,http://documents.worldbank.org/curated/en/913311468744017337/text/multi-page.txt,200,185043,5acd7ea2d529ec546b24123c953ff2dd9963cba19509fc72aefca19ea58d0ed8,ok,True
P068808,http://documents.worldbank.org/curated/en/504041468776052762/text/multi0page.txt,200,262977,b18228e5f7465617e36ab54a5c3342a9ac5bec02eedc74eeeedbabad7c28fa92,ok,True
P068830,http://documents.worldbank.org/curated/en/175161468766462161/text/multi-page.txt,200,265484,76191945ba0a9c617d68a44da674113a4e2d7a1edc49074c7f70ea8eaa977c0a,ok,True
P068853,http://documents.worldbank.org/curated/en/543691468740389779/text/multi-page.txt,200,125914,ac212cb4f58594e4008f48e54153b958071ee0ee7aed9ab9957058c41395521e,ok,True
P068858,http://documents.worldbank.org/curated/en/637061468769521737/text/multi0page.txt,200,331794,9f40c23217f60091744e19fc2148a817347c52d2154c9913a45ccf903d9682d0,ok,True
P068949,http://documents.worldbank.org/curated/en/627981468752778622/text/multi0page.txt,200,163449,0d556e66139333a20c8c9e0ecce56d71848e8170a561e23399fa3fe41fabb999,ok,True
P068968,http://documents.worldbank.org/curated/en/420641468743387628/text/multi0page.txt,200,339075,f8e79b56043ca38ecd0ac087729d85595501ee5689a4916e38bd261f5dfaf0ef,ok,True
P069055,http://documents.worldbank.org/curated/en/499831468782072860/text/25806.txt,200,374817,8b70c71096c57c3edf660dfb41f8e08daaae50cc7497123ca85f128e61c33531,ok,True
P069079,http://documents.worldbank.org/curated/en/406461468742496380/text/multi-page.txt,200,127360,d43f2758429876ad4628498897d92e716699f18a649e5bdee42bac4569bf9144,ok,True
P069063,http://documents.worldbank.org/curated/en/369721468777951838/text/multi0page.txt,200,300898,b757357eaab6cefe4df58adf1d24585626b4e4fd97ede6e808f70a3254e6ee25,ok,True
P069083,http://documents.worldbank.org/curated/en/215651468771586623/text/multi0page.txt,200,137929,75174e806df83c406f76ae51a438ea1c74880803fc356db698698261d545b24a,ok,True
P069086,http://documents.worldbank.org/curated/en/618501468775602187/text/multi-page.txt,200,205089,0a612e27d9868b49752a6f1ef0001d1806d51d797c6485a0b75855e89d64aef0,ok,True
P069095,http://documents.worldbank.org/curated/en/489181468760225694/text/multi0page.txt,200,392701,ca5cb87b87b07f7de6ace21b32cebceed9267bc347a3aefd0e69c74805761aa2,ok,True
P069120,http://documents.worldbank.org/curated/en/639921468742815341/text/multi-page.txt,200,307549,4eb85a19e0962e37158c1c4dce87aed74e7101121338b0f7b583352d4e5ddcf8,ok,True
P069124,http://documents.worldbank.org/curated/en/707541468774251073/text/259160MA1Rainfed0Ag0Dev0Project.txt,200,411697,1de60e6416b55599277131469d39cd581dce5ad167ced61ae2ed2399764f49f3,ok,True
P069126,http://documents.worldbank.org/curated/en/225541468769486122/text/302350BF.txt,200,279056,1d0b5f3ef4a2e3b03747a5bdf285c493086af04290a3ab22bdea41d65dc06407,ok,True
P069198,http://documents.worldbank.org/curated/en/354541468759899208/text/multi-page.txt,200,139009,ae7e8bc7321805c6e4bce419a014573386e37b1ccd232442aaa99d7ed8f95917,ok,True
P069258,http://documents.worldbank.org/curated/en/243361468759606798/text/268060ZA.txt,200,310575,c1be0edc577f6eda07724f293f0236e177a3b47ba4d63a929d8b38f558fc2200,ok,True
P069259,http://documents.worldbank.org/curated/en/733791468769920265/text/multi0page.txt,200,169476,2ed993f1ad32dab69690e153a0f2d779d706623596dca3a149d715c29f758279,ok,True
P069269,http://documents.worldbank.org/curated/en/287861468775139064/text/multi0page.txt,200,252787,cfc36b31d6d97c9db04fac9d9886ad702df011d406d06742ad05fd8ff8ef6541,ok,True
P069293,http://documents.worldbank.org/curated/en/424741468768552934/text/multi0page.txt,200,231910,1366feb4471da82d9c987fbe9245aebdcc6004134d379a3ce9bae1c96d180867,ok,True
P069325,http://documents.worldbank.org/curated/en/417801468753008908/text/multi-page.txt,200,211300,876a534d964084de1ba0a665da22c5acb6178c327f3db5fbe89dc71810a56aab,ok,True
P069326,http://documents.worldbank.org/curated/en/384751468758401806/text/multi-page.txt,200,228236,d647d47ff81f24f6961d28fa46a6c37b39d3e6946a461180f91c4f667c9112c7,ok,True
P069374,http://documents.worldbank.org/curated/en/822461468759592510/text/25657.txt,200,146264,4e50ffc1fdf96bd14e7f5d2c3107da60d939e81e3c521902fb8fe8c1174bd336,ok,True
P069460,http://documents.worldbank.org/curated/en/232981468778496996/text/27479.txt,200,278387,d0835594043833182cbb8d20bd9c4be9ee1691fbe6e823786b8ccceae4351b3d,ok,True
P069465,http://documents.worldbank.org/curated/en/834491468771579683/text/multi-page.txt,200,256806,da73e0b1e3ca25216baeed710c972ffd3c9802273c22de1afbe210502daaa599,ok,True
P069491,http://documents.worldbank.org/curated/en/819011468758990702/text/multi0page.txt,200,249220,8ca009ec437261e46973a562620032f6fefc0570e28c261ec0d3ba5c321e59b4,ok,True
P069516,http://documents.worldbank.org/curated/en/684831468753009232/text/multi-page.txt,200,158552,4fced8c24f164bcea8079d91a40802f5658c94b6ab5651fe0cc319192f4197e1,ok,True
P069532,http://documents.worldbank.org/curated/en/646911468769130527/text/multi0page.txt,200,352666,e32f55a3c8bd16acd3104b58a2666b726087cc08d4100026f27b1fd8047b05f0,ok,True
P069629,http://documents.worldbank.org/curated/en/290801468772214221/text/multi-page.txt,200,134988,04612c4e1f25d313c5a5a410e5b728430771a152b327205a3d712a4190f70969,ok,True
P069679,http://documents.worldbank.org/curated/en/433401468776068107/text/multi0page.txt,200,136367,04db63da6a8a784afa42b452c181d55ecf8bef584722ef804bb2bba831b60a71,ok,True
P069784,http://documents.worldbank.org/curated/en/486431468759862186/text/multi-page.txt,200,146181,7e8c6637b7fece581fba80fc1dced95f46dccb461bea11b7598604080238ba43,ok,True
P069814,http://documents.worldbank.org/curated/en/983971468753345292/text/multi-page.txt,200,186294,920638f05eecdac3acf4380957ddbed6b41da3be6ccb07de105370514362dd4f,ok,True
P069824,http://documents.worldbank.org/curated/en/811881468775148432/text/multi0page.txt,200,311285,d7091cb9de5d91a4bd3df1c9b5021f910946f65831567c5a2cde87ae95f4e6e4,ok,True
P069847,http://documents.worldbank.org/curated/en/714231468752107993/text/multi0page.txt,200,318816,868fe58a678265041f971beb6bab4b01445230a6791366a2077babeac9d945d3,ok,True
P069852,http://documents.worldbank.org/curated/en/269361468744286984/text/255900CHA.txt,200,369478,6b83557b1f9637c1f5d2929895c2919feb5092cff3dbdd8bff62628d0a6667ce,ok,True
P069857,http://documents.worldbank.org/curated/en/605551468760525984/text/multi0page.txt,200,293755,2001d2f84f13ea304cf877e71138f6c7925caf958793b5f3c4b676c176c2bb0a,ok,True
P069858,http://documents.worldbank.org/curated/en/157921468781770379/text/multi0page.txt,200,265641,a7a800491a02796181c803bd9cb420083c7b5ea8485af7960c55ef148468b53e,ok,True
P069862,http://documents.worldbank.org/curated/en/554311468025461653/text/29785.txt,200,265717,41b8c3fa1b2a6967cde89d36ae4f6dd77d0d46ff6c22ba172ba98529c28116fa,ok,True
P056018,http://documents.worldbank.org/curated/en/813061468775538947/text/multi0page.txt,404,0,,http_404,False
P069864,http://documents.worldbank.org/curated/en/989271468781507385/text/25810.txt,200,189550,c98c084c928c01bb0d4c1378547ae14ddcb529b8bd536436b5343794b9abd4f3,ok,True
P069889,http://documents.worldbank.org/curated/en/645401468774927724/text/multi0page.txt,200,249687,463d32de318b887b212f1e655d09ba828f40ca1a01d1ba723bb79a1ecf3227d6,ok,True
P069886,http://documents.worldbank.org/curated/en/287591468768313907/text/multi-page.txt,200,573774,9ef51a2088161268001edfd87beadaed9c2fd5036b9aa2cf898df1fcc057ee2f,ok,True
P069892,http://documents.worldbank.org/curated/en/959281468759336989/text/245070NG0PAD.txt,200,368923,3e18e665f0807779e709759f2b34c0e49f473a1abd358ddc503bff34491aad37,ok,True
P069894,http://documents.worldbank.org/curated/en/319381468765033650/text/multi-page.txt,200,240737,1a09d55671aa8d92e13c7fab4b152b6912e85d8fd00464da9e302038ac70785c,ok,True
P069896,http://documents.worldbank.org/curated/en/971001468017459658/text/35200.txt,200,280313,fba469227f492e9c354cd31fbfb5969ad66663a5618f2e47b8e13a5fa7d5d825,ok,True
P069901,http://documents.worldbank.org/curated/en/222531468758378642/text/multi0page.txt,200,247080,5ea5239db0426e0d0c010d289f07c032b84def5981a61f792715264867800705,ok,True
P069916,http://documents.worldbank.org/curated/en/900481468780908927/text/multi0page.txt,200,176214,4a5be00fd25230e00add447d1128853a7f9b2d7f168845e9a584d3f122e28f1e,ok,True
P069922,http://documents.worldbank.org/curated/en/228851468749708198/text/multi-page.txt,200,177128,01b2233bcef38dc871eabb59bb8f7a6ca7550eea01b8bf4365fbac91ec9ede6d,ok,True
P069923,http://documents.worldbank.org/curated/en/695121468777021725/text/multi0page.txt,200,214224,70c19a77b19ecdc1aeeffab7f8f087364135bb8b5ab69cc4f5ebc9e3ffb05c19,ok,True
P069933,http://documents.worldbank.org/curated/en/262601468740691106/text/multi-page.txt,200,205374,d47ce5579ddf3222a9d87941e69abb53c23b1fc322debe36225fd67d6f00eda4,ok,True
P069934,http://documents.worldbank.org/curated/en/566411468742504836/text/299350BR.txt,200,378043,8f5d59ddddb0af317d000931d9791b4a32a5a3c017d54fcfaadd0cb1379b3316,ok,True
P069937,http://documents.worldbank.org/curated/en/289991468025813790/text/31724.txt,200,191117,6b7f86c04e0f7fdec7d7ee051484e6b842c31af2e2daf4b47b8e3deda68bf546,ok,True
P069939,http://documents.worldbank.org/curated/en/974831468742813639/text/multi-page.txt,200,197932,2284ef8b1e09f1f5ad51f4f8f95acd8905284c3179fe930b66d35b0a0997737c,ok,True
P069943,http://documents.worldbank.org/curated/en/433221468756568439/text/multi-page.txt,200,204707,1e4457f454f4fe23b5d5dbcc18c26cb8a80d336d455f3a7ca083dfc66d292788,ok,True
P069946,http://documents.worldbank.org/curated/en/556381468752791522/text/multi-page.txt,200,348055,c0a6bda589b5b990040532309317e63043425fbc9f35eafed6b886d4a3beb31e,ok,True
P069947,http://documents.worldbank.org/curated/en/961911468742560729/text/multi-page.txt,200,248417,a233a5df4252994ee2950c346db5ec769ba31328584349ac3de6242d3531aa17,ok,True
P069964,http://documents.worldbank.org/curated/en/112631468770951771/text/multi0page.txt,200,206013,f33ee87cce995e117ef57172c65f98918711bb0236c1cd3039e3ad6e6318fcef,ok,True
P069986,http://documents.worldbank.org/curated/en/158081468762622780/text/multi0page.txt,200,149922,3a5fd7a3043466880706bf61b53a4d0de564388fb336e16c7bab3e39a2dd586f,ok,True
P069996,http://documents.worldbank.org/curated/en/687871468779158031/text/multi0page.txt,200,617604,1d3838ab8c0f445e3face0621821a73d97b71a3b1941e7d7dc418027d126a0f3,ok,True
P070016,http://documents.worldbank.org/curated/en/463821468775766965/text/multi-page.txt,200,119046,209df01f7545b3fc442a74ebde25265010221eacf09062a95b110b770c94ae6a,ok,True
P070038,http://documents.worldbank.org/curated/en/247661468751546683/text/265540HN0PAD.txt,200,438613,94ec0f8f89d817b3860395b66d8955ccd905c01e9b270a53f3f4d76d36ce740f,ok,True
P070046,http://documents.worldbank.org/curated/en/636151468047400937/text/multi0page.txt,200,97965,ea5f22bb11308131205621979b1561bca756aa41e78e4a289c2bc3c71b3df506,ok,True
P070058,http://documents.worldbank.org/curated/en/509311468779127518/text/multi0page.txt,200,149180,6fe12c7e57dde7b820d90a97ca1e3e70f2dd2931aa3c0525358ad8e744ac3b82,ok,True
P070063,http://documents.worldbank.org/curated/en/560401468337233923/text/35804.txt,200,370108,4375c4a66140fe4468ad7a23b8b719bc9dfaaee6d1dea5bd8273673916652fb0,ok,True
P066336,http://documents.worldbank.org/curated/en/165751468773401633/text/multi-page.txt,200,52,e2931da6f9c003ca7039d5016bd85f24dd385882cb15bcfc90d5f70123227723,too_short,False
P070078,http://documents.worldbank.org/curated/en/426841468742548526/text/multi-page.txt,200,221376,e5bc36f202d9f24317b31e9eed5d18ac592dfe852beb307fc72501e126f0275c,ok,True
P070079,http://documents.worldbank.org/curated/en/530701468740957097/text/multi-page.txt,200,203784,ad26313c90e5b17abc5be8676e66e680686ede1c6bb62708572bd528a20eea37,ok,True
P070086,http://documents.worldbank.org/curated/en/144281468770392557/text/multi-page.txt,200,193631,3cf5a8951f1138f5c78f166a189c16280c2b686dfd8b786baf9738d2e0fdfc85,ok,True
P070088,http://documents.worldbank.org/curated/en/911181468746725490/text/multi-page.txt,200,198508,80fe23100c7d9cd889a9d7e723dfd41681f8802774b20bf2b50da91332044b83,ok,True
P070089,http://documents.worldbank.org/curated/en/726231468773695579/text/multi-page.txt,200,197583,4a0265c01a6e3870fc6a506e4bc33086decb6eb608a04da43fd8717a3a4b7c70,ok,True
P070092,http://documents.worldbank.org/curated/en/824501468764122887/text/multi0page.txt,200,149538,bb2d9f88c21c00efb80e339ab9345c52b6bd24118106ab65c981bfe537644155,ok,True
P070108,http://documents.worldbank.org/curated/en/805401468752995191/text/multi0page.txt,200,290269,0c64f057bf71830c9db62664ea1a384ca6d0e325328d4991dc324a9105150f9e,ok,True
P070112,http://documents.worldbank.org/curated/en/530971468773352194/text/multi0page.txt,200,287911,8ae30aa45780a4750a2e550bf39261282ae0bb811d0eec694e7ce325b95747fb,ok,True
P070123,http://documents.worldbank.org/curated/en/567691468768693974/text/multi-page.txt,200,86845,b48294cdd8f15e8506b949c6887641ffc8818b8461543847c7e943e949e42a95,ok,True
P070146,http://documents.worldbank.org/curated/en/306531468743934804/text/multi-page.txt,200,220546,356e5e857c47499519fc5975c6ddcba9d45be359011d9452b5939f38fc97e597,ok,True
P070073,https://documents.worldbank.org/curated/en/851201468742855789/text/IBArchive-50c51e75-6a75-4ca3-891b-2fae423babfb.txt,200,218,76a6d99016bb4a276abdd3d770c764aa8e28fb4622ae74ac4a91ac5302d35c29,too_short,False
P070191,http://documents.worldbank.org/curated/en/522441468746357967/text/23567.txt,200,516006,898069945c4916266f1eb9d6d3e2bd1b13d18c561ad7851e50572f999047ca74,ok,True
P070197,http://documents.worldbank.org/curated/en/105001468762926749/text/275260VN.txt,200,394432,33fb013b12d88dea9d149ee0bbaf76860fbba9815d8d8cc82216961e6a264be6,ok,True
P070204,http://documents.worldbank.org/curated/en/417881468768615599/text/multi-page.txt,200,136523,a513d9624f9c7699e77b22d4c91b6e3c62351836ad3f81d525367969290ca1ad,ok,True
P070243,http://documents.worldbank.org/curated/en/603481468740695176/text/multi0page.txt,200,266318,2b06750bde51f487a3e3f3094217debf16d796993c297ad4b77ec862e5502f94,ok,True
P070232,http://documents.worldbank.org/curated/en/712831468253860531/text/347140GABON0co10Box303514B01Public1.txt,200,399184,7e07267f5618657495a5b5e91b48590b3468b8361500488dc20cc50fa27bb5f9,ok,True
P070244,http://documents.worldbank.org/curated/en/953211468777263857/text/multi0page.txt,200,209908,2d34f4cb057e285c77b3bb16afa077e7b3cf50a3fa7f11a4411cfa39b4b75663,ok,True
P070246,http://documents.worldbank.org/curated/en/102151468780958088/text/270060PL.txt,200,292043,15a61c0a6af98846c43abb03242ffb59217c1748a56ac7f357b0c5bf94995566,ok,True
P070252,http://documents.worldbank.org/curated/en/208551468768276031/text/multi0page.txt,200,304671,325e31ca43b7ee5c9af95d4dc2034ee2129e4e810dd9275eb2243e7c20b669ab,ok,True
P070268,http://documents.worldbank.org/curated/en/540821468120244635/text/multi-page.txt,200,155610,19f0882f6876c14330679299a660bc25788915e1fcac818c7a86c3bfaf64ff3d,ok,True
P070256,http://documents.worldbank.org/curated/en/147791468768698962/text/266750NR.txt,200,364061,1546b248eba849976c17e2706e69076f58fb34c5bbb588c67fb9faa4434e7ebf,ok,True
P070283,http://documents.worldbank.org/curated/en/688391468311991705/text/multi-page.txt,200,164232,12ca2a711d56e866cbe81cffb84a5ef118ba0f654880bc0abc88c6eafb6f9b7b,ok,True
P070272,http://documents.worldbank.org/curated/en/475591468770076240/text/259091ER1Ed0Se1ent1IDA1R20031012311.txt,200,434859,f4e3f08a20c4dae11e3e27452c544a54541ea4bb13c3666a713c7913ae896024,ok,True
P070290,http://documents.worldbank.org/curated/en/549251468759341343/text/multi0page.txt,200,217784,656828b546296498322c416c6fb21d8563867f10dafa2bb7ea96fe678ce17f6f,ok,True
P070286,http://documents.worldbank.org/curated/en/928461468760194786/text/multi0page.txt,200,382883,986901c5dd24275e869d56b5ba74ee44f5b145922f088e29d1f13c00a757c044,ok,True
P070291,http://documents.worldbank.org/curated/en/957191468761130294/text/multi0page.txt,200,189687,cfedfbc07041b3fb2d044d28ae5aa3502b0223414153355d9a62509944136cd7,ok,True
P070293,http://documents.worldbank.org/curated/en/191771468759310071/text/multi0page.txt,200,299731,d3efd0c502e3013077b0aba21f92e2e73d8eb64fa3e04086059d8cbd6dd2f80d,ok,True
P070294,http://documents.worldbank.org/curated/en/604241468340813111/text/multi-page.txt,200,172762,78f2bc8c55c0abaadc95e190b41cfe5b1b358dc6d615e61f4fb587d7864446fd,ok,True
P070295,http://documents.worldbank.org/curated/en/807291468772213246/text/multi-page.txt,200,127049,b8a21ddd63e02c5a6617b3dc5831cb7b736dd4d88f015ee4411a150b0f6cf62e,ok,True
P070308,http://documents.worldbank.org/curated/en/758101468767699154/text/multi-page.txt,200,114638,8f5c1dcfba669be7bde93e355a90f19f8c74549e3cd8a810ec6c830eac2fe7a6,ok,True
P070305,http://documents.worldbank.org/curated/en/911821468775173010/text/multi-page.txt,200,259102,f24f2a463c9818767b6120d7780a37c69174c76e9bbab67c753769252418ea1c,ok,True
P070374,http://documents.worldbank.org/curated/en/299691468741885337/text/multi0page.txt,200,138570,9f9e46ed614306ecfc0f7b683d3c5a06f0b23132603a0fcc855e9a93bc7f9497,ok,True
P070365,http://documents.worldbank.org/curated/en/846101468753033598/text/multi-page.txt,200,113185,8c387496c2a940385ac85a3da1fe26e55ecfa0d5c21b9d5b9d6b220550340582,ok,True
P070421,http://documents.worldbank.org/curated/en/634251468772799692/text/multi0page.txt,200,262288,30d4cd2f2e9c60da93158763b7b49f0a4018a960f94e4e87c117c0ba973e87f6,ok,True
P070391,http://documents.worldbank.org/curated/en/750391468766217379/text/multi0page.txt,200,492700,6df0a4cb5f12e568067131baa143338361cf5cbc62c1fd0f1bc2195abf66387a,ok,True
P070441,http://documents.worldbank.org/curated/en/299531468769263336/text/multi0page.txt,200,369908,58b9f9efbd2acbc17bddfe42961471c156e8b56dcc82e33cf1885fe9c7a72ffd,ok,True
P070448,http://documents.worldbank.org/curated/en/374251468202774423/text/337820revised0with02nd0Corrig.txt,200,362460,232bbbc3a7c9bd99b95ecf07e8fcdffd7ea57a33fd6c8df672acbbda399800c8,ok,True
P070517,http://documents.worldbank.org/curated/en/191111468782098883/text/multi-page.txt,200,40288,b2a3351eb21eb779b838f5553c85f51cd8c126989df6a7d41c650dc4075cdcbc,ok,True
P070459,http://documents.worldbank.org/curated/en/764361468769215880/text/multi0page.txt,200,296054,876463e64673b497ab85b44815ce610b0cae81b124631e5110200769433ec24e,ok,True
P070519,http://documents.worldbank.org/curated/en/239161468242665408/text/31449.txt,200,271319,541ab571f7ca3ea648062b2759226e0452340fd62e1504835c6eb4df4be91682,ok,True
P070533,http://documents.worldbank.org/curated/en/589911468131979911/text/multi-page.txt,200,238078,79fcc67dcf80575bf8c4333ebb5d24736caa8341d7163a9b49e7d831d53c8688,ok,True
P070541,http://documents.worldbank.org/curated/en/498661468777612564/text/multi0page.txt,200,261545,1c1a60c0677b8d88f04717fafc507111d89261faa0ba206405bb4be85d77a727,ok,True
P070542,http://documents.worldbank.org/curated/en/769641468744267534/text/multi0page.txt,200,419926,db003333f72c07f293e0b2c686f2c3455885ca3ab7e484c309b3ac2b7340be7a,ok,True
P070544,http://documents.worldbank.org/curated/en/132661468132895761/text/356150rev0pdf.txt,200,406548,5820f8cef325e2994928c6cb88ec1f9ec784d83227a51e814e6285466e5f1d7a,ok,True
P070547,http://documents.worldbank.org/curated/en/519101467990302550/text/32076.txt,200,264937,1d9fb6f350f76df9a63b202206b8e26b95feb411c090858ef686b8dc13abc034,ok,True
P070552,http://documents.worldbank.org/curated/en/895231468770371978/text/multi0page.txt,200,292802,6e1536921955025066db46222d076bd99cb510c63bd58668f287a6980bc620fe,ok,True
P070628,http://documents.worldbank.org/curated/en/755561468201586535/text/320190rev.txt,200,430168,160771988c3e06fc44bbc44fcf05019a8a5d7ffd3ce1b16069ba7f338f48da9e,ok,True
P070650,http://documents.worldbank.org/curated/en/784251468742528804/text/multi-page.txt,200,274078,e724fb06c0fab1578dc6569064e6e2113f3acb8daa49ddf3fabdea98e960b356,ok,True
P070653,http://documents.worldbank.org/curated/en/304931468129003837/text/32236.txt,200,270517,2a6d646667be6acc18a475455e2ba51ef9ddd2bdc473c818507b2ff0ed29df19,ok,True
P070668,http://documents.worldbank.org/curated/en/610961468020720689/text/29921.txt,200,310352,9221b9824f41b8528d470d00dd27aac57774d720f01f810bd6e84743549236e3,ok,True
P070673,http://documents.worldbank.org/curated/en/807921468776996515/text/multi0page.txt,200,297664,a65593f2d88f91439e43c9c6303dc29bc8231ff96c5f046e20bf5dcfe8eaf422,ok,True
P070700,http://documents.worldbank.org/curated/en/895531468105551794/text/30513a.txt,200,288107,78a173145191667bed204f200d335fbf0647da4ad76131cabc697dc1891675e7,ok,True
P070736,http://documents.worldbank.org/curated/en/377601468781165096/text/297510TA.txt,200,269858,79c53fbbac75f32569f8d8fc5b033830396c59bbfe6fd39db95bb03d9b94bdfb,ok,True
P070823,http://documents.worldbank.org/curated/en/194441468089371907/text/30006.txt,200,293514,d2bb3ed6d9e256912adc580728ed873d38addd3a9e8d06b0ca3abf4fc1978a6a,ok,True
P070827,http://documents.worldbank.org/curated/en/402011468769797107/text/261181BR1Bahia0Ed1secm200310290.txt,200,311903,1d76f3efc2adb607e5df8b0629e05f7ad8f33c913312c2be371a9ba5fa11f483,ok,True
P070871,http://documents.worldbank.org/curated/en/199931468769745460/text/287960BF.txt,200,286793,a690b636198a07bb129abc0dbaf7ac474ec45235df38c42c2f1f00a91d969e1c,ok,True
P070867,http://documents.worldbank.org/curated/en/414871468227646531/text/38663.txt,200,646827,d655eb5fa65bf323e8df30e3cae0bf71cee143ea33d10faab6a77638bc747ffe,ok,True
P070878,http://documents.worldbank.org/curated/en/573611468281390971/text/33214.txt,200,416454,c9f28b0b3e231a649b033553113ab3e18abe3e826306055856bac04d7f83dc59,ok,True
P070875,http://documents.worldbank.org/curated/en/643811468770346842/text/multi0page.txt,200,308728,436bfc5e6224f3e5f66118638a4d90e9dc84ee1c99d0ca2f21a38f1fa13a1906,ok,True
P070899,http://documents.worldbank.org/curated/en/871791468758972285/text/27190.txt,200,259039,145b0466cd83983ef998f96d0130ce6bcb87913dbf1e8b238b03c737734aff25,ok,True
P070885,http://documents.worldbank.org/curated/en/743021468054592667/text/31307.txt,200,509513,3cb2d79e3d3ce87f97d0fabff30d2c81e3189a3ca769710cf9c2fdf715a3c1a8,ok,True
P070917,http://documents.worldbank.org/curated/en/306561468740993231/text/multi0page.txt,200,249793,1e4a842f05effafd77bdf6b4be4922ef64c4885f32a00fe0643954d6d0f6260b,ok,True
P070920,http://documents.worldbank.org/curated/en/287591468768313907/text/multi-page.txt,200,573774,9ef51a2088161268001edfd87beadaed9c2fd5036b9aa2cf898df1fcc057ee2f,ok,True
P070937,http://documents.worldbank.org/curated/en/604521468761736118/text/multi0page.txt,200,302560,ab505422398f5c26260de77c71b3fdbda86cdc0733f5735c120ef257ce0de337,ok,True
P070950,http://documents.worldbank.org/curated/en/686651468778493784/text/28592.txt,200,357118,c1f4fd02e5ae2612a65164916f673ee136cbe07bd25fdab1fbe672a0fae5effa,ok,True
P070958,http://documents.worldbank.org/curated/en/953791468283527552/text/36526.txt,200,389806,b6b6dc864862414d210c4dad07b868fc1fed48837749a7e283cf35352019a5a6,ok,True
P070962,http://documents.worldbank.org/curated/en/133781468781554158/text/multi0page.txt,200,470745,680730a7765370fb876885b13ef02bca67b7808a09138b83cf2838d8c086435e,ok,True
P070963,http://documents.worldbank.org/curated/en/272171468002124795/text/33215.txt,200,342005,79d5138e8a1905787291d8143211d06c83095f7fd256ab0b2317618ff22c8f1e,ok,True
P070973,http://documents.worldbank.org/curated/en/159361468741680039/text/multi0page.txt,200,126609,2362ed0976bc2e280d402706519101f0cd60662bb242521730d7c421ceab9290,ok,True
P070995,http://documents.worldbank.org/curated/en/941761468768008234/text/multi0page.txt,200,233555,bf5222aad08da8dfa7edb33007c63febd2e9f396c5c700066e211434c264cd0d,ok,True
P070989,http://documents.worldbank.org/curated/en/400441468769276305/text/252841Azerbaij1t01IDA1R200310083111.txt,200,621566,a52425f5aac44664353cf88cf875fbc7119baf18a6c022eca6f488b9dcb17bd7,ok,True
P071004,http://documents.worldbank.org/curated/en/974361468768003540/text/multi0page.txt,200,249649,daba24549acb1a2a5b72e3b8bdb93c8c7d115abf59cb2fcb5660018d804eb3e2,ok,True
P071007,http://documents.worldbank.org/curated/en/905711468763172870/text/multi0page.txt,200,262564,70d25c159ff9ffbb360a2c2dfc12b0324051339f2b6c2a0fc998a0d7f0950524,ok,True
P071014,http://documents.worldbank.org/curated/en/225841468764970763/text/25761.txt,200,312204,951982f67a559f00c8fec714a915e7eda51a67b794228b66743f67b0eb905301,ok,True
P071019,http://documents.worldbank.org/curated/en/950381468764707453/text/248081VN1Deman1Eff1GEF1R20031001111.txt,200,307867,f19fdef4a9caf3e5a4c58f967340702ace6aaf757b8cdf6024d47a273b76a3b6,ok,True
P071023,http://documents.worldbank.org/curated/en/829201468773950080/text/multi0page.txt,200,168449,9c13da4a9284612984cb7251fe8806e913f5db9508695e63b72afabdbf268cd0,ok,True
P071025,http://documents.worldbank.org/curated/en/153901468768273371/text/27892.txt,200,270937,b23fae965379e5c4ac5bdc2829a920a4427e19e0d9469e6f21bcfeaeadc7f848,ok,True
P071033,http://documents.worldbank.org/curated/en/970521468771667712/text/multi0page.txt,200,347650,84a187fbdfa17efcbb1ac08a940b303236415b71fdd6fddde22a0e1ecdd61d4e,ok,True
P071040,http://documents.worldbank.org/curated/en/957421468762579355/text/multi0page.txt,200,161616,21ee47fd7ff112e4b6f4c9a0e6484d03526b312a4e5069c89d0dbe0dbca96082,ok,True
P071062,http://documents.worldbank.org/curated/en/463351468770677936/text/multi0page.txt,200,285310,656aa9122f1fe2bfef74a1f9708a57947d3bdd3ae8ba9b56741c95388e26f203,ok,True
P071063,http://documents.worldbank.org/curated/en/901851468045077057/text/257870PAD0REVI1470IDASecM2009104091.txt,200,295054,46649663b5aa684daa9ffdfe9e36b2b6a0cbf4a1f65048d63463db8cdb50643f,ok,True
P071075,http://documents.worldbank.org/curated/en/671971468775546701/text/27776.txt,200,170684,a3c844c6e76844b7ff3c7618c047e0ce1e8dfe8f96105ec8464e89b51a601afc,ok,True
P071092,http://documents.worldbank.org/curated/en/294201468775163491/text/multi0page.txt,200,356200,ccf94f1b4d8b2b172684ad532d4c6665e2783cd48dd93d3925740a957750b44d,ok,True
P071094,http://documents.worldbank.org/curated/en/491721468212998070/text/314470rev.txt,200,374020,568b3920cf9c3977c5fa8cb3023c2503debb8a417906c2a8d7f7056ae110f61c,ok,True
P071113,http://documents.worldbank.org/curated/en/552641468758699778/text/multi0page.txt,200,313719,71afa92c869e8792a7961dd28e2afe003ab710c7d58419a806fbc9726c2cd80e,ok,True
P071115,http://documents.worldbank.org/curated/en/714571468778763118/text/291780TN.txt,200,292005,234405c56205d690d5ddb2c84b788b07b020e6cd8a70fb0fecfa211b38ef3a25,ok,True
P071144,http://documents.worldbank.org/curated/en/539871468032409049/text/257070ZR0PAD.txt,200,229395,5a18ec7c99e2f8d8738349ccbaf2d2700de1fc4188942033929e50338712bfae,ok,True
P071131,http://documents.worldbank.org/curated/en/929441468101374160/text/multi0page.txt,200,221934,3d2c72ce51f059f2c35013e952a8396755fd4d64286a00acfeebc89428c3d0b7,ok,True
P071147,http://documents.worldbank.org/curated/en/123701468769217141/text/multi0page.txt,200,236534,d413bd4b2694de40175da85ba4cbaa6677857b2c92e534467be2ff3dbd5e508b,ok,True
P071157,http://documents.worldbank.org/curated/en/179631468771630433/text/259130GH0PAD.txt,200,395665,c61af15a362e1cfa4e4a3f6f5ff08099da18433c9770ee6e604458ba727bf5ea,ok,True
P071160,http://documents.worldbank.org/curated/en/936421468050678577/text/31142.txt,200,380018,c6927d81983ceb240b1ef9ed6e45b89ac6f105d54e45de14e39d20caa314c66e,ok,True
P071170,http://documents.worldbank.org/curated/en/334001468044362960/text/30233.txt,200,377076,60e33b766d71ff02212cf61fb7b7d15b30a8c921bc08226aa6b8095a0858f333,ok,True
P071191,http://documents.worldbank.org/curated/en/422221468774911329/text/272230IRN.txt,200,504051,b2fba956e1b085edb1e952139ae167ea7562ca819cffa43fa606619bf5107c94,ok,True
P069479,http://documents.worldbank.org/curated/en/577781468741901383/text/multi0page.txt,200,78,c75e2c61f7f12a5772aface932cb96b31a900381cd1ac7db22c2570a1c20c14e,too_short,False
P071244,http://documents.worldbank.org/curated/en/367161468752421515/text/multi0page.txt,200,237150,6d61c3bcf9b7c3c68a1e54153aed95dd98538e94a57c6f8a86bdd53feb26c25d,ok,True
P071207,http://documents.worldbank.org/curated/en/528381468744081161/text/25594.txt,200,391043,ce93e55f220141c5683474a4d4c9ff24a0e5cc9da6c3a67b2780d061afcb0767,ok,True
P071247,http://documents.worldbank.org/curated/en/494461468769494419/text/multi0page.txt,200,284270,3e27479f78218a75b379e69151d014378ce6d85bd9b21e23b3571dce3827c15e,ok,True
P071250,http://documents.worldbank.org/curated/en/515421468266142619/text/313920PAD0P071101Official0Use0Only1.txt,200,360160,9ac8a9d28ed73268be4bce2b5b2a42d2fd44c8661028e4254488f7f48a206767,ok,True
P071259,http://documents.worldbank.org/curated/en/304421468340264204/text/37166.txt,200,295369,e92d9c3a105c7911e51f3030dba10d200fe243c01e917fea8f75eaf4683a30c2,ok,True
P071265,http://documents.worldbank.org/curated/en/482401468753310963/text/multi0page.txt,200,163295,261bf199956c33d9751c12cf961690b1086a06f2f15900ddba3fb079ceef471b,ok,True
P071272,http://documents.worldbank.org/curated/en/606121468774928694/text/multi0page.txt,200,94296,81c89a84592dc2bdfebb7df9cdbcbc106f44f8fd3bfa2960db52de6beaf53b64,ok,True
P071291,http://documents.worldbank.org/curated/en/206711468757820424/text/multi0page.txt,200,178129,354c3e721c745d403cac2fe119c7bb0e389c0193546971aa771ca61555b28b60,ok,True
P071285,http://documents.worldbank.org/curated/en/109721468053641136/text/281240PAD0REVI1490IDASecM2009104111.txt,200,465336,e5ef28e37a524c30890a725cbd750128b7777acd481efca9c114f08ef7a767f6,ok,True
P071296,http://documents.worldbank.org/curated/en/179161468258863821/text/28393.txt,200,253998,0f298f5bcfeddd3611c8a17ec158471182ece7675331a32a2d72d47776eb13a3,ok,True
P069930,http://documents.worldbank.org/curated/en/562621468746758291/text/multi-page.txt,200,173,463fb066696ef6a25dd159e0f7eba264d936738fdab51828c3cfec48d641549b,too_short,False
P071308,http://documents.worldbank.org/curated/en/440131468760204269/text/multi0page.txt,200,486488,9125f72a910f1437923ccd70e96fd370cca5d0e69c85a17deec21347e1fd36bd,ok,True
P071347,http://documents.worldbank.org/curated/en/489541468742484341/text/multi0page.txt,200,215833,68ce92cf26759ef5e4f034a251a3e83a1b087a234397bf56c17bf60ce2f3841b,ok,True
P071316,http://documents.worldbank.org/curated/en/888291468772759866/text/28836.txt,200,503206,b898f8b25b44259c23cd8e7db76b66d9bd73d94922f09329db88e11383014f1e,ok,True
P071340,http://documents.worldbank.org/curated/en/142611468096552955/text/36433.txt,200,387090,f4dfe6414029aaaa67708f47f456773a930fb688bca8afa190cebdd852928222,ok,True
P071374,http://documents.worldbank.org/curated/en/907851468760179236/text/multi0page.txt,200,347781,b4a4c232e140e7119e6409337c554eb9bb1f86a67fafce5ea88edf8bc6f5fde3,ok,True
P071391,http://documents.worldbank.org/curated/en/597301468290687025/text/31475.txt,200,227012,dd246deff44ec56cdc1643bd4f153f3b4bd8714741a2c7ba8efade24cdb34b45,ok,True
P071399,http://documents.worldbank.org/curated/en/850481468749713932/text/multi0page.txt,200,117032,125d711c0c221ac126e3638c22ebd9f2e907992327729b6b5bf4c56aa9beb677,ok,True
P071407,http://documents.worldbank.org/curated/en/729471468764094627/text/29528.txt,200,389968,f203c01d7ec0f1d0f1844ae26cdbef5a4e37a76457e4a49ba7eb244804f687bc,ok,True
P071433,http://documents.worldbank.org/curated/en/982141468742547102/text/multi0page.txt,200,255203,3dbe2bd6a0c2d20e4bf3229d01fadfaea94e83e7e16ade96f3f8b6ed8da9b562,ok,True
P071435,http://documents.worldbank.org/curated/en/807541468743412861/text/258531BD1Rural1prov1IDAR20031011511.txt,200,258250,4ef2d5beb926be4fd599e651c00a2a51bbabd9debc4b16b29eac06a2be48cafc,ok,True
P071443,http://documents.worldbank.org/curated/en/901131468743807511/text/multi0page.txt,200,300673,c86724224530cdaf4ce332986d3db4a798047a8b73542547ac20916deec12a1c,ok,True
P071445,http://documents.worldbank.org/curated/en/753121468769494084/text/multi0page.txt,200,272023,378d6d23fdebe5b4ac73489b0d41a0299022641d02c433d01d4e4fd2c3a919fb,ok,True
P071454,http://documents.worldbank.org/curated/en/633451468758335634/text/multi0page.txt,200,291812,735a7743fffbd029c74ccb7bdfddd3011f194a8a5089442b2241bac761bd3e60,ok,True
P071464,http://documents.worldbank.org/curated/en/750531468027667197/text/31466a.txt,200,216281,4035ef0f4f34ae0f622676035a3b912cc611977110ad9e64d0f6f40496fefb97,ok,True
P071465,http://documents.worldbank.org/curated/en/618681468278031808/text/3214800rev0corr0pdf.txt,200,474865,f025ef2abd6af909a39a519216bc2f960ec62adda841323fa5c52abe8490b7f3,ok,True
P071494,http://documents.worldbank.org/curated/en/487661468758391969/text/multi0page.txt,200,211655,f6f59f5ec2701f07bf8d32836b0fcd6101d1c6149e95e50dd7b6645e179d8b12,ok,True
P071505,http://documents.worldbank.org/curated/en/573671468746721020/text/multi0page.txt,200,871138,8c377090f79513f73f8b3ca3010325e8fad5e96782f024282cc3b43da9433de3,ok,True
P071525,http://documents.worldbank.org/curated/en/612031468753314243/text/259291KZ1Dryla1ect1GEF1R20031001011.txt,200,318581,d9af9c327969dca5692d42f3a811c4120f77f32a3b566db1104639426cfde076,ok,True
P071579,http://documents.worldbank.org/curated/en/474921468211476387/text/410530PAD0P071166B0GEF1R20081000211.txt,200,339838,ecfee57dc2f099ff2609daed0a70d595b75ee8e2c6f1ab740d22673c89dcc797,ok,True
P071589,http://documents.worldbank.org/curated/en/109211468752130893/text/multi0page.txt,200,377776,471c769fbfb17c69a461f509513b11e85b77e8c6ea99cbcd85af84acf0e3fde1,ok,True
P071612,http://documents.worldbank.org/curated/en/845961468779976462/text/multi0page.txt,200,335345,caeae7e9e82e0b090c97d6fc0c15c265e7dd22b40c0b87c5b602cb6b082736d0,ok,True
P071617,http://documents.worldbank.org/curated/en/263511468771260122/text/multi-page.txt,200,159387,8686c92a2e72ccf3a721340643664794d5791cb5100af15f979380dad324d8c1,ok,True
P071881,http://documents.worldbank.org/curated/en/616651468774591657/text/multi0page.txt,200,153025,c52ab18371adbd5416c2b35b554a0b731e9dc8f5a98fae947b5a2cb7f78f988b,ok,True
P071794,http://documents.worldbank.org/curated/en/226581468741678811/text/multi0page.txt,200,324231,7b65a513d17e47da9ff793288467335dce156404975d6fb7d5c8efed2df706c5,ok,True
P071985,http://documents.worldbank.org/curated/en/787261468781199683/text/278910ZM.txt,200,271686,f150e6bd8a55cfbd32e1dac8975e2211879ecd565a4847e36656fad22c5977f7,ok,True
P072018,http://documents.worldbank.org/curated/en/895581468776705588/text/multi0page.txt,200,244157,d5a5f406d1eca34b38f4dde70e6c5af1274ac199fc0dca80e7bc2f8f2adfa82d,ok,True
P072030,http://documents.worldbank.org/curated/en/149591468214211494/text/335340TD0IDA1R20071000611.txt,200,398422,6c39f929a9c57c22fc129180ac8018af074ff30a2c3479be6da8ebe4775769a6,ok,True
P072080,http://documents.worldbank.org/curated/en/439451468756963661/text/multi0page.txt,200,267194,29264a6a4574a346e0da1edfb46c22b4b8513bae7feb0c253cbaa817ba829325,ok,True
P072160,http://documents.worldbank.org/curated/en/629951468758749628/text/multi0page.txt,200,179621,33be5fd9895a04f0100e53d23ef3f61265964fe2f155de1842241cbb348b1908,ok,True
P072123,http://documents.worldbank.org/curated/en/343131468771688967/text/multi0page.txt,200,319665,d89765976bdc690f6e0569ad8383959de6ae07636e17d6df554b3ed4abfe62b0,ok,True
P072205,http://documents.worldbank.org/curated/en/780871468768267181/text/multi0page.txt,200,200055,5ec89bb588b3623e57ab8ffc4272b22ed8af8cdc105e7891b00fda9194db6a27,ok,True
P072202,http://documents.worldbank.org/curated/en/874671468203950052/text/39343.txt,200,598462,884724e662ca18b776f89ad1cdf4f2796e882ef919fec2828141b2c50d66816c,ok,True
P072226,http://documents.worldbank.org/curated/en/985311468770100811/text/multi0page.txt,200,305352,194226f98737c115116140772d49f2682903ee45af6d9ef49f1aa78b78d2ac8b,ok,True
P072317,http://documents.worldbank.org/curated/en/134351468782117158/text/multi0page.txt,200,339065,e3aecc09465a03cb5273eea35aa269905515d5d22bd0e4019c07859824278dd4,ok,True
P072394,http://documents.worldbank.org/curated/en/926931468771081760/text/multi0page.txt,200,136337,d1919f2ec2ee70c4437203cb7314f4e21e236c6733b2860aa7898683a220987c,ok,True
P072356,http://documents.worldbank.org/curated/en/351101468311992259/text/multi0page.txt,200,247966,b6ad1d0d73a70157fffc7933c92f3b148fb122418a56184d420543b33f0e87b1,ok,True
P072405,http://documents.worldbank.org/curated/en/934781468772459727/text/multi0page.txt,200,130349,26e8931a5f772aa906f975332f11d3ccd1533d00f04c63b30e9194295faf0bfa,ok,True
P072458,http://documents.worldbank.org/curated/en/799951468768713812/text/multi0page.txt,200,184601,6a6223f0115bec05dbebd57c6412bdf623e5c8f13c10e9aa2f6a47d4a12766aa,ok,True
P072461,http://documents.worldbank.org/curated/en/879571468778507469/text/multi0page.txt,200,70319,c21f35968569c69afd06e544f04e75210cbe88a03260be80efe7a001e3aeadcc,ok,True
P072480,http://documents.worldbank.org/curated/en/165601468781784770/text/254970TR.txt,200,269232,905bad70b5c9d74de4c68e5b398cc3b904436b544e2f29dd64272df4cb9ac634,ok,True
P072482,http://documents.worldbank.org/curated/en/375791468760228731/text/multi-page.txt,200,229487,3dbe08a14ea05ac7b2683c98a24ebf7416d0e2507533e08e7144db155f65b6cf,ok,True
P072539,http://documents.worldbank.org/curated/en/123571468771670430/text/multi0page.txt,200,256878,8f6363dc1194862af8040bc3a0cfe1020b14c4159148af43ca9b2244c7f3c167,ok,True
P072601,http://documents.worldbank.org/curated/en/283851468761664147/text/multi0page.txt,200,439101,e19dd9f95505989b68b567824ddcc0e73350a03a543fb250f67a44ad56ba6155,ok,True
P072644,http://documents.worldbank.org/curated/en/540471468087543797/text/424550PAD0P0721nly10IDAR20081004611.txt,200,380069,6bb11b9acc494bd2762da7673c9e2cf00bb637fa80e7fb6f587647f7755c66d7,ok,True
P072647,http://documents.worldbank.org/curated/en/597541468309559446/text/multi0page.txt,200,163787,ae42f9bb19ffb87d0c318665df2a92ef01c717dff89f9ba5a2db926b0a439d43,ok,True
P072648,http://documents.worldbank.org/curated/en/143681468340812310/text/multi0page.txt,200,240273,839a4c1b4e4a1f8687f8afe9dddd36f92c77fdedec9f058bd8fe7287991226c2,ok,True
P072654,http://documents.worldbank.org/curated/en/893341468117254806/text/multi0page.txt,200,242907,600161fb15b93d3e88b3c67b1e03af1aa05b2e234789575cbea041f0a6adf52e,ok,True
P072721,http://documents.worldbank.org/curated/en/458551468770148424/text/30747.txt,200,278730,c7ff2b5f7bdb7fdf179c2fc639ccb8d5ef9596f76df38b58dd3fe1bb196df52b,ok,True
P072814,http://documents.worldbank.org/curated/en/442931468263681831/text/multi-page.txt,200,193194,13c445af98ced1112ad8669bf2de7c7b989a3cf31c22e3eadd91db1c02bbb8dc,ok,True
P072852,http://documents.worldbank.org/curated/en/139111468772751481/text/multi0page.txt,200,416808,4840df811e2abc62d4ffb509b705fab4b84c958c9b692a5fcc049b8a3a1e18b5,ok,True
P072881,http://documents.worldbank.org/curated/en/785661468742180494/text/multi0page.txt,200,226975,99934b878dce263afa6abdfcf47876997c7956d0795aec5034f2e9afa2d16245,ok,True
P071371,http://documents.worldbank.org/curated/en/805311468769526269/text/multi0page.txt,200,101,6ab12e4e6f2c1a0913dfa1339c12d8df15e05d14395a5751bb9ed59662ec0c19,too_short,False
P072979,http://documents.worldbank.org/curated/en/348101468752993377/text/multi0page.txt,200,541584,7ea66215cd3b989f5a7e8f0676a0d71359f812f070bc441507d8d3860d63b4c1,ok,True
P072981,http://documents.worldbank.org/curated/en/300151468773420134/text/31413.txt,200,348101,11902084eb7c84d08e37b069db4a6054e16e16922ece6c112149e414aa1e1964,ok,True
P072987,http://documents.worldbank.org/curated/en/530661468773118557/text/multi0page.txt,200,260537,7436546f82173e19197a0a42f95a5cf22f8fc28dd9599f697f2b9e08a8865f44,ok,True
P072996,http://documents.worldbank.org/curated/en/938391468759312818/text/multi0page.txt,200,254189,b53d410ff135a5614dd302f82cec3b08d238aa2b739fac9570993527b3ba5af3,ok,True
P073002,http://documents.worldbank.org/curated/en/301121468746810418/text/251720CN.txt,200,332731,979d59fe053abd6a82b7feb6692591cc9686c9a5e96526ded97a9ac41fc7e0b7,ok,True
P073011,http://documents.worldbank.org/curated/en/624411468759311769/text/multi0page.txt,200,363559,3721aca83d62b62f072ca76e9b08a8436a35cdacb5692ca29f03c55571b7d53a,ok,True
P073025,http://documents.worldbank.org/curated/en/925991468752346213/text/multi0page.txt,200,371066,1a51ee85e722711af9a4052be029f7f324934df7ba7b89d48a0536e73f7e6e9c,ok,True
P073035,http://documents.worldbank.org/curated/en/317261468771049550/text/multi-page.txt,200,181339,78799dcb92ced39ac98060d1b3705719dccff8a3e6b85acebfb0e2a9fa9b1e9b,ok,True
P073065,http://documents.worldbank.org/curated/en/885551468769540064/text/multi-page.txt,200,247510,75bba05e0bdf03db37680e990c4179319331720b3a05db46969234449cca5fa5,ok,True
P073089,http://documents.worldbank.org/curated/en/174581468761053327/text/multi-page.txt,200,196000,d99785541e11087ce1c0657f1b600fea31fa8235d6c00b18c534a47fd1a9badb,ok,True
P073094,http://documents.worldbank.org/curated/en/227551468772754821/text/multi0page.txt,200,243969,e6205c3228f2952f40bd8445aee1d804d3e7060e2fc3a511403bac7bf516c14d,ok,True
P073118,http://documents.worldbank.org/curated/en/975071468742895841/text/multi0page.txt,200,297875,da2b25487a21616b2328f61584d38db8a89e06157d4944d6796eff8adb541368,ok,True
P073135,http://documents.worldbank.org/curated/en/328771468757014535/text/25376.txt,200,571493,ff6247ff144748faf714d7bbc3dcbe8a997dd35654d1e603a0b8ccf5c7e4dac7,ok,True
P073192,http://documents.worldbank.org/curated/en/926351468744090518/text/multi0page.txt,200,184379,6605ec6f5520fba3a6c9fcce22c076d025ce29f1ef86a5172fd3f227bbe4b8d4,ok,True
P073206,http://documents.worldbank.org/curated/en/273431468298742960/text/28273.txt,200,362085,4c4d798d19b3633382838b4a51d7958b353742b290be3ff674f3370b13357e83,ok,True
P073242,http://documents.worldbank.org/curated/en/785701468757001491/text/multi0page.txt,200,358368,10d4832ad2aa6b77bc7bde01c68190ff3aea39b2e0cd67ce39a419e9cd312d53,ok,True
P071146,http://documents.worldbank.org/curated/en/360071468743671484/text/multi0page.txt,200,126,396d18d14a69c12ed9b4b365d0f27b9e16b953153c5ee789f36b36e67b00dd1f,too_short,False
P073246,http://documents.worldbank.org/curated/en/400111468775764854/text/251141NI1Off0Grid0Rural0Electrification.txt,200,459147,d47db67422baf3a85696fc7d79e18f3c5d80e69aab0ee689a3c0e4b326571f30,ok,True
P073267,http://documents.worldbank.org/curated/en/102821468759308595/text/286210LCR.txt,200,465217,ab0bb1a7f89f683d6656d393bba8fa10ee071a7f4951c30d80d913e22a11d0d5,ok,True
P073294,http://documents.worldbank.org/curated/en/269461468741862619/text/multi0page.txt,200,274235,1bf9da545cf144d890887dbdabb7004e7f812038edff5eb45d90e5446115da61,ok,True
P073305,http://documents.worldbank.org/curated/en/330721468782350649/text/multi0page.txt,200,239477,1e54f53d0e30b37cdf975f421a7527fadaf258e9adff8b059b12b20c14253a76,ok,True
P073311,http://documents.worldbank.org/curated/en/604271468743781184/text/multi0page.txt,200,204440,bdfadca7914a75817fcf09199bd4589db8bcdc14c15baca1b0f3c6235f06cbcf,ok,True
P073361,http://documents.worldbank.org/curated/en/665671468124183495/text/309351rev0pdf.txt,200,258177,3f2bb0fa9a51effab28e724d711c684fa529b331b730665be83346e2ba9126eb,ok,True
P073322,http://documents.worldbank.org/curated/en/182291468101975063/text/39789.txt,200,291918,991d2917c18b126d4cf167499953202b96b8fe1ad4416a1ee132d8761c74da08,ok,True
P073369,http://documents.worldbank.org/curated/en/298821468771275109/text/262470IN.txt,200,324004,3ab724213d4ae253900031dd596bac225ab460ca34b9b6443625b10967c3d6c0,ok,True
P073367,http://documents.worldbank.org/curated/en/716971468742193537/text/25934.txt,200,444275,09f01171bd241a1c299cd479e6d4bef360f8b34b95f938f6813c39c08e25b98b,ok,True
P073370,http://documents.worldbank.org/curated/en/215601468750033604/text/28560.txt,200,293850,6b48702bb8b73fd21eeede3fb15149a83e622e8f5da373d88027f8b1962a459e,ok,True
P073378,http://documents.worldbank.org/curated/en/570211468749964429/text/multi0page.txt,200,194916,f4785b3d352b8a4689ba73364f148d3c8d8d7e317720c73c7e799a74a11c2401,ok,True
P073427,http://documents.worldbank.org/curated/en/114181468742208011/text/25010.txt,200,224004,3981269a73039912601810ea7ef6fffb2ee5ae490e2dccd65ed2306def74ef67,ok,True
P073389,http://documents.worldbank.org/curated/en/396281468743116092/text/multi0page.txt,200,394264,5ef8d6853822820495f88fb879648b393acb177c56aa5d34121fa4547fec0ba5,ok,True
P073433,http://documents.worldbank.org/curated/en/940191468774903749/text/28218.txt,200,287583,8707570b47637cc5378aa986fc7519034977213c945a65d6dfea206d8e69a88e,ok,True
P073438,http://documents.worldbank.org/curated/en/441321468758346724/text/278610PE.txt,200,368525,0efbe840a7d617976db1c8a78c34df1d44a9ab8d442f53eed3dd77b2d512afeb,ok,True
P073442,http://documents.worldbank.org/curated/en/652191468750275995/text/288310GUB.txt,200,229042,04c7b5ca6d529dce07a88e48d1035f2a8ef2b9e31770b478b7da073a32217bc0,ok,True
P073458,http://documents.worldbank.org/curated/en/569041468013488714/text/38945.txt,200,289214,e43b0261341447c49cb92c70b0b6c5f8a372c9103716fce12c88c46f177f3bcc,ok,True
P073477,http://documents.worldbank.org/curated/en/371191468105872879/text/30320.txt,200,455499,35b469957044a1cac0df9490bfb3ee05052f23912db46aa2b6c43992893dd1f8,ok,True
P073479,http://documents.worldbank.org/curated/en/705131468775176300/text/multi0page.txt,200,284232,bba93db5984ce707449798e88fe44d340f176ba0dbdab87399a1d3fb2a6fb49a,ok,True
P073483,http://documents.worldbank.org/curated/en/312521468756957820/text/multi0page.txt,200,187581,0526eb3dce15948d471c7a8e65735d84e72da85ff28ecf35466a7d0223199250,ok,True
P073488,http://documents.worldbank.org/curated/en/730541468780940486/text/multi0page.txt,200,262105,376815db6431fea461e72364515c9487168470670c4ff66d5077a556b6e04da0,ok,True
P073526,http://documents.worldbank.org/curated/en/846541468286312038/text/256300Replacem1erA2003100101PUBLIC1.txt,200,385037,b23dd916be845a664750e248d5d36325ed8ae8e62704c269cf8f4180d357df17,ok,True
P073525,http://documents.worldbank.org/curated/en/804541468769878924/text/multi0page.txt,200,243764,07369ad155a60d4969719258811025d815f2e33236e9655e5ddbe519b9b54443,ok,True
P073578,http://documents.worldbank.org/curated/en/993831468741634839/text/multi0page.txt,200,186768,248bbfe01a82680359418d8ad0d638fb10aa85f3af99c202972bd20a3b49abf7,ok,True
P073531,http://documents.worldbank.org/curated/en/637201468756982600/text/multi0page.txt,200,223083,1aed6fa72d2f51ccb2f7463277f904f91bd5a4754dcc08691bcd16ccd2c1d29b,ok,True
P073594,http://documents.worldbank.org/curated/en/302461468775523962/text/multi0page.txt,200,150735,76fc50bbf03a6d5faaddaaee4c873253d108905a5e090434c95e38bd2337c3b6,ok,True
P073603,http://documents.worldbank.org/curated/en/902971468746744560/text/252640updated0version.txt,200,456746,6e9922f9895718f902470f96b2f05d3a368828781924b5ee9af4edec6fe77296,ok,True
P073626,http://documents.worldbank.org/curated/en/724961468774281897/text/25801.txt,200,229774,f09f8999ca3f0b0e8ff12e5cd029fd31edea00dd2143c90518b4df2cf485360c,ok,True
P073629,http://documents.worldbank.org/curated/en/840451468769452362/text/27975.txt,200,259574,7c6c9039048822216bccaddba576cb90f7502e161e89114ac57a32c1cef694cf,ok,True
P073649,http://documents.worldbank.org/curated/en/692491468751551183/text/multi0page.txt,200,371704,a1313bf319b35de0ef5d306569338964e79cd5ac72477ef785812996ed534923,ok,True
P073651,http://documents.worldbank.org/curated/en/143491468771011331/text/25765.txt,200,339146,45f3b49e7a5613f719e133470c5ddbc768a13dd0c3f71b5f022b533dbb94f305,ok,True
P073686,http://documents.worldbank.org/curated/en/391241468290437702/text/34232.txt,200,352462,d56f0554ddf105d10c8e335af576539222c8229a18a00005fd481dd01aea5b64,ok,True
P073689,http://documents.worldbank.org/curated/en/354821468773363698/text/multi0page.txt,200,297635,58be5c57a50ce7ba956fdc3d69a00a41636fbb9bf72345a516a6cc612a6b983c,ok,True
P073763,http://documents.worldbank.org/curated/en/362091468761729045/text/29128.txt,200,237757,6e9ae98501853090f0c303bad807a9512887a34bff743fa6fe6adff0da45cf64,ok,True
P073772,http://documents.worldbank.org/curated/en/746361468752422201/text/25294.txt,200,451167,da9fe50706530bd0dfc2f3110a9a1f4d1cae57dd1b7d0c0005ae08fb9dd713a6,ok,True
P073776,http://documents.worldbank.org/curated/en/100841468750257948/text/267530IN0PAD.txt,200,189534,c3856966365e8872da9c7fc56bd0a99f75db5d6c9fb436ff95e02ce63dfdc386,ok,True
P073883,http://documents.worldbank.org/curated/en/710911468776784140/text/multi0page.txt,200,289016,fdb596bd090569bd1d944efe0bb70b28b07f1f4c302dc1d7fae9f40aea65ccab,ok,True
P073821,http://documents.worldbank.org/curated/en/307971468774597745/text/261420MAI0PAD.txt,200,328045,0bd931395a92ec762ae66c6f8ace79834cba5b45a2ad962b2cdf0d192bc14e4c,ok,True
P073892,http://documents.worldbank.org/curated/en/196461468744338318/text/multi0page.txt,200,270603,a5825c8f543b72906e5334d390a8177ee005c1d4123ccf4feb0d47903a2cf4b3,ok,True
P073911,http://documents.worldbank.org/curated/en/685861468309560270/text/multi0page.txt,200,430152,3adad03d5c3fcfb8690ebd5f4d8d58f293fc8b36381d7ce578b8473a9ddd0310,ok,True
P073967,http://documents.worldbank.org/curated/en/927971468776068456/text/multi0page.txt,200,350308,47ddeaada6e6498faff186c0ee367443592141f900b89874867e5fac80d11672,ok,True
P073970,http://documents.worldbank.org/curated/en/675331468752956553/text/multi0page.txt,200,137670,6bb143816d4b0fa7b85b304ea9ef9f9eb89904bd8027ab6ab0578aedd971366e,ok,True
P073973,http://documents.worldbank.org/curated/en/767091468753287071/text/26206.txt,200,359094,c6b45da8ac1ec82dec7da9ffb39169790df35a3b543e9c66b3a01cd002f42291,ok,True
P073974,http://documents.worldbank.org/curated/en/399941468740433969/text/27708.txt,200,364891,589f1b2c3cf69dc8bd1a14b2f79810bed3c0a09cdb01448b79e30a3b18c9142c,ok,True
P073977,http://documents.worldbank.org/curated/en/433561468022144134/text/31571.txt,200,472644,a2ada44496c4f14b80490d881133d6822ea80c5a08993c5a1a3f2fe1c178be22,ok,True
P073985,http://documents.worldbank.org/curated/en/866141468770386434/text/26848.txt,200,331531,9fe34bcbe5fe9a24aa8f8de905f47b3ac7492c179119e5ecaa6ec8e880d5a3a3,ok,True
P074001,http://documents.worldbank.org/curated/en/257621468779956517/text/multi0page.txt,200,115335,75b8816dcf1fc89b91d7a3a8f440f67dffefde070d3e1f0ec11a8edb5dec3162,ok,True
P074011,http://documents.worldbank.org/curated/en/372861468281708815/text/414250ET.txt,200,401820,07b9716cdf6590f9d9b60d2de50692684d3aef9acdb6d09bcd0806dafe4b33c5,ok,True
P074015,http://documents.worldbank.org/curated/en/852941468029971978/text/35121.txt,200,380005,97eca08ac706b9be2f2c1bd28b8f0d21a4ad2d140ea7953263be56b91c4976b0,ok,True
P074020,http://documents.worldbank.org/curated/en/829571468771571305/text/28191.txt,200,350714,fc28a4b5a75cd8d8820ccca8bc1ba81cfd6fd1fe684647fcadb7f067e0853fa9,ok,True
P074027,http://documents.worldbank.org/curated/en/360961468300854170/text/eBo029314.txt,200,221380,a99efbcd30d0d5e42b34634dc1264590b838e88b1398abc54cd6e77581ea4ad5,ok,True
P074030,http://documents.worldbank.org/curated/en/867901468769801955/text/multi0page.txt,200,350193,d07742752da8cd4a9128cd16e1dc107aed8ebbafab882316e521e867dd40d3d3,ok,True
P074042,http://documents.worldbank.org/curated/en/977211468758407332/text/multi0page.txt,200,516434,e5d1069491b49c7fb08a99e406505a53d270c8e23a797116b53981a4ebff8a8a,ok,True
P074053,http://documents.worldbank.org/curated/en/632361468764374671/text/27717.txt,200,225885,a1dea4bfca9dc376f763393e3cca99da6b6d4f4d8024c8c5e1efe4c8e902c8ba,ok,True
P074055,http://documents.worldbank.org/curated/en/687961468769863167/text/multi0page.txt,200,301796,5e03d10d65e5d95ec32c1b6029651ec103ce85b6612ccb75668dd8c8376bcb5e,ok,True
P074059,http://documents.worldbank.org/curated/en/719891468777929512/text/multi0page.txt,200,316544,e15324c10d457075129bfe1cd7538a6e0f68d9b84999bc309de210680d0573d0,ok,True
P074075,http://documents.worldbank.org/curated/en/134021468770078807/text/multi0page.txt,200,545362,a45f982a6f1df1f2475f3d58ca68599279aaf266359c11ec0688627ebf3e8c32,ok,True
P074078,http://documents.worldbank.org/curated/en/238091468778184356/text/multi0page.txt,200,229923,5fba7413e2b7c7bde0496d528fcd85fe8de409532abc2dbb259d43a1bb01ff09,ok,True
P074079,http://documents.worldbank.org/curated/en/626751468779170647/text/275850UG.txt,200,351044,22287564c3dea7b0c64ad0e5dfdf67286fdac339296d3d292505a30be27ea305,ok,True
P074085,http://documents.worldbank.org/curated/en/708901468769186593/text/multi0page.txt,200,309036,0a940b9cc1ce2521107310bfd5519ebbbb304786033646b002648d77c9bc0cbc,ok,True
P074090,http://documents.worldbank.org/curated/en/918981468778151316/text/multi0page.txt,200,289919,a4794b2f0936f5330ac48e38a289d59ca14053f35e87c5ceddb907da9f79f611,ok,True
P074091,http://documents.worldbank.org/curated/en/691781468044994343/text/539880PAD0P074101Official0Use0Only1.txt,200,532338,1438f07de722b3d91f3e469884d36de834707f89c61bb9cd8c6b8cdebe278371,ok,True
P074102,http://documents.worldbank.org/curated/en/950971468106483380/text/27632.txt,200,407272,54bc2e6422522cc19a0266943a924fe2a89d76bb8d4e9419de3ccd5b35f446bf,ok,True
P074106,http://documents.worldbank.org/curated/en/630451468271849009/text/37981.txt,200,552601,72cc94c5c2ffbbed47cc0ca33f0bf8f8e6e5e24b615d67d9e4be6cde0aedea19,ok,True
P074114,http://documents.worldbank.org/curated/en/873201468743945619/text/258020PAD.txt,200,295777,3de15ee55f7fc2b68d28b79b49937a773bbaf8f4f882a68cbf992cec4882d3e2,ok,True
P074122,http://documents.worldbank.org/curated/en/702281468773992051/text/25344.txt,200,224099,107ba137fb137339cb5d4ffa3022ef720e837ee8c1e858f49edfae0c8304f1fd,ok,True
P074127,http://documents.worldbank.org/curated/en/247411468104066375/text/multi0page.txt,200,116015,cee0f20c3702af23cc9a70f6b5a16741720fe56a2eec4013fb7bc267153eedec,ok,True
P072503,http://documents.worldbank.org/curated/en/948411468743156802/text/multi0page.txt,200,78,c75e2c61f7f12a5772aface932cb96b31a900381cd1ac7db22c2570a1c20c14e,too_short,False
P074128,http://documents.worldbank.org/curated/en/943841468760548291/text/multi0page.txt,200,225819,9ff95468cec97817ca2463b5a58af25a56097c19eb3e6810ff70b275c2ba8e7d,ok,True
P074136,http://documents.worldbank.org/curated/en/205711468777898326/text/multi0page.txt,200,133504,c6bedd72ed679edb1a3f8044f8266a43905ec294f224c62d452c3bfb83878fb9,ok,True
P074132,http://documents.worldbank.org/curated/en/894761468288365311/text/38496main.txt,200,502595,f932e40184f7b736e04c6eb8e89de442fb3473dd88da488ccc2f104c0bc4c980,ok,True
P074139,http://documents.worldbank.org/curated/en/374071468051845775/text/38586.txt,200,221971,25e14d0b8583671e90cbc6ca54bafd3298906c2a7eff1491b7a0cf907974c4bc,ok,True
P074138,http://documents.worldbank.org/curated/en/596641468744291178/text/multi0page.txt,200,221500,f2d425656595b6da402597135246c9568b01a422bbb80777c372676a886770d9,ok,True
P074145,http://documents.worldbank.org/curated/en/237541468308356383/text/multi0page.txt,200,132285,ec8161ff875dbc64fcb864449b8842f0e22559f0232fea8d1bffdcad6caf31e0,ok,True
P074191,http://documents.worldbank.org/curated/en/247561468035970644/text/39713.txt,200,462428,be1bd1be0c5b92126f2a35b9071cfbae5812ea9c7ed50ca7bc340ae6df4fbf72,ok,True
P074218,http://documents.worldbank.org/curated/en/586051468770928575/text/multi0page.txt,200,152914,d40c93a2c62213ab6b6fc692db115f2d0bb7607dce150d0e49ddb694a0c7246d,ok,True
P074235,http://documents.worldbank.org/curated/en/207781468757474580/text/273530MG.txt,200,660834,3bb740230d42876435e2c0cc0dd88647e2149e67c4dd3e478a7b528ca9eecb7c,ok,True
P074249,http://documents.worldbank.org/curated/en/801541468230688880/text/multi0page.txt,200,199778,06d72906252e4dd800702b588eb2e01f1749275317fefbaac5d20fe59838f3b8,ok,True
P074266,http://documents.worldbank.org/curated/en/754421468746806387/text/241040CD.txt,200,303986,f9f0a93e187e1055ee17ef3bf6d3a69fc779111fc2792da826ef57d9c2e24c2c,ok,True
P074288,http://documents.worldbank.org/curated/en/765681468751769487/text/multi0page.txt,200,167173,916c079e18125229a4b8920fb64ae6cef197c882949e69f48fbb3f5f8cdb200d,ok,True
P074290,http://documents.worldbank.org/curated/en/850651468752370923/text/280710ID.txt,200,361278,51d8869e3af99647ef5825118127d98468b428d0460bad561ad1a4a9fb644e0f,ok,True
P072960,http://documents.worldbank.org/curated/en/838711468777586829/text/multi0page.txt,200,350358,411e55720087520b818faeef9a0f54e4bc62af0deb0ed65772960bd5e581e3fc,ok,False
P074316,http://documents.worldbank.org/curated/en/151761468775572884/text/276610NR.txt,200,206071,3a81885d7eeae3bad26d166a1430066c89a82ff476a953df0297e3baf3b24c9a,ok,True
P074358,http://documents.worldbank.org/curated/en/923501468776990444/text/278800MK.txt,200,239348,a2b1d602120e7314776be7e4090821d5d97cbb58c6638de84e77e04efc681326,ok,True
P074320,http://documents.worldbank.org/curated/en/680761468763817221/text/multi0page.txt,200,394612,22d6a9085ff245bc829c323816b0fcf65ebfc8114975bba6899ce6231d6242e7,ok,True
P074361,http://documents.worldbank.org/curated/en/846031468770994213/text/multi0page.txt,200,225446,b414f1ed36187ea961749817b56c0ce1caa1ba19064ed853530c3e1eae9987a6,ok,True
P074408,http://documents.worldbank.org/curated/en/163921468761360817/text/multi0page.txt,200,402294,086bf77334984518987bde2ad46beb740eb26712df189fab20f2ed461ccfaeb5,ok,True
P074410,http://documents.worldbank.org/curated/en/776701468777289945/text/multi0page.txt,200,129277,f360d06413c741751196d616afa478398c33372d9de057e311f59d07e6d4c72f,ok,True
P074413,http://documents.worldbank.org/curated/en/692431468767063561/text/27168.txt,200,275303,170fc7663f7407d53e86421410dbe36c6fe9088a5a1d6187cd1295d551bc6990,ok,True
P074447,http://documents.worldbank.org/curated/en/737781468290435714/text/322550rev.txt,200,265054,3253225032d61a716d53ed05b87a006be48017d5e3b8a8b1aa3330cc6a06bc50,ok,True
P074448,http://documents.worldbank.org/curated/en/112761468757189778/text/260340MG.txt,200,284587,ec6ca33ee85aac3477a8361bf496087fe1f59fb6f4012c83bfa10fb8182a8d09,ok,True
P074469,http://documents.worldbank.org/curated/en/861951468758136244/text/24557.txt,200,268619,5998527e747bc0b4fd8b1e3313d9ad34eae8ca74eb55c364e5c7dacf96b74661,ok,True
P074484,http://documents.worldbank.org/curated/en/447421468777900557/text/multi0page.txt,200,238183,2c7c16a9668d03d888672ebbab58e74bcafd7a59fe73b190cddb5754a838eebf,ok,True
P074490,http://documents.worldbank.org/curated/en/498581468743765992/text/multi0page.txt,200,193202,a0433eb80a47858b7ec2f086dd373d2494e33d2fc8b8b05fc2aa4e048d1b94d7,ok,True
P074499,http://documents.worldbank.org/curated/en/947761468771311187/text/multi0page.txt,200,209763,1cf00f9fd1b25183e660cb2813443a0a9a8c3f662006e975517e3fce749dd4ae,ok,True
P074503,http://documents.worldbank.org/curated/en/759801468768588477/text/262660AM.txt,200,243015,d29d35664bf1232bd2078c4049ccb1d3031af774e5555e221e5ee53b8cbffe55,ok,True
P074525,http://documents.worldbank.org/curated/en/410861468008709472/text/275181W10Afr.txt,200,285168,170e45782a7e1619c4e800f8b29a4d1d4d18f2e86ec17c299225f3bc896463fc,ok,True
P074591,http://documents.worldbank.org/curated/en/654601468757837606/text/27578.txt,200,155944,b38a2b35dba2080d2b9887961227404f4a5ac9deb253c56fe52055eb13e5eea2,ok,True
P074618,http://documents.worldbank.org/curated/en/857761468304789472/text/multi0page.txt,200,111542,8715692aa3023192c0478a8e7104bfe610c6eac61c680fc73e55c44a1f1dcdf5,ok,True
P074633,http://documents.worldbank.org/curated/en/265931468775555585/text/27890.txt,200,350177,1bd45fc046e2785ebddbde330c52ac0081fc60bd345565735ac6d8282855274f,ok,True
P074641,http://documents.worldbank.org/curated/en/965081468752114407/text/multi0page.txt,200,323804,ded3adbdc03d124ae307602cc8d17884d26b9e043e76bb7350b4fe179762426b,ok,True
P074688,http://documents.worldbank.org/curated/en/597631468761664968/text/29860.txt,200,396127,4807bb409beb27485d1d0b7152d214900d79cae29777d96aa0d3fcfd078bf0df,ok,True
P074726,http://documents.worldbank.org/curated/en/607991468770485005/text/multi0page.txt,200,372763,5e96d2d5d059afbd337b2e141170c7bf90142adfb4becc97916c87e43135f102,ok,True
P074730,http://documents.worldbank.org/curated/en/756981468777039932/text/multi0page.txt,200,253394,bc722adfe13d04481eb4cd897e2eb33e27365aa78827da2b87e207cb8f726fcd,ok,True
P074731,http://documents.worldbank.org/curated/en/417391468767944809/text/multi0page.txt,200,137035,9165a4ab4c1143fe47f9d1247ccb155b124695421aa5f4c06891450eb8cda343,ok,True
P074755,http://documents.worldbank.org/curated/en/958641468756287267/text/279460MX.txt,200,357244,e1d6652a76c0c45cffd02c1a7b9245557436f0c92038eb3161a621545fdb5fa7,ok,True
P074762,http://documents.worldbank.org/curated/en/691401468750845922/text/multi0page.txt,200,224637,9dd3e7271c0ddc930eda6e7bb2c86e0f729568b0570d4490fc165f739346191a,ok,True
P074777,http://documents.worldbank.org/curated/en/208811468769824999/text/multi0page.txt,200,188385,6d63d476e6f9b5d04ea1b55b693d1b3a177c8dd4b99c6d8621e5877a79898a22,ok,True
P073886,http://documents.worldbank.org/curated/en/321661468013800181/text/533050PAD0P073101Official0Use0Only1.txt,200,82,9c658c3833e897146612036fff5a4055a88802c865c1248e6dc063b41b0a5e2e,extract_failed,False
P074841,http://documents.worldbank.org/curated/en/991771468208776172/text/31144.txt,200,372008,6bd6d1ea436dcb7945f2170dbfb6a71313007a76e9d5811e2bd65176b37e1e62,ok,True
P074850,http://documents.worldbank.org/curated/en/182121468762882259/text/26939.txt,200,327563,d30a0411c2cee2310f901ae792c879a92ae0680340d97c5205fe34909a33fb56,ok,True
P074856,http://documents.worldbank.org/curated/en/576261468758384442/text/25109.txt,200,244793,e694eb1da8ebcb7c4ee931b33e67352cb63ce4250ad35f630dc17c1ffd359e23,ok,True
P074872,http://documents.worldbank.org/curated/en/613601468777040568/text/276420CE.txt,200,336602,648a963d9c958d9a1ce3cc612883954b26eb06cef491e21298cf3983d129c6cb,ok,True
P074881,http://documents.worldbank.org/curated/en/324331468774561691/text/279620KG.txt,200,154098,67298183d9e94cc6decf9bb76b03dc30193ec43a8a27573e0530023266260351,ok,True
P074885,http://documents.worldbank.org/curated/en/564751468760527495/text/multi0page.txt,200,157617,195c4579467673fda54495f24ffa88ed2e1e7b3519e202bad7e535033f514839,ok,True
P074905,http://documents.worldbank.org/curated/en/392831468741888047/text/multi0page.txt,200,272952,03c17efa5fcb00c9c96a33d8bf5a0b9157a29f62f89b7e7f08e6cd3efb89bee8,ok,True
P074963,http://documents.worldbank.org/curated/en/585781468775788717/text/multi0page.txt,200,341236,d1b10811f3ec14004f8c24b0e676f9a3e403176ab33048e4f9259c2b2978839d,ok,True
P074966,http://documents.worldbank.org/curated/en/334831468742517467/text/27630.txt,200,429411,485e13ca1001d71b92ea3079d1542fcae7a7834181dff18b481b98c1d6885b3f,ok,True
P074971,http://documents.worldbank.org/curated/en/371121468282542535/text/32411.txt,200,291834,7947056bdebdc94c450003310d861237f4d7bca12a0afa9b628a25f8fa8fbd80,ok,True
P075006,http://documents.worldbank.org/curated/en/922251468753021445/text/259211LA12nd0Land0Titl1idar20031014111.txt,200,352114,c28368ed30216f4ce86a8a03205443f9a5fee6642997ac7615a55c3bb3e5aa31,ok,True
P075016,http://documents.worldbank.org/curated/en/949261468768656384/text/multi0page.txt,200,135908,c4a9d705e238596b85636026f04f3a0f0532c2159dfa0fc3db1ebed8c3a91e48,ok,True
P075035,http://documents.worldbank.org/curated/en/269831468746651026/text/26636.txt,200,379930,13d08dba4654bfe3b5f6139cd576e06e6601cb129bbdbbe8946afcb9e6ad1e71,ok,True
P075046,http://documents.worldbank.org/curated/en/338081468251377205/text/37317.txt,200,1046178,916046cced8b2c1ce9d84e61327388321e36398b27a10899b03d924967b2749f,ok,True
P075056,http://documents.worldbank.org/curated/en/993681468752394107/text/25876.txt,200,230429,be0e9fd4d856af7a30f0831aca6a482ba86122bc99255490e73cd96091629b61,ok,True
P075058,http://documents.worldbank.org/curated/en/147111468752429327/text/30276.txt,200,368211,ee10cfd56783869e9bbfd8424e33160ab209f9c1458ea9d481f257e95980190d,ok,True
P075060,http://documents.worldbank.org/curated/en/342521468034788988/text/28237.txt,200,389481,1562eaf16d878880d91a85093bf7402b6246cef0cfd8bd4c2cdf7a421f8f6a62,ok,True
P075156,http://documents.worldbank.org/curated/en/826831468742828895/text/279570CORR.txt,200,342187,ae00ffcc31e24e32a7531b8d936a1632d9c218885f1998b25ad8a4a1f4662530,ok,True
P075163,http://documents.worldbank.org/curated/en/518681468776757521/text/28217.txt,200,410770,a405b5607f0072a7d3f6113d27fa35690453963dba0d73f4ef5b7c598bb2c99d,ok,True
P075173,http://documents.worldbank.org/curated/en/756801468777593399/text/245250TH.txt,200,210972,60e040040dc30b237b7a0198256419c4f51d807347253422a8c4e87761adc820,ok,True
P075184,http://documents.worldbank.org/curated/en/544341468759288771/text/276620PH.txt,200,256906,5e89f4e7034b4dfcea2ebfeb645dd12607c488a742e0e80708b582d5655cccee,ok,True
P075189,http://documents.worldbank.org/curated/en/151961468759580842/text/multi0page.txt,200,254008,8752ad7b81ed2968a69aff488a4ba3474a03b79d60c52a3f5415473021584846,ok,True
P074212,http://documents.worldbank.org/curated/en/757921468743967511/text/multi0page.txt,200,110,13d299e8993100a2fc80ffce3d8fed61a88197bcb82ec200d35c2f8ceca1efad,too_short,False
P075207,http://documents.worldbank.org/curated/en/546651468759856342/text/287920YF.txt,200,237197,13789571b72fe1c1eff87f9adda0e418fd19ac6f50810146f13d8fa63eee0df1,ok,True
P075219,http://documents.worldbank.org/curated/en/974561468743790457/text/30213.txt,200,388824,b293e626d338858e9805ba686ab77b60b137e3ebc7a2214aba5bc2cf43fc984e,ok,True
P075220,http://documents.worldbank.org/curated/en/573671468746721020/text/multi0page.txt,200,871138,8c377090f79513f73f8b3ca3010325e8fad5e96782f024282cc3b43da9433de3,ok,True
P075230,http://documents.worldbank.org/curated/en/567531468777308053/text/255011Tonga10Health0Sector0Support0PAD.txt,200,265875,68896cdaeee3c9840ecac29e1b2bda9e78941534b085d0e02d2689ff35011123,ok,True
P075231,http://documents.worldbank.org/curated/en/536871468308654102/text/32719.txt,200,238325,206d66c8fb2a72e28441a62fba06822494fa041a3451de06d99eaee5bd6ed783,ok,True
P075247,http://documents.worldbank.org/curated/en/529621468777027966/text/281880MAI0with0corrigendum.txt,200,372127,174f7f53b5d9141850badeef84b5512d773ef133a5922c08a76398e46fe6225f,ok,True
P075256,http://documents.worldbank.org/curated/en/159891468777585513/text/multi0page.txt,200,289974,73586115d4c9fe96b5fdd7e5a77dd12e174d7dd4304c321d0a902868715a4541,ok,True
P075342,http://documents.worldbank.org/curated/en/426191468761365305/text/multi0page.txt,200,181632,0b3148610638f16716642c8b932a55b7877828b64ced7b71d3f312d3d31f3fa9,ok,True
P075343,http://documents.worldbank.org/curated/en/427791468781183690/text/279210YU.txt,200,266688,3e1a5e0bedec2bb9ba7ae3dcc3aa36150d606c0b8bd6e431e4efd2f441f914f3,ok,True
P075379,http://documents.worldbank.org/curated/en/577281468236360126/text/32150.txt,200,334991,67b2701e86640c377bec3dbc2694145699abd8a06bfce3879c2b96b09a3f9db2,ok,True
P075399,http://documents.worldbank.org/curated/en/942081468780601741/text/IDA1R200310082101VN1public0fin0mgmt.txt,200,270963,e594eb20103996592d005256e753e155c4670b802b6ec14a9f32a1ae2f37faca,ok,True
P075387,http://documents.worldbank.org/curated/en/603841468760158792/text/276500RU.txt,200,434918,4a76260823fd7232715ff5b1a6b4c8fd8a01d5484f727fd689b242a7e64cb68f,ok,True
P075407,http://documents.worldbank.org/curated/en/651011468125075367/text/34009.txt,200,283635,1481eec881f3c7fe8f0cf2872dd38ec1f1ee5189d258aad7c9e1b02361e46f32,ok,True
P075464,http://documents.worldbank.org/curated/en/711311468294307392/text/35405.txt,200,338874,262040ab098c1961bbb1a83a23b2f31ac397914cb6ab517a86c616cbbe3125ef,ok,True
P075528,http://documents.worldbank.org/curated/en/890171468781496354/text/TT0SecM200300285.txt,200,302911,6437b158e4a4971f7bd2eb7ed9350ec00a1d3011d3e1947e9df31dd2d65b4663,ok,True
P075523,http://documents.worldbank.org/curated/en/111231468776779710/text/26698.txt,200,328417,9fc5c2c11a96ab13df8e8d41639aaea556d258c376441cda54d3b791ba385e8c,ok,True
P075534,http://documents.worldbank.org/curated/en/923821468040483602/text/38076main0JO0GEFR20071000511.txt,200,405079,a54c9c03d17d96ca2f9f9589df4e71bda62e8e993e29b5c01b21a5545a2709a6,ok,True
P075531,http://documents.worldbank.org/curated/en/730991468047754522/text/309610corrected0GEF1R20061001211.txt,200,447016,9d8923d25c3b29aee22ff16053f009fc42b7926fa87310a7b862123cd466bc9f,ok,True
P074398,http://documents.worldbank.org/curated/en/924551468778755498/text/multi0page.txt,200,212829,5fe76ecb3700ec1ab16a8b04cc0f6a664ba59daa11889032031f58c6af7a112b,ok,False
P075566,http://documents.worldbank.org/curated/en/101881468265805909/text/36319.txt,200,303965,4a3e1ec2a70895d98b646d8bf4b36a325ed30b8b4d82c88bd6acfd06ea63d270,ok,True
P075602,http://documents.worldbank.org/curated/en/670081468770377646/text/29067.txt,200,280218,578eb0f5d2cef5bc856d51619d1cbc292bd66d405351cdf9cc97c8081606d345,ok,True
P075732,http://documents.worldbank.org/curated/en/567701468227939413/text/29775a.txt,200,344572,9ba3b4924a36ced772e7706bed3ba462aaf1b372b4dcdd082900b32fcc76c004,ok,True
P075613,http://documents.worldbank.org/curated/en/297461468221964532/text/36328.txt,200,442742,0a5d579fb102e952e71204b4c53bc4caa1dfb2669503895a1edcc3a1c312affb,ok,True
P075728,http://documents.worldbank.org/curated/en/740201468743742226/text/271650CN.txt,200,390134,7a0b97d2aeeb128032b236f8a2306e0e20c999b534f58773d619840314428a3a,ok,True
P075808,http://documents.worldbank.org/curated/en/780891468757835334/text/multi0page.txt,200,100952,03da1d6649e177c108c6fac2be8807761079fa6d197a80f17a8a3a6d0eca7384,ok,True
P075739,http://documents.worldbank.org/curated/en/925771468763154615/text/multi0page.txt,200,249670,95007376041f7cf8c8250c86de58c1f1a9d0c175adc7ecfd123d287589686189,ok,True
P075776,http://documents.worldbank.org/curated/en/566221468163156576/text/322320mna.txt,200,393220,94a02bc9d1bb644a3c9d36f95b98c57a139551fbc00721020cc6c9a275a7f177,ok,True
P075829,http://documents.worldbank.org/curated/en/239641468774926089/text/multi0page.txt,200,289070,504d8b0f553dc46df0e6caad9a7dff835b972d927d1680b8411c067042d6e506,ok,True
P075911,http://documents.worldbank.org/curated/en/947431468755950949/text/25562.txt,200,259801,43f8b25a16b33c5822b34c4f820539aa0a59b8cc42b35a941b92076e56498e69,ok,True
P075809,http://documents.worldbank.org/curated/en/551411468116360731/text/35575.txt,200,304345,a33f9cbe0680f60004f98b87d83a3d61f55c26ebf4f4be28a99e02cfa74a58fb,ok,True
P075915,http://documents.worldbank.org/curated/en/374171468749774825/text/25227.txt,200,433760,40780294e06f0a0ffa35d0ae49e40bb31cbeec4e9bf1e309f660fdd572b7f7b4,ok,True
P075941,http://documents.worldbank.org/curated/en/563281468204538380/text/761100AFR0PAD000Box377382B00PUBLIC0.txt,200,401054,dbdf894f91fd6cfbd382593a40a58ec0fd8a756f4acdbb94ceebf79d99b6dd70,ok,True
P075964,http://documents.worldbank.org/curated/en/875771468012025180/text/28272.txt,200,223571,f9a9ebabb8d963c0585ce6e351cf8d1a9834f68c9a00b3eaa6c3db341cc85f2e,ok,True
P075984,http://documents.worldbank.org/curated/en/950551468779385638/text/multi0page.txt,200,144053,841865cedbe20df86ce340435207ceb72f86f39a4bebc030cca08311e7188ae3,ok,True
P075978,http://documents.worldbank.org/curated/en/491271468763839800/text/241590EBoard.txt,200,439764,48a38b1082fef4e9ab80e03ed2067e40b83c1f0f3fdaabc0d72aeb308d352dc2,ok,True
P075979,http://documents.worldbank.org/curated/en/952451468777612252/text/28319.txt,200,248845,c6ae10729eb7e33230e497a3539822c7107c54e79743ca059e99496b83359307,ok,True
P075995,http://documents.worldbank.org/curated/en/937661468753004698/text/277460MD.txt,200,296103,eb1910049917052ec04e892c38c6ad3931dce934195615d2b9187477d47832f4,ok,True
P076159,http://documents.worldbank.org/curated/en/591621468743710447/text/multi0page.txt,200,77587,94a21a93fe76888129177344ff60d7541994c6f14ba4b61fbce84fd4da5befc4,ok,True
P075994,http://documents.worldbank.org/curated/en/413281468329997758/text/32276a.txt,200,336656,bb9fb8d3135f3beecd3433be61b4ebddfc2e287f89c2593d6afd3df209f5fb61,ok,True
P075997,http://documents.worldbank.org/curated/en/573461468781173504/text/28483.txt,200,377164,bdad4ce4b2ac2bc6a1533fe50286005b63758b0674a3ecc1c8d2f799638ae5c3,ok,True
P076183,http://documents.worldbank.org/curated/en/983941468781538676/text/multi0page.txt,200,97840,e5057303610efa46203cba1c34d41fa241f902b221b690b3b53c17c3cf436ff8,ok,True
P076185,http://documents.worldbank.org/curated/en/806561468763779345/text/290430IDA1R20041023011Yem.txt,200,214935,d94e519ba7f81e8b8d8520d00996396d8a8f3fda7028db4c9b6ee1d096ff2edc,ok,True
P076174,http://documents.worldbank.org/curated/en/983091468258305752/text/274240rev.txt,200,476682,b0f7137c3ebc4797ff562ff89467e48f40f0ce71e9b990b5fce5e714658ef9af,ok,True
P076234,http://documents.worldbank.org/curated/en/797701468740662519/text/269130AZ.txt,200,214333,e87ecb24357b58caebd4a6841fe359b292ebe5cc9216ccb48158d075396b56fb,ok,True
P076245,http://documents.worldbank.org/curated/en/221801468757237312/text/multi0page.txt,200,236512,7e198ee56ecd1b2b81927d01ef9faa0af188cfb7de2b8d602a5a16d8253f2cf2,ok,True
P076271,http://documents.worldbank.org/curated/en/629291468752718022/text/Indonesia-Private-Provision-of-Infrastructure-Technical-Assistance-Loan-Project.txt,200,364438,e59554e9a0efac47b44f4cfd015d8fd4485a6b0cbb50baf06e1fda3549b86020,ok,True
P076467,http://documents.worldbank.org/curated/en/280301468771689288/text/multi0page.txt,200,248822,f52571460a81ce56745f473da660b1c2462233f231e0b6bdd8eb866f0517cc80,ok,True
P076338,http://documents.worldbank.org/curated/en/396301468742530936/text/280261BF10UA.txt,200,478850,3a54ef9f83c5c02c2c13704f7e9668025d8ef61554602a3523ba7327030157d9,ok,True
P076445,http://documents.worldbank.org/curated/en/250731468277466031/text/317640corr.txt,200,1020217,4edbe1d852922c318820415bf2b88056b702ac70b0c00a4714b7200319c87cec,ok,True
P076543,http://documents.worldbank.org/curated/en/590971468769244313/text/multi0page.txt,200,131715,9938bfd65b8f4a3a226b3ad3aa373ef8e612673f45ffbd325402337d1dbcb904,ok,True
P076553,http://documents.worldbank.org/curated/en/440351468309267650/text/36281.txt,200,1182587,514ccff552cbacc13efeaad97784f4020f1f9aef18774c8f761817fecaf350ec,ok,True
P076658,http://documents.worldbank.org/curated/en/254721468263758213/text/32003.txt,200,273526,c187b553639e3b8f269d0b308c82ca73f8a9b7f8c3608de8d1b2c2d65e6a3577,ok,True
P076712,http://documents.worldbank.org/curated/en/781081468756553057/text/multi0page.txt,200,302726,dab943f1e2eac52e5053fe2c0373583fdd11e0dd130e33daf6978965cab2f4d8,ok,True
P076714,http://documents.worldbank.org/curated/en/696991468748765652/text/253351CN12nd0Anhui0Hgwy1R20031011511.txt,200,348201,bb93740a936b24eda23abf695479886efd0e12acfd29a2061c01ae977bfc82bd,ok,True
P076715,http://documents.worldbank.org/curated/en/299101468749091947/text/multi0page.txt,200,249784,965d6344c49cf26985996063837d6fd5fbcb54cc2e7d6f7c7384bd7ee4de6c92,ok,True
P076722,http://documents.worldbank.org/curated/en/219661468750303597/text/273940GY.txt,200,340396,3c72b844a349a47b0fabf57db21a562e511a30b5e71d3163814a48e71db08c83,ok,True
P076730,http://documents.worldbank.org/curated/en/716751468770748946/text/30334rev.txt,200,250239,045a9785244e8578b3bdbfe34ce00ce2d0799a743d094a78655ef84779d44606,ok,True
P076735,http://documents.worldbank.org/curated/en/719791468751523283/text/286040ET.txt,200,305764,16f69d8eef4399354d53b90b1d06f681f70240bbc8b2f8eae7265193b04eba92,ok,True
P076795,http://documents.worldbank.org/curated/en/956271468763843250/text/291290SL.txt,200,272262,c0470604db6c4c49e78e446a2a99cd125b68e910f9b77d174c90204113f170d0,ok,True
P076784,http://documents.worldbank.org/curated/en/475211468768324951/text/multi0page.txt,200,356076,386692ca9422d5bf36243010e2adc497615ec47a061b58d8eb737c43dda9288d,ok,True
P076798,http://documents.worldbank.org/curated/en/836421468781201088/text/multi0page.txt,200,224075,281d5f0bad9443e8b960cbcdff403de6589ac300df7c51f79384fa2b5ca68dc1,ok,True
P076799,http://documents.worldbank.org/curated/en/416991468781467296/text/282361St0V.txt,200,278204,c345eb7aed882b1b5517d0f826cdf1c35f3703070ffc41eb59b88c8e413c7f71,ok,True
P076802,http://documents.worldbank.org/curated/en/326561468770709150/text/258091DR1Health0Reform1r20031011811.txt,200,332632,58d6409616b48f93fd51dd94b6c3f62cfaa1caad26746722e6fef098883063f5,ok,True
P076807,http://documents.worldbank.org/curated/en/585481468769917115/text/30463.txt,200,329021,33c4918fcf89cc70a33939f08876093be64f0090a767635cb6507c7adfb2d426,ok,True
P076853,http://documents.worldbank.org/curated/en/148581468771062992/text/multi0page.txt,200,113349,1848b251bc14d86de0c8e88adaa7f841e48e942bdc1260817d9af171b0ac2681,ok,True
P076837,http://documents.worldbank.org/curated/en/849071468752722258/text/multi0page.txt,200,237788,b724105e2a19657ffe9536136ffedb440821986684a3bbc84b0118fea68ebd93,ok,True
P076884,http://documents.worldbank.org/curated/en/546481468050961308/text/31984.txt,200,466282,f81452803fe54da7baeb12a9a50d72c30cb6a60a1cf1308483d10e4324064390,ok,True
P076872,http://documents.worldbank.org/curated/en/868621468090277767/text/331210PAK.txt,200,468821,26a2830c8169852871f226f9b0466087cd69ef5eec85cc335d51dfc7c1a00a74,ok,True
P076901,http://documents.worldbank.org/curated/en/619861468759594272/text/multi0page.txt,200,123546,89225472b5179c468e6d3df41052d576cf1f84e25f1dce2b835d4b27e7cbd949,ok,True
P076924,http://documents.worldbank.org/curated/en/886631468769825299/text/257680BR.txt,200,401300,8b6277b5f3002e9706a4cc97580a60a1857a9f476ee1e95788a5629d1e062874,ok,True
P076961,http://documents.worldbank.org/curated/en/501171468775793025/text/multi0page.txt,200,243745,4c0d9d5b60790e61e50a295eb257291400ab38acb36127860b42ca323451fc6c,ok,True
P076977,http://documents.worldbank.org/curated/en/103981468769320302/text/259991BR1Energy0Sect0TA1R20031011711.txt,200,398148,9619c26795e284869f1762bbfd15fc7ce3265be172d21419023de9e8f6419a79,ok,True
P077012,http://documents.worldbank.org/curated/en/901691468759260347/text/multi0page.txt,200,268227,78129875a657294669baf65b1f437f198209e5e2753b5e294403fad5d768d35d,ok,True
P077137,http://documents.worldbank.org/curated/en/902201468770501135/text/279840CN.txt,200,277967,ae105c0d94194b8b63eaf7861e671a83463d4c77c636503b27adfd3db55156cb,ok,True
P077175,http://documents.worldbank.org/curated/en/718281468043483275/text/299050rev0pdf.txt,200,301605,c92f78b2a705ca5d1eee7650ad3b4c6b7c4a4daaa9d5bd7c4e96cc9a6a0ddfc4,ok,True
P074797,http://documents.worldbank.org/curated/en/557591468757763531/text/multi0page.txt,200,183775,bc8eceead54b55f454163322855066818bdea3423234696ddb663e3fa516f71a,ok,False
P077240,http://documents.worldbank.org/curated/en/483171468769864609/text/multi0page.txt,200,311998,a5595dd9a92213d85e6a2c9cbdebb9d633deffa3ebf1f934f02a024632050c76,ok,True
P077257,http://documents.worldbank.org/curated/en/534781468770752939/text/28968.txt,200,302514,5f48131bb0577452566d98a22e41b70aec10875bc469051c1aee24868eb60ad9,ok,True
P077187,http://documents.worldbank.org/curated/en/256171468777006487/text/28936.txt,200,259667,eea3f56acf4b0ce9555eab0818a7175f016af2d46f9acedb674c910be6808444,ok,True
P077287,http://documents.worldbank.org/curated/en/864471468308688693/text/31492a.txt,200,217038,05670fbd512c6b4793b9fbd527114071a7c84812a6bf45c7461eb5a9e6e5b9e2,ok,True
P077282,http://documents.worldbank.org/curated/en/831621468743351397/text/253241CL1Sci0Know10Ec11R200310068111.txt,200,305467,cde81895fb15d944711de658dc7b79c48b04dff3588f6bcb81c573566e713eb6,ok,True
P077288,http://documents.worldbank.org/curated/en/243011468774929344/text/258561PK1Natl01nt01IDAR200310089111.txt,200,189344,6c6b8de99df9be087d0fa81f5dcf0cb58f7c0601ac8ef25eb2f84415cae25097,ok,True
P077297,http://documents.worldbank.org/curated/en/398371468768548056/text/257961ALB12nd01rks1IDA1R20031013411.txt,200,231583,782c14f8f0f12ded21117428e12f751c5c4a984378f71fb9e9a5d2955edbba4b,ok,True
P077317,http://documents.worldbank.org/curated/en/491541468281390650/text/36362.txt,200,289870,32a4b581ba6fd9a0247b9d4c6a1f7db96cb75cf195f7e3323dfda7415622457b,ok,True
P077306,http://documents.worldbank.org/curated/en/591891468775583473/text/303740PK.txt,200,335034,0f2c7d16f6e7e05e609e4f4bb299daca1fe999acf1533bcb0e15c0409cfe4b4e,ok,True
P077326,http://documents.worldbank.org/curated/en/725021468752983974/text/multi0page.txt,200,226002,bff8c70e7aea88bd73e205a2f236fb0459d11d529de8ba28b868f136306dd3ea,ok,True
P077368,http://documents.worldbank.org/curated/en/285631468774000577/text/multi0page.txt,200,182674,813a292d2ef8ec24f94f08326481735d388c389eedca11c76401295886d8bf21,ok,True
P077328,http://documents.worldbank.org/curated/en/517441468311432609/text/28049.txt,200,276063,49be633cfdc6effc9d8e24ec5b75c654c8332b107871d10ad945f830ab28ccfb,ok,True
P077452,http://documents.worldbank.org/curated/en/172931468334888480/text/413080PAD0GEFR20081000611.txt,200,419023,65d3b5f6453f4efc4ae9080368666fa1861118484a650cf8080db89e64e74624,ok,True
P077454,http://documents.worldbank.org/curated/en/375311468760815286/text/28913.txt,200,354691,1c17e7d95c708f46a70a58c63668a97ce0369911498de097b75c54aa98c2c4d8,ok,True
P077473,http://documents.worldbank.org/curated/en/554181468777557230/text/multi0page.txt,200,90567,ca7cdfe23dd11f273e2fb40eb8721b516d4d0523048f4ae7f9c5d75dadee7ca7,ok,True
P077513,http://documents.worldbank.org/curated/en/803641468770957860/text/27448.txt,200,275969,fe8933878fe3989ac16fa495bfbae6da1f0ccc4b2a62825c270521bce308a5ae,ok,True
P077477,http://documents.worldbank.org/curated/en/401101468760778004/text/254741UG12nd0l1ev01idar200310090111.txt,200,364497,c7fe7de77990517cf2c2d4e47c0e1f6b09d9d61f973d17d7b98d9d9fc9e0294e,ok,True
P077526,http://documents.worldbank.org/curated/en/272991468768335947/text/270490ALB.txt,200,313118,a3651117414eb5dbf2ed09f8ccffbd5b87d22981c35b931198acda69b6f188fb,ok,True
P077586,http://documents.worldbank.org/curated/en/487891468760545253/text/multi0page.txt,200,185121,a588a162ed15b89db95eaaf218c79386f3789ffdc6fba8aac17a1aed9f637c45,ok,True
P077620,http://documents.worldbank.org/curated/en/543271468758710107/text/multi0page.txt,200,183294,5919dd7b7e66f6e9a30d2cec46a90560a9eca510572667cc533a88d389c0e112,ok,True
P077602,http://documents.worldbank.org/curated/en/130411468753003777/text/multi0page.txt,200,222874,eb093b5a3a088088e8052dc7173be1a06e8d03bf4ec6c27f501187a57bfb0a76,ok,True
P077675,http://documents.worldbank.org/curated/en/285761468777609155/text/256561YF1Serbia0Health0Project.txt,200,290388,8644d095d3fcd6b6947af2e2d4ab3e3c8150ffabb85c4f5be9e8d6d56481126d,ok,True
P077712,http://documents.worldbank.org/curated/en/491271468763839800/text/241590EBoard.txt,200,439764,48a38b1082fef4e9ab80e03ed2067e40b83c1f0f3fdaabc0d72aeb308d352dc2,ok,True
P077717,http://documents.worldbank.org/curated/en/689011468120538942/text/35075.txt,200,491676,924de93df559c37ecf444d483d51272a3c81d40f510dbc87e51dec5f35d49f56,ok,True
P077732,http://documents.worldbank.org/curated/en/404361468763797482/text/multi0page.txt,200,162387,b3902d3a712220d1bf297c1ee9ae4519e25ee0db5c7082eae83d04bfd665b2f8,ok,True
P077738,http://documents.worldbank.org/curated/en/334131468316160160/text/32175.txt,200,485243,a2c8465a0f16c63127a3dfabdde6addf164c578426ca86a05a11963fc8d1855c,ok,True
P077752,http://documents.worldbank.org/curated/en/405371468024636246/text/36316.txt,200,452457,1b8ae73664981fb814807da8ec51a3c1e277ab344e5360ec62da9b519b753d04,ok,True
P077759,http://documents.worldbank.org/curated/en/254161468771343571/text/260421Grenada1OECS0Ed0Dev01SecM200310270.txt,200,268959,57ed8d16c42bda89ec0c92e14b8579e7f802bea949065ba962f0bc3e8d28db3f,ok,True
P077756,http://documents.worldbank.org/curated/en/490241468031166072/text/34315.txt,200,431933,42d856423ed56ac876d8597117b6867e5b6323fda78c1123992e4df2cfa57e78,ok,True
P077757,http://documents.worldbank.org/curated/en/382671468744070237/text/259330CO0PAD.txt,200,322957,1db1a380ad3dfc7152176dcc4a24a503866f242ff333380be756b7f0a348f408,ok,True
P077778,http://documents.worldbank.org/curated/en/320551468773979620/text/258191MG1Econ010TA1IDA1R20031013911.txt,200,331189,a4b39c83efd4d3bb73eddcadba98ed3429c7eb9bbc190f58b0e13c4e512bd070,ok,True
P077788,http://documents.worldbank.org/curated/en/175851468780012964/text/25891.txt,200,225016,a7bbc6808cccfcc821984bd1e917aee4cf6ff82e430a22b9803ed81af428a7cd,ok,True
P077856,http://documents.worldbank.org/curated/en/701741468772746131/text/30085.txt,200,183001,d0cf7f3b77d7c9f411abe1002a964f9d5f908e1800894915279f120e0ffefa2d,ok,True
P077826,http://documents.worldbank.org/curated/en/464741468779660243/text/286030init.txt,200,160396,fd17f9198019d0f4044b876a22b4c59370015df05cf41055b66fbdb31edc4ed6,ok,True
P077977,http://documents.worldbank.org/curated/en/681851468750033962/text/297420IN.txt,200,225822,50a4aa8d1f7ac3e23dbbbd018f185d7770adec30097b937a00124e5cdf99b7c9,ok,True
P077903,http://documents.worldbank.org/curated/en/245751468032131961/text/35797.txt,200,303263,c121cc3c424c0b205370aef960c1cc3c43bb1e49235667092b6f6b126a47da35,ok,True
P078034,http://documents.worldbank.org/curated/en/786811468763481181/text/298840EAP.txt,200,388021,df48a623acb1cf321f18d21ab283114da42f0bafff735e46c4bc084ed589cdb3,ok,True
P078053,http://documents.worldbank.org/curated/en/250381468775148105/text/multi0page.txt,200,366635,2adebea15cc7ad139236778570e800e2349359871be2a69410956381d2a39e99,ok,True
P078058,http://documents.worldbank.org/curated/en/519841468774283550/text/KE12nd0Arid0La1gmtI1DA1R20031012611.txt,200,387959,14b1ef5e5d78a0d9dc1db137b937fc92fbca5a590025cca7cfba4f2f0f08da19,ok,True
P078070,http://documents.worldbank.org/curated/en/471161468285600103/text/28244.txt,200,403316,c7bd320e6f1c12d3d3dc4a2dc15960dbeb5a36d8cceec49e29165b27397d2438,ok,True
P078091,http://documents.worldbank.org/curated/en/494281468230350284/text/39709main.txt,200,323076,b3c6271bc69fc36a5e1696083b80a7a18e85fde6b1292e7b96536953e4580cda,ok,True
P078113,http://documents.worldbank.org/curated/en/856051468777015482/text/254770LA.txt,200,281250,ffd11915c646e9b95ddb11ddddfdaa7fcb7cab513ea1de3b0c2efa818733c3d2,ok,True
P078131,http://documents.worldbank.org/curated/en/713521468760755470/text/28045.txt,200,279810,b0f86691c0fa4e11832cf6fc83b838dfbf68ade3d4b9e78d9669df25b2ea6226,ok,True
P078138,http://documents.worldbank.org/curated/en/876371468011108584/text/325120rev.txt,200,342960,a914c371f2cd56031fe099735714856ef726ff8f6a898dee1430ffec1a229b66,ok,True
P078143,http://documents.worldbank.org/curated/en/315031468768698636/text/25350.txt,200,400134,2dd17a6c8de0859b7df7f6ff60804a0a6038549b0b1afc5d93596f4365a47824,ok,True
P078170,http://documents.worldbank.org/curated/en/990561468759023243/text/275770PL.txt,200,235753,4d9f3d5902b58fbc0d5a871c341471fa3516bd724972f3cd640c93d84f3ee490,ok,True
P078209,http://documents.worldbank.org/curated/en/136581468774917583/text/245130KE.txt,200,224436,e0ef062fa4744b1150c3c518a98d84038baec97f0a4441fc34ca6b6855a659ee,ok,True
P078284,http://documents.worldbank.org/curated/en/555341468767717186/text/multi0page.txt,200,376533,1dfd76955d9c0814880c9fb0d9a92fb4db214b9cefaa9643450a12cb3e5008d6,ok,True
P078301,http://documents.worldbank.org/curated/en/954781468277177849/text/330290rev0pdf.txt,200,415030,838be9f5126ebcb71352ce630d2a7807c6e5e14617714dd52b34100de9163980,ok,True
P078311,http://documents.worldbank.org/curated/en/535561468759597191/text/284840YF.txt,200,283382,8f132cbc1c6a06e7e244acef8c79409166ddfcd36cfe43726e3e9eec78ebcd83,ok,True
P078359,http://documents.worldbank.org/curated/en/415551468121763183/text/32173.txt,200,258949,3a2c6d1dff3986dbec3c6ec4097054b8d95766096ea3e272e851fce267b0a1dd,ok,True
P078342,http://documents.worldbank.org/curated/en/649311468292846147/text/383250KZ0R20071000811ok.txt,200,283838,6fa45740d8175b1b42be323ee1c46f423e6998578c3cc8610ffbc1e522f2d231,ok,True
P078382,http://documents.worldbank.org/curated/en/333761468317672896/text/35847main.txt,200,359866,23199d42fbdb2b60d5825000b36c0e225dc9b604c12895eba8b6632ff7c4e899,ok,True
P078368,http://documents.worldbank.org/curated/en/226921468776789160/text/26025.txt,200,671913,7bdac0af077d07309a96f03a92f063d097fc45b65ee65c70fda965d6d256427b,ok,True
P078383,http://documents.worldbank.org/curated/en/575891468776788840/text/259611Mauritan1ldg1IDA1R20031014911.txt,200,261031,560e8e89a41a00f29e978aff2fa61cbfee3a14980ca5bb4401835a444d98857d,ok,True
P078387,http://documents.worldbank.org/curated/en/809611468778779985/text/28409.txt,200,276157,6d471228979ebe2288539a0eeb1736687671edede92de2c809200e39a70cc1e6,ok,True
P078389,http://documents.worldbank.org/curated/en/247561468101932409/text/342140rev0pdf.txt,200,340625,0bad79e7817a6fb454b9b968024d341bfe1a641bc99933c8b5e5d85a506ee2a8,ok,True
P078408,http://documents.worldbank.org/curated/en/176561468753255338/text/multi0page.txt,200,199759,c2f77bae68bcbe164d21011910f21534f80404f9e5e3a1c94818e9234aef708e,ok,True
P078420,http://documents.worldbank.org/curated/en/809841468107679967/text/32100a.txt,200,215593,1a062379873c9fd6c6b4a15be7c4ee454b5d99da61f034cdc28b46b7164ac436,ok,True
P078458,http://documents.worldbank.org/curated/en/862531468774685556/text/29747.txt,200,212670,3bf7a4ef0a8042ceb4f3f3164084d1721e1f4ec350d68786c55daf5ddb06b9c9,ok,True
P078523,http://documents.worldbank.org/curated/en/436181468774670935/text/277100Mald.txt,200,234300,31b425a847a729c5ab8675aca1d6c7c4e711534dc49233d73809550efdecf408,ok,True
P078538,http://documents.worldbank.org/curated/en/177231468267920611/text/36413.txt,200,335481,a1c546271aa8a0dfcabe4615523bc2e34e65413897d5e658b1cc7b6e554d5594,ok,True
P078539,http://documents.worldbank.org/curated/en/200971468267573703/text/32214.txt,200,335583,224215183b13da1a4075154967cdb05c1c3e2fee373db6ec9b74b9945d0a2b5a,ok,True
P078544,http://documents.worldbank.org/curated/en/777441468246411265/text/30746.txt,200,339285,04fb009c98f07f6cefe49f483b5c26bdf9a4093001cfcfed38c2fbdcf784048e,ok,True
P078550,http://documents.worldbank.org/curated/en/753151468750554267/text/27697.txt,200,250259,cdb892499c9688db3a437806332b620ff03dd7fb3b8a5205165744a4a49ad2ab,ok,True
P078596,http://documents.worldbank.org/curated/en/407111468769826467/text/29909.txt,200,222774,7db5259f1b9bbeb363c64a1a4c0c74315719feb527fa4c35419f191dea3e0fe7,ok,True
P078613,http://documents.worldbank.org/curated/en/962241468759854264/text/283150SL.txt,200,224964,9551d7945c65a39eed1ee4cfc526c97aec37e73eac35df0ad6f7b7e35ff78370,ok,True
P078627,http://documents.worldbank.org/curated/en/480091468744241687/text/275670BU.txt,200,195244,9a9b4518503b2aa5dd07323591dde4b8e8ed8bf5b0cb438f75c419a235a98f6c,ok,True
P078643,http://documents.worldbank.org/curated/en/447011468193476223/text/39209.txt,200,435998,6915ba3c8d3731bf997e3feb86d45e9ec8259ca955e9d8958d46cb81d773726d,ok,True
P078674,http://documents.worldbank.org/curated/en/842171468047109046/text/31658.txt,200,228286,a06a24a98f909041aa807ed38da79edf7e7568907f3ece45b5c5d332bfa9fa26,ok,True
P078692,http://documents.worldbank.org/curated/en/996771468749349825/text/28169.txt,200,276806,354debfcfe12474531a95a0f06b051bc48926d89c93c860866958a3c7d51ebfc,ok,True
P078707,http://documents.worldbank.org/curated/en/455281468768602205/text/288480BD.txt,200,205814,ea9214f95394750c3b1f807e5d279cc8095b0ea92f534be10314ec7b5545bc93,ok,True
P078813,http://documents.worldbank.org/curated/en/215321468090555783/text/32223a.txt,200,407205,1aafbf115e1ccc844d69cf1470f4837ae0ac2580041e032d6c9c4842896c8b16,ok,True
P078832,http://documents.worldbank.org/curated/en/841761468258541241/text/34014.txt,200,280451,f64e3d04a4767d46d3b81da2762b0c449e53e36a0feb9dd747991857c4319577,ok,True
P078838,http://documents.worldbank.org/curated/en/914961468770071367/text/274760DO.txt,200,209098,e4b02696c4f4acc2c71713d3bc217fa2b4c96666368d0893c2f26ad60836ae39,ok,True
P078891,http://documents.worldbank.org/curated/en/792361468775605076/text/279670NI.txt,200,217900,1dab48fef3a593c5da6a6cfd2e452f4203fcfe94f2ecbca6e66e7d9809e1449d,ok,True
P078933,http://documents.worldbank.org/curated/en/995171468004248373/text/34919.txt,200,280118,e179334855b7f7f7af1680852d1f57af4b62cfe3713718fb300ce4a02c3dd374,ok,True
P078894,http://documents.worldbank.org/curated/en/348941468090300377/text/349880REV0pdf.txt,200,604737,98580aeb04abf543b495a5c52a934ae1291c416de18d4d379a423ee461d2be03,ok,True
P078953,http://documents.worldbank.org/curated/en/296581468758398759/text/27924.txt,200,210088,5f666fcddd12bb6c1ebc8ee715b6b83652c04e9b25ed3d79fbc381cf1c602363,ok,True
P078949,http://documents.worldbank.org/curated/en/198241468202430435/text/36188.txt,200,303208,1c40bc2f3290dbbfb0943b8d3223678562b300960a50b334bcdba750c2a765ab,ok,True
P078971,http://documents.worldbank.org/curated/en/860821468763216002/text/28395.txt,200,242943,186ea3868a0f8c7e2b7b5045c5ca60ff0b843f7706f8a92d1493f1c6217b648a,ok,True
P078976,http://documents.worldbank.org/curated/en/747171468777022055/text/299540KG.txt,200,311891,092e13491f2428232955c60f948dff1d93ff6336d98d99d76c077c2fbfd3d5f9,ok,True
P078978,http://documents.worldbank.org/curated/en/298781468132260257/text/34080.txt,200,231129,e465dcf75dfd893d90bdd7183996041e6cd9fc71fc9e7f18879e2a7641607a14,ok,True
P078990,http://documents.worldbank.org/curated/en/734181468760196841/text/290420IDA1R20041020911.txt,200,329851,701cb902e8b7b966aaa5fea3d7b75aea17f452a7fd3f6efba9dd06250aa8096e,ok,True
P078991,http://documents.worldbank.org/curated/en/148751468760213001/text/31740.txt,200,338788,b0ff5a8c0219592a75613fd5bf9991ee505f1184cc659ddd0968e27149c4a705,ok,True
P078993,http://documents.worldbank.org/curated/en/911331468236352420/text/32955.txt,200,468261,187510553169048a418ee8d3bb8fa71d249676b91bbf13265e82df02e84e5f2a,ok,True
P079019,http://documents.worldbank.org/curated/en/407021468773106681/text/256901XK1Secon1r0TA1idar20031011811.txt,200,132491,32d4bd9e7d2eaeab5b60f745da438137ef4a423947553cd3bbbfcb9c3f17e87e,ok,True
P078997,http://documents.worldbank.org/curated/en/766631468774935937/text/27982.txt,200,472886,2b488836c72349b09f500aaa691f37024a1c0a490df3dfc12c70ad75db91dae3,ok,True
P079027,http://documents.worldbank.org/curated/en/422051468133515678/text/32920.txt,200,250401,b36920ab812ba4afbbb1a655b1417c0bf53780e3aebd283cd734de5a45f437ca,ok,True
P079032,http://documents.worldbank.org/curated/en/813451468095070837/text/377740PAD0P0791321466B0R20081002111.txt,200,298424,402fb0798a2474cd9b1f44659bcfba7daa59ae54263aac543b533dab940f88dc,ok,True
P079116,http://documents.worldbank.org/curated/en/467751468759562034/text/26116.txt,200,204598,6c31d638b7c8453477f0d4c97514a4c2c3eb39d63e4dab9bd928c4815c1d0e93,ok,True
P079156,http://documents.worldbank.org/curated/en/117011468771375367/text/255381ID13rd0Kecamatan0Dev1r20031011911.txt,200,361481,f9e38a0c874f0af484341abfdafd496e72c26da35efcc78a0608c1e632dcbf47,ok,True
P079161,http://documents.worldbank.org/curated/en/801441468769462082/text/25881.txt,200,238964,163a964eed0e412a265b1cf380f6097d87bd72109610ffaec33cf93349bfea19,ok,True
P079140,http://documents.worldbank.org/curated/en/900421468086340674/text/38558optmzd0.txt,200,3373645,a6a311fe4f84b1e6db7b20f4c95543af875e730fd46f2e3592cb3a8fd8f5bbe1,ok,True
P079165,http://documents.worldbank.org/curated/en/348881468145458511/text/377330PE0R20071005711.txt,200,457890,399dd87a59332388dea0044d1cad56c099bf45195a81c859480b7b12c170021e,ok,True
P079226,http://documents.worldbank.org/curated/en/692461468199747569/text/31840.txt,200,171222,71e26391f264f28b78cc8efc661d28e98d48fa0fa72de708735467922e44bf46,ok,True
P079259,http://documents.worldbank.org/curated/en/180341468753312788/text/26268.txt,200,323680,73be3d2db25f57d297eb597dd1c9099f9f16c04c76982d4fef651a93dc928ab7,ok,True
P079260,http://documents.worldbank.org/curated/en/304701468772213588/text/multi0page.txt,200,216088,f63deb4eb75d053256b91e866ad24b66978f4547a297a49356a4e1dc03ee0d63,ok,True
P079275,http://documents.worldbank.org/curated/en/373011468030351123/text/35457.txt,200,431465,226a710c256f21368f1a04dc4f06233598f576e576b0a0a23a5964cab25bce7e,ok,True
P079314,http://documents.worldbank.org/curated/en/333791468287404440/text/28139.txt,200,529636,870395f295656dff92836226cd4cb89fe92a79a8236337ffadd689188437266f,ok,True
P079344,http://documents.worldbank.org/curated/en/662961468309859328/text/329191rev0pdf.txt,200,268146,c443685f554f91a5f6cda0d7c6bb2d4ac2e63466ed0894bde3052b95c56ce9e2,ok,True
P079351,http://documents.worldbank.org/curated/en/835351468774701152/text/276680ML.txt,200,309068,eed12aaa403be934c40124c250eaf66695ed726224d2557cb4a72187aa1927b9,ok,True
P079414,http://documents.worldbank.org/curated/en/381771468106471149/text/38893.txt,200,297977,d8793207ec48b91baf8dd9d056cd15a7a69640a792000cfdb83a09ef37074d4a,ok,True
P079552,http://documents.worldbank.org/curated/en/450061468272451061/text/29652.txt,200,221125,99810ee4cbf9d98ef3f3670e1708aa4169f6aba78ea60ac83db52c68a9a01f87,ok,True
P079610,http://documents.worldbank.org/curated/en/583921468246370200/text/323670GEFR20061000311.txt,200,428500,eacb2269823ce913134d387a1c88a40de6430d668e83784ba880358f466d5c32,ok,True
P079628,http://documents.worldbank.org/curated/en/117711468093854977/text/31456.txt,200,315616,db942d8f7253991b4404d003e6f44d0822853df7d6a12c5b0fe5fb3cf7d18138,ok,True
P079633,http://documents.worldbank.org/curated/en/426191468767946976/text/290920BJ.txt,200,302939,6612a2ad1df9c2e5efde6899b87246ab91fbc58281a7ce1cedefa1211eb245ba,ok,True
P079657,http://documents.worldbank.org/curated/en/998151468340292758/text/322130Replacem1erA2005100101PUBLIC1.txt,200,303847,7427418c761f5fb18070c3196d99a2ff6bd22eaf99fbb448129c48aea60109f7,ok,True
P079661,http://documents.worldbank.org/curated/en/236961468298740825/text/315780r.txt,200,227556,3d277c711b04d306a0fb7fdd8353c39055213416b4bbe84be061ec3878fe6e08,ok,True
P079663,http://documents.worldbank.org/curated/en/667881468317343232/text/324960VN.txt,200,268657,8b875b8f6f4b35eb2c6a47ae6d67bf8eb201ab3fefbe675ae629b06273f821f2,ok,True
P079665,http://documents.worldbank.org/curated/en/711301468129606069/text/38399.txt,200,325146,c8cc7a18674e265af031d30b370d587d4318d65596571788dce46780108300a4,ok,True
P079675,http://documents.worldbank.org/curated/en/566041468042047538/text/312820PAD0REVI1490IDASecM2009104111.txt,200,310440,20aa8012b0cca08971c995ae89e8ebce9cef8568195660a48f67e8f2ac3b4cc2,ok,True
P079708,http://documents.worldbank.org/curated/en/623241468251720405/text/31806a.txt,200,329063,269efa04945abe681d51360b8e6589edd262cd3bbac44c3cad1ef1d757bcb68c,ok,True
P079734,http://documents.worldbank.org/curated/en/373451468009299854/text/341780AFRICA0c10Box303481B01PUBLIC1.txt,200,602544,382b27ba79881c2d8506744ced97ab656f87538a6d30b9e0f06ddea37f49d654,ok,True
P079736,http://documents.worldbank.org/curated/en/622731468194327747/text/38463.txt,200,552291,c3171a2c6c9a7630dea5cc6cd47b293848996c93cd53725c8536418f9b934dfe,ok,True
P079749,http://documents.worldbank.org/curated/en/773581468212388202/text/414610PAD0P0791ly10IDA1R20081018511.txt,200,474629,2cdc7948ad278c17e1280f808e255b1ec384768d40409b39a309f54a080b5fe0,ok,True
P079906,http://documents.worldbank.org/curated/en/241511468039243751/text/36122.txt,200,461801,5b778b54a24f4c6527ef77990ca598c35049981c70bb7b165be9243de66572a2,ok,True
P079925,http://documents.worldbank.org/curated/en/676271468778186734/text/268680UG.txt,200,336711,9fae3f8e82175e2d778344ba12935e79d025f091f8c09396c20a4043f2d01e58,ok,True
P079935,http://documents.worldbank.org/curated/en/663371468294105234/text/407640PAD0REVI17362B01off0use0only1.txt,200,506416,1f856bd530e910e7f3a2cc0d8f41a285ab5418fa2d942d23429b593132d851f4,ok,True
P079978,http://documents.worldbank.org/curated/en/495201468748757848/text/255920HR0PAD.txt,200,308316,1641a78c02205c198236797da7e1dc86dde265de09a373fac8b86cb21f7685ec,ok,True
P080149,http://documents.worldbank.org/curated/en/607861468777001750/text/285990MX0rev.txt,200,439119,1401e245227416cd0016b80a8fb1d1ab028d3e9d0fb9a136bd3070598ee16b1c,ok,True
P080228,http://documents.worldbank.org/curated/en/434071468038109023/text/509220PAD0P080101Official0Use0Only1.txt,200,268775,0223cf8240dd3fa9f4c1a99375bf1ad2b9be744ec7e376287e8abb2b3a7a9365,ok,True
P080258,http://documents.worldbank.org/curated/en/957951468032390068/text/25748a0R20050016301.txt,200,196651,9dd63bdaba45ad308944a8d84fb5f47c2cb243797c8de68c69c9dbfb6bf48841,ok,True
P080295,http://documents.worldbank.org/curated/en/760981468775601539/text/multi0page.txt,200,159617,421693fae5c3a9ee0775a2243bd39f0756acf1fb44596cd21525235d22cb97bc,ok,True
P080400,http://documents.worldbank.org/curated/en/797031468743970363/text/257591BR13rd0A1Control1R20031012111.txt,200,455439,4f0c7eb8d598b65999f2ff54389db5b3cc106990c091051d4d064aa99a5a2f99,ok,True
P080406,http://documents.worldbank.org/curated/en/904161468741849165/text/298460TA.txt,200,248710,987b8d6ae3757a15d1df0c6e730be877d423af0bd4af27826945f59322bacd48,ok,True
P080413,http://documents.worldbank.org/curated/en/188651468741666540/text/30267.txt,200,245870,8b51eedd35ea1872e1450f1ab4870d0817073dd394403062e883ead97fb20e85,ok,True
P080721,http://documents.worldbank.org/curated/en/976651468743119652/text/272670LCR.txt,200,333094,8117cb865ec9078d5617af3988097d973c5a3e88dfe91a58e8b6868004522f21,ok,True
P080830,http://documents.worldbank.org/curated/en/326261468744243981/text/28647.txt,200,399978,5408028044e5e565887355ffc5224f4ab572bf41d5a9908941bfb19261468a6f,ok,True
P080892,http://documents.worldbank.org/curated/en/549601468762919208/text/30406.txt,200,212583,875fbca327aa26df21177e6aaeb6245c518be6a1f7ffa75ee1bc3ea57629cb99,ok,True
P080935,http://documents.worldbank.org/curated/en/350671468756910586/text/31388.txt,200,411663,28aa40d2c1d0b8fcbc0240435daac3eb8124a4ba7c646771d7a9687026d8a5bf,ok,True
P081161,http://documents.worldbank.org/curated/en/674561468242663723/text/32336a.txt,200,273959,063468e8efcc99dcc1d5bd08722e09245151639b93c6ffbae05c21006e1c49f5,ok,True
P081172,http://documents.worldbank.org/curated/en/824231468771069309/text/multi0page.txt,200,307152,48aa73902af5d273beac18c97e003823a7f56c1d6f7d8a4436a528e474040aff,ok,True
P081255,http://documents.worldbank.org/curated/en/723521468010881038/text/309821CN0Changjiang010Pearl0River0PAD.txt,200,361292,e831ac367e3c259f5ffdb28719e23f547847fb95646836e412fc37d41ad86189,ok,True
P081269,http://documents.worldbank.org/curated/en/143761468772479074/text/25520.txt,200,289771,052e50335eae62e1ca5e1578fc638b6c5870d9fc26190c89489dda68f44f6452,ok,True
P081297,http://documents.worldbank.org/curated/en/872101468252267052/text/35574.txt,200,330304,3fae047aad12c0a5de1938f843b75587ea3e6bebd3f81a6579b94dd4511996a2,ok,True
P081346,http://documents.worldbank.org/curated/en/974051468018594036/text/30699.txt,200,249837,40f5bbb2912925b7ad4bf40cacf39a0308e56e8222e0dacfcf96e83e9b650618,ok,True
P081348,http://documents.worldbank.org/curated/en/360681468215691522/text/33668.txt,200,320282,ac365ed51fed464d7c6c5dd496906162c87f85f64cbf81d928275050913a3725,ok,True
P081368,http://documents.worldbank.org/curated/en/705241468760226034/text/28240.txt,200,218177,182339fa4927d2f1ee64b883660f6c068d4d8c53dd06e061cdaaf6c51518d5b7,ok,True
P081406,http://documents.worldbank.org/curated/en/780191468758977556/text/25689.txt,200,216380,e06d39ab3f413761a213f31dc3604e14bd4fd7e51eb54f653db45b0d59219ff7,ok,True
P081436,http://documents.worldbank.org/curated/en/185371468020089606/text/318560rev0pdf.txt,200,506470,9abcfd09a73481c38e08a785578ccbd9548c2317ed01d767e8af16c6fb307561,ok,True
P081477,http://documents.worldbank.org/curated/en/326701468762010863/text/27761.txt,200,246269,6d68859a9901c17bab13496d1867d89dfdef41e3e9d2d32d20469f06d7dec5df,ok,True
P081482,http://documents.worldbank.org/curated/en/954871468771003947/text/285390GH.txt,200,262697,e09535d734804e60295586727312360c315acb5da0aba5cba83475047da43e02,ok,True
P081484,http://documents.worldbank.org/curated/en/850331468743770545/text/291650BJ.txt,200,467779,97cf56f7a411cbcf8511a6c8210a5a7a6715366be0c4781c220c3f7bfc505edb,ok,True
P081505,http://documents.worldbank.org/curated/en/203801468773392320/text/28251.txt,200,473917,7176e6cbd48869e48857053ba15710c2bd5bda5b6297819f6b21593bc4373816,ok,True
P081516,http://documents.worldbank.org/curated/en/305631468252615058/text/32128a.txt,200,404508,b330edb74884bab895a9ef7759e1dd56760d6c763d73d55f8a55152109264e06,ok,True
P081558,http://documents.worldbank.org/curated/en/618271468767662901/text/256710AO0PAD.txt,200,388518,f514301c165cfca95d47ca561f5bb52fdfb8606d58b4b651912a529ab875d484,ok,True
P081567,http://documents.worldbank.org/curated/en/355671468017055857/text/353890rev0pdf.txt,200,303835,3c31f13c13cadb5f8ad53ab620e20e17fc51a21981a89b9f19b53dcedbef01c3,ok,True
P081616,http://documents.worldbank.org/curated/en/964591468741653720/text/30497.txt,200,300136,977c666673d5639b5639706aa47de50eb0df3f77c63e57a665c390385dcd1644,ok,True
P081704,http://documents.worldbank.org/curated/en/860451468052826450/text/30326a.txt,200,227427,94d29e37dc84443a1c20372e059939fc20da1c3df8f0a3f64184132a55514e7a,ok,True
P081712,http://documents.worldbank.org/curated/en/825411468273043451/text/34002.txt,200,481592,7a40e2119e05f89dc9cc35e41406a45700ce4c71c4e34f6642310653d83dc030,ok,True
P081749,http://documents.worldbank.org/curated/en/602311468743689451/text/27681.txt,200,351197,17ae4a7ca7b3cad56faa606639e3b0a186d8ffbb34ea5bea0e18b3edde05d01a,ok,True
P081771,http://documents.worldbank.org/curated/en/960831468776074259/text/28979a.txt,200,312000,758ca5da1a5f625fd022bc5cad57c62b21218decae4da1c4add545003357d88a,ok,True
P081776,http://documents.worldbank.org/curated/en/496851468213922395/text/36171.txt,200,336514,5e0af09e6b39efeaed2eea0f04ee9b4938efb4a9dfe1ea162aacc43bce11a6e8,ok,True
P081823,http://documents.worldbank.org/curated/en/655381468088745132/text/381620JO0R20071000511.txt,200,739897,e44ad161805e74bfbce33ee7a46d171363accce2162c5b1f5c5d454236790ed2,ok,True
P081849,http://documents.worldbank.org/curated/en/582111468742546049/text/255611BD1Telecom10TA1IDAR20031011011.txt,200,192846,e98b1682b134d7a32ad60371b3a1f5f91a5b0c56ce6da79ee5ebe1928b0d330f,ok,True
P081880,http://documents.worldbank.org/curated/en/608891468110970641/text/324510rev.txt,200,190780,b08a1a888dbb3b2b0b63e3daed4709ae1ea22cc7e85f53e689c0bec70530dd7e,ok,True
P081909,http://documents.worldbank.org/curated/en/174841468774919507/text/25461.txt,200,160197,89d8ba10eb33c0cf2cd51adeda793f63787526de7fa994ef25a3e9d674b849cb,ok,True
P081968,http://documents.worldbank.org/curated/en/790961468775794375/text/28606.txt,200,235030,69dc7c09b53fd347f115d57aab5df298c5f2e4cfb50558016f191bcdcb417aaf,ok,True
P081969,http://documents.worldbank.org/curated/en/637421468768601884/text/279790BD.txt,200,292369,5fde5919912770a22aa32bd28962dd3a6b6919c9ad91dcf829404060cee6c21c,ok,True
P082026,http://documents.worldbank.org/curated/en/976861468286304557/text/36421.txt,200,625255,350e7ae4bdcc53ed99624de6c8f76d9d00130212572653960041f1889449f9ce,ok,True
P082037,http://documents.worldbank.org/curated/en/738751468743753641/text/27247.txt,200,171009,cded466129cf06b2e9354457f2ff326cadfa57e67a8cbbae479a00ade3a629d5,ok,True
P082128,http://documents.worldbank.org/curated/en/430981468742521515/text/289200AL.txt,200,361554,486c5d683ea43a63b08f0a543f2f3c1453778d973f846cc1ec3dc523c57dfa2d,ok,True
P082142,http://documents.worldbank.org/curated/en/499281468229452604/text/32487a.txt,200,403682,518246dd63eaa36b1d8d1ffd08cbe20a73690f16cab2867a58e9e969639f3729,ok,True
P082144,http://documents.worldbank.org/curated/en/609901468296446607/text/471750PAD0P082101Official0Use0Only1.txt,200,423901,980eb989f218c72b0b19ba471d0c2016728dddba82954858e732ee7d5b37c27d,ok,True
P082167,http://documents.worldbank.org/curated/en/191291468022474300/text/31994.txt,200,417355,fead701d315b363fb9765d98632ddcd5506707985b32a9dc8632dcd53396892f,ok,True
P082187,http://documents.worldbank.org/curated/en/551701468776999594/text/28960.txt,200,166471,b4c1172da661a2ec1bcc7d19590990ed82002337d7ce97a0069278819e559c2e,ok,True
P082223,http://documents.worldbank.org/curated/en/170491468777971130/text/279810YF.txt,200,262862,0c5d18434e9840db2b1904f3e7bf6ca74cb52204c75171834e5fda76fbe82b14,ok,True
P082239,http://documents.worldbank.org/curated/en/273311468776414524/text/31465.txt,200,287676,d7edfaaded8eb63f918ebecb68cff7a5ca3c79485f1c232348b27d740c521dc0,ok,True
P082242,http://documents.worldbank.org/curated/en/675661468034171814/text/31828a.txt,200,377241,4cdcb860e14688ebde7a7d003c2e748c7eee119a83ba946a35a9ab00ca8e6b26,ok,True
P082243,http://documents.worldbank.org/curated/en/249221468743752715/text/30428.txt,200,206679,41d55ced00987670eba5b76dea0b03083a581c3209f68c34eeab8086c032bdaf,ok,True
P082295,http://documents.worldbank.org/curated/en/258421468129621476/text/345070IDA1R20061023111.txt,200,1095938,1163170a77d9a9a08281ef4f69e02befdfd35511d27d83ddf594cabe8f65d6a8,ok,True
P082308,http://documents.worldbank.org/curated/en/926821468756985799/text/267570MOZ0r20031018711.txt,200,417209,959e6b059506bd12ca6f0af4027c63cdc65780721a667994d33ac0ce0085e7f3,ok,True
P082328,http://documents.worldbank.org/curated/en/705921468769830908/text/287930BR.txt,200,305826,dba847c6edad66e36b4df0db1151e701e8a16207d4199a3d47a859a0a38f7bcf,ok,True
P082335,http://documents.worldbank.org/curated/en/936501468765012081/text/272400TA.txt,200,239883,1c0da876db03cd1eaa8787d4411146cf9607e06bda8155d143df9c176e94a917,ok,True
P082337,http://documents.worldbank.org/curated/en/576611468086049488/text/34613.txt,200,232964,54ddbb958ce1241195696d7576894345b7480a8f1739e12d0261fa4ccf16365d,ok,True
P082373,http://documents.worldbank.org/curated/en/430081468774858089/text/27884.txt,200,306392,c2995b1eb78d48765f5a6d40c7ed4c99765964836d8c93d984807e582928ea7c,ok,True
P082375,http://documents.worldbank.org/curated/en/514731467992471399/text/32231.txt,200,338978,1b9b66cf078c0c31e2bf4f6476ac964faa93a92649d1a82f58d47980d60c702f,ok,True
P082378,http://documents.worldbank.org/curated/en/529421468752372875/text/256511KE1Free010Supp1idar2003101241.txt,200,395844,90d50a55510b39da8e0eeead2bf0868c691294bc718df065b61ef736661e455d,ok,True
P082392,http://documents.worldbank.org/curated/en/687691468030331142/text/34333.txt,200,194474,42956a6abec7f6cbd136b14e26437e77700008a5730019e010c4e5e4a3824937,ok,True
P082396,http://documents.worldbank.org/curated/en/430531468773421431/text/28261.txt,200,286068,14e39f737ef309b349cf9eca00305e69e4a8d6b3dfbba5213030602c2105c6e3,ok,True
P082419,http://documents.worldbank.org/curated/en/663771468083337854/text/39865.txt,200,349312,bf774510e2983e0746d388ce0db1a9b48cd936f859c2980dd08aa7afa3063597,ok,True
P082429,http://documents.worldbank.org/curated/en/183571468262788693/text/301230REVISED0R20051008811.txt,200,338175,020d28c082e4201e046add20b378639132bd7f865be1bd5cb8bef8b7e7966ddf,ok,True
P082452,http://documents.worldbank.org/curated/en/785551468350152825/text/325020rev0pdf.txt,200,433788,6a298836299d4c7c8d47fa05b420c96d544df3bb46f2655002fba3c1ef81aa33,ok,True
P082466,http://documents.worldbank.org/curated/en/503831468770447332/text/28926.txt,200,374035,66960573f39cce09129fbb9a526af8c59be2c5d60312d5cc0d0b12d6c0bdb3b7,ok,True
P082492,http://documents.worldbank.org/curated/en/716551468311465234/text/32500a.txt,200,616449,5eecbda482137b6e151ca831530bd7d41212f0802b43fd3f8e26412652be21ea,ok,True
P079335,http://documents.worldbank.org/curated/en/976421468759851028/text/multi0page.txt,200,73,8c520799e2b35cc0351541a9fec547421db025e0cb31a6b11c73935be94eaadc,too_short,False
P082502,http://documents.worldbank.org/curated/en/353691468767744635/text/303350AFR.txt,200,540004,e34195f33580e2b1ec9462ea72e607cce2664649dce07d608dc3ec90f7dca34c,ok,True
P082510,http://documents.worldbank.org/curated/en/917301468772801336/text/271800IN.txt,200,312009,ca4097209313b2727f7b9b2181735e1d6a14a976f620e0e3f33774574b3ea7a9,ok,True
P082516,http://documents.worldbank.org/curated/en/196761468244526313/text/28029.txt,200,284103,1c3b3dcfec9011cd46371fcd0552ca911df9a91e564ccabe5a08767e0abf9b34,ok,True
P082520,http://documents.worldbank.org/curated/en/497111468243574134/text/33635.txt,200,206634,40c537d0b2384918513c465fa0ffa6c23cfbe6b3fb6b48e45f4cb4c794a498f7,ok,True
P082523,http://documents.worldbank.org/curated/en/232751468015864599/text/28392a.txt,200,175908,4169f9503deebd5f4941a92d982b551667e27721b8266519eafd297dcaf80bc1,ok,True
P082588,http://documents.worldbank.org/curated/en/841461468757757763/text/31389.txt,200,555992,cb55b38cc09ea631607fc725e1d30edc75f52c272c02a674ea96a5c552576409,ok,True
P082604,http://documents.worldbank.org/curated/en/610911468779083330/text/30319rev.txt,200,318397,2b2caded0addd9d9d18db4027ea9936024220fbd0417954b772ce44a8ae08321,ok,True
P082613,http://documents.worldbank.org/curated/en/346441468767413147/text/29049.txt,200,491366,3cefce20b751e48a6e54c50423acade511509e62fb73dc078754c4162643ae67,ok,True
P082615,http://documents.worldbank.org/curated/en/587181468753296033/text/28826.txt,200,291649,638582e7aafebe383d82e83b404466d9c90835eadb7bc548fc5f566e6eddaa0f,ok,True
P082618,http://documents.worldbank.org/curated/en/150301468756984873/text/299920final.txt,200,250101,e0d6bdaa79e28d415f2a80edfa2be1eb37a03d6e5be360ab90d5405d09480cee,ok,True
P082621,http://documents.worldbank.org/curated/en/798581468775172043/text/28119.txt,200,376391,777cab4305ced624bc5fa8d755867be1e53cb4663627f6fdc37b9b72fc53b13d,ok,True
P082625,http://documents.worldbank.org/curated/en/429551468776114768/text/287770PE.txt,200,470984,8083774874ea03f59680fc46f6a6bdd83db8abd3ae94db881dc972a386ddd08c,ok,True
P082627,http://documents.worldbank.org/curated/en/787891468779130172/text/31023.txt,200,184628,02e4d1a7fa61ba7eee98807e544954304932c0a59f742ebf719a8c64c1822cf0,ok,True
P082646,http://documents.worldbank.org/curated/en/635591468761389701/text/25789.txt,200,176211,e7e07db6b423fe8c7afbc2f9b753f33a74cbe1b49e064f5d7219b3f56fc64399,ok,True
P082651,http://documents.worldbank.org/curated/en/619591468231894390/text/37717.txt,200,708430,f38c35d818536e484774ce2c443152b099e4718d62a751c8c37326f0461a2fc2,ok,True
P082672,http://documents.worldbank.org/curated/en/799751468129591599/text/395180PAD0P0821ly10IDA1R20081003211.txt,200,396045,61f6f91763cb20d13fc90dd5d68815fd05a7685b842bc077e8ee2c5308a34fdd,ok,True
P082715,http://documents.worldbank.org/curated/en/988381468771725557/text/261860DR.txt,200,208217,e01ff219f6a476eb3c57eaf9396df77868e0313e2a2e2485a0ba6f5a1ceaf241,ok,True
P082725,http://documents.worldbank.org/curated/en/482221468013849285/text/33375.txt,200,289023,0cd6732a07697cc2b6a7382614c05b92d0057df3c773bfde95f5b77e54095bc6,ok,True
P082754,http://documents.worldbank.org/curated/en/621491468758129141/text/288340.txt,200,335575,541722c88fa57d4596df231ec0446cad1c977a825d1618b1454da1e51a4079bc,ok,True
P082801,http://documents.worldbank.org/curated/en/805781468112153401/text/26937.txt,200,202961,9ddb7847e3337cd3fe4504770526c05f09a60dca6ab31a4bbb273d886f499c2a,ok,True
P082806,http://documents.worldbank.org/curated/en/156351468757473423/text/271400MG.txt,200,225008,74f53c83294e838834939e79f87c3bebfa931d88265755233cf1170e86ebfae6,ok,True
P082812,http://documents.worldbank.org/curated/en/791181468029693139/text/31843.txt,200,230499,c2fe7cef5720f88e9c45eda3c08b499a41c2d5fece4629f0f00817ec2d889954,ok,True
P082814,http://documents.worldbank.org/curated/en/170811468191362036/text/33415.txt,200,246705,75e96eb3a8382abbb665b932767c6904062007cfa1999ced22aab7007939f63c,ok,True
P082822,http://documents.worldbank.org/curated/en/410341468123544176/text/36238.txt,200,295074,7ed50643f77fe329d9b21397218e174343a9e2e6129eb7eeee197809ff5783dc,ok,True
P082878,http://documents.worldbank.org/curated/en/676561468760227017/text/27336.txt,200,202793,5d748ac87b2cd4b53f083b9b5de8a62f5a9d485c126eff0f12aadca6d71bbe2b,ok,True
P082879,http://documents.worldbank.org/curated/en/423411468763769857/text/260370SLO.txt,200,264162,e31f0754f931e1a191fb0c52eef3d1d5654db0267fbeea3a0afe1edb02ba59ae,ok,True
P082888,http://documents.worldbank.org/curated/en/802971468279876061/text/35541.txt,200,268433,44b460df3c283b357befe287676528e64e4728019727217203cd6d3b0245e8fe,ok,True
P082908,http://documents.worldbank.org/curated/en/172751468031567510/text/409770PAD0rev.txt,200,409348,64ede9262765caacc6fb9016e7158b532588f251b572e474fa6981c2b52b9cd6,ok,True
P082914,http://documents.worldbank.org/curated/en/229091468771895233/text/271090EG.txt,200,250451,1215a01762f04e1e0c7b35d305955c90cab6ed8ef55790df3f16d25abb6f276b,ok,True
P082927,http://documents.worldbank.org/curated/en/191201468010911564/text/441320PAD0REPL1e0only10R20081014611.txt,200,249662,75c9326f9ee7e37dd1d0ba2364b391866cc7310278a0853052019ed11236be7f,ok,True
P082942,http://documents.worldbank.org/curated/en/925421468761364272/text/262410TP0PAD.txt,200,84119,e7f696a17c5a6a7ce7f1aaeee6d18ab0c19a91d71ee0f313d598b91dfcc87805,ok,True
P082952,http://documents.worldbank.org/curated/en/294331468744319926/text/311820EG.txt,200,245788,50ea3eaf6f4a821b1d7a513bc00dfa3b37a6c1c79cdb78628de579cfb02ea53c,ok,True
P082957,http://documents.worldbank.org/curated/en/712221468756312785/text/285540orig.txt,200,376191,1518f93546bdd8203bcba125e70239ef752fd502842dc85bf4967efb12c4767b,ok,True
P082969,http://documents.worldbank.org/curated/en/954211468254680310/text/36786.txt,200,212843,94e4bc1b911f83cb3f561df5aca810b2a8078f2605a3c1a35435534424e576a3,ok,True
P082973,http://documents.worldbank.org/curated/en/609601468746698341/text/29601.txt,200,471925,8ef2dce8a2d09e027bfba200ce5c84b35d8059bfd10169bcdd8a6023b733471d,ok,True
P082976,http://documents.worldbank.org/curated/en/174891468782358758/text/272660RY.txt,200,177955,08cf4e2741e3a575a099329f9ef45f6817d46d730ce05e461d42208a3080a672,ok,True
P082977,http://documents.worldbank.org/curated/en/390691468775142542/text/271760PK.txt,200,330201,291e62f616772aaf37e5f62a878334df51ee75424c7e99121874b7819d8441a0,ok,True
P082992,http://documents.worldbank.org/curated/en/882281468023935324/text/35961.txt,200,475486,0e729506b28fa7892fad8b99d186bf1de7d5cd4c1c0928c38f20bd0435bfb3bc,ok,True
P082993,http://documents.worldbank.org/curated/en/393271468216281591/text/31548.txt,200,504594,3aaa256badc4a5a673c8485a1f16177c4600b1725c1e24e026e1da6be852f332,ok,True
P082998,http://documents.worldbank.org/curated/en/347691468749737844/text/29877.txt,200,336188,58c96a2a2d86418c3504f321e67de9c633272bc45f43425a872556c2e46ef1ab,ok,True
P082999,http://documents.worldbank.org/curated/en/969081468761121368/text/268690TUN.txt,200,230793,54c1313194f4f15efdea2ebd95db4e215b5c4e170ad0dd18067a06b36452cb4b,ok,True
P083013,http://documents.worldbank.org/curated/en/110461468743810729/text/285430BR.txt,200,422751,0a6fd6be1b789cdcf35e14b89d95a882695909d0b7faed1ea6e0b472b058b3fb,ok,True
P083045,http://documents.worldbank.org/curated/en/731851468284386043/text/357950rev0pdf.txt,200,460473,7eacaa4f8d9fd3c5bdad9584b1e99ba2178dead3979cac53b00b7975a45447ba,ok,True
P083051,http://documents.worldbank.org/curated/en/444461468207271146/text/32080.txt,200,291960,a14a66767daf74abea69aa8d4409e684a38f6c88cdf3f7508bcd35300287c6e8,ok,True
P083075,http://documents.worldbank.org/curated/en/937491468023694415/text/34058.txt,200,375220,cd0be804b281cc8137152cc304f1a3eba60890c06a608d7af0f60213a73401a9,ok,True
P083082,http://documents.worldbank.org/curated/en/993341468775754403/text/272130NG.txt,200,322888,34b8441600b52bccff3c064548ade873ec606f9418d1729f98e2fbfa6a026b9c,ok,True
P083093,http://documents.worldbank.org/curated/en/299031468763193315/text/290700PL.txt,200,267388,0b28bbbb78cc0e87025f3a3faae507926e7bd8f8df4cd0c056b56bd8d21e6634,ok,True
P083108,http://documents.worldbank.org/curated/en/130301468209663033/text/417550PAD0P08310only100R20081004111.txt,200,286143,e85369e7112624574990735c2e16b6ffd61dbd057afaa1a02da4d528b7703f4c,ok,True
P083110,http://documents.worldbank.org/curated/en/407401468037732601/text/35948.txt,200,238286,b0a182144eb20163c02453136682a7b7ed28a732d35cf147d7b9b5b1254a3b72,ok,True
P083126,http://documents.worldbank.org/curated/en/756371468757020749/text/31206.txt,200,244749,f96d852414f02528855df046ab1e35493fce789371aed2ed596cabf0715ff153,ok,True
P083131,http://documents.worldbank.org/curated/en/231491468753301505/text/28314.txt,200,317777,98b5f5e8cf204fe53a1cfeba3cbd3cd93c16eace42eff462dcaeb0b82aedb7d2,ok,True
P083169,http://documents.worldbank.org/curated/en/740881468740704598/text/28851.txt,200,240790,87aa0eda5e9776f680a8fd1500172acb5888249e5238ff56e2bbf119e6dbded3,ok,True
P083180,http://documents.worldbank.org/curated/en/329321468742819073/text/289940init.txt,200,214504,0c0501be684fa3fee4107c6fdcd829463ecb864e3e955594c44a20f1a212589e,ok,True
P083187,http://documents.worldbank.org/curated/en/470011468267353466/text/35464.txt,200,348193,81615fb82e453a585756252bc19a241ab2387367e98a391a4db2fefe0eb5f139,ok,True
P083235,http://documents.worldbank.org/curated/en/134981468772460768/text/28967.txt,200,325194,ba9db873d3d713b110511dda014959c9ebdd76c0abb72a9fca15d56a38b04b41,ok,True
P083244,http://documents.worldbank.org/curated/en/964171468770991563/text/27771.txt,200,233866,71d94012c291af55e1a01618315d5693bdfcd2111a6cd517c8d78921d9eb9cb4,ok,True
P083250,http://documents.worldbank.org/curated/en/576471468753297995/text/300220KE.txt,200,209854,0bae5436a15b622a89e24bb4828260f84485d02020bd8ab605feee52b7efb74b,ok,True
P083322,http://documents.worldbank.org/curated/en/990291468259759063/text/34134.txt,200,494738,44399591d1ca83eb845bb9729c1505f84a13fb21852f50254d39be37c908e379,ok,True
P083325,http://documents.worldbank.org/curated/en/608641468061748359/text/39679.txt,200,421345,5b78beed1b100e9032454d5c1b6f39963b9a8f804e1efdaace85a853e4b51b76,ok,True
P083341,http://documents.worldbank.org/curated/en/335251468002660209/text/31485.txt,200,291076,f194d6f14dfb0dfc19c22d10fb276d30bc6856e6404312059c1755c2bac908c4,ok,True
P083350,http://documents.worldbank.org/curated/en/863951468288327940/text/31111.txt,200,452189,09ebc4a794c3a2010789fddc9d5430612bd4fba76d8df6c3440d814345a7b399,ok,True
P083351,http://documents.worldbank.org/curated/en/112101468054872025/text/31760a.txt,200,444951,af6b8e967bd92255d47c96010e886b09f4059c2fe0737be17cc9287f4d087280,ok,True
P083352,http://documents.worldbank.org/curated/en/150251468205445460/text/35352.txt,200,285486,ff741946301a9303ba712718f9e6ca57f7bc6e0958f4a66bccaeb9dec6295625,ok,True
P083353,http://documents.worldbank.org/curated/en/134431468767971622/text/28531.txt,200,188424,6f202c6203eb6793c6d89e46060f58780c788393cf1badc3dad764360403381b,ok,True
P082498,http://documents.worldbank.org/curated/en/172531468764066682/text/26885.txt,200,229581,0b374c750c9bda079cb839dda1657e21e1e3daf8c326714db6579f8b6e092d86,ok,False
P083377,http://documents.worldbank.org/curated/en/560471468774304940/text/301240KG.txt,200,192909,a51a98414c05567606c877ab064dfdb60ec6ebb5df13407bc6608869871e0462,ok,True
P083400,http://documents.worldbank.org/curated/en/907831468777611949/text/299220STP.txt,200,164459,8836e069db427f2995b0fee846b51ee85c446fbdb64dfafecc6b9683dbe3a09a,ok,True
P083401,http://documents.worldbank.org/curated/en/681701468757244792/text/289920MW.txt,200,317318,8feca8725421561f95ddab53d985cf3ea9ed3c6f48f952e989663e94a19c7df4,ok,True
P083453,http://documents.worldbank.org/curated/en/635921468752065144/text/281660GUB.txt,200,327370,5ffa8c950b788d1a762e55f8c6202bdd10047b85a2b3f52c1d7d92ba40e3c559,ok,True
P083499,http://documents.worldbank.org/curated/en/913931468054536810/text/282710MK.txt,200,219010,f5bf84338768d3a5269cbbc7c0e43926607b4c1ab65b5c78e879bed7197a84b9,ok,True
P083533,http://documents.worldbank.org/curated/en/396271468770133842/text/27987.txt,200,265467,29c84b83de728509a7262d4b10bbeaecb1879ad228bde97e3098401b4e764a91,ok,True
P083543,http://documents.worldbank.org/curated/en/958171468774557824/text/29024.txt,200,339054,a07468f45135a812b7c2094e1a5a9e83cea375de1fcae3f5ea532420feee578a,ok,True
P083581,http://documents.worldbank.org/curated/en/793231468317335699/text/39434.txt,200,476295,ba447a9babb44a3eff8590eb749a732e2ca86e7e3467ae7ab9e3c0004220d484,ok,True
P083588,http://documents.worldbank.org/curated/en/918401468311078585/text/39432.txt,200,402942,3d537ffb4d22e917f574603186f89e57a0e92391afb47959a5871d6a5a62defc,ok,True
P083609,http://documents.worldbank.org/curated/en/105051468303662991/text/343140Senegal010Box303501B01PUBLIC1.txt,200,265814,1f47e1efaf0a4e04fa6cd02407a2f5bd773af0c244dca86f6e382a132ac452f5,ok,True
P083620,http://documents.worldbank.org/curated/en/175501468776759128/text/279200RO0R20041020211.txt,200,260750,db5cddcff711909dc4195ce623cd9d8363cf7f570b6095565fa022901bca361f,ok,True
P083702,http://documents.worldbank.org/curated/en/187891468112459816/text/324280rev.txt,200,325755,bdf47a0697d5910d45c9ba3ac934f3965a9c57ded861dd32764764a1744eace8,ok,True
P083704,http://documents.worldbank.org/curated/en/872531468755951709/text/278170.txt,200,119212,90c632066db6de1447a5eea36543ce7166b350267653d8114b8224789fffe389,ok,True
P083742,http://documents.worldbank.org/curated/en/808121468052745566/text/35224core.txt,200,406161,2c5bf1a99ac76a7481bd83e83bd4e1cc2084c547ac0eb491be11d53943cc0a16,ok,True
P083751,http://documents.worldbank.org/curated/en/402041468203976468/text/35554.txt,200,339434,579dbfbe1f7637029dcc6b9f73152e30f77f02b0f6f8808fe0f0498b824d8332,ok,True
P083767,http://documents.worldbank.org/curated/en/539181468338527869/text/31744.txt,200,281308,51c3c790ca67f2702737af067ac84327f58e17ec359fe1effe3165cce9ed2bc4,ok,True
P083780,http://documents.worldbank.org/curated/en/521631468033574527/text/31839a.txt,200,306062,46d1aa02e4f8e4865cafc8b74e6500cdbdbe281fc6f1e013169370591cf0cb2d,ok,True
P083809,http://documents.worldbank.org/curated/en/264431468779365334/text/296390UG.txt,200,372973,b85dad48142ec72538c5cfef148fa1cd3d0087f0cf1367d887078969a31081b8,ok,True
P083813,http://documents.worldbank.org/curated/en/587181468247844261/text/476350PAD0ZR0P101Official0Use0Only1.txt,200,361174,7afeae1fe232a1de87e8567966de173f3f88909a5044ef617ee3eda14012f317,ok,True
P083851,http://documents.worldbank.org/curated/en/387501468033714142/text/290650PAD0REPL101use0same0box0info1.txt,200,248491,94f7711b6dda10e11c66bcbdacb18ce9c360c26878c4a7789403a279099ea25c,ok,True
P083890,http://documents.worldbank.org/curated/en/833121468741010620/text/289930BD.txt,200,271638,96764eb1b1df05c1c1ffee7ce3c2e753d13cf3dfe82101b618efbe02b0dfe919,ok,True
P083904,http://documents.worldbank.org/curated/en/359501468243261096/text/473380PAD0P083101Official0Use0only1.txt,200,350917,71c19e0983bbf0450cc14012be89f8a1be9974149dc5bbd3848a3cb856285bbb,ok,True
P083923,http://documents.worldbank.org/curated/en/623451468289235649/text/316240rev.txt,200,333770,900e83e3287e5a47d8566d153d2e636e5a49ce6e2d0e89ba13a2bed2f1c1aedf,ok,True
P083929,http://documents.worldbank.org/curated/en/736551468286768403/text/32156.txt,200,281970,a461603038a1088b735370753d37604ffad11638e7879658ee653f1714b44302,ok,True
P083932,http://documents.worldbank.org/curated/en/672131468763807868/text/304360LK.txt,200,245503,f22684dd0dd9f015f9829d5592aa448130f6ac528640dc35c3f59f3f7ea59a02,ok,True
P083952,http://documents.worldbank.org/curated/en/140501468061746346/text/35050.txt,200,264716,6bc794b55d5ad2ed2eb1b90058b1cd077fdce14bb14f28fa60a92909e6ab7cab,ok,True
P083965,http://documents.worldbank.org/curated/en/699371468199759199/text/320650Replacement0Box321402B01PUBLIC1.txt,200,376026,be79b07e127e4279f9dfb6cdc79cb66f1d012fa57a2dd271e2a6042cd9c8f2f3,ok,True
P083979,http://documents.worldbank.org/curated/en/879171468016758181/text/36796.txt,200,411674,b14c6adcaf31e5c094206e7828a42fbeabfc290d5beeb02c0ac3c4a36b62afd1,ok,True
P083997,http://documents.worldbank.org/curated/en/733351468015034561/text/353730PAD0P0831321466B0R20081001911.txt,200,628411,ed7cc51bc9e83465b1092ad265e24f370f941536633c0e895ed2806d38ad1b0e,ok,True
P084002,http://documents.worldbank.org/curated/en/204681468012627097/text/37979main.txt,200,275865,5ee8e9b41a96b88585e9cef8229a166af562ce50451034c423d10107e7e935ab,ok,True
P084015,http://documents.worldbank.org/curated/en/819811468749382039/text/29318.txt,200,257465,dc1c6e77c62525fb98a3b61cd8f9fbaa5d66338a40047024dc9888a16ffe61a4,ok,True
P084022,http://documents.worldbank.org/curated/en/337291468104339062/text/34941.txt,200,335320,83452a83c07a36a17f0ee6a3517a239c3fbb354c79a5ee5a7bcfc2248ece02f3,ok,True
P084027,http://documents.worldbank.org/curated/en/854481468021262405/text/39597.txt,200,278541,844f30ec5841be03345cb2e5d117d84a470e0525e98a92325f5b7896e2c0e0f8,ok,True
P084035,http://documents.worldbank.org/curated/en/228351468310170942/text/32313a.txt,200,249256,d88994293003bc2c1a48e9446464f3783837874f68cd1f05375a2755a284e7b5,ok,True
P084078,http://documents.worldbank.org/curated/en/631351468206955112/text/406750PAD0P084164B0IDA1R20081001111.txt,200,490550,eece34be481c206f6313b7de8b5dcb70e1676f6170903867079819467b6a5b6b,ok,True
P084148,http://documents.worldbank.org/curated/en/768281468271205122/text/339570rev0pdf.txt,200,360790,541315b27dc54f798669f57f597fd7ec1f7f669a0d1dbf61b77aa4d2bccbbc95,ok,True
P084160,http://documents.worldbank.org/curated/en/830551468012068244/text/433690PAD0P0841LY10IDA1R20081019311.txt,200,290792,33dcda1ad92f314bf43609557b37501e575609b1fa1cc6b01d85c7710b1a3d23,ok,True
P084219,http://documents.worldbank.org/curated/en/754261468758133757/text/27417.txt,200,194062,d514802bd4861c228b3da268794d57f9f24bd4a4e2acc6abb87ebac04b50042d,ok,True
P084302,http://documents.worldbank.org/curated/en/844541468146966055/text/37923.txt,200,557482,831fb152c0d350ba244e9403fa8d06408e008c3a2fd5e5bebc84adcf08f428e3,ok,True
P084315,http://documents.worldbank.org/curated/en/183431468770668309/text/272250KM.txt,200,207864,b156a497a4e1241c33cf281bd22eba09b587f86d3ca7547e73015af8a8849ef2,ok,True
P084317,http://documents.worldbank.org/curated/en/459991468770958851/text/299080COG.txt,200,369120,f929c9271ed14696439be46d526803d106d1437f9f01fb72b611f10de2fbd557,ok,True
P084404,http://documents.worldbank.org/curated/en/603251468191674194/text/39788.txt,200,488613,2e15eb1e04d382c0aab21647ba1387aa2954bb3731a865e568cd00d38895355f,ok,True
P084437,http://documents.worldbank.org/curated/en/873881468214816301/text/398250PAD0P0841e0only10R20081012511.txt,200,363576,1ea240327c4cd19e15b65cb2247476c3cea5d7df32c0e63405224556dbc8f934,ok,True
P084461,http://documents.worldbank.org/curated/en/378411468143390680/text/432980PAD0P08417365B01off0use0only1.txt,200,299218,1a207d57eee3e6a77d85017679a457844fb80c0f16392ccaf717ee10f27c852b,ok,True
P084580,http://documents.worldbank.org/curated/en/941771468116073568/text/334810rev0pdf.txt,200,325758,01ddc76612398d442df5fa22d156b87331a0d4439bfcda39cbff2967e5d94217,ok,True
P084583,http://documents.worldbank.org/curated/en/293011468049829331/text/27628.txt,200,482381,9d6fa0c350b64d394bdbe9580103d1723e3de740740de77ed02b01cac4b6d1b0,ok,True
P084596,http://documents.worldbank.org/curated/en/200781468201538834/text/28835.txt,200,172719,d5e012f9cafc513a05705de6a16cddae6b13a8dd28a7c7b081c6e5013c0f8bd6,ok,True
P084597,http://documents.worldbank.org/curated/en/584981468781161267/text/31450.txt,200,195380,917ae51b31cb99158f2ef6be3233c4ab7c4f1a6aa2386d7014f0efdb3fa21ee9,ok,True
P084604,http://documents.worldbank.org/curated/en/842541468115754433/text/32042.txt,200,288225,dd37429edf3c0bb61605aa07b0c9709abff3507a3a40754eb239d7a4feb0e36e,ok,True
P084605,http://documents.worldbank.org/curated/en/767551468302989382/text/376300PAD0P0841ly10GEF1R20081001011.txt,200,375018,87213e0df56796c27268fa6bf34ab652a03d16f519875c8e70f811772c721ec7,ok,True
P084608,http://documents.worldbank.org/curated/en/508831468282883927/text/435870PAD0P08410810013110Box327374B.txt,200,369451,f0e491c512b433d2859114102b662b02859ffbb4c0aa95fb3d366d11193fcb5e,ok,True
P084632,http://documents.worldbank.org/curated/en/115541468774704233/text/28140.txt,200,235935,98fab2554beb910200b2c7fbe707956d621807af4ec7bbf2f64941df1c78e90c,ok,True
P084742,http://documents.worldbank.org/curated/en/806431468024250094/text/31817.txt,200,506641,12bde14af8ad6b41c1e1158b4a0bd95d85596f1325adc92192a96dac3fe14695,ok,True
P084773,http://documents.worldbank.org/curated/en/104781468134093713/text/579100PAD0P0841OFFICIAL0USE0ONLY191.txt,200,754475,e22159a187a24934ed715d5b56bb40d7b3791c638fc744b6480149756c917e37,ok,True
P084787,http://documents.worldbank.org/curated/en/537011468006045329/text/429310PAD0P08417365B01off0use0only1.txt,200,591001,1c23cac8529aa1b842c793c62dd9df230aec02edc5408aea512277a72ef9fffc,ok,True
P077761,http://documents.worldbank.org/curated/en/411881468760553625/text/multi0page.txt,200,124,443f1f380f462980acd627b717cdb4a80e2102133ba9cc0e777f4a00aa3c7540,too_short,False
P076702,http://documents.worldbank.org/curated/en/411881468760553625/text/multi0page.txt,200,124,443f1f380f462980acd627b717cdb4a80e2102133ba9cc0e777f4a00aa3c7540,too_short,False
P084790,http://documents.worldbank.org/curated/en/139521468050066488/text/319970rev.txt,200,242916,7c6bfd97f8b8803d483b6cb7d4f1ad28a5316bc40eb67fe3d7ad9f9ba7c12da8,ok,True
P084792,http://documents.worldbank.org/curated/en/810011468771538345/text/295800IN.txt,200,295817,9072c87702d7bbb6a95110be4f6580fed0f72cbfe080857c430357a7d356fe04,ok,True
P084871,http://documents.worldbank.org/curated/en/523511468346744205/text/31608a.txt,200,251817,81922d631f107ea59119c9d029b6922b93a4298c47864682e11464f604f471ad,ok,True
P084831,http://documents.worldbank.org/curated/en/975381468770090858/text/27545.txt,200,244877,0fe6a00bb7802f47bc82adfd6ef0e57ee7331cfbad06e8be3ed175394e60e647,ok,True
P084874,http://documents.worldbank.org/curated/en/630521468214508629/text/386410PAD0P08417369B01off0use0only1.txt,200,338329,1eac1b20b00d311c06c71aeef778ab7084045e98bfe622e5b09b86c8125d155e,ok,True
P084967,http://documents.worldbank.org/curated/en/461151468143992650/text/37006.txt,200,469041,ff6d9e10104293d8c9e75dca6bff17bf1098d775cf6e523d7a8b35e851fe36b8,ok,True
P084977,http://documents.worldbank.org/curated/en/631651468302070188/text/34079.txt,200,487790,b00c48e8e491a26e967446e58f59d2ff0d122282b1d52ea8c822c91a064aa59f,ok,True
P085006,http://documents.worldbank.org/curated/en/304071468252579163/text/31985.txt,200,480675,2e24b089902ab3ee9b9b434bb3db46b665718916b809ca8bf591f9583488acf0,ok,True
P085007,http://documents.worldbank.org/curated/en/820901468773735144/text/29354.txt,200,257674,c9c1d9fcef5539db882655737a843f57c313b88a78199552b76c8097eb402f0f,ok,True
P085009,http://documents.worldbank.org/curated/en/465421468117836654/text/34082.txt,200,374095,0d7b69e4f72324420ace93cc032b9cdb55fe9827c688bb3a56d5788a81af748e,ok,True
P085080,http://documents.worldbank.org/curated/en/919371468127784844/text/323370rev.txt,200,274027,8759a1731bc243cf00a896072b79694c8bee4dd65982204ff45ace6c7f4d2950,ok,True
P085112,http://documents.worldbank.org/curated/en/342181468199782892/text/298320.txt,200,216782,010b5ff0ade80b985a4e3b90c9fa2ed78e280d9bb0a324dcaedbd7b2c3cf9127,ok,True
P085071,http://documents.worldbank.org/curated/en/799121468125973950/text/31753.txt,200,242144,fe813dba71ab6e430dad92a3d7ae6e22dc10df49a11023d401c01d97b00ff8f4,ok,True
P085124,http://documents.worldbank.org/curated/en/742801468011445283/text/34573.txt,200,188116,f9dbac7a6c5904ae42c66af667a80340157f49f8abf66d5b5305a73975b2c7c7,ok,True
P085230,http://documents.worldbank.org/curated/en/396301468742530936/text/280261BF10UA.txt,200,478850,3a54ef9f83c5c02c2c13704f7e9668025d8ef61554602a3523ba7327030157d9,ok,True
P085133,http://documents.worldbank.org/curated/en/885011468774896029/text/29910.txt,200,693633,0adc16d2235102415daf42a9f7a70e981d094b1baef4d156ad1bada7d0ccd8de,ok,True
P085302,http://documents.worldbank.org/curated/en/801051468746766357/text/2853200EC.txt,200,224175,5940cf0582f98b48bd0b99b4c97bba8d44eea0d64d51671fa2cf79c9373e36e8,ok,True
P085260,http://documents.worldbank.org/curated/en/552301468133798676/text/317350rev.txt,200,343548,0ded171c71fcc275822dd083b8b167eb9bb289ed95c00768c8fed8cef8c01e9a,ok,True
P085333,http://documents.worldbank.org/curated/en/151971468023450600/text/313220rev.txt,200,263070,b7f85ad6a5aed4db60c783bea16466fe7ca9e65859f8fa0c3544bba39aa3f640,ok,True
P085374,http://documents.worldbank.org/curated/en/397131468260378454/text/31644.txt,200,368626,b77c1cc8851fdd8dd3965272de8ff9f557a6c70ff13dccd2aff66f2c86c062c8,ok,True
P085376,http://documents.worldbank.org/curated/en/682261468015551934/text/414330PAD0P0851e0only10R20081012211.txt,200,280225,b7ccb671854357c9a4dd983de859c198e55b64bee94752514d93eaa564962173,ok,True
P085375,http://documents.worldbank.org/curated/en/261581468259740807/text/35503.txt,200,499612,8423e897b2c454eca07cde47ed46e931d1605abddf1dc434e3ac573d0f5ec253,ok,True
P085414,http://documents.worldbank.org/curated/en/114981468047701884/text/32453.txt,200,446500,cc6b2da2bde2c37cd7fa50949b3335065928d4dadf353a0e90429c61519442a3,ok,True
P085488,http://documents.worldbank.org/curated/en/289261468016794134/text/36072.txt,200,487940,a5ae5e6f73ca76af6a462ccd6d51747c5dccc261b0bd1b8e0d303e12c2e2240f,ok,True
P085593,http://documents.worldbank.org/curated/en/916751468049745830/text/317270rev0pdf.txt,200,410040,dbf097a02e447519f144798b6eadbb748f47110836967b5e8459f40d3e9b747b,ok,True
P085539,http://documents.worldbank.org/curated/en/352201468023661235/text/414140CR.txt,200,396137,88b3f357cf6d8f5026b90ff1198e5fa814faba8259a3dd7829b9e181ee060eb3,ok,True
P085561,http://documents.worldbank.org/curated/en/676191468317042517/text/357470R20061007711.txt,200,334977,a057cdc066d58ce1ddd62ceaa9cae8e3ca75cb14f2ebd890feaef776fa34fd49,ok,True
P085621,http://documents.worldbank.org/curated/en/358821468023422634/text/634300PAD0P0850isclosed0502301300SD.txt,200,176881,b128c70a72ee256710a390416c6d9995015cb85c34f287054fcc786bc58785f1,ok,True
P085708,http://documents.worldbank.org/curated/en/894131468764089916/text/29769SN.txt,200,323324,4d61e2a3361c2f5002ea55fad125224d0998d53b160262547a4e032a125ea9ff,ok,True
P085727,http://documents.worldbank.org/curated/en/380971468243545175/text/344720CO.txt,200,323102,4008d6dbbdf00bb1fd7858656bffb73f1839a5d34f0786d1d6018ebe24add9ba,ok,True
P085786,http://documents.worldbank.org/curated/en/875291468778511505/text/296640TA.txt,200,292208,871f6e4ca669a08786306991666ca64f4310536b026b32a5cd54172ebd772ba9,ok,True
P085752,http://documents.worldbank.org/curated/en/554921468311445208/text/360730IDA1R200110disclosed0June0161.txt,200,568173,c20e476317958cdd8e18c5f20e98b1e0ac968d51d3dd0f7b442d24b5463490d0,ok,True
P085851,http://documents.worldbank.org/curated/en/480081468774594547/text/290910MX.txt,200,351506,96b91661c32b15f18264ad2f9d36d1a759444f043f03aee0f5441d7da6c5ab51,ok,True
P086277,http://documents.worldbank.org/curated/en/956651468771054998/text/27919.txt,200,254300,2f995c5e14b8748c9ed48cec047fd5144840a7642a79ad386e6e9f8e9ac29a06,ok,True
P086169,http://documents.worldbank.org/curated/en/435491468288304283/text/33574.txt,200,233810,3e17f1251aa4d0a9545c6a28821faa9562b33eaf596bd4705715d0dd3d9c85ba,ok,True
P086294,http://documents.worldbank.org/curated/en/484071468234297628/text/39704.txt,200,584060,1d576d23b4567f0c1eb9367dbff5bba8124a98abea068d04fe09aa4cc065ec10,ok,True
P086308,http://documents.worldbank.org/curated/en/527681468347333252/text/385000Replacement0Box317466B01PUBLIC1.txt,200,322409,820be0a9ed805ba16f368b53b02c9fa8b10333aaa06ac66af8292862c653a33a,ok,True
P086313,http://documents.worldbank.org/curated/en/161151468303591241/text/411300PAD0P0861ly10IDA1R20081017911.txt,200,309393,fa14329cc216f6fa371377c42068ab98a06275f2bb447b8089171ec8966de0b5,ok,True
P086341,http://documents.worldbank.org/curated/en/852451468230345451/text/489940PAD0P086101Official0Use0Only1.txt,200,282275,b3bf30cc5c27d0a1ff306a696c6d1de93f76995405b1879573a5f71288149f39,ok,True
P086414,http://documents.worldbank.org/curated/en/488411468268833855/text/31884.txt,200,247308,15d2b06bd7e874a9fd6a56788e75f0339f8a99bcde8cba19fddb89742969d270,ok,True
P086379,http://documents.worldbank.org/curated/en/907291468245381693/text/319740revised.txt,200,195855,e729400769dee15dfd7156cb8c526aac998eeac64ffa523faad3203a9e14ec57,ok,True
P086411,http://documents.worldbank.org/curated/en/436651468116074032/text/32342.txt,200,271608,ce3edad23ba609ae53ed8e74208b585cce591d3f7c6c0a03fee972cb99539997,ok,True
P086469,http://documents.worldbank.org/curated/en/640771468760529904/text/279520SL.txt,200,154210,4835891671ab0d36d5a26649ba3f379317806bfa432355036efd084845e69182,ok,True
P086446,http://documents.worldbank.org/curated/en/789601468019237107/text/479950PAD0P086101Official0Use0Only1.txt,200,347855,b57617b931058a3713c353ebc216cb9738147c7c323bc06f10cf9f6b84fa963b,ok,True
P086480,http://documents.worldbank.org/curated/en/969001468759876683/text/302910SN.txt,200,494241,e34c014c3322ecb47a107af9562e7907ca9cb4a14206f5eadfc91d59044230e4,ok,True
P086505,http://documents.worldbank.org/curated/en/626861468746715717/text/31446.txt,200,248960,2f0586b38d08d791453d9fd9766036596c48ae4d3f3924e770bd5df2e25b5ecc,ok,True
P086508,http://documents.worldbank.org/curated/en/845281468329997432/text/414230PAD0P08617369B01off0use0only1.txt,200,369339,825a802fe0bd28bf227646c6ae02bac5cf6df9b2d64e1c947b24d207af2335bb,ok,True
P086513,http://documents.worldbank.org/curated/en/670481468350143350/text/33265.txt,200,419061,cee354d83512366131e4ffc52370dfcb227b285cf9a5612afe7df491800fbde2,ok,True
P086518,http://documents.worldbank.org/curated/en/859171468752419800/text/30400.txt,200,261705,1a39f6a71e092dc350916884ff97e9e00e6daa13133e585d35aa7f2649dee235,ok,True
P086515,http://documents.worldbank.org/curated/en/411621468019258204/text/33496.txt,200,265546,435916f3aa068ee2d0b76c6ca80493b31303cbbfe774aeab1f40e30217b1c822,ok,True
P086528,http://documents.worldbank.org/curated/en/160701468115162840/text/511760PAD0P086101Official0Use0Only1.txt,200,439234,a91c997d9cd79a71a2e56a8b176588f71eaf5c4cf3dc5424604636df70ff4027,ok,True
P086629,http://documents.worldbank.org/curated/en/202081468239087419/text/30314.txt,200,413426,961d2212f857ba31320d9a41d2430859bc9dc96c5ce781bd06e6b629bd158a03,ok,True
P086661,http://documents.worldbank.org/curated/en/773171468743407429/text/28559.txt,200,252662,8bf1c60deb43d40ed65968a82abeb18b0b41bf32f1b196e1158ed8a6bad894b5,ok,True
P086660,http://documents.worldbank.org/curated/en/927541468108838147/text/529650PAD0P086101Official0use0only1.txt,200,485077,1d3e70e9ef7d8a1cd981bdb9e518274b362a7cad8d160cdecb99cca563757d6f,ok,True
P086664,http://documents.worldbank.org/curated/en/845361468761715271/text/290470OECS.txt,200,268013,7da75db6aa62213205dcf10ec429f212f02a8f2c7e9afe4fcbb1eca994bf80ee,ok,True
P086669,http://documents.worldbank.org/curated/en/458011468026400278/text/447520PAD0P0861E0ONLY10R20081019511.txt,200,278419,30a2323fde240d6f7caa143893a81acf8f264026cdf01c0fcabe6b0914379beb,ok,True
P086671,http://documents.worldbank.org/curated/en/932921468026371576/text/29914a.txt,200,154263,2a46a166b823239ea5c85490e5065eb5dba5ec1072ae04f307f4b3b9365087ae,ok,True
P086670,http://documents.worldbank.org/curated/en/269581468773695259/text/277600MK.txt,200,277363,91f1b7ef7942187dfeb2494e8e7308629db192d255a0dc53d2ffae1a9bfc614b,ok,True
P086689,http://documents.worldbank.org/curated/en/347411468012294471/text/285210rev.txt,200,167165,6235123b353f4b93925fe4414d5942780e8ffd963f23a3959ac792f838697dea,ok,True
P086694,http://documents.worldbank.org/curated/en/744671468770992197/text/29993.txt,200,177248,feeafb015af6a60e941c15097e965d13bde78211c986978eac0e7ae7dbf6f88d,ok,True
P086716,http://documents.worldbank.org/curated/en/587301468780905454/text/30697.txt,200,297006,2447ccd45c3883be96d6662d89f0c2830da10abd29f0b602254d745e47b1a29c,ok,True
P086747,http://documents.worldbank.org/curated/en/490701468759574790/text/285420LK.txt,200,325163,15ed11e2f3704cc2e3fff8dc9fc75a1e78e8132da5e42c1868b42193d2aea67a,ok,True
P086768,http://documents.worldbank.org/curated/en/552201468145748680/text/31771.txt,200,568967,240b64dc4272675c68ccead6acf7903e9457613a8aae0d07a93525ace9ef55c9,ok,True
P086775,http://documents.worldbank.org/curated/en/537921468040161738/text/32464.txt,200,380040,64f96a4348117a90d7e349d90ea79955948e3b60d366efc7c0857dc4f352c59c,ok,True
P086791,http://documents.worldbank.org/curated/en/484081468742544727/text/29019.txt,200,276354,d2d1f5901775925b3c8d82425e5ef637f6dd7a063b88f54bd5e4c329061bbe79,ok,True
P086807,http://documents.worldbank.org/curated/en/929911468007851360/text/322400REVISED010810IDASecM200810559.txt,200,318852,bfb23686f62378c330965bc7d806f1f69b796e672a5cd19a7ac5c902dc085f2a,ok,True
P086801,http://documents.worldbank.org/curated/en/964961468334857145/text/31844.txt,200,553362,189620cb3cd046e2ef80f84057f3c180759f50772ad28875af7dae4c1f1644b9,ok,True
P086865,http://documents.worldbank.org/curated/en/281161468345853788/text/350300rev0pdf.txt,200,361404,4c5d16c3a6ef298292b827bb57dd205813e7f7e22f07990d6c848b5f2e14b687,ok,True
P086886,http://documents.worldbank.org/curated/en/163711468169460076/text/33015.txt,200,292857,902613fbe890d307faba2aa4d85ce657f8e3bba0daebfe7bdd5751a1a92adbe2,ok,True
P086877,http://documents.worldbank.org/curated/en/545611468277153005/text/33881.txt,200,249095,839e03ac8c83c6b91f3f1c7f7e6353f9844eef2de1f449deba00701449187bcf,ok,True
P086949,http://documents.worldbank.org/curated/en/456381468763216380/text/302741RO0CORR.txt,200,307596,ecb8ecce110550cf16f22c684a9a4bb1186835faa68bdac2368a731dbf941808,ok,True
P086953,http://documents.worldbank.org/curated/en/656501468744278090/text/31581.txt,200,193838,50f24e2777a9a2f8937eea1987de236524517def72c19c88056ecc1092ad7e44,ok,True
P086994,http://documents.worldbank.org/curated/en/766031468258549138/text/302390rev0pdf.txt,200,204844,a4c6e55aa2a7a33656b01ea56fd79b42fb84d763b904f8ed1951aef238bd829c,ok,True
P087004,http://documents.worldbank.org/curated/en/368811468236642262/text/32170aIDA0R20050008301.txt,200,249794,3ae9da07909edb6d4298b5f3a074af343efa1925af33ef5ee0cd97e3140e1107,ok,True
P087003,http://documents.worldbank.org/curated/en/669691468768730180/text/31429.txt,200,261392,d6294b28ea22afa5eb009c55d7f76f59d06eb8b22415154cb1b83871b1df41c8,ok,True
P087011,http://documents.worldbank.org/curated/en/491561468206363954/text/32351a.txt,200,353164,084e6e4d7143437c47d8f1e6a0271afe99d275febdddf27bd9c82e73e5d2e742,ok,True
P087039,http://documents.worldbank.org/curated/en/136261468006911117/text/34479.txt,200,322923,ad72efe168582ec692dc0156a92049b6508e30a23ddeeafac3845deb9d7a2404,ok,True
P087038,http://documents.worldbank.org/curated/en/734611468286250120/text/33228.txt,200,642999,62d778d678fd03cbe946fdefd557c09eeb4a367e0565c9b1c3e25acc346e017c,ok,True
P087036,http://documents.worldbank.org/curated/en/969941468758340273/text/31493.txt,200,273134,7a890dc672568dde1bc5d410848eb45d8de7b810f68938ce1c54a08142de2aa8,ok,True
P087046,http://documents.worldbank.org/curated/en/366951468288942084/text/33009.txt,200,307324,d88bc1cf29df76624073db35df29729e0a0e77ee7a632fe084766f5e193a6b75,ok,True
P087094,http://documents.worldbank.org/curated/en/344691468006652463/text/399520PAD0P07917374B01off0use0only1.txt,200,326745,f3dacce4446f5edb98c938d27051212ca1f460baad149332da87b48e05dc4d13,ok,True
P087106,http://documents.worldbank.org/curated/en/169031468255267744/text/37995.txt,200,331655,62b95e4cb0fa12d5cf8f997cdf5ed5d3c7cd255b4e2592954734628ce694a1a5,ok,True
P087140,http://documents.worldbank.org/curated/en/243521468297313818/text/483460PAD0P08710Box338913B01PUBLIC1.txt,200,416959,8288ca48661430c0d58af3d08a19a0c2a7f788089e837fd794d675214c2e0490,ok,True
P087150,http://documents.worldbank.org/curated/en/949651468768573099/text/30208.txt,200,215437,2e272defd3e6b463e6ccd32cd8bafed33003b6a1ed86f34b504f696b93af64bf,ok,True
P087145,http://documents.worldbank.org/curated/en/372281468303098319/text/470600PAD0P0871ly10IDA1R20091023611.txt,200,496251,18e7b26da41d100e0b037da1bfcb7bad72a2c3375c5f88ced3581f9e3916499d,ok,True
P087180,http://documents.worldbank.org/curated/en/877021468774568537/text/28176.txt,200,219386,78c8182e242c4c2b35176ffd8ce3c7a7c5c13b25e6e656cedaccbb434723d2f0,ok,True
P087152,http://documents.worldbank.org/curated/en/588721468774595184/text/289290MX.txt,200,346093,9ab25bdd9fef8795b819b5e5ae9d4126435d31242b5c46180cfe9840fc9e756d,ok,True
P087154,http://documents.worldbank.org/curated/en/620051468312031816/text/37385.txt,200,478304,df1b878db6ad62c753a577ac450780445c2b41b191befff76b6f8d345e45051d,ok,True
P087203,http://documents.worldbank.org/curated/en/159371468759591558/text/285490SL.txt,200,339347,575a33b5b34bf291ef95b571d5f2ac3d80d0296d78b538c023a9473c05e6a0cf,ok,True
P087304,http://documents.worldbank.org/curated/en/114331468334916903/text/434410PAD0P087101Official0Use0Only1.txt,200,463200,5dbdacc3ea260fc8d8661cf5045a6ecdd305d0cd0fac5142c9bed4ba93e2c9d0,ok,True
P087224,http://documents.worldbank.org/curated/en/433671468025136391/text/404230PAD0P087101official0use0only1.txt,200,1175728,4ef63ba724c16ba8a857209192de36e367b7bee34d81f5906d661067be0e0c7d,ok,True
P087347,http://documents.worldbank.org/curated/en/279391468285928046/text/33174.txt,200,374803,43b2f834651c5dee1b70d200099b01a3c8486dbac15964b297dd508229ce353e,ok,True
P087470,http://documents.worldbank.org/curated/en/199061468777310964/text/287860YF.txt,200,198435,4934f3c5a3d82d7ac76c8070df18d1d1a83dc25513a67df511ca8a152db972f9,ok,True
P087620,http://documents.worldbank.org/curated/en/472911468742876199/text/28562.txt,200,164033,646dda7fbe9fa0c4469d64721d6a8eb52a71eaabfbadf51ddfcf5495e439f013,ok,True
P087479,http://documents.worldbank.org/curated/en/929701468272076582/text/326290IDA1R20061019811.txt,200,604965,bc8271770a1a29ac32bfee15c16f2c610426416d2822b1dfcf96eac5603c9891,ok,True
P087641,http://documents.worldbank.org/curated/en/432551468768578586/text/30251.txt,200,187016,fae2a1310cc239b64f02f1f2e7284081b4da1f4ffa326522459901fb1693dacf,ok,True
P087707,http://documents.worldbank.org/curated/en/107231468749774069/text/297670ET.txt,200,311757,dd79437d42c3935b7055e37eb5f321db8a3b53db42ac673501bd200920cd445b,ok,True
P087713,http://documents.worldbank.org/curated/en/792901468770374532/text/285440orig.txt,200,399890,63fefa37250126620095c60bfabb429ab8041c36a82c94058ba2183e9f5cf56a,ok,True
P087801,http://documents.worldbank.org/curated/en/177621468761965624/text/29562.txt,200,110919,d884482bfa51d1d73bc046134dfbe01eacd1468fb19bc318f9df383e3777dba6,ok,True
P087716,http://documents.worldbank.org/curated/en/820901468265783579/text/432020PAD0P0871ly10IDA1R20081017311.txt,200,375084,9f8fdc650c12bd186eff768d6a2fb27e58af3282cd05f44715f42d1e572a6981,ok,True
P087807,http://documents.worldbank.org/curated/en/588651468776718485/text/30517.txt,200,270690,a1c70ca04ae108df81bf5aa735918f44379d14cd121a7c0acab762ea774b1c51,ok,True
P087811,http://documents.worldbank.org/curated/en/904551468277512125/text/34155.txt,200,200743,332614d050524064c34c223ddd7b0b2e2f48fc0aa0982331fc4b3ddbe394e699,ok,True
P087843,http://documents.worldbank.org/curated/en/835171468772503563/text/290460LS.txt,200,140822,8e467194aced31516eba58168409f8056706e6402bd5ff3a181f0e0b7e0352f5,ok,True
P087945,http://documents.worldbank.org/curated/en/444881468225280913/text/35966.txt,200,262816,dce966ff38706708cce89da126d1eb6aa7dcd886a9f95ab3ab37e893274a73bd,ok,True
P087925,http://documents.worldbank.org/curated/en/931101468205771486/text/32210a.txt,200,211302,e2c4ee733c12ce0ffc17da54ae499023b9ff555b17ade6d0c507ecec2de47f53,ok,True
P087964,http://documents.worldbank.org/curated/en/494451468101968872/text/32379a.txt,200,260310,ad69828bd78515e61aaa615e7fa1984d42996634dc7897575ad9544537610daa,ok,True
P087970,http://documents.worldbank.org/curated/en/466861468234309352/text/32393.txt,200,307817,400ec477977894891089e7fa040479cdbb69693884e6a8991df543d3baba97e7,ok,True
P088009,http://documents.worldbank.org/curated/en/149951468016807403/text/321510rev.txt,200,382543,5ea31abeef53857672379685fc6ca59e0da6a76b524f487f9f3b3db6e6510e48,ok,True
P088030,http://documents.worldbank.org/curated/en/296151468250487123/text/32454a.txt,200,297177,eaae585f32207ea8273d8badf62401eb115f0ccac52805b3bad29506672c5abd,ok,True
P088045,http://documents.worldbank.org/curated/en/999711468047095920/text/32171.txt,200,171650,05346198d219cd0b6a657014899e7648cfa107574d79915267bc7bb8c16cc7b5,ok,True
P088032,http://documents.worldbank.org/curated/en/491721468768032077/text/294320AR.txt,200,620253,88baeebdeb011ab83a081f1f522cefc2a73763eaffe99d2e1e7e05cec4c2ca05,ok,True
P088080,http://documents.worldbank.org/curated/en/248891468752988948/text/276570ME.txt,200,262562,1cc44b83456d0a6beff9d59f069ca4f7e382b39ee5bb0ba4180009e7ec6ef3d6,ok,True
P088150,http://documents.worldbank.org/curated/en/857951468288365938/text/30383.txt,200,250616,145e399614272cbf410d9e36bdb15749d55f4914affac56f4d930eb8a1a7b28c,ok,True
P088153,http://documents.worldbank.org/curated/en/615511468768294612/text/28649.txt,200,274231,d2012645075879052e947a5310c4d650ea58acd3e56dd291fdbfcf32354af5cd,ok,True
P088165,http://documents.worldbank.org/curated/en/210551468145762615/text/339240rev0Pdf.txt,200,213485,1c1d75ec5d32d10d5bead433eaaaa3873f520e77e1e214f88786ce95f10003f8,ok,True
P088220,http://documents.worldbank.org/curated/en/618341468742562373/text/30888.txt,200,403009,a818f9d2b8f10d8175608770c87282a5ecfa6772164273037d91c53d965b6ebe,ok,True
P088252,http://documents.worldbank.org/curated/en/247481468093573741/text/35843.txt,200,220863,966973b85ac250f00c28ef3dd757046334983b8408f86897d7890f763346657d,ok,True
P088319,http://documents.worldbank.org/curated/en/860281468033238619/text/31238a.txt,200,402066,1118ae395c65b5a6f07543e3214f5fc8af505d4342453e4afd08005f973b8e8e,ok,True
P088448,http://documents.worldbank.org/curated/en/955501468288344853/text/31395.txt,200,244230,52dd4b2c63f5417b38f0d73399074a8278b06c991d588ff5732749944fd773ed,ok,True
P088435,http://documents.worldbank.org/curated/en/698821468350100049/text/539190PAD0Box31ly10IDA1R20101012211.txt,200,341498,821f7583de86397a9c19f028c3b1bbd3e3784d36048b27ed45fc28b49e3dd741,ok,True
P088498,http://documents.worldbank.org/curated/en/364601468012941817/text/313360rev.txt,200,287220,5a361ad10d720b809155e28ae3dc43dde93134319387e03d27cff2444439162f,ok,True
P088499,http://documents.worldbank.org/curated/en/796271468741869532/text/29000.txt,200,167080,e52ec1f6db85a22debf5cd48c6b1463241fa2558b742c9de1b0d17fe314f15f5,ok,True
P088520,http://documents.worldbank.org/curated/en/885471468260140391/text/434220PAD0P0881OFFICIAL0USE0ONLY191.txt,200,483551,f19094a89b3577150b74d17f0a0d72e0f9ccee4cad71a97e4563d7cacff4eeda,ok,True
P088544,http://documents.worldbank.org/curated/en/800451468265772459/text/377560IDA1R20071004111.txt,200,412271,cae0eb49c26f3ccd18a88fe0496bed07066ed5013d50690affec8ea054e3f78c,ok,True
P088575,http://documents.worldbank.org/curated/en/219591468037753350/text/34488.txt,200,301274,e60bc465a196c33b8f88170f895c20f69e2044ec8780a0c3ff3077e4b589e2b9,ok,True
P088600,http://documents.worldbank.org/curated/en/675841468273620112/text/402960PAD0P0881Official0use0Only191.txt,200,501719,a6d0ca997de08c2032e206b57a520b0d0e206a338dfe156d22b48e336f205a49,ok,True
P088642,http://documents.worldbank.org/curated/en/334061468037135144/text/32648.txt,200,467657,d71045de15ce4a1d67388309699091b7ddbda416f18f7e7586c9c0417bc89c4b,ok,True
P088656,http://documents.worldbank.org/curated/en/441261468305076285/text/35459.txt,200,400525,df5e8a6d7b34661502364d71b84fe3c0fc30c755386ee812816fe5102bd7bc53,ok,True
P088663,http://documents.worldbank.org/curated/en/134811468769512708/text/31108.txt,200,317596,ad11deffb2d182d4173e5d37f1ac447320c8af4db671634147835eecae72c9b1,ok,True
P088671,http://documents.worldbank.org/curated/en/766731468278088904/text/35042.txt,200,382988,6f9407ab021a3a41af573608c0b154c5616640c537faffeea9179462ca490a74,ok,True
P088716,http://documents.worldbank.org/curated/en/566961468225310105/text/423590PAD0P0881E0ONLY10R20091000211.txt,200,940341,03604f61a68c074a49e0b48079cc4af4653c6d47b92bbfd5f7a76e48da7354ac,ok,True
P088728,http://documents.worldbank.org/curated/en/780271468123887331/text/33894.txt,200,387131,827e7ff23e49e3700ea5138a89e93037f93575d5390195a019694cbda449a16d,ok,True
P088732,http://documents.worldbank.org/curated/en/303191468300671817/text/32666.txt,200,329589,c899c0355a58feddacd776ce6abd5b2609f39b9e6bad5b74656dddb5cc1e1548,ok,True
P088751,http://documents.worldbank.org/curated/en/271101468027645891/text/30855.txt,200,312265,6e3def4fa674b6ebbb304d1060b2378686fd295fef15721947d4f4699b36541d,ok,True
P088759,http://documents.worldbank.org/curated/en/706231468314065171/text/451480PAD0P0881LY10IDA1R20081028911.txt,200,280612,a090481ce7252fd8faca50e74bdb333888cda69095756429e2d6080c29931019,ok,True
P088797,http://documents.worldbank.org/curated/en/915241468033231186/text/33917.txt,200,247913,98f6b7405e85fadf883d50a2beb6dc21e87459c14e030f316224327409e28012,ok,True
P088816,http://documents.worldbank.org/curated/en/994981468287710098/text/32220.txt,200,223764,af90556430c4993483345f20864312c4f5f1d95534e5b048ea00d58ab53bfd61,ok,True
P088809,http://documents.worldbank.org/curated/en/951681468776741086/text/29175.txt,200,313934,289bc89294746fe8df1a58075e5e099a0fe04a2928b0b701fb7f62212ae199da,ok,True
P088799,http://documents.worldbank.org/curated/en/996231468287096942/text/41419optmzd0PY.txt,200,530409,1548928a1f5d489c9ae1465bc420d3c71d19f384d67c4e96fc8f7017d87de734,ok,True
P088824,http://documents.worldbank.org/curated/en/318421468776354871/text/31324.txt,200,202590,0824dec31a8a88c402e7c7a03609a5f6f9255b2802ef8cd1fd79a93f6999a9e0,ok,True
P088828,http://documents.worldbank.org/curated/en/368431468757479562/text/31638.txt,200,264488,a694a70a780cab7494283826aa02ab6936d1af6d0cb258be4665204344d752f3,ok,True
P088857,http://documents.worldbank.org/curated/en/786101468772155944/text/29332CO.txt,200,150076,dad68980495ef473ca8056c4489a8ef96e955d6ba34d8c266d3f1bd2268d4b65,ok,True
P088865,http://documents.worldbank.org/curated/en/746501468753290631/text/31430.txt,200,190004,f42cd829c192235294796bc0bb021969a9b2a1276e1add42adb287f08ff3dadc,ok,True
P088876,http://documents.worldbank.org/curated/en/718661468263061718/text/429990PAD0REVI1480IDASecM2009104101.txt,200,240905,1f63d6ce200c516993c550c03e34e05c4991510ecdd8c194d71eee2d4e1562cd,ok,True
P088867,http://documents.worldbank.org/curated/en/617281468165582712/text/32522a.txt,200,247697,a07dd18022861a8c6067b5bad1a71d7f0374182d544550aca46936703b306616,ok,True
P088929,http://documents.worldbank.org/curated/en/569361468778498043/text/292920TN.txt,200,171579,8863792bee6585b4002f1108d932b27e14c8a7dadc8b05e5a88b77a93fbfca1f,ok,True
P088966,http://documents.worldbank.org/curated/en/457731468019778469/text/426680PAD0P08810only10SecM200810095.txt,200,406136,e4506838a3f8e0ff897ac6f9d25c59f61d7e688ec3f2e9b4a8371b2b5cdc2aa9,ok,True
P088992,http://documents.worldbank.org/curated/en/594341468124166651/text/32067a.txt,200,203844,a6311d9690f45081561501e247e7f12bb79f6df516b4da112c3e8fa114e14624,ok,True
P088926,http://documents.worldbank.org/curated/en/693951468146719055/text/466660PAD0P088101Official0Use0Only1.txt,200,2219399,5fa56bfc925a3cf23426ae8d8b8daf5435cb0e105a10efce76b005e0e55b5f05,ok,True
P089011,http://documents.worldbank.org/curated/en/528681468017951303/text/32315.txt,200,517894,2ae83af094c8fde255b58675133c6c860cc9dbd0945402645cc078ef8f919db0,ok,True
P088996,http://documents.worldbank.org/curated/en/712841468056346275/text/39196.txt,200,599981,4becdfe8f74cbc39f17182ff455b2a34c7c7bebc62799af9f2ddfe9fe85f81e3,ok,True
P089124,http://documents.worldbank.org/curated/en/485881468062647304/text/33629.txt,200,221511,29c8cbb31cef5d51d92def0901c304e3fc1516cb4a3d92901abb2f5fa118b924,ok,True
P089196,http://documents.worldbank.org/curated/en/376001468016742089/text/32050.txt,200,216761,2bb3cf75022bc4150c7afcc94ebbe2b21f002d2a13da47964514dfd5499b7a71,ok,True
P089013,http://documents.worldbank.org/curated/en/254371468238777067/text/350630BR.txt,200,497242,449dc818da99718457183a28269e1d5c04c7f2996d4b4ffc27948e1f6be52243,ok,True
P089259,http://documents.worldbank.org/curated/en/703521468170664710/text/34744.txt,200,307272,89894ec8908af699244df9e001a513f70825e23338e90ffebc4a1e4646f90260,ok,True
P089254,http://documents.worldbank.org/curated/en/484671468113083687/text/357980SN0Revised.txt,200,373927,5c30b699d2e3fdc6163ae85bc2265e2095a2d0aa7a49e5c3926a41662e1cf2b1,ok,True
P089244,http://documents.worldbank.org/curated/en/141351468175445669/text/323700rev.txt,200,308658,0d94dbd5719999fbab5274654109b6df9805bf55777bfa20a807bbf5abb20d7b,ok,True
P089289,http://documents.worldbank.org/curated/en/296841468224689790/text/359520rev0pdf.txt,200,408269,ecf295a61c42a74f78e80ec48d3135de013bed6304d6d55d48a3c9f15f88177c,ok,True
P089297,http://documents.worldbank.org/curated/en/826321468116035283/text/397180idar20071023011.txt,200,364261,64a6134a6fc79f28d8fbc00747679d379869934ac7bc6b12e4569c89af05298f,ok,True
P089326,http://documents.worldbank.org/curated/en/896761468273635389/text/35969.txt,200,352083,60266434c4095b5b8d05325c8c40895684fd58341a2cd3710453c8099bdecb51,ok,True
P089378,http://documents.worldbank.org/curated/en/364141468289828127/text/417610PAD0IDA1R200810019110Box321452B.txt,200,431688,769e488fa7815215f4a9e304a90d0341609d6085dc1b4ab93e55bf2b128e0520,ok,True
P089382,http://documents.worldbank.org/curated/en/902801468199764216/text/34231.txt,200,335329,0a6a1872ecdcdad45dd9658cba253a9d27b5dca8745237a2a764e556217e2a89,ok,True
P089440,http://documents.worldbank.org/curated/en/241791468005391791/text/32941.txt,200,314328,01c47ae3dfe37746a3d92d2dd888e608e4b612abbfd9057abbbb56d5cd414fd1,ok,True
P089443,http://documents.worldbank.org/curated/en/717841468247469037/text/31880.txt,200,309800,984a378dcb7dc552750fa96e94e6b848f1e038efc02ec9df3ab75f9100cf8ae8,ok,True
P089566,http://documents.worldbank.org/curated/en/677371468310170024/text/30512.txt,200,247511,8cd3e07c15954ba89f107a67b9e64a7c297a84b9928b8f8450ccba9cfdeafa05,ok,True
P089479,http://documents.worldbank.org/curated/en/128861468283753678/text/35326.txt,200,455124,29da2fee5b5b3189e6e7a3af208387ba52c8951fe45dc23f9e0045768f495bb1,ok,True
P089672,http://documents.worldbank.org/curated/en/594781468056675864/text/422590PAD0P0891ver0IDA1R20081024711.txt,200,195185,a97cc7768b8d22db8c7cd2bac9d2938cc82ecbf32b5f0667e41dffc83b3f388e,ok,True
P089656,http://documents.worldbank.org/curated/en/334671468054537542/text/32562.txt,200,339804,e09a3c93d12edebb2fdd851d5f253832a7c1e5e7017d523a196e658e62b9079b,ok,True
P089733,http://documents.worldbank.org/curated/en/411431468143681808/text/36104.txt,200,338853,88a170e36b9e064fd111dda525a837bef6bde87272df508bef3ef5e2e2a9d422,ok,True
P089751,http://documents.worldbank.org/curated/en/441501468742841526/text/30874A0AZ.txt,200,124668,25e17172decefc544594b4df0e7b1769881fa4672875077c8a331a864a327de5,ok,True
P089793,http://documents.worldbank.org/curated/en/491471468227647218/text/34616.txt,200,250505,2b865a5488c92a1734738955fd3b4d0c5d173b7830a5701cfd423a50268b3ae9,ok,True
P089761,http://documents.worldbank.org/curated/en/161821468163761893/text/417730PAD0P0891ly10IDA1R20081003611.txt,200,282920,f62f88566c4fcd7b134459422085c35bde1d8a3db66bd21b438b136f83f3cc44,ok,True
P089839,http://documents.worldbank.org/curated/en/173391468037772734/text/38080.txt,200,314777,3a6577eec2cbae747e363ff3787e6441c43b5ec0add931e0fe000f38f4ba2b43,ok,True
P089865,http://documents.worldbank.org/curated/en/260001468300550716/text/31146.txt,200,217620,383cdada7b751f6ddcce3bee653e86a2acc4496946bcacf7ef113e28753bfa86,ok,True
P089859,http://documents.worldbank.org/curated/en/797681468054539895/text/35506.txt,200,278278,724bcb6b102aaeb336acc58645eb26f5d9e0cc0f6af9866aaa4efd5f35f95d5b,ok,True
P089866,http://documents.worldbank.org/curated/en/365561468233351122/text/418990PAD0P08917365B01off0use0only1.txt,200,282558,65bb9ffaa99fab367ba879abbe85902bf9fe1167b5d4a4a8579a773b6465a14d,ok,True
P089926,http://documents.worldbank.org/curated/en/617781468005672819/text/34514.txt,200,341003,d7447f829800b6beb384b902e50eab9953104f31506a5a709171c7fb4036f7ef,ok,True
P089898,http://documents.worldbank.org/curated/en/112401468282869375/text/367120Replacement0Box311201B01PUBLIC1.txt,200,592457,a0b72f9ef760845970a5ea24d976d70c520d3fbbf136b943c57021dc3970dc01,ok,True
P089929,http://documents.worldbank.org/curated/en/764101468016806480/text/35454.txt,200,409682,ee058c7d855134a076a584557a0de2988ddee78d2895f5675dc45627005c75a3,ok,True
P090010,http://documents.worldbank.org/curated/en/742791468248989032/text/362990CORRIGENDUM0R20071015712.txt,200,339092,f09c10ba099cd3ea1b88e6c0ab67b09e9bacce85a72a093e1ce20917e6c2599f,ok,True
P089985,http://documents.worldbank.org/curated/en/475031468041939277/text/510610PAD0P089101Official0Use0Only1.txt,200,351994,25139a7984c5d877bd1fd7c178bc2c4058e23f1b5f60315bdebf5a6e6a1d9aee,ok,True
P090073,http://documents.worldbank.org/curated/en/967581468247799882/text/R20060002902.txt,200,256569,b3e8b98949a00e45e5b9c1eee9312cee09cbe3b68761824691b0fb05d5e17fd9,ok,True
P090037,http://documents.worldbank.org/curated/en/628241468279327583/text/33862.txt,200,474093,5bc425facb60353c368cb06c8933b3555fd26e0739a2fb0d98a6ade4dc7a19d9,ok,True
P090041,http://documents.worldbank.org/curated/en/866711468021549114/text/30884a.txt,200,299704,2768cdf9aea66d0aba6c14708ef673a947b0d3dbb29fe29a7f1f941f84d708dd,ok,True
P090075,http://documents.worldbank.org/curated/en/766581468052446600/text/39308.txt,200,303632,2cff8d305f21d62c2ac4bff5cb9b048744e8c3b6e868e2902cf9eac8706d230f,ok,True
P090104,http://documents.worldbank.org/curated/en/330031468290436413/text/321640rev.txt,200,448259,bae72b521e8e1d25650a9fb93f3f98f1da99df8c9fb59f82af6fcfb7bbc6feb3,ok,True
P090116,http://documents.worldbank.org/curated/en/136281468145167904/text/32686010PE.txt,200,401999,7c270e76362f06839a5d35d926572223beb58f92a0afeef1a5347922048bb14b,ok,True
P090119,http://documents.worldbank.org/curated/en/371131468217807365/text/438400PAD0P09010161101OFF0USE0ONLY1.txt,200,267516,258a3499a10b1f851b1ab6866368b8bbd0f7a59df2fde35217ec926852546935,ok,True
P090157,http://documents.worldbank.org/curated/en/789041468205493325/text/508880PAD0P090101Official0Use0Only1.txt,200,292846,9bf1f86c6cba92b870e8f770682acc4e22ceaed0a4c8e2332f2cd5f1520ee3bb,ok,True
P090135,http://documents.worldbank.org/curated/en/941931468333927745/text/421340PAD0P0901nly10IDAR20081004911.txt,200,443131,39fae3c107a347870d01d490b9a390abf2c3c2ee08ce0caacea4ae4d3f4c5aad,ok,True
P090194,http://documents.worldbank.org/curated/en/371651468781534561/text/30253.txt,200,276496,bd030ab8a8b61ef6fd3ff988cc02754cbb5656dc2ad27dc919658b67dfba22e1,ok,True
P090309,http://documents.worldbank.org/curated/en/744301468294625461/text/33987.txt,200,258515,c0a6f3bcba23fa9e775dccc43c5cd4bad352ad5979e4a21503caff2abab5c9f2,ok,True
P090265,http://documents.worldbank.org/curated/en/835291468236642913/text/33002.txt,200,331315,e8c487b9c985778ed6341673d93d2db1764c7fe86d6d582e15a224a3ec7340a2,ok,True
P090336,http://documents.worldbank.org/curated/en/595351468239659759/text/36424.txt,200,237792,e745a75d986bfd32384db199d19525f7849fd559b0dda229b1d0c2757f118ad0,ok,True
P090340,http://documents.worldbank.org/curated/en/537231468277190773/text/334240REV0pdf.txt,200,261457,e4d7f67ba19f616befa1b85c075bb58d047f2b881cbbce3647382a44575ee139,ok,True
P090335,http://documents.worldbank.org/curated/en/912551468015277187/text/432490PAD0REVI17391B01OFF0USE0ONLY1.txt,200,574027,7bc0c80c915345053b71c8ff9f6ca72270888824572294a1d565c0692a62b757,ok,True
P090376,http://documents.worldbank.org/curated/en/970281468216942240/text/495650PAD0P090101Official0Use0Only1.txt,200,321053,926bf66710b4dfe69c283c0c7e943b8ea7c73776485c03cbd86a3bc4d6774ed2,ok,True
P090418,http://documents.worldbank.org/curated/en/230731468334320355/text/31655.txt,200,176387,9c559017f8cbcdf3b08df374080f4a9e555d4d6f8628907d6d16fca780fe2405,ok,True
P090501,http://documents.worldbank.org/curated/en/280181468289824118/text/36450.txt,200,297940,46e01e612ee6200018f0212f9ff3df4eb10d4e6398304b8b793ab6cb3b1b5e1a,ok,True
P090567,http://documents.worldbank.org/curated/en/169141468089666698/text/31028.txt,200,333072,d60996a7ba4c9af5baae17ea3021654bbe11d5078637b3c875cd662358e7df02,ok,True
P090585,http://documents.worldbank.org/curated/en/938441468267343027/text/37561.txt,200,359081,654911600fe94fa7a36e7800705009d0df5b9fb145b45cb25867f853576d4545,ok,True
P090592,http://documents.worldbank.org/curated/en/512231468253187392/text/37377.txt,200,440178,9847d6fa643f005a2f53ea83ce704bd081d22de8a71df886014b4dd12d53a5e3,ok,True
P090615,http://documents.worldbank.org/curated/en/895411468056083484/text/32319a.txt,200,259800,0eb584deaf5d5bd3fc9244e02ce4b87fc4c5e10989bef1b5e2e4a9cb75439536,ok,True
P090389,http://documents.worldbank.org/curated/en/223371468315551647/text/40503optmzd0UA.txt,200,3676728,4f223ab17a248d5accf1f62e2c79784f86043a4a6ed362b2fccba67661130280,ok,True
P090644,http://documents.worldbank.org/curated/en/367081468333932605/text/416340PAD0P0901y100IDA1R20081022011.txt,200,299088,469af26a127878bc98a1d135b8d9789ea8cad692bc670115fdba085967e0e935,ok,True
P090656,http://documents.worldbank.org/curated/en/241581468203362559/text/31321a.txt,200,241634,eb2b910a0e14986de9941624adeb1b97dbe5cbcd73c954e74795a76eda5e6aea,ok,True
P090666,http://documents.worldbank.org/curated/en/354191468199778252/text/35510.txt,200,337089,af58df9ed0d2bee5b9e91b0f80ee5874fd838f283d434836e14ab87500fe5c0f,ok,True
P090673,http://documents.worldbank.org/curated/en/814291468277190477/text/35377.txt,200,485418,fa40668d0a07ee989c8e9f99976fc3cda904e13a31fdaf9a243febb6e49e6426,ok,True
P090693,http://documents.worldbank.org/curated/en/398981468047748698/text/32485a.txt,200,265699,10a3569782292ff848edc1ba7697b8c4f3c4f9438945b3039fa86e95e5b7fcd6,ok,True
P090675,http://documents.worldbank.org/curated/en/941421468201578282/text/479060PAD0P090101Official0use0only1.txt,200,250625,de9057a68a9e767acca3f39e8f5b2d0177abf350bb3e08bd905bb7f2829efc3f,ok,True
P090695,http://documents.worldbank.org/curated/en/113881468273285810/text/41821.txt,200,347203,cb7e775d266750621d35ffc82764a913401a5431be8de0df415f53ec44bf7c3d,ok,True
P090712,http://documents.worldbank.org/curated/en/344941468033599487/text/495570PAD0Box31ly10IDA1R20091025011.txt,200,364356,8d3e7f6dc475cec897bc92481abcd2f8b67eaeffca9d6742992797949bd6b530,ok,True
P090723,http://documents.worldbank.org/curated/en/276741468328186419/text/501610PAD0P0901ly10IDA1R20091024411.txt,200,359780,89a5ef6bb75cb9bc902f7d501d4146cb0493440195117cbcda42ae3b8ad85008,ok,True
P090731,http://documents.worldbank.org/curated/en/625681468011433898/text/34152.txt,200,384989,8e7e6543cb77f6422d9cc6aa97b8f174a31d3a97742233614bc7ecbea8e828a7,ok,True
P090768,http://documents.worldbank.org/curated/en/570481468035338407/text/37877.txt,200,366284,29f550c2b056b745f164148dbb3d1f8ea1eb08f3318db34e5d8b8ea4d8430f83,ok,True
P090764,http://documents.worldbank.org/curated/en/675101468269084791/text/39039.txt,200,306310,997842de9e00b7740c71efad700a76dadefa92fee23e2866a8e71ca285ca02b8,ok,True
P090807,http://documents.worldbank.org/curated/en/795911467998484082/text/535490PAD0P090101Official0Use0Only1.txt,200,446161,c66a81a1a5f51b4e11794dc73a1131d525e596eb140409fc699872c9f5ce5868,ok,True
P090884,http://documents.worldbank.org/curated/en/655081468299078045/text/348690REV0pdf.txt,200,176636,0b82d83e80357c18df9bad35ad60617eb5a6a3217f4dac264c1765f62e3d8ff5,ok,True
P090867,http://documents.worldbank.org/curated/en/884741468311072080/text/392200UG.txt,200,350805,710d10e055e01509da477b6498230662a81acb97e7019c020d4e2b2f3470f90b,ok,True
P090887,http://documents.worldbank.org/curated/en/481311468002972503/text/36335.txt,200,353459,4c8c1b4385b37029d8a38c57aca3ad5a1fd5c9095f9795801fe114d6648a8284,ok,True
P090967,http://documents.worldbank.org/curated/en/118371468053933886/text/34916core.txt,200,405397,fecf12fcc24b40e2ecbd5f1907f297ed7e48f46ab627e9234f3721f7f5739af9,ok,True
P090990,http://documents.worldbank.org/curated/en/851221468040552531/text/555930PAD0P0901e0only1910BOX358351B.txt,200,187075,d5987ca26c72eb118607fa95f7738bb535c5b35123a6a1ecafa39e59f6224a49,ok,True
P090993,http://documents.worldbank.org/curated/en/997191468194073921/text/37292.txt,200,446507,0b066a06bd6aadb615a99b9f366c55bba0015ae9d54c4a45294269aa84b1eac1,ok,True
P090991,http://documents.worldbank.org/curated/en/527751468257955594/text/388600PAD0P090101Official0use0only1.txt,200,442237,46489392c57789abb4287dadfb2153f1f49f0fed34594930d95408e2bb509d08,ok,True
P091020,http://documents.worldbank.org/curated/en/675161468242380961/text/35201.txt,200,615924,1a152b54636c7bf4021ad6d68f9892cc70a8c4ec0eb6d8d50a7a7fcce349f306,ok,True
P091031,http://documents.worldbank.org/curated/en/385481468042543462/text/543640PAD0P091101Official0Use0Only1.txt,200,459313,10fad5893031e5b54e3d20071324c0a367986e762aa386d7e5c543957e262156,ok,True
P091077,http://documents.worldbank.org/curated/en/221281468256198802/text/39696.txt,200,371655,64e6887c7550a1c2b9d7f46ec5c28f4ed4e5e78dbc18104fd5062df9378c2fa6,ok,True
P091297,http://documents.worldbank.org/curated/en/417301468252294279/text/37695.txt,200,293261,8683c469f22e6e2f8d48533e84d804d555aad96267c00b166ad5e05fac8456b3,ok,True
P091092,http://documents.worldbank.org/curated/en/552721468243903043/text/465450PAD0Repl120080IDAR20081031113.txt,200,705075,f61b00e602253a8534375295453c86e3f7083c063a2f4e955205e3f646ceb851,ok,True
P091299,http://documents.worldbank.org/curated/en/168321468285879410/text/34741.txt,200,464099,ae92fe2a202c5addea66eb6ff297996d48441aeb8023f593436826e057a5c581,ok,True
P091695,http://documents.worldbank.org/curated/en/377331468280739096/text/32795a.txt,200,221328,99b3f3c300bcfda7a1d48fa3fa64844fa26d08c8819a3b24c658bf50c35ca382,ok,True
P091715,http://documents.worldbank.org/curated/en/508471468246028983/text/34939.txt,200,269926,ba145db7888f58292cc101dead657fea4533e57f013dabcb877e4542355cb2b4,ok,True
P091723,http://documents.worldbank.org/curated/en/590961468086050853/text/37971main.txt,200,247767,6ff9db1940beaacca926c4e265a56fd7e3075de5f9b65161ed6e3032d877acd2,ok,True
P091787,http://documents.worldbank.org/curated/en/384621468758401045/text/31334.txt,200,177982,a6beed5928df6fc3e050f7603a3b461d4fec9ed4118361de4df8b779c2f410a7,ok,True
P091827,http://documents.worldbank.org/curated/en/314541468223198332/text/327800PAD0P091101Official0Use0Only1.txt,200,553384,bab07b85a8130914c00a7edc584e2dd5e4bf18203f18c537ec298e150cb6b310,ok,True
P091747,http://documents.worldbank.org/curated/en/223441468129275280/text/475220PAD0P091101Official0Use0Only1.txt,200,1031936,f1a72a132308c37023f9cbd9f7268b1b98429dd2af466aeb6f8bc961b77b7e04,ok,True
P091828,http://documents.worldbank.org/curated/en/880481468122955774/text/470650PAD0Box31e0only10R20091022611.txt,200,349732,15d1e7716cecfd043df849d65b8bf339f7c939074bf2f2b43cfd75a9c2704cf1,ok,True
P091932,http://documents.worldbank.org/curated/en/814951468021881522/text/35125.txt,200,477694,a7f6224f8f8984b81e93d4d3c4508ea47d0ed0eb02855b7c2742f83e8125d579,ok,True
P091945,http://documents.worldbank.org/curated/en/939991468247489394/text/34779.txt,200,289366,28f5393ef96731aa1f0fa902081407679bfbd7b593e8293efa9a3220c30f5869,ok,True
P091949,http://documents.worldbank.org/curated/en/482331468220790745/text/408660PAD0P0911e0only10R20081003311.txt,200,348609,5de1a696748abb8aa6ede21a3d03b682bd0b6f4557e5205ee3aba6c614efd882,ok,True
P092055,http://documents.worldbank.org/curated/en/139251468304247155/text/381230PAD0P092101official0use0only1.txt,200,158393,9f2584bb9acacea17c787b9fa6e5a30331999a415978b1098b5972ff53f05121,ok,True
P091950,http://documents.worldbank.org/curated/en/910331468219289181/text/449130PAD0P091101Official0Use0Only1.txt,200,415781,ed1ba43ed12b980c897e7e020e1bc3be570c9e74d6d872e69491ee69972ddaf4,ok,True
P092202,http://documents.worldbank.org/curated/en/152551468233953972/text/33759.txt,200,405597,d520d15df6dd9967b6b8c9409da542a79b1d4d2fe6f2ae2803a36e7cb4c17144,ok,True
P092218,http://documents.worldbank.org/curated/en/556321468044654689/text/486390PAD0P092101Official0Use0Only1.txt,200,371829,3c0f0a1b24fc6e2931b4cb779d006539599e8ad1a5282cfbca20b37403777fd6,ok,True
P092353,http://documents.worldbank.org/curated/en/454731468256452428/text/39866.txt,200,404629,f023504926a7ba94f3734032c49155e15e5e7453cdb9ec7944c4a3a9716c1986,ok,True
P092429,http://documents.worldbank.org/curated/en/181761468325255796/text/39971main.txt,200,243011,442f020bf5f2b1c2df7a3dc7b636df8df446d55d8c5ef421d29edae4e3ceef01,ok,True
P092484,http://documents.worldbank.org/curated/en/399831468121485764/text/338030REV0TP0IDA1R20061003011.txt,200,385001,fd1ce2622d92656c4dddb8ba21961242369b093b494c49352fdd04a40c6ca685,ok,True
P092618,http://documents.worldbank.org/curated/en/455061468023929754/text/38378.txt,200,406853,8a9cdd32eeb87e2016b1dd688d144265df2d98646de86a5c922860af68470896,ok,True
P092537,http://documents.worldbank.org/curated/en/751691468244522905/text/530530PAD0P092101Official0Use0Only1.txt,200,574263,8aa0e7eae787f83e699c4030e3ff878ecb083b912f8128de4a8223c854ee609a,ok,True
P092724,http://documents.worldbank.org/curated/en/877291468247289958/text/491690PAD0P092101Official0Use0Only1.txt,200,483181,7c797bf5df44ebf0871e99b225bba980a3f38531e3f6867ebb2ccd4a5f7f18fc,ok,True
P092735,http://documents.worldbank.org/curated/en/483851468051265487/text/34908.txt,200,383372,ceccbfc07b26cde61f8626ca12b0264004fc7bae81765b9b143b86e494381a25,ok,True
P092786,http://documents.worldbank.org/curated/en/792961468299076293/text/R20050000201.txt,200,193979,1e3827637e794f818102240258aeff14c17195a00e166980a932f15f69befc5d,ok,True
P092836,http://documents.worldbank.org/curated/en/981571468191935346/text/319700rev.txt,200,283737,d4c7f79ee14f9f80f8138b93ec330849a64195db2dbb436e553a935306c4255f,ok,True
P092898,http://documents.worldbank.org/curated/en/712121468311399177/text/40743.txt,200,389006,1459f9d81902b07723a89bdac226d13d117356614ba404773ced24757b884c72,ok,True
P092837,http://documents.worldbank.org/curated/en/695801468175737916/text/509770PAD0P092101Official0Use0only1.txt,200,365617,2b56a1f5524995ddcb8eaf7e4bc2778265a0d1b9aff4eabe45230f3d3bce9ca1,ok,True
P092965,http://documents.worldbank.org/curated/en/567181468287710819/text/35066.txt,200,245474,49ad8e13fe262c7f1f9f1b51dfb63510e2a15b39045d2c2c8ee7192cc0d345bf,ok,True
P092986,http://documents.worldbank.org/curated/en/604841468254348722/text/33791.txt,200,306353,b62531efb85d4cc1897e4dd938e7cbe8670717923a56e93fe789cf69d1ecbb55,ok,True
P092990,http://documents.worldbank.org/curated/en/429331468226767189/text/32005.txt,200,437068,166a9d0d61495f2a9ffa2b3805a9cf05eb5703c7e913e0caf9e78f783eb00ec8,ok,True
P092999,http://documents.worldbank.org/curated/en/737971468115755448/text/39894.txt,200,309360,386b351175d74749a9867c89388e944000eaf3bd716dbbc6dceab982ef064750,ok,True
P093096,http://documents.worldbank.org/curated/en/310991468093588020/text/361810rev0pdf.txt,200,290766,917fd9f9af456246de8931cc30cfae2b8baa20f3c51c0e7e5f80adce47a60ef7,ok,True
P093050,http://documents.worldbank.org/curated/en/851241468096244609/text/36055.txt,200,262175,6c9bd78d170ee9828335ec786c78fe778cccdfffc8236f5d88e57858ad796455,ok,True
P093132,http://documents.worldbank.org/curated/en/654631468302954614/text/397080REPLACEM101Official0Use0ONLY1.txt,200,422144,39506a635bfcbfc391991c07adaddad21460303e507c4c260d49dba65d202bfe,ok,True
P093165,http://documents.worldbank.org/curated/en/530291468054276234/text/35466.txt,200,515358,00c5f255a9e432726341820b454fdad1a4f8c24e462a132d1649b94b88d07d86,ok,True
P093201,http://documents.worldbank.org/curated/en/802831468283736915/text/435930REPLACME12008100171201PUBLIC1.txt,200,294154,7285e00bc053e14e825ac350859f48c9c1c20588f161966dae545b286e561615,ok,True
P093294,http://documents.worldbank.org/curated/en/205081468059677392/text/31928.txt,200,213983,58d8d649e5fda626676e90a87594f8c9697002a289b62d8f3a9d65738424a8a5,ok,True
P093461,http://documents.worldbank.org/curated/en/924131468053960826/text/34253.txt,200,319037,bd9726a3ec1fd30f6532fd3b3d643a49535ea41e3454c0f1dfdb2ce81b97fa8a,ok,True
P093384,http://documents.worldbank.org/curated/en/553001468018606751/text/36084.txt,200,443230,43adbcdac62be14bf1d5ea7ad93c25f8a12cc1baec619a9fdd9d4243a5517363,ok,True
P093470,http://documents.worldbank.org/curated/en/644981468037491868/text/36379.txt,200,239703,3b5a51b74065386d0d9e1f47bf5edc94a69188a031094de491dbf88c2fab0a31,ok,True
P093478,http://documents.worldbank.org/curated/en/741531468051855319/text/411980PAD0P0931ly10IDA1R20081023711.txt,200,361131,d95824c590a759ad9844809597f320ec30381bd60c98274cbb26a63195bab4b0,ok,True
P093568,http://documents.worldbank.org/curated/en/318771468121762634/text/31440.txt,200,211977,a001a4b21c556c35c5e4cfd6a9405b7d7a4da082a836d8b25ab2bdff6c264706,ok,True
P093491,http://documents.worldbank.org/curated/en/552301468004233484/text/34001.txt,200,442993,8358c30b568f837c1829dfcb8309f3780d2c19220c3577aa58a53de3471a26ea,ok,True
P093610,http://documents.worldbank.org/curated/en/232551468029685847/text/366720rev0pdf.txt,200,376795,a9b6a2d70e1ec543a3feba4ee2887b1bfc14b33ffb11a47470979a5c150cda2d,ok,True
P093622,http://documents.worldbank.org/curated/en/957511468303834541/text/35493.txt,200,386910,fec87288fdc93aa9bb3db1b8718ddfcd9d2c2cd3384a1a4a6e588ded4eb204c5,ok,True
P093640,http://documents.worldbank.org/curated/en/526431468033639896/text/32634a.txt,200,262832,32098fc2003e09504daf681c3f3f1d4cbefd91e30ea34ee3225a76bb61f39188,ok,True
P093699,http://documents.worldbank.org/curated/en/161401468010214191/text/393590PAD0P0931y100IDA1R20081023611.txt,200,379290,d973c43cf55b28a040897957d1326fc593e96826b37a3b377faaef5d105fbf86,ok,True
P093719,http://documents.worldbank.org/curated/en/410951468274294088/text/449160PAD0P0931e0only10R20101010911.txt,200,269920,11a83ef800adfabe196c6c32fac2295d246935e212848bf8280ceee7b9ebdfbd,ok,True
P093720,http://documents.worldbank.org/curated/en/781111468260343791/text/33434.txt,200,207900,be5972f64d0018bfec01850e5fa2cebe12a2f5d019beaf20f431b1c2a63a6963,ok,True
P093765,http://documents.worldbank.org/curated/en/328541468111258147/text/34140.txt,200,319120,baa555389a762c98e2dc9f770966892106a159df6b99bde8b5e458f2e702ef2e,ok,True
P093767,http://documents.worldbank.org/curated/en/816551468032384495/text/37320.txt,200,814338,54f15f484368ad2648961a5a3e8ad5cbad225e6b333cf9a76f5b11727670c0c4,ok,True
P093775,http://documents.worldbank.org/curated/en/711521468093583902/text/41094main.txt,200,366933,03089a6bdea8072008b19b5dc7db91e07dcbb87825a14c68c7bc8583509397b6,ok,True
P093787,http://documents.worldbank.org/curated/en/354011468238507970/text/33150.txt,200,237176,d9609c646346754be70f0fa3c9a5b6282ec74a0968937c4d7a3944030ca8d41d,ok,True
P093812,http://documents.worldbank.org/curated/en/183111468092674919/text/35702.txt,200,274034,c516fd31be9157e09047c09b4b9a61f5e2f778fa1eeffd8ac1b75f966737ee03,ok,True
P093806,http://documents.worldbank.org/curated/en/116281468203037442/text/39490.txt,200,484243,e7b578a601948c18e479589cf4b7c74bb5471375a1f90652e03be852840dfbef,ok,True
P093882,http://documents.worldbank.org/curated/en/308771468018859464/text/380670PAD0P09317369B01off0use0only1.txt,200,254902,148a163a14f71ebb79e68afef22df9497d025f3484c824097efda7ff4a62a9b3,ok,True
P093826,http://documents.worldbank.org/curated/en/247011468204863378/text/34945.txt,200,391114,d10a8998650906ce4d073288f06472e9baced71e181ce195c969ecd8cbc85390,ok,True
P093936,http://documents.worldbank.org/curated/en/127331468035031335/text/32147.txt,200,241369,c1f12bc8c9d92599ceef9828d271c9bdb8051efc068ab4d98cbd95a23348783c,ok,True
P093906,http://documents.worldbank.org/curated/en/852071468217789813/text/34673.txt,200,402224,3502949067b7a6708d8b4179382e4340e5b95a499c318293549f1bd48cb309f6,ok,True
P093987,http://documents.worldbank.org/curated/en/228011468223770045/text/35738.txt,200,321999,1a24dd19d23c88538a3de202684afee22266734fc7c215082678725c2fc3de45,ok,True
P093963,http://documents.worldbank.org/curated/en/841101468011446079/text/408650REPLACEMENT0FILE0R20071024411.txt,200,353786,e2b71ae55d7a496b02d73060e93a018056e00844b94d3e88cf73c05348e6f91f,ok,True
P093991,http://documents.worldbank.org/curated/en/771651468299142446/text/36189.txt,200,305557,488a4bdc3e063ccb142c78f6beb0124f6c31b1ca8c662696323ced591dfe0ab1,ok,True
P093988,http://documents.worldbank.org/curated/en/571241468014343118/text/449350PAD0P0931LY10IDA1R20081029911.txt,200,458609,7fabbe79effaf8b92c335b80a6aeb1f00ee2d4b6219ca004101cd302e9663547,ok,True
P094018,http://documents.worldbank.org/curated/en/503251468235150919/text/37164.txt,200,291307,0fdb0afb27ddae118a328c7377dcf340164b0c68d185cca25cec6877dad16e70,ok,True
P094007,http://documents.worldbank.org/curated/en/733151468062953110/text/351180rev0pdf.txt,200,504748,a1be2949dab9127b58a6628da3de7f499654e2a19161880ec9283b17e74ecad0,ok,True
P094042,http://documents.worldbank.org/curated/en/955251468317973714/text/33484.txt,200,358325,69837a2df8e120f02fbd6ba9eeb5552bb28940972ee2c23404f65af3a4bb8c25,ok,True
P094044,http://documents.worldbank.org/curated/en/451921468032946081/text/399460GE.txt,200,327100,b5123763f14e25614621f2157296dc996fabef9b36bfb8514ecdf6874057feec,ok,True
P094055,http://documents.worldbank.org/curated/en/581311468132585387/text/482980PAD0P094101Official0Use0Only1.txt,200,391385,88a51be8ac52bfa955e1270bc35ccc4812752414baadbd11f6a6e63f09d9dd52,ok,True
P094063,http://documents.worldbank.org/curated/en/788731468145775421/text/35445.txt,200,420529,6356538a2ce09356ac3a5c182453aeac2ff479726c93b31d7656b83e924e39e1,ok,True
P094084,http://documents.worldbank.org/curated/en/936641468004456685/text/38692.txt,200,312392,29a552a3951c35daeeb90a4eef9f6ec426e0d7f3db532231880be4eca80a5fd2,ok,True
P094086,http://documents.worldbank.org/curated/en/850691468146692876/text/34999.txt,200,331218,d17c3add7021cd7306c953fd9cca11260120cc3643c569d28b091f527d9ff817,ok,True
P094103,http://documents.worldbank.org/curated/en/179231468194359699/text/388900v10IDA1R20071005511.txt,200,170169,f479d5922ade2b7517d9d2bf6b56fa51ac3a91ef1424d4cdab20e28c07bc6c1a,ok,True
P094167,http://documents.worldbank.org/curated/en/793731468122074596/text/31738.txt,200,230097,46b872c4d3e9ecc9acb8865eabdc9d95024c1fefe6052ae32e845b73e0779e50,ok,True
P094183,http://documents.worldbank.org/curated/en/204411467992765070/text/741380PAD0P0940Official0Use0Only090.txt,200,330649,805dbfbde8c7384ea0fa8406fd1126ae118d8280e101327a17e207318902ea88,ok,True
P094176,http://documents.worldbank.org/curated/en/151311468760499034/text/31703.txt,200,229446,e4dcd07bbb0db49c1a8963943d0f79264adc0227c5f5a38009d5659305d8aafe,ok,True
P094212,http://documents.worldbank.org/curated/en/358981468116047219/text/39846.txt,200,345158,75177c1e60060e70a96882e312726301c346efab636a01f6cda313afdfbe10ec,ok,True
P094199,http://documents.worldbank.org/curated/en/914681468226447406/text/39931.txt,200,361569,fb84622568a40d885324eac04e792379231f58f6b289043e3cde19aab5538bb8,ok,True
P094220,http://documents.worldbank.org/curated/en/874061468221395996/text/35360.txt,200,342825,51c961d6f0856990f129e0362b1f8ac74dc83bf2cdfc87c213cc34f0f91b8b42,ok,True
P094225,http://documents.worldbank.org/curated/en/957051468212080837/text/36381.txt,200,331937,2727d5a3d17972ff83c236b83d80b133fa2f4ba764d21f703ed935760328a850,ok,True
P094278,http://documents.worldbank.org/curated/en/845041468056334610/text/358490corr.txt,200,302527,923cd8d28e4da9a09d08ea85bca4fbb7179ceea0f0d630712572ce9f1ef387d6,ok,True
P094233,http://documents.worldbank.org/curated/en/974551468229501272/text/405470PAD0REVI1ORD0GEF1R20081002113.txt,200,343179,e87dd7051e863eb60b76dcc08adce19142b83aafa59dc82c0ef51ed94a12e2bc,ok,True
P094307,http://documents.worldbank.org/curated/en/425381468300853535/text/515580PAD0P094101Official0Use0Only1.txt,200,306775,b07076fbe3415fed702e0969af2c3e034b4ff4baef1548459656be7ee562e8e1,ok,True
P094311,http://documents.worldbank.org/curated/en/321771468233680957/text/421930PAD0P0941e0only10R20081003811.txt,200,365266,5c0f7756536e497ab31ca1561278ad3e5a9bc1dab527f5f1dde73cb8ba4fc58e,ok,True
P094315,http://documents.worldbank.org/curated/en/375991468020653264/text/443280PAD0P09410cover0SecM200810296.txt,200,396080,b40d736bf79561ae23f3f5357af6fe449f9e1a2e6f621b8ef878c7d90e482d98,ok,True
P094321,http://documents.worldbank.org/curated/en/547611468031753296/text/34978.txt,200,287489,c8275e7bf007f5119692ef34ca3b7030d8230421433f1895327811b76d9afb4d,ok,True
P094335,http://documents.worldbank.org/curated/en/733161468147015098/text/544870PAD0P094101Official0Use0Only1.txt,200,453875,ac3b2d3c0aebcba8f6d14afb199564d41945906caf610fc5d7a186ab9b325e49,ok,True
P094416,http://documents.worldbank.org/curated/en/812241468101370644/text/31878.txt,200,332113,f1eff7e514543af35941df94c7c09507fcdb0ca9630d6879c04fcdd8c6c9aa6c,ok,True
P094360,http://documents.worldbank.org/curated/en/718261468281398379/text/435720Revised01over0DA1R20081024011.txt,200,1045406,5f35321a9d3d3828e8fda5546d494445c61ab952e117150a8afee8081e206c76,ok,True
P094488,http://documents.worldbank.org/curated/en/969041468010270401/text/34016.txt,200,234884,256ada7c905b194daba3241e5d95ba24c57a132eedf787579ebd2ed330af2e0f,ok,True
P094539,http://documents.worldbank.org/curated/en/507341468298481367/text/38539.txt,200,205026,d86361b83d76ba539882e2ef468ceb3d10eb0a046c3e252f81774a008a07fbb2,ok,True
P094694,http://documents.worldbank.org/curated/en/133511468248691150/text/31853a.txt,200,375215,11e62e48031eced923cb719a6ad0bb12584ebad993a64a862b72f1ec164375e6,ok,True
P094692,http://documents.worldbank.org/curated/en/174951468046751667/text/544860PAD0P094101Official0Use0Only1.txt,200,601346,13a5a3b5e06eb6df7d7e72f49d9e4e55c1fc6735be614a54718781e9b2fa0b84,ok,True
P094704,http://documents.worldbank.org/curated/en/500631468246366412/text/36272.txt,200,210050,1cd66215240aa731fc6e745f94088c55fba91b3bb67a6dd6f17b164c59073101,ok,True
P094715,http://documents.worldbank.org/curated/en/875111468020704813/text/390110PAD0Box01ber0GEF1R20081000111.txt,200,641178,4d91302a75e9398859a281c233bb09187f23e5da991530160cdf69f087334a59,ok,True
P094755,http://documents.worldbank.org/curated/en/283341468340753068/text/537660PAD0Revi1rd10IDA1R20111001011.txt,200,495620,9c16dfa3d70d7f35f99ed3624c0c806a04e5c80aab79eb85c49bf13514bcb20e,ok,True
P094869,http://documents.worldbank.org/curated/en/644741468027597915/text/378190DM0IDA1R20071002411.txt,200,216814,112fee65da49ad833447ed666d1674ad7253814d27b8bbfc094372d15a3d70cf,ok,True
P094784,http://documents.worldbank.org/curated/en/590961468234291990/text/412380EC.txt,200,404470,2bdd20d460685f01684e6e4f0976249cb641484f1263a54776b6a47102e3bcdb,ok,True
P094916,http://documents.worldbank.org/curated/en/917951468008413108/text/36360.txt,200,253577,755ea8ca67076fe4ae18a929b822f13477871397ff2b97a205c957eba6ee4b4a,ok,True
P094917,http://documents.worldbank.org/curated/en/521621468008716086/text/36361.txt,200,324570,8c7e9ff82d32e06467aa6f32d9f6f96827d5998c4ccbe26bed55e08ec847e7d6,ok,True
P094919,http://documents.worldbank.org/curated/en/326761468192866533/text/607890PAD0P0940e0only0900BOX361489B.txt,200,330499,bd9a082efd7c265bf78726703cde6348823489861ce0f9dfb159655b4a7bc6e0,ok,True
P095003,http://documents.worldbank.org/curated/en/307981468078231546/text/655860PAD0P095090601200SIMULT0DISCL.txt,200,259770,52598e609b1b2a3acfd654e7bd120b1e80c6c02e470b27e979e1c908f7352d1e,ok,True
P095012,http://documents.worldbank.org/curated/en/814331468122345508/text/356110TN0R20071003011.txt,200,290574,5d8e8c37fbae7379ce9c1a247bee844e6ecc9023ed76030dcf54be1c8a96009b,ok,True
P095050,http://documents.worldbank.org/curated/en/584531468285619738/text/37982.txt,200,577511,9d15f639280f30c14572036a93a00c1437ddaaba054baca44184f3bc6b631c1f,ok,True
P095091,http://documents.worldbank.org/curated/en/530501468110658020/text/543320PAD0P095101Official0Use0Only1.txt,200,627972,33ffea792d47f4fa3cbf4878b5ab583d96042d1b46a915efcde6463602d4897a,ok,True
P095114,http://documents.worldbank.org/curated/en/577371468260067755/text/38178main0PAD0.txt,200,482111,64d5286c0c8619efb814f2ee513e9a7373d255c1f35224a0b3967f795bc0c3af,ok,True
P095115,http://documents.worldbank.org/curated/en/115471468201595392/text/34398.txt,200,217319,4aa41aed2790a03bcb36758918cc249ab770c34e9eeaac511fef2b5e81c72f8d,ok,True
P095155,http://documents.worldbank.org/curated/en/493141468047412318/text/32560.txt,200,223476,d5fcbec8135af2698c7e72a7735eef91345323393ac2d5e217cb30f27c7244cc,ok,True
P095129,http://documents.worldbank.org/curated/en/659291468134078679/text/434110PAD0P0951nly10IDAR20081019811.txt,200,437685,e86ea79a482096b3563d211e3c1dc2339c5183f3b88e957b280c861b8f6891e0,ok,True
P095171,http://documents.worldbank.org/curated/en/961411468223800150/text/515810PAD0P0951Official0use0Only191.txt,200,508853,0f4f760dbf543974c46fb5fa5166a0632f797425b8db99f43c50a8fa585bac08,ok,True
P095169,http://documents.worldbank.org/curated/en/199731468265797610/text/377160REPLACEM1IC10GEF1R20081000311.txt,200,465626,204a8ba4d6ad95f23726d53d77269b73def8929e55127ba218c655f90782d8c4,ok,True
P095203,http://documents.worldbank.org/curated/en/617811468318347802/text/365400rev0pdf.txt,200,256380,5fcd883ced15572161028b3774219d18c9d91dcbf5546706f477312868d832c2,ok,True
P095210,http://documents.worldbank.org/curated/en/732361468098664337/text/470320PAD0P095101Official0Use0Only1.txt,200,298541,cad42e15e1055ecb22b6df0628ce512762b0339d13f68713c2a32c43b9099f9b,ok,True
P095211,http://documents.worldbank.org/curated/en/780931468230933339/text/38738.txt,200,298560,1695b707aac1c162531a04edde3c3b92c8ef15c3dd67ea67d9d78e71973a4166,ok,True
P095232,http://documents.worldbank.org/curated/en/406211468309278226/text/586440PAD0P0952320R20101031111.txt,200,429333,9d013c03a78e9739ae6cac9040cfdc295da7c35762a4a4907eb0012d66ea5f34,ok,True
P095235,http://documents.worldbank.org/curated/en/646061468286851093/text/470280PAD0PY0P101Official0Use0Only1.txt,200,505310,33c78c01494dfccefc9af60b9f2d193eb68295f352605c9bd1d4fcedd915f40b,ok,True
P095240,http://documents.worldbank.org/curated/en/200871468269983158/text/36474.txt,200,301116,a6c41ac67840030d86a9ed3b915a663b5155c3fff4a4ef662aa9115efa49ce44,ok,True
P095250,http://documents.worldbank.org/curated/en/525291468062676478/text/38277.txt,200,389459,15fb623c409a1064aae7af7c2d954ee900814eb5740d113a143a4d3abef5bdda,ok,True
P095251,http://documents.worldbank.org/curated/en/853711468247241772/text/39425main.txt,200,283314,1c5e4dbcad0dad9299f7a3f5a5d1d04b60d4f2b3fd5580f017a3f91496778a6e,ok,True
P095314,http://documents.worldbank.org/curated/en/645741468247211433/text/508690PAD0P095101Official0Use0Only1.txt,200,305143,635f5c165ea13cb70071c9aaa595365da422b5c5a2dbb0e5f7f8145ab2709d53,ok,True
P095275,http://documents.worldbank.org/curated/en/805201468338948350/text/495990PAD0P095101Official0Use0Only1.txt,200,429818,57e3bf1691228372565a4255b1610e0ed2bef53437965d74a666d69020d2b12f,ok,True
P095315,http://documents.worldbank.org/curated/en/567901468218093023/text/38066.txt,200,368314,59ac197d5d220e8b845fd730105bb044485cd5786e8a9a6c411aa69b5d43cee8,ok,True
P095337,http://documents.worldbank.org/curated/en/760931468318346085/text/337240Ukraine0PAD0R20071017311.txt,200,281069,a779a7b59b805f0cf6a30832bc4d540f8f5b76eac3e361801966b4173f2bf704,ok,True
P095371,http://documents.worldbank.org/curated/en/359401468035398620/text/35909.txt,200,279159,4b004285e8f22f81fa5fbd12be09d0b492a747d31e5ec406475d79e809ac2caa,ok,True
P095389,http://documents.worldbank.org/curated/en/543121468026397392/text/354600rev0pdf.txt,200,179467,69ab0189e589017b16a7455fc5aebe7f355d6f9d6db118573e3ad5d7f2a8c828,ok,True
P095392,http://documents.worldbank.org/curated/en/266071468038110294/text/411150EG.txt,200,276981,43ff4300e8e3533bb29924d6c431aac7acfba2ee236633febee155ff681fd049,ok,True
P095460,http://documents.worldbank.org/curated/en/110481468235466326/text/33956.txt,200,562302,22c99ba271b8f119ef266a6971bf2e7331e836442ab46e0558dbf2e43bd9f9ed,ok,True
P095485,http://documents.worldbank.org/curated/en/678941467999106021/text/504670PAD0Box342008B01PUBLIC1.txt,200,498068,b403a1325eba3a4c31c887d106590f6adcc18bfd7fc1a9d9b159695d2a57e0fa,ok,True
P095514,http://documents.worldbank.org/curated/en/594041468005462021/text/38924.txt,200,396537,ca35ec641d95816c3a0f7a4d8dcd84dc053a8a08755073613d1cba1b5a327e4f,ok,True
P095515,http://documents.worldbank.org/curated/en/658591468003286594/text/37702.txt,200,325797,a73da1b8ae32c5bf786b4148a2b80c10af9bcbb942e5d1f64c665abfad546910,ok,True
P095520,http://documents.worldbank.org/curated/en/510281468131717540/text/36600.txt,200,320656,48d2051fd9c241c27675b62a3815d2876e475826951bf4c726f45c1e97d3645d,ok,True
P095523,http://documents.worldbank.org/curated/en/933921468034477392/text/34938.txt,200,485943,76ee10b8936d2fb67a3299eb3bf1a93c3328154bc73d122f2f0734dcefd6641a,ok,True
P095555,http://documents.worldbank.org/curated/en/611011468037761017/text/365790rev0pdf.txt,200,433444,2e4761335382b70b0b2d90a64c0977363a534a6da7a39a939e7ec7fc254e0c74,ok,True
P095563,http://documents.worldbank.org/curated/en/256741468091462244/text/359010PAD0PE0R200910013110Box0334118B.txt,200,359892,c1977f0ffb871c52ce5cfb0d4ec907405bc9fe3aab4b6703ef4ab96c752b537a,ok,True
P095569,http://documents.worldbank.org/curated/en/584081468204552818/text/39716.txt,200,435272,81c6799508cfba51bc91c0e4619a7976aaae2dadeaa2ee55f8279d85ed1ba0df,ok,True
P095570,http://documents.worldbank.org/curated/en/246011468070131301/text/36484.txt,200,877530,0fb54bcd53805d9239e6f642f296a5cbe235ffdfa96464662175da38045a6091,ok,True
P095617,http://documents.worldbank.org/curated/en/140361468200945356/text/499530PAD0P095101Official0Use0Only1.txt,200,414576,aaafefb21c920ac57c8c42a9383b7d5b944a04004bbfd0129b2d5339350fecb2,ok,True
P095673,http://documents.worldbank.org/curated/en/970381468038930751/text/421920PAD0P0951e0only10R20081007811.txt,200,255707,6bbf40f2a8c835a3b2fb8e64863074fef0c6b84b99383f15ec48c172550be43a,ok,True
P095626,http://documents.worldbank.org/curated/en/691901468020953369/text/388540PAD0buff101official0use0only1.txt,200,436644,ab2d82faf0a938c960ce323c6f25727103434bfae5e2d2187ea3ad9551e9fa76,ok,True
P095759,http://documents.worldbank.org/curated/en/710961468281061625/text/419810PAD0P09517362B01off0use0only1.txt,200,330765,4e8daca33e22792e5f3d023b88b03b3c8590ef3d1ab64ddbc259ddb44f7b4d67,ok,True
P095863,http://documents.worldbank.org/curated/en/295871468025740679/text/521390PAD0P095101Official0Use0only1.txt,200,501042,032a0ca2ed887bd68e39109f0dcaf47b4008a3635c77b945d647826383db0cd3,ok,True
P095873,http://documents.worldbank.org/curated/en/693251468121487198/text/384740Replacement0Box317519B01PUBLIC1.txt,200,333391,b3bda78bf05f845be2c2ef4138178c680a32a761b77eacf09fcbf1288e1636da,ok,True
P095883,http://documents.worldbank.org/curated/en/471081468050634900/text/32716.txt,200,103952,4e564af2164c6d5b0ac01aef63354b4ac915f374f1cbc2e3eb4a313824b53cde,ok,True
P095925,http://documents.worldbank.org/curated/en/585041468024580829/text/536610PAD0P095101Official0Use0Only1.txt,200,418935,2e71917d6f8c4a95f4708e82537750ee4088712ed90a43c61d638454095c1f75,ok,True
P095949,http://documents.worldbank.org/curated/en/372261468323664123/text/409860PAD0P09517369B01off0use0only1.txt,200,315585,1a2cf4adb3052c96ca013bf345e7a7e08bf849074d24617ccc3c00b92f69fff1,ok,True
P095965,http://documents.worldbank.org/curated/en/574001467997861308/text/418860PAD0P0951LY10IDA1R20081029011.txt,200,362409,992714360e228d1c770086b7fa2ae68c0eea244a431ce9f42501a98cb584746a,ok,True
P095977,http://documents.worldbank.org/curated/en/151851468062636427/text/406980NP.txt,200,294337,1e2ce788dc675a37c923823d47e29974c520ddc75a39de25eeea16224fb9b6c5,ok,True
P095982,http://documents.worldbank.org/curated/en/347301468067733234/text/413280Replacement0R20081010414.txt,200,492939,ab572047e3cd4236871b9909e5249c06b3d82e3c238c8317b39c8ae8cdcb1e5e,ok,True
P096018,http://documents.worldbank.org/curated/en/365391468042295443/text/638710PAD0P0960Official0Use0Only090.txt,200,249020,76d47b1c3b2f7ed53c883900aea32c9e4bd083ee0af8b9ea21987ce7232c8249,ok,True
P096019,http://documents.worldbank.org/curated/en/238081468292888056/text/39322main.txt,200,386860,6084cbea2ac58dc72476254518918f83929155e65a7a1563ea350cbbb8f4c0fd,ok,True
P096021,http://documents.worldbank.org/curated/en/784371468041359965/text/482350PAD0P096101Official0use0only1.txt,200,556134,262c4115a3332184c7868df155519009b75add8e334a1d8c5df7fe1a6aabf963,ok,True
P096023,http://documents.worldbank.org/curated/en/549041468042559390/text/407250PAD0P0961E0ONLY10R20081018011.txt,200,389907,02478de38c6941ac96d6d8f5a7fd802d386f46be0f5aca667c6e6855520a20db,ok,True
P096056,http://documents.worldbank.org/curated/en/354281468013495956/text/38718.txt,200,269550,1ec6cf6bc11d74c5b3dcdb0d335f7431f6e635f1ff038ce25c68ec98123363bc,ok,True
P096058,http://documents.worldbank.org/curated/en/783711468204246596/text/36383main0GEF1R20071002311.txt,200,421654,4a8881a4cd800df8390c8ca5d4813cd55020ca49d24f3476187b7eade7b0b395,ok,True
P096105,http://documents.worldbank.org/curated/en/841141468334484642/text/39571.txt,200,318725,c9b54def967ca315897b311f0ee00cce1b6d08076a0e6797225a41ef816edc19,ok,True
P096131,http://documents.worldbank.org/curated/en/242281468350152380/text/33861.txt,200,307277,4efc283ea2d73c26cc117ae1a08501c5fb2db4abf91210509b05ab0b8f8ede3b,ok,True
P096151,http://documents.worldbank.org/curated/en/417621468110347639/text/38436.txt,200,475406,d02c2a763d5c054d3c4b137cc426f76131fa2bee9426ae4866ee3c3b32932587,ok,True
P096158,http://documents.worldbank.org/curated/en/422321468215691223/text/33018.txt,200,205378,079b016f3cfb2b72f23b50b421602fb1705a0216bec37570c461a5e7b7c5a63c,ok,True
P096174,http://documents.worldbank.org/curated/en/582921468107361525/text/38670main.txt,200,674626,e9918921f1761dd6ede74644fe3996cf7fc1300cfb97b4450da2cc8a252c52e9,ok,True
P096181,http://documents.worldbank.org/curated/en/477621468277481000/text/35870.txt,200,221932,9b5f6658ec4786471f493cda9a834a5c08fb4ac87db86024e82089f721cd79a8,ok,True
P096198,http://documents.worldbank.org/curated/en/366111468291625367/text/39344main0NE0idar20071015511.txt,200,301627,1c3eb1ec27101d9deae7ff39693786a4d8e158efc43d4b24d203d26d9fb6d2f3,ok,True
P096200,http://documents.worldbank.org/curated/en/100261468199776713/text/356300rev0pdf.txt,200,267711,ae6d6e96d8c2d440007603a07aec9634ef3b4db264f910cff3981ff284cfb895,ok,True
P096207,http://documents.worldbank.org/curated/en/924551468309269514/text/38713.txt,200,352756,9944225c975b33ba993bf8320992c014c3e004795347008bd636d6e148c06abf,ok,True
P096213,http://documents.worldbank.org/curated/en/675291468209666279/text/37805.txt,200,336635,42abeb0f6fb470d290b2be09fa463ba7946a3a09846a2bae9e08b963c0491169,ok,True
P096214,http://documents.worldbank.org/curated/en/761201468106436439/text/35324.txt,200,197729,d23ef5f3dc4c23cd11eb6e9ffd86ca4b1c5d2e8468b3f29adb9c544aa49c3a20,ok,True
P096248,http://documents.worldbank.org/curated/en/848501468051238474/text/335850rev0pdf.txt,200,353388,ec7a6d1126422c6011f5f187a4b091e71bce9ed22e9e4f094f7c970b62aeb640,ok,True
P096262,http://documents.worldbank.org/curated/en/270731468317086497/text/35720.txt,200,278911,ad705ec7ee05501f27fa40feb15218a8ca4dac3e8c2f859034fbfc84028e365e,ok,True
P096263,http://documents.worldbank.org/curated/en/473171468202742737/text/38354.txt,200,313356,bcfe939a862768988ede104a0f967ed44ebf6889e358053cd7301b12ebeb6246,ok,True
P096285,http://documents.worldbank.org/curated/en/296171468023936396/text/36170main0CN0R20071010411.txt,200,257736,c530927ee7eaa48ed501ea9f2652f7b85d4faf1c61c38a22f1dcd592b6021398,ok,True
P096302,http://documents.worldbank.org/curated/en/533771468312619886/text/479260PAD0P096101Official0Use0Only1.txt,200,325622,467d9b515af19bc50dca6f3379cbabed61439e49c433eff3386e2f0d876b5060,ok,True
P096323,http://documents.worldbank.org/curated/en/324471468255277358/text/434000PAD0P09617372B01off0use0only1.txt,200,414457,3a2da9003c80da93f000b6d248df6d0931efc4dc0b26fd2b9dea46d5b45c02ee,ok,True
P096328,http://documents.worldbank.org/curated/en/716621468059945120/text/35058.txt,200,273561,8d58b17996afdb5aa06e012c8ebf6c76f6b5a59e80be24a03452826d3f79f2df,ok,True
P096332,http://documents.worldbank.org/curated/en/909551468059080025/text/375350IDA1R20071000411.txt,200,399006,32082a8c8d9507f19c161d43d2597046acfa1acf466b64dc3a7b1c15c28234a6,ok,True
P083370,http://documents.worldbank.org/curated/en/325621468758752001/text/28391.txt,200,290428,618c71880663ebbc55f714afe3d87da236321a07623fb0460b99a6bb14fa7d48,ok,False
P096336,http://documents.worldbank.org/curated/en/838711468045015559/text/38457.txt,200,414275,dddd5ef7aa136c1f2505013a7bc0da94625c4aa6a96d2029a2797c69e99f675c,ok,True
P096360,http://documents.worldbank.org/curated/en/548141468203944505/text/428640PAD0P0961nly10IDAR20081023811.txt,200,374929,0d01146e50a1a6f4bc408fa696b952e05f2c7774d5b2c904150b4108394ab73b,ok,True
P096367,http://documents.worldbank.org/curated/en/483581468272446062/text/407760KE.txt,200,509775,ee7579b0c2a6906b15a281099ac01dc1924fbae83c84e218349694a4091f2fa0,ok,True
P096400,http://documents.worldbank.org/curated/en/516991468108880786/text/34909.txt,200,352520,6a7b0494d26f83713ae3b5cadd6a3cb54457b07bec0028c6e85ccce418049cc8,ok,True
P096407,http://documents.worldbank.org/curated/en/420311468008746849/text/493680PAD0P096101Official0Use0only1.txt,200,555789,3e865099e29c22613e0a861c8c9408b9443622bb55c33c3fd581acc6d8c9f347,ok,True
P096409,http://documents.worldbank.org/curated/en/574881468278086245/text/39107.txt,200,367245,b49e8d7f679df9722f6001c1c7478ac29bb85ffdc60bb6755ccb33d62a994e87,ok,True
P096418,http://documents.worldbank.org/curated/en/678831468173395718/text/398670PAD0P0961ly10IDA1R20081004311.txt,200,263403,ad862999ba1ec4a5030099c48825050c19b220558653127890cbdeb2924bebca,ok,True
P096439,http://documents.worldbank.org/curated/en/474301468060538934/text/383530IDA1SecM200710430.txt,200,359217,6e36a8b39e1131fe347e3426bb9099575b2de6bc19a28619850d9cf5e71fb1ae,ok,True
P096481,http://documents.worldbank.org/curated/en/831321468270016226/text/462160PAD0P096101Official0Use0Only1.txt,200,274127,9ddbdd206bcf5f8a51a07f6829192aba551afde0e9ac89e607fc858ef7a3f30d,ok,True
P096482,http://documents.worldbank.org/curated/en/506271468017459217/text/35555.txt,200,389763,c5c653a8c83b0e94116048867b92cacbb210932b294d39e7b6d4a8b57b945e0e,ok,True
P096532,http://documents.worldbank.org/curated/en/474941468040545996/text/467410PAD0P096101Official0Use0Only1.txt,200,444907,eb83473f5dd11c85fe600c0f46078ed3e26bcd64c0f73c9e8f1b02350bd89bcd,ok,True
P096556,http://documents.worldbank.org/curated/en/275171468024534000/text/397810PAD0P0961E0ONLY10R20081023211.txt,200,497550,fc8b31cb7344a11a0a5f5d668011e3d39e5efc59804ae9ab55880302904fd5a8,ok,True
P096586,http://documents.worldbank.org/curated/en/154071468173974130/text/586250PAD0P0961only1910BOX0358346B0.txt,200,363008,25103873bc7fd924874575fbf5a7f1b7ee972ba4418129ff51b153595e1f6371,ok,True
P096605,http://documents.worldbank.org/curated/en/538071468027543379/text/34235.txt,200,309384,b7d192b3284c25e5a42fd9dcd4d7a53d8670639ac0009c94d1181b556fd93e95,ok,True
P096572,http://documents.worldbank.org/curated/en/268821468110347872/text/394890PAD0P0961nly10IDAR20081022111.txt,200,2075169,43c7e885369ba2f2c21c45c2154d0513aa4104973b916b12c80f5d533bb7b456,ok,True
P096643,http://documents.worldbank.org/curated/en/246941468007501204/text/35480.txt,200,262909,4f78a0aed92e5d4cb5c064e56e869951f8f0c39aa0b96db2c71429f51294063a,ok,True
P096647,http://documents.worldbank.org/curated/en/456971468258864133/text/33893.txt,200,130454,016ba4cef3c48aed634b8529484883ee4137a49ab698fcda21baf5634bfdd676,ok,True
P096707,http://documents.worldbank.org/curated/en/965181468011427421/text/464880PAD0P096101Official0Use0Only1.txt,200,293967,eb7f9d4bbb2789a9572e91b8a9f803d9ebc7afa96501236a60f244ce47bce590,ok,True
P096648,http://documents.worldbank.org/curated/en/236521468096577432/text/468300PAD0P0961ly10IDA1R20081032611.txt,200,1408693,ddbd7f81354fdab4693aa5c2b95a86b38f38a7622b85db30bc58d7491e901b5c,ok,True
P096745,http://documents.worldbank.org/curated/en/928841468283496526/text/510160PJPR0P09101Official0Use0Only1.txt,200,711545,f7830a0e2871cdc4312a839b0c898f83eebeb7bc7e4512eec291400e380874d1,ok,True
P096777,http://documents.worldbank.org/curated/en/384831468328199904/text/37855.txt,200,290105,997d1a115c010b87d4d4418e9a465d47f7b03896ec1ed66f6ce8c34d0d7735cf,ok,True
P096801,http://documents.worldbank.org/curated/en/400131468109440049/text/36341.txt,200,277378,fae58f69eb5229ad2be48a7ed9bcdbaeb36416739080462c98e78813a1481724,ok,True
P096812,http://documents.worldbank.org/curated/en/248391468011418750/text/411990PAD0P096101Official0Use0Only1.txt,200,416065,c6d145b20fc1c5e47acf715cac299b97fc3ddaae7ed12d983e07cc2a482282c9,ok,True
P096823,http://documents.worldbank.org/curated/en/860331468307514017/text/389210PAD0P0961e0only10R20081003211.txt,200,382940,4a5694036331ca54432c54c73111262aa49e0ab1e66adabf97dfc4a9529e950c,ok,True
P096858,http://documents.worldbank.org/curated/en/286211468309840911/text/428000PAD0P09617369B01off0use0only1.txt,200,197916,cb53e37fc1a35a8a5d39ea69a1387965c0f72bfe605a4458d6c51c13f97fddba,ok,True
P096920,http://documents.worldbank.org/curated/en/293921468263106443/text/509760PAD0P09611Offficial0Use0Only1.txt,200,290716,46c65432db7ead1273b94c88bbb28b6a0dcd0406e3c8c0936d7fd415706378d9,ok,True
P096861,http://documents.worldbank.org/curated/en/845041468132589927/text/34924.txt,200,300761,08cdc0cda671fb03e8aee66f5157c2a21b8c2f5b08af46a1eed2207de9b30c1d,ok,True
P096921,http://documents.worldbank.org/curated/en/257511468043168300/text/421090PAD0P09610and0IDAR20081010811.txt,200,536635,238389ddc573fdf12090b931667ae78d508ae2e967e9d53e442dfff9ca00acd2,ok,True
P096925,http://documents.worldbank.org/curated/en/669221469672178995/text/rep0no041326R20081003011.txt,200,347179,2afab4ba259b7d78253ffbcfe0ac9c781e5b672686374a40fa392a47613f22ce,ok,True
P096926,http://documents.worldbank.org/curated/en/224621468221970375/text/450320PAD0P096101Official0Use0Only1.txt,200,351051,1baf9880de6d8fe458b682b7dbdf7c2ec243ca7be76d4ac888fcf9566d6d1a08,ok,True
P096923,http://documents.worldbank.org/curated/en/982261468261891456/text/468720PAD0P096101Official0Use0Only1.txt,200,2985289,94be802daffca09634ed42e35374e9162df1ebc81c8355ebfbd8eaccce987ca2,ok,True
P096965,http://documents.worldbank.org/curated/en/889641468260939127/text/38508.txt,200,607223,f05df7585ab354bed21f1b432139741b750e715bce31ded729d9eacca691602b,ok,True
P096931,http://documents.worldbank.org/curated/en/549661468176342190/text/428890PAD0P0961ly10IDA1R20081020811.txt,200,963571,eaf64c0092de748085161a1994808b068249b62ab837e77e0fedf3230d754c9e,ok,True
P096998,http://documents.worldbank.org/curated/en/132161468040173223/text/40504010KZ.txt,200,290164,471442ebcd3ce26b172d60b320fa7a83e066e9ec9d3856ff5701a336024c5fa3,ok,True
P097104,http://documents.worldbank.org/curated/en/516191468267341891/text/39299.txt,200,393420,6db4a4ca71a5c3e93d649943b08492f1b24be3e90afb6dbec4ac1020238c47aa,ok,True
P096993,http://documents.worldbank.org/curated/en/133151468266649659/text/431070PAD0P096101official0use0only1.txt,200,2273025,197e512b141cb135e7381d8009af2a43d1c1a0789a3362f830955a27635d1154,ok,True
P097141,http://documents.worldbank.org/curated/en/208311468301517298/text/382600Replacement0Box317492B01PUBLIC1.txt,200,316502,215920257495c211f7ce5f5a832a86304ef51732b336a9bcfc036d29d6e9b419,ok,True
P097181,http://documents.worldbank.org/curated/en/582281468104945635/text/36860.txt,200,247742,5ba28fa57458f2d1189e80766133b388c8f4a2e94e0857dc379d06c2737f7928,ok,True
P097201,http://documents.worldbank.org/curated/en/482781468211481560/text/39645.txt,200,440423,fdcbe41e569902ba7e591c6328991cef9e2b4ae4f01b61348b2308d7f8303264,ok,True
P097271,http://documents.worldbank.org/curated/en/485081468256148712/text/34321.txt,200,371986,64bc2c336f4c1a668ccfa2c4f9b85df2f9492f5b7b3db2055a7b327ca1f5fd6d,ok,True
P097329,http://documents.worldbank.org/curated/en/627981468334825477/text/390120PAD0P09717374B01off0use0only1.txt,200,230600,9f398e7e3a9bf18fc2abb05865057e4a42d9318b79bcc8381fb96af3bddfe8c1,ok,True
P097402,http://documents.worldbank.org/curated/en/185531468067730523/text/33876.txt,200,131095,b6fca8c9a6902db198cd5e949fc19a6d4ded3587544d4fd4c5440f76f2081f11,ok,True
P097535,http://documents.worldbank.org/curated/en/909291468258865353/text/332030rev.txt,200,134537,fb43ba48e1e146a1b4783a45a4e15728a179868821b878ada8f9da21353e7bdb,ok,True
P097604,http://documents.worldbank.org/curated/en/924271468125379291/text/39027optmzd.txt,200,292594,94b77b17b053c21bbde94442928c436da774a770a6982cc4bb95e8888a5e30e4,ok,True
P097605,http://documents.worldbank.org/curated/en/489261468041945402/text/38148core.txt,200,372995,22a5d17f7ccf17c2251f6becdd0138a7eb366fb06bc9731f63dfaddbe90777ba,ok,True
P097635,http://documents.worldbank.org/curated/en/102001468047683592/text/35430.txt,200,282001,28b9b5655a710fe6149c2a2d13c6ac63b5a6e6cfb01aff850ca9d20885ac45f6,ok,True
P097671,http://documents.worldbank.org/curated/en/313491468301136380/text/409930PAD0P0971ly10IDA1R20081003711.txt,200,163954,8911161f96c65a558119c0d14ef88dab703b87619c2c6e6d86d096445cc6250a,ok,True
P097818,http://documents.worldbank.org/curated/en/991351468106465934/text/483470Revised01ly10GEF1R20091002011.txt,200,317923,865d60a169e3c86cec1ba7a49b6c6ed8bd08d09bb096ecde578b6db2f6ad54f1,ok,True
P097921,http://documents.worldbank.org/curated/en/804331468099266392/text/37299.txt,200,376916,d33bc4542998caf8d5fc27545c2a20e43e1aea62ba2e144d5d6bc42732bb261e,ok,True
P097974,http://documents.worldbank.org/curated/en/952311468215381642/text/432110PAD0P09717632B01off0use0only1.txt,200,877798,2afa3da1d3fb346c06f75a777c4988bd83c9921f74fefea2f35823875aafa4d5,ok,True
P097975,http://documents.worldbank.org/curated/en/315501468030529802/text/35784.txt,200,385844,9a4136ee6af138710c44a1f9d6fb1d66153cb693ef2a738b61168ac4ea69ede7,ok,True
P098031,http://documents.worldbank.org/curated/en/390151468256451634/text/37790.txt,200,291812,b63aea0d21a9fa05963375e578a56c24fe8e1cec7cac2c0dd3f8367d9942b5e4,ok,True
P097985,http://documents.worldbank.org/curated/en/836041468284094842/text/546120PAD0P097101Official0use0only1.txt,200,778322,6e3790543bfb515be490869cee5a8887346fd40f20abe2e8a7350ecc87f73847,ok,True
P098052,http://documents.worldbank.org/curated/en/948371468049447298/text/34610.txt,200,503980,f1d1db60bdb0b0de239635e1b4d032f5b6dc0ebc581cd8d0b54c96744623e40c,ok,True
P098078,http://documents.worldbank.org/curated/en/231161468017381564/text/454370PAD0P098101Official0use0only1.txt,200,798260,0666953e9bb08e0f1669a9a33d4dd05fc70de6fcdfcbd474721d823ebcdcbe57,ok,True
P098093,http://documents.worldbank.org/curated/en/860441468037148293/text/37224.txt,200,419287,1d6bc0337a0e164a1db6ac6ec6890f622fe735e1d23b7a758f27610b71a58215,ok,True
P098132,http://documents.worldbank.org/curated/en/776861468256511314/text/476130PAD0P098101Official0Use0Only1.txt,200,318261,d499c814c467e0baa123ffd54fcfabd714aeee0e5c716cef0f973abaf0131eca,ok,True
P098146,http://documents.worldbank.org/curated/en/555281468013775549/text/398310BD0IDA1R20071015911.txt,200,319485,d24f341c74aece6ac74d4f53a8c1f6bc7d5de1c531ee7985782945f1d9c2f8c1,ok,True
P098151,http://documents.worldbank.org/curated/en/625231468014448553/text/450550PAD0P098101Official0Use0Only1.txt,200,344166,8675329f1f2e5e8d90efe128d93d6f428cd82d08fc6ef2264f57dca50270b7fd,ok,True
P098217,http://documents.worldbank.org/curated/en/653781468037730670/text/365130GE0IDA1SecM200610548.txt,200,282482,aef797803382a5586acfc0edcbc4fd6cd0a30c5695ce9f70e9ba48eee8cd0ccb,ok,True
P098273,http://documents.worldbank.org/curated/en/194341468199794100/text/354940IDA1R200110disclosed0June0161.txt,200,352010,3cc2d8eaf3e98032f0b6354493056d482529780510cac7980f3bf651e8752d84,ok,True
P098248,http://documents.worldbank.org/curated/en/794071468000607361/text/391720PAD0P09810810009110Box372374B.txt,200,522006,c9af4f8a411c4427a09f98bc9cc3e4dd18ccff0c1015f20310ef88cf9b610e1d,ok,True
P098328,http://documents.worldbank.org/curated/en/829611468284666588/text/39193.txt,200,539732,a3f7cdbaed31ab3fe85a57ac97cc02cfc6b9ae8a7abd49bbba76bd01ab3bae4a,ok,True
P098378,http://documents.worldbank.org/curated/en/890271468017049609/text/37871.txt,200,341048,ea98da159f68a6c755ed7f324fbf906eaf78b7098c9995950b6d1e0662d74e2a,ok,True
P098410,http://documents.worldbank.org/curated/en/559651468132588776/text/35957.txt,200,256767,bf4da8f086b12b144163ef07af38fd67c441957c04cd9dd17936eef5e89e93da,ok,True
P098423,http://documents.worldbank.org/curated/en/524761468288338567/text/38120.txt,200,370048,4a931c02f1b9e3225987f45731d4d05eb326e0a70a7ac5ff3f81c892a7d18982,ok,True
P098426,http://documents.worldbank.org/curated/en/659331468053107758/text/35212.txt,200,281260,bc2a4da3e6512aebbc0d813e3a92823f545237a3af9b33d98e2e2c97380eafe6,ok,True
P098459,http://documents.worldbank.org/curated/en/465391468052846159/text/493320PAD0P098101Official0Use0Only1.txt,200,272875,507aafd9e0b44d9fc9bcc54c9bf83899d4bb3173b7aa8a9c984dc410dd7ce64e,ok,True
P098496,http://documents.worldbank.org/curated/en/724241468175492425/text/407750PAD0P09817369B01off0use0only1.txt,200,358995,f8df4d0fbd2756bf929b8cb46b82de2dd1f3f3ba7b1d54da948c2383c2c62e8f,ok,True
P098531,http://documents.worldbank.org/curated/en/380871468250826325/text/363640HT.txt,200,346567,402fa46c7108024b8427f7a2b98057eefedb09da6b37d8462feb4c4dbafc0c1c,ok,True
P098538,http://documents.worldbank.org/curated/en/534141468030626664/text/546010PAD0P0981OFFICIAL0USE0ONLY191.txt,200,559644,36c35e981fe1d1c505d1aa6e4ceab1edde0bf9a700f1b6444a1e6e7c53813b53,ok,True
P098850,http://documents.worldbank.org/curated/en/312451468032092427/text/341790rev0pdf.txt,200,198962,8a8339b25588182a7990867449c32806d39efee4b14d54164e9cc5aa0acd3237,ok,True
P098654,http://documents.worldbank.org/curated/en/693111468023328662/text/479070PAD0P098101Official0Use0Only1.txt,200,463797,09f4a8f3f09386ef8c07071d602f31431ef46d254be4f0dbaa2a7d7da1b390e4,ok,True
P098915,http://documents.worldbank.org/curated/en/381981468220148045/text/550160PAD0P098101Official0Use0Only1.txt,200,353699,0c6481bead438d4e3d96a45c6052376399f4a176f283b769bd328141a0b610ae,ok,True
P098889,http://documents.worldbank.org/curated/en/920011468304526077/text/39494.txt,200,343358,c4bbf5f012572f2fa5d0cd67c085713a55095d65b67fd27f13e42d8ad55c98ed,ok,True
P098926,http://documents.worldbank.org/curated/en/639341468105533300/text/35446.txt,200,346112,6635dbdba7128649bb9506d897bd9a26f96f6cdb7bacfb857f6e8a3396b05e4a,ok,True
P098948,http://documents.worldbank.org/curated/en/565101468248376167/text/38157.txt,200,226591,c6785249d99f3bdd2f7bb0caba1552057d5ebd8efad9deb1431f4a6b2adfb3b7,ok,True
P098949,http://documents.worldbank.org/curated/en/245461468276858941/text/366110init0rev0pdf.txt,200,330268,2c36a44c147d51f9cfd7a1978e135cbecd5acddacfb7760ef51a8f22d30e989a,ok,True
P098956,http://documents.worldbank.org/curated/en/634011468007844238/text/360960rev0pdf.txt,200,298570,a8fbb402f38d93ef7c2fbe057d4ba1972cf8b327fd87daf012615d266b886721,ok,True
P099047,http://documents.worldbank.org/curated/en/219101468268193752/text/39697.txt,200,324758,31abb2b0195e7a1ea36068c1de3fe58fce4244a410154aff4e98f5f447c8ee81,ok,True
P099051,http://documents.worldbank.org/curated/en/843421468198548669/text/38464.txt,200,433780,f8f5a4248a472205022ab1a55a08f33dc9ab43b0f54a0d65ecd071d6b02c856c,ok,True
P099112,http://documents.worldbank.org/curated/en/994771468218978379/text/426420PAD0P0991e0only10R20081005911.txt,200,375797,5e06e31159643028cfef3903bb44fd1a30dee3fabfa97820ea387813cbf6ea62,ok,True
P099062,http://documents.worldbank.org/curated/en/922831468236961033/text/408420PAD0P0991e0only10R20081012711.txt,200,899438,783ef2486bd7c1b6b38d9732e4630bccfd381dda3ab5e81524271c4ddbe4ea4e,ok,True
P099139,http://documents.worldbank.org/curated/en/412611468240884044/text/383340PAD0P09910ONLY10SecM200810534.txt,200,264218,a708ec457404a069d19488a98ad5c9d823e195dfe47d3b89f8339ac5c063b21e,ok,True
P099126,http://documents.worldbank.org/curated/en/181381468017437099/text/437280PAD0P09917379B01OFF0USE0ONLY1.txt,200,298426,1c597436c16ec3263f7580a83e0e7bf70932938da642efde71835c6f745e6a4b,ok,True
P099185,http://documents.worldbank.org/curated/en/712471468044130440/text/35248.txt,200,168887,a4482083dcc5610791ff2f3ebacc9ffdc8a789a93ebedcf2efbc7e1a5587efc7,ok,True
P099201,http://documents.worldbank.org/curated/en/988391468209664488/text/354471AZ0judicial0mod.txt,200,347580,c66c7c884f2d26b12813d41d76c2ae84e77fa6f8189e4b835f7db383bfa4e332,ok,True
P099211,http://documents.worldbank.org/curated/en/567671468125070311/text/413450PAD0P09917369B01off0use0only1.txt,200,322702,ede37e5d98cd647e0dd687e85aa75fc40a01e7057b984bc379baf0a2f7584cf6,ok,True
P099224,http://documents.worldbank.org/curated/en/766341468011447021/text/423930PAD0P09917369B01off0use0only1.txt,200,312879,d56a2b4d1c43fbb792781f077ebf1b3350041a47bd19993b3363224be7aee469,ok,True
P099231,http://documents.worldbank.org/curated/en/154781468131959528/text/36222.txt,200,201216,92548ea8ce1baa6c2b09b87cc37f8d649a78fc87e426d3cfacce42cb54a09675,ok,True
P099296,http://documents.worldbank.org/curated/en/500641468323052350/text/41409optmzd0NP.txt,200,651546,8b6412b6a0f4c781abe8ad77fcec77b39c49c2bba8bf464198807126611d32ec,ok,True
P099321,http://documents.worldbank.org/curated/en/815791468277155697/text/37153.txt,200,288655,dbb8470d1ccbc1c6e7b8fb2e1474793a696fa916f7aa23d3680866df2f753a61,ok,True
P099357,http://documents.worldbank.org/curated/en/136331468104057221/text/432330PAD0P099101Official0Use0Only1.txt,200,265389,e07b80bdd681a97e1199c378407c3d3f6ee874f999529fd5da18bfec76056652,ok,True
P099369,http://documents.worldbank.org/curated/en/187921468231566534/text/443290PAD0BR0R10910014120Box334128B.txt,200,443657,7752350f55e43f37afb25ef4cb056af267caf84921bbe7365e87d93e6d520227,ok,True
P099453,http://documents.worldbank.org/curated/en/800201468048308741/text/34623.txt,200,387149,0cf0d3c162551aedb8f33c01aa43ebef743ee9a2a97718ec35e9defbed28041f,ok,True
P099460,http://documents.worldbank.org/curated/en/152991468174270860/text/471120PAD0P099101Official0Use0Only1.txt,200,301891,bff74d03c93b4cffb5962d6d5f403350f09cb2680c175a00f9c0e0a3cf232c35,ok,True
P099469,http://documents.worldbank.org/curated/en/896241468225276170/text/420620PAD0Box310only10SecM200910446.txt,200,385821,45ae12bb0dd284e3ae5cb121e38127effa7d832c7ccb4217b92a6e7ffa0cad64,ok,True
P099542,http://documents.worldbank.org/curated/en/644371468066527796/text/377120PK0SecM200710255.txt,200,193550,8f543ac6b5b37f245023859e00c4d633fdc7832cf97c40fd63bd9443d9275d3d,ok,True
P099585,http://documents.worldbank.org/curated/en/395741468204557701/text/36334.txt,200,470147,6eaea9215fe6b25ffdbb035c8a77102af4748f0785e60e63d3779ec485e0581b,ok,True
P099626,http://documents.worldbank.org/curated/en/405911468270272068/text/620700PAD0P0990e0only0900BOX361483B.txt,200,315021,22edebaf0b4362919a3f602f4a2a281b4f69b04369a82a8e3875f7b77efc9f0f,ok,True
P099630,http://documents.worldbank.org/curated/en/790531468212079223/text/383610IDA1R20071003411.txt,200,294268,7f5c57b4fddf7d646f8cd222a1e8111e40689cd2854488aed26ba7a57d09b6d9,ok,True
P099751,http://documents.worldbank.org/curated/en/635681468219912790/text/532830PAD0P099101Official0Use0Only1.txt,200,438258,99ef49651b397503a02a4f6c376bba81a6eb28def51b647fcd2c1790362c755d,ok,True
P099757,http://documents.worldbank.org/curated/en/605371468038950629/text/414200PAD0P09910810011110Box327374B.txt,200,325324,157a0863f8ea00c58522921c44f25b684de1f76f449f9252b7eb8248ccfca498,ok,True
P092631,http://documents.worldbank.org/curated/en/542961468024849981/text/400330PAD0P092101Official0Use0Only1.txt,200,88,4e54db8ed3e1d356971051bd4984b2059bbb8a3fa38a2b55d1235f27a32eb001,extract_failed,False
P099808,http://documents.worldbank.org/curated/en/339381468031148520/text/35653.txt,200,272030,870af7cf70159b8411a4e6462fed78af7a24608e52ddf78013e637706c7051fb,ok,True
P099811,http://documents.worldbank.org/curated/en/649031468335388500/text/36182.txt,200,280023,5b7a258f1c924db52764b1a2f1076ae945214b718ee634496ce2bad60011b6c4,ok,True
P099832,http://documents.worldbank.org/curated/en/997131468002978844/text/353920rev0pdf.txt,200,321775,884f861dba67029ac85c97ae39fe67b003428ab2102719eed4f87f7552d55823,ok,True
P099833,http://documents.worldbank.org/curated/en/443871468230125647/text/463530PAD0P0991LY10IDA1R20081030711.txt,200,252981,56fefaf03940020db00af0061a853f322a930e22d031f737033a61a9b483d1de,ok,True
P099841,http://documents.worldbank.org/curated/en/747681468275367614/text/36158.txt,200,183273,94b1384f357961ee4c905893310d43af8189d42170c91eabb19800aa2eb2005e,ok,True
P099894,http://documents.worldbank.org/curated/en/664341468241792845/text/37378.txt,200,254259,ece19d5f6e2bbcd93f4642f4ff4b2e8f3b2a645797da08aad7e3e015d8c4f3e1,ok,True
P099895,http://documents.worldbank.org/curated/en/279951468235155928/text/421220PAD0P099101Official0Use0Only1.txt,200,263647,48cda9c45afaa7d90c8fa34083cfd7ce5c1c3a70a35988cbf3e52b4663663e46,ok,True
P099918,http://documents.worldbank.org/curated/en/979391468249254002/text/38600.txt,200,414683,dff25efc3b42b93db837b834a48466effcb9b37543e4eed53dc65408b40c38dd,ok,True
P099924,http://documents.worldbank.org/curated/en/689701468221370750/text/423140PAD0P0991nly10IDAR20081004411.txt,200,267717,7831e64ea8cbdba144aa22588959405087484727a35f40c64107e1281f34190d,ok,True
P099930,http://documents.worldbank.org/curated/en/141111468062955070/text/466760PAD0MZ0P101Official0Use0Only1.txt,200,368541,20ff34eec3ce932e5aab1c75efc7e575f6f5f67096273a9584f47c6af2198135,ok,True
P099979,http://documents.worldbank.org/curated/en/627431468260101901/text/568370PAD0P0990e0only0900BOX361497B.txt,200,254337,fa54869906c908b68c998e7bba99682182c83079eec41aadd9ff5415f30cc6cf,ok,True
P099992,http://documents.worldbank.org/curated/en/341451468010911364/text/35588.txt,200,549664,3ab647aeb2b032cd7eb225778c21f4e6b33adb81ff6ff888b6b69c98465509e6,ok,True
P100026,http://documents.worldbank.org/curated/en/619841468277486039/text/36973.txt,200,403013,c8b0672e56104d66dc08525ad34c68dc8ac93181ec731d507684eb506636e5ec,ok,True
P100047,http://documents.worldbank.org/curated/en/513261468246919419/text/466950PAD0R200101OFFICIAL0USE0ONLY1.txt,200,324707,5be27534c87e4cf84dcc79d323d13d280adc95675c5ac48b8838e27be76ff2d8,ok,True
P100101,http://documents.worldbank.org/curated/en/397381468258579811/text/433780PAD0P100101Official0Use0Only1.txt,200,1783968,4b3af3b1415d1512b56b67711b0fa3309504220a9c7524f48635a96de287d796,ok,True
P100198,http://documents.worldbank.org/curated/en/468421468141271605/text/395920GLB.txt,200,391989,3970a16f08d2984852072f6e3a7b06312837d272d8fb79fa51aee1ed1760dca0,ok,True
P100218,http://documents.worldbank.org/curated/en/876761468044076819/text/36649.txt,200,425506,9b96bf19090d0ba042cbb037ff75c837ed9c1ea2bb9d21c16e5be750e8d97fdf,ok,True
P100273,http://documents.worldbank.org/curated/en/667531468002655224/text/t7677.txt,200,216978,432852f22902ce99bda4ef341880318c8af209d1b93dec0be6f8347deb01b2a8,ok,True
P100304,http://documents.worldbank.org/curated/en/707841468259747921/text/644250PAD0P1000Official0Use0Only090.txt,200,356814,d39aec2a33f7cd9385df42a1b95b00e048cb9a2ee68191eb1447d2d59b4a04ed,ok,True
P100311,http://documents.worldbank.org/curated/en/114901468303005819/text/431200PAD0P1001ly10IDA1R20081022311.txt,200,264677,d0a3ccbe101d4b2891b5f51af47f85a79624e6a2ea2e34b4f65407a94d95a5e7,ok,True
P100314,http://documents.worldbank.org/curated/en/361321468340792065/text/362210public06116.txt,200,187647,b2170abc8673ce97aa252be6c504fb286f97e6081ec6e51ab45741d6c00b89d1,ok,True
P100332,http://documents.worldbank.org/curated/en/732231468205762761/text/38312.txt,200,259328,9a928232ac054cbed5fe4e1ad319248e261b7495ad377fb802616257e62aa161,ok,True
P100383,http://documents.worldbank.org/curated/en/405561468311438557/text/38764.txt,200,299254,b5aa32d5133a3a9fbbb68f8b4297cf9a3588a1fb8768ec7df12277faf3965089,ok,True
P100390,http://documents.worldbank.org/curated/en/194731468104646411/text/38147core.txt,200,523941,d5d3e1387876399a16858c8ed7b7bbf88cf32bdc77bf2dc7d3606dc5509232db,ok,True
P100406,http://documents.worldbank.org/curated/en/489161468023652726/text/453130PAD0P10310910002110Box334133B.txt,200,640278,53546000b4538863bb68e25a46936c806667bbf73076e3c9d789f7a8d1a4cdb0,ok,True
P100438,http://documents.worldbank.org/curated/en/426741468045052662/text/481140PAD0P1001OFFICIAL0USE0ONLY191.txt,200,456692,82008ac3c68f22a3fc7fad6b1cb8338740175cd2553b5129a7435f7facd6658f,ok,True
P100455,http://documents.worldbank.org/curated/en/423691468218097570/text/502810PAD0Box31e0only10R20101011111.txt,200,301295,2aba26f952a7afa119e0d91a519ff1487866097661bf1d19a60232ec5fd41f67,ok,True
P100530,http://documents.worldbank.org/curated/en/905651468051855846/text/543430PAD0P100101Official0Use0Only1.txt,200,332393,9b1df1d2f91b131dbdb07e7dd490c8898f7845c2c2063ccefb83d128c106e52e,ok,True
P100534,http://documents.worldbank.org/curated/en/295811468273309685/text/412180PAD0P100101official0use0only1.txt,200,330478,d4fc085d52a0be8ebf2119af0de55c7c93516d311da10797c6a31ded202736d9,ok,True
P100546,http://documents.worldbank.org/curated/en/860341468040539844/text/415780PAD0P10010810102110Box327374B.txt,200,233838,3e720bf61c16323519a8e12dfb8632ba75df8487a918d252408164e6cb31a293,ok,True
P100580,http://documents.worldbank.org/curated/en/728031468128995399/text/409840PAD0UA0P101Official0Use0Only1.txt,200,258643,aea5298ec0b2e477fafa54303445ab7edefc6032785b5fd9f03ddbb206b1e93e,ok,True
P100582,http://documents.worldbank.org/curated/en/797851468207849455/text/38763.txt,200,282170,eb07dc272ee43b731810cec57775b1820eba6630219e060d2c14b5b446908db0,ok,True
P100584,http://documents.worldbank.org/curated/en/438741468041655041/text/486800PAD0P1001B1Official0Use0Only1.txt,200,389080,96c79a97f14795755791cda1acf42a3f7cf9ce0a695157d675f79147a86c8706,ok,True
P100619,http://documents.worldbank.org/curated/en/186371468036343928/text/39750.txt,200,386445,186b38533fbde492aea8d265550d3040c2f1b170791f6af83d5af36c9499c732,ok,True
P100620,http://documents.worldbank.org/curated/en/827841468025803662/text/476340PAD0ZR0P101Official0Use0Only1.txt,200,538084,962130d305aeec7b57b1d342b51e7290056d0c74693999806c27195a9495f200,ok,True
P100635,http://documents.worldbank.org/curated/en/520631468098683026/text/433450PAD0P10017369B01off0use0only1.txt,200,349873,3edc9f3c77a6c9c6889eeab418ca964b02f2f6aad0bf72dda254129b5a2ecb42,ok,True
P100638,http://documents.worldbank.org/curated/en/230101468143706005/text/40998010RO.txt,200,276434,c1e666d0c16b3cf052a9dc6e7f85b16cde00d232b30b83bb163710f1365405ef,ok,True
P100639,http://documents.worldbank.org/curated/en/230571468025814517/text/41212.txt,200,562224,4feeb631055df816dd6fbeff1a4ea1a45a427f53027433bb42f69c2ae4bb3b44,ok,True
P100657,http://documents.worldbank.org/curated/en/426541468021257878/text/386040REVISED0110200810R20081022112.txt,200,334741,9543c89737d9db71f0c37d70e73deaf0363b0b4fa853cd26c610b50cbfa3931e,ok,True
P100735,http://documents.worldbank.org/curated/en/213841468034444712/text/409990PAD0P1001and0IDA1R20081025511.txt,200,349620,b15aff2016ef7d043824a74d7f3c98479771ae99a9155fcb6b7dbbd56a62d506,ok,True
P100766,http://documents.worldbank.org/curated/en/977691468038357317/text/37724.txt,200,414836,e0fd9cb606c171c158adfefd23b3fd331096085e0bd31171203565c7fd2043e2,ok,True
P100785,http://documents.worldbank.org/curated/en/472281468204838204/text/39383.txt,200,278462,5ebbecf46876877742f0f3d978c68555c3d21363b0d6878704944b13918b6e3d,ok,True
P100789,http://documents.worldbank.org/curated/en/390121468253190927/text/38128.txt,200,318023,2d1de41d2e47fc141ab9081443d9ed1ae8f2cb3f986af56b8fb2807a3094446e,ok,True
P100792,http://documents.worldbank.org/curated/en/766231468199142400/text/403810BA.txt,200,251583,78c331477953484b8c22751b1d6b36244c0bb06aebb7d13cec94bb1b47d18df1,ok,True
P100806,http://documents.worldbank.org/curated/en/924471468212375840/text/414040PAD0P1001e0only10R20081003511.txt,200,481930,2f3e2df109d7c8d6a4b5aa0cb665c260ed77fbfcbd44006b276437434aab9f58,ok,True
P100916,http://documents.worldbank.org/curated/en/748861468172173399/text/388610PAD0P10017369B01off0use0only1.txt,200,355144,96caf352a537a284a4478f7f3653ecf7a485684bbd5a2eb14f72290a8a4ff89d,ok,True
P100929,http://documents.worldbank.org/curated/en/583031468760192313/text/382590IDA1R20071004711.txt,200,234291,1fb4f30f3fa6f63b561906c8ea36c141afe0fbbb505dc49ac4de627c55ab18fe,ok,True
P100954,http://documents.worldbank.org/curated/en/440031468284093654/text/520700PAD0Box31e0only10R20101009411.txt,200,430832,ad1bc191d3e6ea6584f37567d04ea99db4945e5e94505ceabc9288c3fcd9a8ce,ok,True
P099270,http://documents.worldbank.org/curated/en/486231468273029850/text/440680PAD0P099101Official0Use0Only1.txt,200,88,4e54db8ed3e1d356971051bd4984b2059bbb8a3fa38a2b55d1235f27a32eb001,extract_failed,False
P101076,http://documents.worldbank.org/curated/en/114381468093838016/text/527920PAD0P101101Official0Use0Only1.txt,200,387368,875a75aef079bbd0ce9cfad3f1684d2c18e5f1543ec53d82c0765804689365fd,ok,True
P101084,http://documents.worldbank.org/curated/en/799231468006307955/text/418670PAD0P1011ly10IDA1R20081002611.txt,200,513339,24a93a16443669603c187d13ee7c157798512a4658ca9f356632fd5c819adaaa,ok,True
P101103,http://documents.worldbank.org/curated/en/592481468248083573/text/466940PAD0Egyp101Official0Use0Only1.txt,200,332855,eeb3888c18bd8ab3a476e78c8e59612e270172b5d82bce1e2a71b09d7bff3ae3,ok,True
P101156,http://documents.worldbank.org/curated/en/854641468216605838/text/423660PAD0P1011LY10IDA1R20081029711.txt,200,5299777,80c8274b852c71d80b957d9a71edfc937eed9ea131bf2e25d30a9fb3a42c5f3a,ok,True
P099840,http://documents.worldbank.org/curated/en/212421468303858181/text/482320PAD0P099101Official0Use0Only1.txt,200,88,4e54db8ed3e1d356971051bd4984b2059bbb8a3fa38a2b55d1235f27a32eb001,extract_failed,False
P101170,http://documents.worldbank.org/curated/en/481781468005461184/text/39656.txt,200,502747,4e01f14710d5d4b0a347672001a6cb9d5f9b46fc56e14bff8f62ddecd289f5ae,ok,True
P101171,http://documents.worldbank.org/curated/en/710691467999098109/text/441500PAD0P1011e0only10R20081014211.txt,200,485624,5e9f3cf382951a7c98353c887c0ee91776e8db38f54348abdd44182bf49f1c12,ok,True
P101190,http://documents.worldbank.org/curated/en/884171468004775369/text/416520PAD0P1011E0ONLY10R20081019911.txt,200,179127,75be6208b441571f02f616c633a41b14eb2940056db297deed3876230b42da8b,ok,True
P101201,http://documents.worldbank.org/curated/en/921871468248665474/text/520520PAD0P101101Official0Use0Only1.txt,200,431322,ca23c231cd3081fb2a906ebae000c4015d2bcedba6381a04cc027c2d96deac87,ok,True
P101206,http://documents.worldbank.org/curated/en/859371468006307106/text/41498optmzd01BO.txt,200,408520,64c8d48dcca37e4d5eb318546e303c1be6e4ca25280a31bf32c5808584ed53fe,ok,True
P101209,http://documents.worldbank.org/curated/en/650931468274218421/text/435390PAD0P10117376B01OFF0USE0ONLY1.txt,200,280147,dac28abb1098d70cf77fef92a6e0e095e3119df2b39a54b4d52b573ee7d92506,ok,True
P101211,http://documents.worldbank.org/curated/en/601961468024628902/text/453770PAD0P1011E0ONLY10R20081025411.txt,200,333793,d14bec2b2af00bd228a37cafbceaf78a42893f8765efb7d2be887fc014489bbf,ok,True
P101213,http://documents.worldbank.org/curated/en/421131467997629032/text/39384main0BA0IDA1R20071015111.txt,200,310264,3a63f15e0456d777be79d8f7f3bc7f0332291e2461f84e2bb55e7baea0de52c9,ok,True
P095847,http://documents.worldbank.org/curated/en/722681468334878314/text/463960PAD0P095101Official0Use0Only1.txt,200,88,4e54db8ed3e1d356971051bd4984b2059bbb8a3fa38a2b55d1235f27a32eb001,extract_failed,False
P101214,http://documents.worldbank.org/curated/en/647821468292494625/text/523920PAD0P101101Official0Use0only1.txt,200,260224,444b915d723044b1139ca0e950c28b03ee28cb31fb8a6a4271c9e9b7b5161547,ok,True
P101216,http://documents.worldbank.org/curated/en/957211468089129146/text/39665.txt,200,306109,55131ee459372a185ee6c427f4cb00948d14990f16aac038a3c86f6fe1c75534,ok,True
P101218,http://documents.worldbank.org/curated/en/518531468255853662/text/405140HN.txt,200,367928,69f9de38f054e5443548c0294ef53985b678288454ca34e70713acbe3bb4202a,ok,True
P101258,http://documents.worldbank.org/curated/en/869841468027534520/text/451640PAD0P101101Official0Use0Only1.txt,200,514433,61103eae37715da34bd30eb86e14c3629decdb6430e9fb3005de3f42b680a9f1,ok,True
P101279,http://documents.worldbank.org/curated/en/105071468022429608/text/485920PAD0P101101Official0Use0Only1.txt,200,443847,372e8adac2a0f9dd04dd1cd2aa8bea1e39f9e96146e0520043f8f3b9d4082168,ok,True
P101289,http://documents.worldbank.org/curated/en/167621468320931667/text/723780PAD0P1010Official0Use0Only090.txt,200,266313,a06d21a260f3c3843df9862988049def834231e5b5ae6708c77e941f297ec869,ok,True
P101322,http://documents.worldbank.org/curated/en/541081468037573868/text/418660PAD0P1011ly10IDA1R20081003311.txt,200,203229,870337f81de992b85d9a4afb53effc8a8ca382aff2c17c5fa9f3a68b4291ce9e,ok,True
P101324,http://documents.worldbank.org/curated/en/157921468227649523/text/432320PAD0P101101official0use0only1.txt,200,578374,477619c2384272ddbc1b4f913dec95e851600faf6af32676c7a35ae777b65fed,ok,True
P101298,http://documents.worldbank.org/curated/en/103021468006913048/text/412020BO.txt,200,2519378,2c220f3e69a9fde344119ec94dca3dc85febc8506d8102e585cc64b0afab34e9,ok,True
P101336,http://documents.worldbank.org/curated/en/316771468229474850/text/549710PAD01off1ly10IDA1R20101038411.txt,200,297822,fa6ce18e608f19c4b9fb236efbf94104c6fdcfe8f553948dc9a51e23994cab25,ok,True
P101369,http://documents.worldbank.org/curated/en/994381468122378702/text/519250PAD0P101101Official0Use0Only1.txt,200,403460,186e0e66ab120ae5dd16be629195cae5d8ea9da7434a765f5515e406d1912f6d,ok,True
P101415,http://documents.worldbank.org/curated/en/825191468305338767/text/537740PAD0P1011y100IDA1R20101014511.txt,200,326824,186ae4dcb3a30afd015a2d2f85418e6b2413881a239d626dc16587db2846f3a5,ok,True
P101414,http://documents.worldbank.org/curated/en/717871468288667153/text/515760PAD0P1010e0only0900BOX358362B.txt,200,298872,d1f53aaabca4aac218d3bbd8e5a9c544abd94b5d0f9a5d2cdbf01dbf1c3b27ca,ok,True
P101432,http://documents.worldbank.org/curated/en/370671468319159969/text/39864.txt,200,399786,3db75e88345a4285390c822e5caa5ebcea799b6878d56cd44b0152186ff3f0f1,ok,True
P101426,http://documents.worldbank.org/curated/en/304801468228888817/text/412510BO.txt,200,663109,150ce306282a4866647d4be2490de0d355a337b908c3d641496733a683639c96,ok,True
P101434,http://documents.worldbank.org/curated/en/483321468098381917/text/431620PAD0P101101official0use0only1.txt,200,229395,4d97823704e90471fa5510b2ee6d5687dbc2d8f54031f37c9fa9df9edf8f3360,ok,True
P101446,http://documents.worldbank.org/curated/en/451021468273915117/text/440590PAD0P10117391B01OFF0USE0ONLY1.txt,200,264879,4ab6dcef0bb868fc2bc9b10e1e00e9f134e5be64118e4a7bc723bfeccc0afdfc,ok,True
P101473,http://documents.worldbank.org/curated/en/218751468023442647/text/391190ET0IDA1R20071006911.txt,200,314221,9c77ca25f61d405732bf225fa34644660b5201e2792c40223dff4c8ee86e6d1c,ok,True
P101456,http://documents.worldbank.org/curated/en/487921468263672661/text/36778-LR.txt,200,231026,aee932e1f6944837c3e428121d8f1a8c72964a7047585306bb9b82c0b80375c6,ok,True
P101474,http://documents.worldbank.org/curated/en/682931468031583456/text/433790PAD0P1011ly10IDA1R20081012711.txt,200,294899,45a0c1386878bfe87f58d4fb463cd292ad2139f54313d18a295d94228eaded35,ok,True
P101504,http://documents.worldbank.org/curated/en/660981468229500356/text/511850PAD0P1011Official0Use0Only191.txt,200,594503,9d565dfa1bb107f478fac05eae7c1dde58dd8c8c4aa532da971e2acb368bf2bf,ok,True
P101525,http://documents.worldbank.org/curated/en/268631468018632481/text/PAD6170P101525010Box385199B00OUO090.txt,200,165943,7cc6684e28231e864d27e85b3b7c8b2eda60fe498b3cda176c33b9da49583123,ok,True
P101508,http://documents.worldbank.org/curated/en/282661468017376207/text/463970PAD0P101101Official0Use0Only1.txt,200,465464,06840cdc4721ee5d2a812a912aeca69cc1dcdcc135f6df94f0af4a9f81f473aa,ok,True
P101578,http://documents.worldbank.org/curated/en/188501468081535306/text/744450PAD0P1010official0use0only090.txt,200,239264,0333b290c0abc3deda260bf6098652e915ae02b8f49889f5608110a4f000efb1,ok,True
P101614,http://documents.worldbank.org/curated/en/783481468266083961/text/510600PAD0P101101Official0Use0Only1.txt,200,296596,3c57b0e3459b5ffac2109dbeda2149d89ac5a0feeba1777e72556a7eb3af7917,ok,True
P101650,http://documents.worldbank.org/curated/en/358181468260107377/text/475720PAD0P1011ly10IDA1R20091024011.txt,200,285929,c02833f763a8a13713ed8091dfb9b72542f7fa49aa286623745f804b43c787b7,ok,True
P101645,http://documents.worldbank.org/curated/en/401371468313491911/text/40771.txt,200,797127,b4120c556c5bede030c443a4685834adf4bd64b019712f624be4d2c6d89aa187,ok,True
P101653,http://documents.worldbank.org/curated/en/263021468035342136/text/419680PAD0P1011e0only10R20081003411.txt,200,219602,0d1fbf6169f29b68e9e4158d15cffdbb13ccb685e48856e42d67f2242fe04dcd,ok,True
P101716,http://documents.worldbank.org/curated/en/215141468028810268/text/490180PAD0P101101Official0Use0Only1.txt,200,314166,fa446c3768400f83b63599882f6cd2b58b0f9056222271eb4398f3dd1db675e6,ok,True
P101684,http://documents.worldbank.org/curated/en/945571468087852096/text/480940PAD0P101101Official0Use0Only1.txt,200,310513,705bf36baa374857adc7ea8b8e69f5fe06d8359b83e6f6447c1903575ea82657,ok,True
P101750,http://documents.worldbank.org/curated/en/523511468265780351/text/433510PAD0P1011ly10IDA1R20081017111.txt,200,249052,57abce0673e8707cb7814bc7f7c4409bbdc7158b52af0d37c5293deb96aa73eb,ok,True
P101745,http://documents.worldbank.org/curated/en/426821468018032153/text/400280PAD0P1011nly10IDAR20081003411.txt,200,486380,9786af6db85c620ce4ce0ceb3227e615712a75e4f5776f275efa36a6631e19de,ok,True
P101852,http://documents.worldbank.org/curated/en/389591468030671343/text/39198.txt,200,257172,619d165a95afea86a8ac6608d386163c8651dc29adef3cead60ce5e35c34f594,ok,True
P101829,http://documents.worldbank.org/curated/en/311451468220782318/text/462910PAD0P101101Official0Use0Only1.txt,200,364694,0e62d8645d47a2a710182ff489668eb95727e71ce49bfb28d4b2b8b017613d72,ok,True
P101964,http://documents.worldbank.org/curated/en/540461468298451538/text/37772.txt,200,304709,bf66851d8c6cefd3301e9a4a3170d28989f9d8a0c54692d62e2904b0ad58c920,ok,True
P101928,http://documents.worldbank.org/curated/en/296201468273026880/text/41457optmzd0P1019280R20071024611.txt,200,1845994,faa4b6f451f15b2d3f4695352a6102f70099f3b2bb1cadef95dc7615563e92ca,ok,True
P101988,http://documents.worldbank.org/curated/en/854231468025141515/text/421240PAD0P1011E0ONLY10R20081018811.txt,200,397589,d5d222c40647bbfc7d2b85e524fe9c9aacaf00a3cd624c59599e24daeb01bed1,ok,True
P102031,http://documents.worldbank.org/curated/en/201931468279875705/text/420420PAD0P10217365B01off0use0only1.txt,200,302157,6e05a6fd75bd8517d6f087eecb7f03d8769c54c4e57e53b639df98e98bcf57f8,ok,True
P102000,http://documents.worldbank.org/curated/en/514181468254355062/text/473240PAD0CORR10BOX338916B01PUBLIC1.txt,200,364100,045868b0a2b3c19ab5bd00b223807884f81fa01d1b392caab0672a7dd999f487,ok,True
P102117,http://documents.worldbank.org/curated/en/771551468207852302/text/409730PAD0P1021ly10IDASecM200810177.txt,200,299089,ab9d338fd120c42b8ce9cdf5247a63af29c6377d49d37bc8c053bdfa1c096105,ok,True
P102172,http://documents.worldbank.org/curated/en/373041468122338761/text/461150PAD0P102101Official0Use0Only1.txt,200,342523,0b9328d496b69ed0415d8117d9726d06a12dd676c93b776f08da145966904a10,ok,True
P102119,http://documents.worldbank.org/curated/en/945101468334144163/text/463430PAD0P102101Official0Use0Only1.txt,200,725039,c538087aeb2dd8ac4ed03da79add8804426d14dc4512a042d5a23d742284887c,ok,True
P102174,http://documents.worldbank.org/curated/en/356181468264528568/text/41307.txt,200,292182,9f04211e45b5c9ae8bff99c2f345778393cd98f2a61f1271322d0785685316af,ok,True
P102177,http://documents.worldbank.org/curated/en/984331468038349333/text/507680PAD0P102101Official0Use0Only1.txt,200,394352,ea724f21c7d35873e85e58a4ef9abe28904c49f5a0fa555010e85c60f336ea3a,ok,True
P102262,http://documents.worldbank.org/curated/en/852011468334465983/text/388550TZ0IDA1R20071005111.txt,200,390863,24b8f3682f46dd2ad0f780bceb8591f89789a7f3ef741a023a1c377f116c45ad,ok,True
P102284,http://documents.worldbank.org/curated/en/192201468216606460/text/422490PAD0Box31ly10IDA1R20081017411.txt,200,402831,457c05190dd182fbaa327ecce77437e4321f0c680b97e83b719e0f2fc79c1751,ok,True
P102299,http://documents.worldbank.org/curated/en/974731468006315852/text/431120PAD0P1021e0only10R20081014311.txt,200,369990,7543b00a304c2d37bd1eb85d5871e28b5b51af42ac784688dac51522c3eee34c,ok,True
P102329,http://documents.worldbank.org/curated/en/393431468051292577/text/584050PAD0P1021OFFICIAL0USE0ONLY191.txt,200,280824,7432861dd0a4d4cd46d7fcc0d5573da3bd98b07f8b1ad2adf02eb48eceecc5d5,ok,True
P102330,http://documents.worldbank.org/curated/en/460491468267009133/text/624690PAD0IDA00Official0Use0Only090.txt,200,467265,1283af7c7980be92ab8f8ba88774cddf7b010d9751fb341216e820d54cbcf7b9,ok,True
P102365,http://documents.worldbank.org/curated/en/518361468026676405/text/445390Replacem1334114B0R20081024512.txt,200,238075,0cbeba324a84fdf6872131adeacfc5497fce81681d5cfda40f775b1e9cb4a36f,ok,True
P102368,http://documents.worldbank.org/curated/en/500121468199172766/text/467570PAD0P102101Official0Use0Only1.txt,200,329660,60ec16badb04f5be8941749a42327fb17f47fe212e5ee568349753a6ed3cda09,ok,True
P102376,http://documents.worldbank.org/curated/en/115591468026981205/text/566040PAD0P1023760IDA1R20111000211.txt,200,177604,e384036fb93389c467781dfdd6546900dc956eb99a08ff3a8243a31da237ad51,ok,True
P102396,http://documents.worldbank.org/curated/en/596501468287113854/text/432560PAD0P10217391B01OFF0USE0ONLY1.txt,200,263466,433649e96d41d31563e4e5868360f1b2183abaa8f00b8e34bba628e862732f4c,ok,True
P102398,http://documents.worldbank.org/curated/en/627471468045568593/text/521400PAD0P102101Official0Use0Only1.txt,200,412561,51aedaf0c4f6fa78d29f5000828d4a291c68359ecb2b3437f87d1f367ce6c1c6,ok,True
P102459,http://documents.worldbank.org/curated/en/973891468336580921/text/582640PAD0P10210only1910BOX358312B0.txt,200,427879,2275f675c680cb7b5cd06a3bbbc4016f744867f0bc8d8391eade2d8559a280d3,ok,True
P102479,http://documents.worldbank.org/curated/en/310081468016776745/text/493040PAD0P102101Official0Use0Only1.txt,200,128048,e92b2c4c7a131a788b895b1ca7c5ac9be7c5d616b3f9cbeb803b7090458ecb6a,ok,True
P102527,http://documents.worldbank.org/curated/en/825121468060290622/text/492890PAD0GPOB101Official0Use0Only1.txt,200,41320,b61e7d200c65eb9dd6c234c7cfb8255e57e79c33067ba2c69e1727aaca21cc37,ok,True
P102547,http://documents.worldbank.org/curated/en/961531468041437870/text/411140PAD0P1021ly10IDA1R20081008611.txt,200,429990,b399c8effeb68af1c5de6a9869a1e35eac6ffc23912cd203029feaa0fa3374a6,ok,True
P102549,http://documents.worldbank.org/curated/en/612621468259774005/text/484700PAD0IDA11C0disclosed031181101.txt,200,412028,c537f6fea085b7fd9d40083181df98d4d55f4d1eadc01360a24063814ff9a880,ok,True
P102608,http://documents.worldbank.org/curated/en/582481468325217093/text/475910PAD0P102101Official0Use0Only1.txt,200,438058,b4feb2daad5fa85e75c81a56db98540460139b663c4941bd7d5346cfa7ae4fec,ok,True
P102624,http://documents.worldbank.org/curated/en/183211468042339900/text/437270PAD0P1021OFFICIAL0USE0ONLY191.txt,200,241458,0968019e563283b73d70b2a25bde672fafd34805bb12efcf89c4a16c970497c2,ok,True
P102627,http://documents.worldbank.org/curated/en/329231468284089936/text/719250PAD0Buff0se0Only090Box367902B.txt,200,264044,1d3ff5556ebcc95e02ab8c0ef7dca7b2d7e0b845d4f7bed488bd73da42b0a1d9,ok,True
P102732,http://documents.worldbank.org/curated/en/793631468261874794/text/445370PAD0P1021and0GEF1R20081002211.txt,200,331219,25a3f343cad15732150c8811a7a4e2861a4c0c83c0350809db666ccab95659dc,ok,True
P102733,http://documents.worldbank.org/curated/en/802131468194364775/text/588090PAD0P102010Box379877B00OUO090.txt,200,266420,f25ea1298a11d85c3a2eae983f61d715fc256557497806406a1a298dba56df50,ok,True
P102768,http://documents.worldbank.org/curated/en/909001468267868302/text/38774.txt,200,373936,816752c83b7414cd44b02c03089a2d316d1a3b1278b83ffd6eb9254c904c5043,ok,True
P102771,http://documents.worldbank.org/curated/en/736261468044088591/text/421320PAD0corr101Official0Use0only1.txt,200,506622,073c25cc85a2353babae0a08eda9110d5ed76ae221ff9edce49d76158ffcf672,ok,True
P102778,http://documents.worldbank.org/curated/en/966461468246319394/text/39219.txt,200,416021,260979762a32b1106e900ae582f7cfc341b1a5fbbb4ec213df1f50a9ddff9d85,ok,True
P102931,http://documents.worldbank.org/curated/en/953791468232497531/text/39105.txt,200,181169,899a53451068482212aea5e077bec32b213d4cbee1eec3d646848b5b4c02c12e,ok,True
P103022,http://documents.worldbank.org/curated/en/104521468256148995/text/451860PAD0REPL1ILE0IDA1R20091008913.txt,200,2625859,c898fc2689b7b9c02810df21e9b49b951fe649e2903ddccc03b4adafae3dd99c,ok,True
P103037,http://documents.worldbank.org/curated/en/155911468273019836/text/541470PAD0P1031ly10IDA1R20101013511.txt,200,662621,54ae9e87e2b4004c483b61049f66392565d7fd1a84550ff378cc7b933f204d38,ok,True
P103063,http://documents.worldbank.org/curated/en/897331468266980391/text/563410PAD0P1031e0only1910BOX353791B.txt,200,138472,821628c7a4de0ff024edff372f6862c8ad3a7541f14eb314081be6bec66dc87a,ok,True
P103160,http://documents.worldbank.org/curated/en/509551468291941285/text/472880PAD0P103101Official0Use0Only1.txt,200,370166,07498756e25f11674272eeb60e03c588983651c3b808ee2d4c02ce8190e0aa28,ok,True
P103238,http://documents.worldbank.org/curated/en/453111468132887495/text/472090PAD0P103101Official0Use0Only1.txt,200,392180,70cca1cd911a65b4092c6b541c15242a597227a8f626f7509c066014bcd8d43c,ok,True
P103441,http://documents.worldbank.org/curated/en/467691468236082650/text/402700Chile0R20071017111.txt,200,296542,b6d3406ceb7457403c7b86648abebd5461e29830454061eff8cf4d12753e789c,ok,True
P103457,http://documents.worldbank.org/curated/en/190691468040155969/text/383430IND0PAD0101OFFICIAL0USE0ONLY1.txt,200,257767,f4c739bb8eb4dbcbb4babd8493bef33230ac9d94b16641ecbd97cf5b4c51ae2c,ok,True
P103470,http://documents.worldbank.org/curated/en/381761468079128771/text/583050PAD0P1030official0use0only090.txt,200,405951,1fdebc1e12b8158a37298fde2a3b0def44cb02134be372d53d1fb5b899e2daf9,ok,True
P103499,http://documents.worldbank.org/curated/en/565621468333315480/text/544570PAD0IDA1R20111003811.txt,200,519716,4ab00c20fbdd54f63369c0a5d053958c150937d275bcf255e91416ad1038debf,ok,True
P103539,http://documents.worldbank.org/curated/en/787121468036336927/text/39120main.txt,200,261258,45384e605aea21b3c873d3291ab655a570ef9a0422f226a3edd68686369b6c8b,ok,True
P103606,http://documents.worldbank.org/curated/en/327641468087883160/text/38898optmzd.txt,200,319517,2451842c20873e2737bb6bbbc5165be962bc62c05b2d8e1b21236bcd5b33f1e7,ok,True
P103633,http://documents.worldbank.org/curated/en/399231468313495256/text/433990PAD0P10317372B01off0use0only1.txt,200,402723,811d1258cc80ef93b1372a04d59380f7fd2f8b03bc93215b9fefedfb2d01cc20,ok,True
P103639,http://documents.worldbank.org/curated/en/307891468194651318/text/561450PAD0P1031M1PAD1Jul311091clean.txt,200,227817,ddb09434cc42ba600d9dfe74544b214e487448deebf9a0baad223140640c6b73,ok,True
P103773,http://documents.worldbank.org/curated/en/613261468088486682/text/39633.txt,200,293645,b223b4a32905b8256fd37593bfac71e7ba9e61c6977d2b3526ff17daa2fdd0f4,ok,True
P103881,http://documents.worldbank.org/curated/en/703351468032146411/text/39570.txt,200,328064,8ed1f788cc4b645b4fd3c876b2be22a318b0ad96756d74c88214b107e24e8863,ok,True
P103922,http://documents.worldbank.org/curated/en/703541468334820231/text/503530PAD0CORR101Official0Use0Only1.txt,200,347228,831fda08d8aacb777309d69aa5aa66202b90712e7d982b71570e76b7e3e08e1f,ok,True
P103950,http://documents.worldbank.org/curated/en/760591468271533100/text/418850PAD0P10317374B01off0use0only1.txt,200,389336,d0f292ad47a48e2c28d96177547c654e4edeedb24802ed6092827627e9dda07c,ok,True
P103974,http://documents.worldbank.org/curated/en/643161468053338211/text/471950PAD0P103101Official0Use0Only1.txt,200,361817,c0aae4bf3b94d35c40631332933cb9ed1ffd8188288570c57511c255644d5b29,ok,True
P103999,http://documents.worldbank.org/curated/en/564051468014343642/text/546970PAD0P103101Official0Use0Only1.txt,200,478712,0c08172a87f522357af9f523fafbb029648c2e6e3a8eb07c1d38691ce26d2361,ok,True
P104015,http://documents.worldbank.org/curated/en/962331468053350208/text/593080PAD0P1041OFFICIAL0USE0ONLY191.txt,200,336699,bf89cddf43ecd00c54a0ae5bcd91a475cae1204a3949c9ddb6bcc575b52a1ab7,ok,True
P104034,http://documents.worldbank.org/curated/en/985361468255853355/text/457910PAD0P1041LY10IDA1R20081032711.txt,200,299264,80ddbc59b2799b33c1431ffcdaf9276c00653c5026a0463b92adb078e023ba92,ok,True
P104041,http://documents.worldbank.org/curated/en/660531468019231802/text/417480PAD0P1041ly10IDA1R20081006511.txt,200,445154,cc2489fd09b5b574ec1cdaa9a1ee4e55dbc3e6de2f6b4e639539178e380baf5b,ok,True
P104164,http://documents.worldbank.org/curated/en/600761468051290938/text/593930PAD0P1040se0only0900BOX361487.txt,200,416066,32a79c729e81d6092aeaa76b19a982a9cddf0a19418978c0de3f9c4211cbc0d9,ok,True
P104257,http://documents.worldbank.org/curated/en/293231468319566358/text/417980PAD0P1041ly10IDAR200081006011.txt,200,367647,3374756678d33a3afbab3a3dfa08c078673513e2cf315ab26508eda7e31e8cad,ok,True
P104265,http://documents.worldbank.org/curated/en/192371468057551166/text/430970PAD0P10417376B01OFF0USE0ONLY1.txt,200,245507,beb5d4c4c27dfeb16c939df3ddc46a90fabb58bab19bdd87e83685e8bf60c5da,ok,True
P104266,http://documents.worldbank.org/curated/en/953411468312860085/text/487040PAD0P104101Official0Use0Only1.txt,200,308991,474ad96e39680b15282e596bee129960615b0cd7a489bbf42471ddebd3bb28c8,ok,True
P104357,http://documents.worldbank.org/curated/en/580071468040154671/text/383380IND0PAD1101OFFICIAL0USE0ONLY1.txt,200,120999,e81c9c59fe963fcbb12d665124d5004935818bf3829e7594dd55eb613364a6f0,ok,True
P104405,http://documents.worldbank.org/curated/en/761431468099578593/text/493020PAD0GPOB101Official0Use0Only1.txt,200,102274,4cda7bea32aa2205f47a30c0087d9d20b1a0559e002eb51d1d5ff86eb6e389b5,ok,True
P104456,http://documents.worldbank.org/curated/en/155771468010897585/text/439040PAD0P0101se0only10IDAR1019511.txt,200,362549,843df9068c298c5047b527a6333219d99941df232ca04af0fdd7ba4bb38aac12,ok,True
P104467,http://documents.worldbank.org/curated/en/255391468205447152/text/38149.txt,200,325705,2dca10e90bd934f97dcc819c49592384420f9c3f667eb908512be1c23bd56430,ok,True
P104523,http://documents.worldbank.org/curated/en/994571468212675222/text/40156.txt,200,380538,b6d241ea53d2a94264af8a7f6a34252caa779e26d9bd9b012be73345c575e636,ok,True
P104525,http://documents.worldbank.org/curated/en/925231468224688197/text/426430PAD0P1041ly10IDA1r20081018111.txt,200,309716,59d21d12bc21235c1ccaec088dc4912c6e93b41a1a853dbb22699ae42111cec3,ok,True
P104566,http://documents.worldbank.org/curated/en/818111468321281624/text/393070IDA1R20071022911.txt,200,274703,9fb2c181ec85bd415fe6d431b72a47de789d643d8da8347d6263eeb8e298447b,ok,True
P104567,http://documents.worldbank.org/curated/en/546601468240308475/text/R20070016701main.txt,200,253183,f17406e2626aed9a79465abcdf732ee61ba9d69f86debab02afd3a93853a1437,ok,True
P104670,http://documents.worldbank.org/curated/en/623281468015005022/text/465070PAD0P104101Official0Use0only1.txt,200,402177,ab7dac9f959f0dda05a1a4b9faf7ebfd457ce8dc0fd4f3357d03f9406521d511,ok,True
P104687,http://documents.worldbank.org/curated/en/806161468242641942/text/526880PAD0P104101Official0Use0Only1.txt,200,445465,24754f972f293ed5a55ec0c775a45cbd06a4ab188bb9e00164bd29a4864d47fb,ok,True
P104690,http://documents.worldbank.org/curated/en/385991468034144089/text/38540.txt,200,161935,f959933d77da5ce346cad4c4993843a95ea17695a62776b382b2c30d31d27e40,ok,True
P104743,http://documents.worldbank.org/curated/en/362131468281376308/text/449300PAD0P104101Official0Use0Only1.txt,200,176562,4943b19a049a2a1b1709bdcdfe6d4ea35f0c2fea3f8c6f93bc8609295ea194b3,ok,True
P104749,http://documents.worldbank.org/curated/en/193351468032935183/text/511330PAD0P104101Official0Use0Only1.txt,200,300326,fe181699f53e0a8cdde99109027f1f00d3868ef0dc4ee4db97c4ebb8dd8df2d8,ok,True
P104752,http://documents.worldbank.org/curated/en/981371468015595705/text/404891REPLACEM1UBLIC10R200811022814.txt,200,892882,7c5247e8ac7026faf28205976d164f5a7f150a53f782bdbfa55d9ea72ec9f3f6,ok,True
P104760,http://documents.worldbank.org/curated/en/883751468075832266/text/511280PAD0box01OFFICIAL0USE0ONLY191.txt,200,380868,4a7ce882c2d6079e0c7aa4e146e5bebbd84b0069696365ec85e668653e5437c8,ok,True
P104794,http://documents.worldbank.org/curated/en/368161468304458833/text/40747.txt,200,324606,25fe90c8cdd22e0668e708b4479da48352a0e5a3330bbb60b506f5ba06da87fb,ok,True
P104806,http://documents.worldbank.org/curated/en/876241468051035874/text/540090PAD0Box30official0use0only090.txt,200,498198,ca699e363c5d48b8329f34f23556a8438bc16842c66c81d48c5acaf00d1a7123,ok,True
P104848,http://documents.worldbank.org/curated/en/294951468129595858/text/38504.txt,200,306879,57bc2db444d8d33cbbc5e91bf3136ef7ec7379b1efd09b995d5faa31ee272f87,ok,True
P104881,http://documents.worldbank.org/curated/en/103861468198861859/text/430190PAD0P104101official0use0only1.txt,200,322523,02e84c9357cd10729518f3cc1210d18fc497b7bd1ba285cbd499af2bfa094b07,ok,True
P104945,http://documents.worldbank.org/curated/en/312711468111247533/text/492960PAD0GPOB101Official0Use0Only1.txt,200,93067,e73d86fe1486b10c377e63496dea71680e87b8d92e6e60d1b18bc5d0d2d74505,ok,True
P104946,http://documents.worldbank.org/curated/en/846071468183254015/text/492970PAD0GPOB1emen0Safe0Motherhood.txt,200,70821,c5e1920761f24928ede93551a8df29fb7d20b0eba5ab1dae11f5e20b2a65e079,ok,True
P104960,http://documents.worldbank.org/curated/en/384371468283735541/text/433580PAD0P1041E0ONLY10R20081019111.txt,200,260129,2ecad405cbba711cf6d6769824d2acb7d65ded5e48c28eac763d16afac972140,ok,True
P104994,http://documents.worldbank.org/curated/en/752121468277509387/text/421080PAD0P1041ly10IDA1R20081003511.txt,200,208972,9cdf0a14880c858c4a9d1c58e0ff2852f068a542217671bf54b47e4db2d545d6,ok,True
P104995,http://documents.worldbank.org/curated/en/782641468015060338/text/513040PAD0P104101Official0Use0Only1.txt,200,304735,33054afd82f6221324ca245d6487a39d57236912dcdf964d0f5007f980a98ab5,ok,True
P105002,http://documents.worldbank.org/curated/en/247831468258867479/text/424090PAD0P10510and0IDAR20081010611.txt,200,390013,4d610e097aa6dae82bd885387bc97aec076e1969ca1fd244664d61605bfba25e,ok,True
P105024,http://documents.worldbank.org/curated/en/380331468038932362/text/422890PAD0P1051e0only10R20081007911.txt,200,324385,d72503f106d1d747bcd38bb5b5df78c2a8e50ca4d495f1bfe562f47f1b172d80,ok,True
P100968,http://documents.worldbank.org/curated/en/699871468023959538/text/421000PAD0P100101Official0Use0Only1.txt,200,88,4e54db8ed3e1d356971051bd4984b2059bbb8a3fa38a2b55d1235f27a32eb001,extract_failed,False
P101160,http://documents.worldbank.org/curated/en/733371468223475347/text/472600PAD0P101101Official0Use0Only1.txt,200,88,4e54db8ed3e1d356971051bd4984b2059bbb8a3fa38a2b55d1235f27a32eb001,extract_failed,False
P105092,http://documents.worldbank.org/curated/en/720131468036344931/text/39516.txt,200,273321,c507f3422338f4283599ee53f3f195913de4bc90b2487d07ec325b6cd33706bc,ok,True
P105101,http://documents.worldbank.org/curated/en/232731468002433016/text/475570PAD0P105101Official0Use0Only1.txt,200,477694,4e0bec8ae7868f2e6734e9525d77a1b9813d189a405e71f3630047cb461021d2,ok,True
P105116,http://documents.worldbank.org/curated/en/746911468221395128/text/426160PAD0P10517369B01off0use0only1.txt,200,291768,e5b36743146368624106def93533a5f2b3157cf4538300bdac2e28b0c7656a33,ok,True
P105122,http://documents.worldbank.org/curated/en/384431468049803705/text/493920Revised01Public10R20091019612.txt,200,270701,25a93ed1076d5b2bf5fdea43d6eaf5af3fde6724dff35f94a5c0527be41ba24f,ok,True
P105164,http://documents.worldbank.org/curated/en/362361468242973474/text/413090PAD0P105121468B00R20081002411.txt,200,356880,4574d4dd4458fc9fde0fbfef25cd1844ff3add011c2915ad539e8c5895e0ad2b,ok,True
P105176,http://documents.worldbank.org/curated/en/645641468305054452/text/436950PAD0P1051y10IDA1SecM200810420.txt,200,1833938,e00c21d0173009bfab10f2a723331cb79c6eddc8ca1d0537de34febfd6959260,ok,True
P105229,http://documents.worldbank.org/curated/en/917981468236685397/text/398920PAD0P0841ly10GEF1R20081000411.txt,200,369088,de4f95f05af558804400f365685b4139b8c4a0a208a5a8b72328591b44880848,ok,True
P105256,http://documents.worldbank.org/curated/en/827371468271202212/text/437670PAD0P1051and0GEF1R20081001411.txt,200,499612,49e28d01f66849f9410ca92ff6df8833d90d5c23a904683723deee28e61d8f2c,ok,True
P105269,http://documents.worldbank.org/curated/en/990841468273330396/text/729790PAD0P1050OFFICIAL0USE0ONLY090.txt,200,282417,d8522b60cfa4be060d2372adcc9495f48114fc2e508c2de7ad1dd97b59c80688,ok,True
P105288,http://documents.worldbank.org/curated/en/368891468002649154/text/39558.txt,200,415443,a524734dd6a788b81286c72a425ee80558945f3810e9b826eb9f3615796734eb,ok,True
P105311,http://documents.worldbank.org/curated/en/416521468260056122/text/605290PAD0P1050e0only0900BOX361539B.txt,200,403804,0106b1d27e4d5b5b99f4630cf792466d807da417cc451461448b35f09a1bbbf2,ok,True
P105329,http://documents.worldbank.org/curated/en/503531468047754008/text/37455.txt,200,359447,bfa21e00e998d2f9c619784414eff67918acfc07e6ca2a0c6a03ada0dd2a21a2,ok,True
P105331,http://documents.worldbank.org/curated/en/503531468047754008/text/37455.txt,200,359447,bfa21e00e998d2f9c619784414eff67918acfc07e6ca2a0c6a03ada0dd2a21a2,ok,True
P105403,http://documents.worldbank.org/curated/en/717131468143396252/text/666710PAD0P1050C0disclosed040300120.txt,200,242605,2f0421dfecd4b49f50c77866057f6054870e8fc27f4af9e4b1ba90970358e1de,ok,True
P105404,http://documents.worldbank.org/curated/en/722131468339074193/text/476490PAD0P105101Official0Use0Only1.txt,200,538989,b9ecd834b973b80c4d9b713227253e8b86dab57d0bf60dc72d05394ceefc8611,ok,True
P105651,http://documents.worldbank.org/curated/en/978631468038133125/text/492990PAD0GPOB101OFFICIAL0USE0ONLY1.txt,200,69121,55a1d4a89571e5b98e00867741cc3371c9a84dc34edb5d304e1ef9e6879e361e,ok,True
P105669,http://documents.worldbank.org/curated/en/940261468056653846/text/449570PAD0P1051E0ONLY10R20091000111.txt,200,264799,b5445681ce1201f8202bf0c238e6db9203b93e9c0dac58da254e9ffa42501260,ok,True
P105711,http://documents.worldbank.org/curated/en/135661468002424405/text/39901main.txt,200,285948,452a444d86668e3f8dadbcb279125412b49a22fda6215a393ea3b0e708a06fb5,ok,True
P105860,http://documents.worldbank.org/curated/en/395541468053639206/text/41317010NP.txt,200,312887,298537d8b57a899176d928b2b66d993f5d5a6f210d16f9a1e699904a28e16510,ok,True
P105872,http://documents.worldbank.org/curated/en/462431468018604342/text/521450PAD0P105101Official0Use0Only1.txt,200,355681,3b171161e61236afc2fb90b7075d059d6fa794f499bffd9e385f22f0f1ebc876,ok,True
P105881,http://documents.worldbank.org/curated/en/997591468113083201/text/454620PAD0P1051and0IDA1R20081031611.txt,200,372663,268c4b733398810f263fa55d9c330e0b3c4e5ae8bc6b9a7acc48f9068d277f56,ok,True
P105897,http://documents.worldbank.org/curated/en/704691468286786160/text/559970PAD0P10510Box358325B01PUBLIC1.txt,200,243902,16142493e4af2f66f703d0988da7055e5bdec1a8aff5fd07f1936508400d4837,ok,True
P105990,http://documents.worldbank.org/curated/en/232061468284091155/text/531840PAD0P105101Official0Use0Only1.txt,200,359282,f471fd56cb1b897de50bea15b436e8f8987e533364cd4a719ad4e2e118722d14,ok,True
P106038,http://documents.worldbank.org/curated/en/109431468015035601/text/408910PAD0P106101official0use0only1.txt,200,338157,2e5eed576b7b3bb535e37db3c003f04626bfd94173bc660a4b74f38000b9b6a8,ok,True
P106063,http://documents.worldbank.org/curated/en/383221468212083654/text/489650PAD0342008B01PUBLIC1.txt,200,926458,0ed8884bd5c24a30c91d4638995c7de0130dedd756b0628ca3faf1fd9fc9e211,ok,True
P106161,http://documents.worldbank.org/curated/en/107231468201543865/text/439550PAD0P10612451101off0use0only1.txt,200,475981,d09f8e2f5a544f3a61b7a8da79aa3596cbc055bbceab89838cd838afec69de7d,ok,True
P106172,http://documents.worldbank.org/curated/en/796771468288655228/text/Nigeria-Electricity-and-Gas-Improvement-Project.txt,200,744709,dfd46743ae5826849fdc4a04d051591dd22682c664b8f7d108eb21a35b226c48,ok,True
P106208,http://documents.worldbank.org/curated/en/929071468015874845/text/431840PAD0BR0P101Official0Use0Only1.txt,200,412152,15718ab5296386e61e189633999a0d4f50eaca7365008143a131cc56906824df,ok,True
P106216,http://documents.worldbank.org/curated/en/126981467998483226/text/448270PAD0BD0P101Official0Use0Only1.txt,200,464518,2ac6b307dc131f90126f8e8ebad54ca55f9abfd8f5793531aad796956565ba91,ok,True
P106228,http://documents.worldbank.org/curated/en/343591468032067993/text/421710PAD0P1061ly10IDA1R20081007011.txt,200,346061,4483a169620fcfd43f69ccbbe4213785b012a86e1d16399333a3609575c9d1a1,ok,True
P106235,http://documents.worldbank.org/curated/en/364661468136778211/text/581780PAD0repl01100110020BOX358352B.txt,200,235605,31ffb5febb61ff2a97d28125b36898251e40ab1071bbed0996fd39034b5cdae4,ok,True
P106261,http://documents.worldbank.org/curated/en/137921468045850600/text/448600PAD0ADDE11120GEF1R20091000112.txt,200,346509,a4647f8950cb80bd15fc5862a1fa3e1e697c0535e5c3f42adeb12d116f1abbd6,ok,True
P106280,http://documents.worldbank.org/curated/en/198331468096841090/text/474530PAD0IDA11C0disclosed071281091.txt,200,478199,05e4b507cd6b3892be0560298000878c36cde41c3eeea950cc8087542390e182,ok,True
P106283,http://documents.worldbank.org/curated/en/258331468108871295/text/429080PAD0P10617379B01OFF0USE0ONLY1.txt,200,312147,cb492f8de11d5ead40ae43fdc4ab8c3c0e815b547286aef79cfd268f4bddd0ba,ok,True
P106284,http://documents.worldbank.org/curated/en/608031468338987781/text/431740PAD0P106101official0use0only1.txt,200,275136,2629c1dad90e6c933bb07a8fb5b53692dd462261a3981fb11bdcaac33f16cddb,ok,True
P106332,http://documents.worldbank.org/curated/en/485601468003560874/text/417950PAD0P1061ly100IDAR20081021911.txt,200,307407,165a4340ddd9c1a07e6e22599ac2a16ee53a424d830b6607971c603738e8b22d,ok,True
P106355,http://documents.worldbank.org/curated/en/543101468057313498/text/462200PAD0P1061ly10IDA1R20091000311.txt,200,364220,c89c8225f0503b505b9ba50c7cbc58d9e4f86d49908a41036ff7a019e4a79c18,ok,True
P106369,http://documents.worldbank.org/curated/en/653571468194653665/text/452990PAD0P1061Y10IDA1SecM200810592.txt,200,278041,62b38acffc8bc8e484d19e3d2ef20aef7ec84c10006aac06f42b9b31b7f754b7,ok,True
P106384,http://documents.worldbank.org/curated/en/973261468260331819/text/601390PAD0P1061OFFICIAL0USE0ONLY191.txt,200,261743,289ee83bc1c4be2fee70770bff7b460974ea0b8fea78c475bc8b1cd55d6653ff,ok,True
P106390,http://documents.worldbank.org/curated/en/238411468238747357/text/489150PAD0P106101Official0Use0Only1.txt,200,239478,9b3fb5bf8fbd7661db895222145a592cbea5ec1edd98f1889c45a5d586b6c1ea,ok,True
P106424,http://documents.worldbank.org/curated/en/142421468052473744/text/543030PAD0R2011ltaneous0disclosure1.txt,200,562345,c65c4cd59483c6b0bfd484e690b38391062d344ae1a239c9d26800c4b5b18b63,ok,True
P106443,http://documents.worldbank.org/curated/en/850741468295533196/text/NonAsciiFileName0.txt,200,161560,91ebd4750d18fe7dbf4fd5826292fc8acaa5b100cb6e31833ea4d15bb343d902,ok,True
P106445,http://documents.worldbank.org/curated/en/781171468146695095/text/428660PAD0P1061E0ONLY10R20081016311.txt,200,285972,8e50eb86fbf9d09f179832499592c6aac1a1012dd4546224eb7b43227a0d7e13,ok,True
P106528,http://documents.worldbank.org/curated/en/574851468050661075/text/462710PAD0P1061E0ONLY10R20081024111.txt,200,300176,b440f5d81e9d25f36f31da1bb5f68e7d91a5bca06f4d5525208a1057218b49ba,ok,True
P106589,http://documents.worldbank.org/curated/en/458551468300619057/text/416410PAD0P1061e0only10R20081014411.txt,200,582021,b9521fa11e84778e06d34d31933160e27a99523fe3f481137e9ece247b6ac7be,ok,True
P106596,http://documents.worldbank.org/curated/en/505791468169472400/text/470630PAD0P106101Official0Use0Only1.txt,200,378699,d9951127e1ca7f24d9feb89e5491af7658d7387b3a7dc51e6e3d3958ed79bbe6,ok,True
P106603,http://documents.worldbank.org/curated/en/748831468225281424/text/424270PAD0P1061ly10IDA1R20081010411.txt,200,409319,5e3e7aab98bd606edb8d30d39eff4596dfff6b0a02ad96413a52f4e16b75f99c,ok,True
P106605,http://documents.worldbank.org/curated/en/734251468020946567/text/493110PAD0P1061ficial0Use0Only01091.txt,200,371163,f9e0d7407b0199ed74a94b05519711304126cf3a9022659a6e0b8a3a4af2186b,ok,True
P106619,http://documents.worldbank.org/curated/en/214601468025744112/text/497310PAD0P1061E0ONLY10R20091021011.txt,200,338116,5c7d6349ab1b33a4429ef4e50853c446bceaeecbfccb2ae50f39b07f6ae3cca9,ok,True
P106621,http://documents.worldbank.org/curated/en/112731468257080504/text/424490PAD0P106101official0use0only1.txt,200,231817,d4b0229d348c77208473f241c6ba5809a96c92582afd9860217c7de97e7aaac5,ok,True
P106622,http://documents.worldbank.org/curated/en/820911468262541486/text/427190PAD0P10610only100R20081008011.txt,200,282332,4717cee0939b7cee4d2d942fc1eb0e5629afb6ba2c09980cd3e778cf191a441f,ok,True
P106623,http://documents.worldbank.org/curated/en/959581468208170085/text/421940PAD0Box31e0only10R20081016711.txt,200,332194,0286ae0a56c292644abbf0817cbad2b894b0e297652eda5a15fd3ccb4016e067,ok,True
P106628,http://documents.worldbank.org/curated/en/691281468241482817/text/509020PAD0P106101Official0Use0Only1.txt,200,346267,fbec0f1bf8d83cdc3cf4c17b5b9e57d939f1723264b20e4d362ba06123c3b445,ok,True
P106663,http://documents.worldbank.org/curated/en/120891468237591405/text/432550PAD0P106101Official0Use0Only1.txt,200,385144,4653886f9b641f016aa0421b6467423af55981092f18391923f18cacccfff825,ok,True
P106680,http://documents.worldbank.org/curated/en/612261468033550045/text/479170PAD0P1060e0only0900BOX361487B.txt,200,338098,5180b61518b97365656523b7e7e24772a6e0484cf2de09c6d2a2f3f228428877,ok,True
P106684,http://documents.worldbank.org/curated/en/865861467999094255/text/430000PAD0P1061E0ONLY10R20081018911.txt,200,447628,c79020ec7f642c98ead49a6477a03e8fd38d6cc33f8faeec1c3b5aeba7f993bd,ok,True
P106685,http://documents.worldbank.org/curated/en/351101468000599541/text/57359-PAD-P106685-R2015-0098-1-Box391446B-OUO-9.txt,200,224033,67a205accfbff33aa9177b09ce0c0baf92f8c146427c16766ba74ca752459a69,ok,True
P106686,http://documents.worldbank.org/curated/en/162041468146695368/text/437570PAD0P1061E0ONLY10R20081016411.txt,200,381593,1fa2b2b3192be98a0a7897f2927a264adf0485eb7cf53f586d094ffb08a0da00,ok,True
P106699,http://documents.worldbank.org/curated/en/674301468251114577/text/427370PAD0P10617374B01off0use0only1.txt,200,376081,b37723c9526d2f5373968a34704767f744ea94b657f21b7898434bd3d6911be0,ok,True
P106700,http://documents.worldbank.org/curated/en/254031468227711251/text/578240PAD0P1067000IDA0R20110025201.txt,200,259971,490de807f9d3f2f58db3e3aab91131d81e42e6f2afd17d4cb74065fcabf42c42,ok,True
P106702,http://documents.worldbank.org/curated/en/125731468020397858/text/502920PAD0P1061Official0Use0Only191.txt,200,361198,7decae9784796b8e8830dc82abdf9d643ea3b98b69141efa4b00e94b4d1ca7ce,ok,True
P106703,http://documents.worldbank.org/curated/en/119821468227663009/text/536200PAD0P106101Official0Use0Only1.txt,200,520895,3b99affcd9050f57fef5a37bfd16a10a6ddf22faef7e0cf53bd78baeb1441934,ok,True
P106735,http://documents.worldbank.org/curated/en/905941467997620834/text/585040PAD0P1061OFFICIAL0USE0ONLY191.txt,200,311421,1fb7e67d6e2fc1300624d6295b3cd4759ef327166e7c7977115c0bd50663a638,ok,True
P106752,http://documents.worldbank.org/curated/en/475111468009325476/text/451650PAD0P1061E0ONLY10R20081019011.txt,200,351939,a35ed33b3b231f8c5e474cfbdcffba83aa48676ee1f96c13d86e3e5f348c5782,ok,True
P106765,http://documents.worldbank.org/curated/en/922231468232730059/text/450840PAD0P1061E0ONLY10R20081019311.txt,200,427766,a4ed8ade47954f608142ef0b17c6ff55dc3c84ded667702cc867457ec2357dc3,ok,True
P106768,http://documents.worldbank.org/curated/en/640171468014400349/text/528140R20101019911.txt,200,267195,3feb960c3d402be89e002a3ec72e1f75251245787bcb03b879b84cf246e23924,ok,True
P106794,http://documents.worldbank.org/curated/en/294651468229164327/text/493060PAD0P106101OFFICIAL0Use0ONLY1.txt,200,96425,5c256f84aaca6d7b36ecc57254b791c607232c6cdbfeb371386bc6fdfc4c09fa,ok,True
P106851,http://documents.worldbank.org/curated/en/759551468027229311/text/428390PAD0P1061ly10IDA1R20081012511.txt,200,493551,416b5fbc457ce84ff8af171cc875482f0eba8acb7bedb246c9eefc2459c00ee9,ok,True
P106855,http://documents.worldbank.org/curated/en/258681468023106655/text/451400PAD0P1061LY10IDA1R20081031311.txt,200,1798540,d54565199a16c2fff598dd20c1fd4675497a8d6f2a15700980e1fd37d6c3a85b,ok,True
P106870,http://documents.worldbank.org/curated/en/824651468060882596/text/562620PAD01public10IDA1R20101035211.txt,200,209446,995fa0366f4a766369c11657b925569221ef2e8f245a0cd44119fb57009a6194,ok,True
P106872,http://documents.worldbank.org/curated/en/158661468256172404/text/467370PAD0P106101Official0Use0Only1.txt,200,495592,fb7b9749cfd029b8f42e20ebce3b8c2c44d8b1bf4dadc863e1f85ae189749708,ok,True
P106885,http://documents.worldbank.org/curated/en/265961468332664289/text/541010PAD0Box31ly10GEF1R20101000611.txt,200,379932,e7210baf77a0f50e0860f5ac7e7f6eb7cacb07082e498804e2eaa69dcc887b9c,ok,True
P106899,http://documents.worldbank.org/curated/en/753941468053973366/text/410340IDA1SecM1401related0to0357011.txt,200,251543,ecddd216d2ae221010825f58e00c09ed587f7af1de484b49e193b66dcb9d33cf,ok,True
P106906,http://documents.worldbank.org/curated/en/328841468061501129/text/430320PAD0P1061E0ONLY10R20081023711.txt,200,254850,bd547719d8c5df4dda7899bcbb295690d1c97fb277f54f9763eaa7ebb8a8b58a,ok,True
P106909,http://documents.worldbank.org/curated/en/362301468237297500/text/473920PAD0P106101Official0Use0Only1.txt,200,339594,338ebe2813c4f30d0506b1a4617a564daf5abf6c5da3f2b8464e8259d90c9b53,ok,True
P106956,http://documents.worldbank.org/curated/en/862341468241469417/text/486630PAD0P1061e0only10R20101001611.txt,200,389214,1a99f2b3d16d0b2abf0a69816a7425a5e318ac25783cc20a4394ad2713424a10,ok,True
P106975,http://documents.worldbank.org/curated/en/148871468247874536/text/529950PAD0P106101Official0Use0Only1.txt,200,649881,04f189757b696f1e4d15f92e564ee1a51fbc1c12cba768e7508be0b4f5c224ad,ok,True
P106982,http://documents.worldbank.org/curated/en/813701468244798193/text/531160PAD0P106101Official0Use0Only1.txt,200,620094,b2d271bf0d7c7cbe66081963ad92371992d067b30226363240e872731ca926a2,ok,True
P107050,http://documents.worldbank.org/curated/en/902601468334223179/text/538100PAD0Box31ly10IDA1R20101012011.txt,200,322048,46b92a0fcb2635e4f1ad9fe70ed683ce7955b4ae04ee1316bbede18a0f778e70,ok,True
P107139,http://documents.worldbank.org/curated/en/234841468256201143/text/429270PAD0P10710and0IDAR20081007211.txt,200,263864,ce17abe19f01b5a2a59e7b917253404bc2fccc006672a5b512f352f6026c7863,ok,True
P107146,http://documents.worldbank.org/curated/en/871561468021550743/text/462170PAD0P1071E0ONLY10R20081025811.txt,200,532641,b777d5cb02f6f6f0720e2a62a6b9433c922db474234c12cf30ad5125830b0d08,ok,True
P107159,http://documents.worldbank.org/curated/en/346751468045048108/text/515820PAD0P107101Official0Use0Only1.txt,200,419927,67fdcc2d3c37d7ab1c5d36c29b13c86f5a3022770640c32ff3ff78d2a5434161,ok,True
P107254,http://documents.worldbank.org/curated/en/824291468273358946/text/439570PAD0P1071ly10IDA1R20081018911.txt,200,286428,f48de4a147a2986cc2e815178738c0a6ba89f9f4375a74d97ca19eaa64b84c81,ok,True
P107300,http://documents.worldbank.org/curated/en/235111468073731706/text/476420PAD0P107101Offciial0Use0Only1.txt,200,445203,25a7c6a588fe41f191f42707fa3dc393d62b6cb371af44ba793baaaeb3da5b05,ok,True
P107311,http://documents.worldbank.org/curated/en/933691468287154210/text/526910PAD0P107101Official0Use0Only1.txt,200,428209,4c7e0616233f85717f3bbdb2d01850e1b161f40148c89ec8f28f32d47350319a,ok,True
P107314,http://documents.worldbank.org/curated/en/942501468048258606/text/660630PAD0P1070Official0Use0Only090.txt,200,221119,0d89df7b2ed680c547376c8d2344fd4101236a1f23299e7aa94b4a9d3b2f73ec,ok,True
P107343,http://documents.worldbank.org/curated/en/624141468242952840/text/532190PAD0P107101Official0Use0Only1.txt,200,291742,2bce402dfdd5a708f257f55a3a8ed2c2ab46a2794ddb91eb6a58e324413af8b2,ok,True
P107350,http://documents.worldbank.org/curated/en/391511468321880293/text/637940PAD0P1070e0only0900BOX361532B.txt,200,352307,ed80185686e6dcbd36236891e0fc099c669f16091724216d6aa96845560d5359,ok,True
P107375,http://documents.worldbank.org/curated/en/951541468266381372/text/481390PAD0P107101Official0Use0Only1.txt,200,318654,f933127ca4aa276217d74772704ee6dab8a6a97cd31311f1f751dad6044b070f,ok,True
P107407,http://documents.worldbank.org/curated/en/177131468042544628/text/502830PAD0P107101Official0Use0only1.txt,200,279328,73602752f0b52c5965199688d4618efde14e7485322b5082814ed0df6fca2224,ok,True
P107456,http://documents.worldbank.org/curated/en/983631468232475988/text/528420PAD0P107101Official0Use0Only1.txt,200,259087,3c5a2b9259627ec9e23304853032143684592cf645abf33c1a3e52acc87ea0d4,ok,True
P107473,http://documents.worldbank.org/curated/en/746191468287370581/text/448010PAD0P107101Official0Use0Only1.txt,200,350168,70b0f72a3d7c13fdd141ff2bb6eb232b0713af91c658d3dc827ac795e48b5366,ok,True
P107559,http://documents.worldbank.org/curated/en/278071468018861741/text/451660PAD0Chin101Official0Use0Only1.txt,200,311205,be92b76d7f33f2f9ce35d4ee219e5a5f3c501c2c6157b325cc9bd8f27f385262,ok,True
P102487,http://documents.worldbank.org/curated/en/707511468040481758/text/468230PAD0P102101Official0Use0Only1.txt,200,88,4e54db8ed3e1d356971051bd4984b2059bbb8a3fa38a2b55d1235f27a32eb001,extract_failed,False
P107598,http://documents.worldbank.org/curated/en/674351468287756944/text/595900P1075980IDA1R20111004011.txt,200,591753,05a48fa6ef82d146f96710033a8748156d1412b33f373f4051b03d08519c0981,ok,True
P107608,http://documents.worldbank.org/curated/en/576841468045072371/text/499150PAD0P107101Official0Use0Only1.txt,200,305627,dab617258db62be32d78761b757ba12b0b58a9c4add3d707450a4b39a7d97977,ok,True
P107612,http://documents.worldbank.org/curated/en/658711468062677528/text/423000PAD0P10717362B01off0use0only1.txt,200,222109,08ad5fc264aef5520ca8f08a8bd00386535d33e0944df6da510c59983077048d,ok,True
P107617,http://documents.worldbank.org/curated/en/491241468222000283/text/588350PAD0P1071OFFICIAL0USE0ONLY191.txt,200,206962,0ce58d44589b4b81ea54bd883327e763742ef7b7d6b53e124a7e561102df39d2,ok,True
P107648,http://documents.worldbank.org/curated/en/672351468267289248/text/637080PAD0P1070C0disclosed030160120.txt,200,319094,89ac7bb2656cf14099d0ecce3f312030519b9d8544081019a664263623c50566,ok,True
P107649,http://documents.worldbank.org/curated/en/827871468042298605/text/590890PAD0P10710only1910BOX358303B0.txt,200,315915,86b76025a1316b9319036212c5e2dd8f19acc9ee47e8992557bd7b44da42b952,ok,True
P107661,http://documents.worldbank.org/curated/en/103451468258289377/text/450430PAD0P1071E0ONLY10R20081020911.txt,200,398085,91516ebb567dd32a0f4c46b51e561a6f7bbc39eb3b050fbe9213ee1e29ad0d6c,ok,True
P107666,http://documents.worldbank.org/curated/en/506571468294326664/text/476890PAD0P107101Official0Use0Only1.txt,200,308819,f1f20ce46a47549896a8d8755d681a5c8f304634860bc0a1199d8154eeca0a78,ok,True
P107722,http://documents.worldbank.org/curated/en/888871468171872875/text/598010PAD0P1071e0only1910BOX358303B.txt,200,185252,51753c140ab36233ebf3a8194a9d035a9b9710c37b288874cbb1faca043de12b,ok,True
P107772,http://documents.worldbank.org/curated/en/559921468207245554/text/472250PAD0P107101Official0Use0Only1.txt,200,311279,eab5de893d511040e78c8a91a8aadf06b26a05b75125f40acdb2ba7f72c3aecb,ok,True
P107782,http://documents.worldbank.org/curated/en/775381468145183554/text/537180PAD0P107101Official0Use0Only1.txt,200,297335,d383696e41969bf1542b2cd6ba6f1b10003868e61fb1a94ed687dad566c657f4,ok,True
P107833,http://documents.worldbank.org/curated/en/785161468193759664/text/418980PAD0P10710810138110Box327374B.txt,200,255937,cf49dfcd3e8916196123a799aec358a1d0e8cb18b0cf331e1f58ef86db68e1d8,ok,True
P107840,http://documents.worldbank.org/curated/en/958101468050699540/text/422000PAD0P1071e0only10R20081007411.txt,200,264952,72f37c4954f744f4ecd798078e2de137c9c431ab2744e1c32e0a944c524d7326,ok,True
P107845,http://documents.worldbank.org/curated/en/348961468133153861/text/483490PAD0P107101Official0Use0Only1.txt,200,261563,508495f4b23bc4ce9cd33969862975555c838ab865a5b2d003fb5b0944c7d046,ok,True
P107847,http://documents.worldbank.org/curated/en/358211468302396200/text/484450PAD0P107101Official0Use0Only1.txt,200,323930,7ced8088a29bfee6085f4cb3480b7641faa316c91f9e934110b72626fa15847c,ok,True
P107851,http://documents.worldbank.org/curated/en/219901468238758990/text/516570PAD0P107101Official0Use0Only1.txt,200,351548,075783ea899cd5c16fd00631157ae6e73d8446096de1269920eb513ef546e9eb,ok,True
P107843,http://documents.worldbank.org/curated/en/613101468223199691/text/433190PAD0BR0P101Official0Use0Only1.txt,200,3095382,156e541019ce01bb18b60c91d0c97fff705c3ae30e5de5c11ba5c57826ff786d,ok,True
P105075,http://documents.worldbank.org/curated/en/283781468325217376/text/482990PAD0P105101Official0Use0Only1.txt,200,88,4e54db8ed3e1d356971051bd4984b2059bbb8a3fa38a2b55d1235f27a32eb001,extract_failed,False
P107981,http://documents.worldbank.org/curated/en/559931468300647992/text/409470PAD0P1071ly10IDA1R20081005111.txt,200,254158,d3b093e1448f4cfd3e36e4bd2d234ee07cd5f04fe379d787c6c9cfd955213a57,ok,True
P107992,http://documents.worldbank.org/curated/en/583301468275683764/text/447450PAD0P1071E0ONLY10R20081024011.txt,200,236565,00b2730fbb2d956679ec9031675e88d980dc471896e6493498b9096b0aa5c12c,ok,True
P107998,http://documents.worldbank.org/curated/en/598961468199783154/text/427990PAD0P1071and0IDA1R20081029511.txt,200,263883,20d64562b05d1e4dd1950d2ae82cb7ca86248baaf26931a406cef69a5999d4ce,ok,True
P108005,http://documents.worldbank.org/curated/en/449831468102866922/text/470690PAD0P108101Official0Use0Only1.txt,200,426835,8da2ac9279a2d3604c049cabd541243a0c02fce27cc2432d7a99714559efdd66,ok,True
P108023,http://documents.worldbank.org/curated/en/523121468205766684/text/450560PAD0P108101Official0Use0Only1.txt,200,210586,a941aac83567abc8d75d4d10a9eaf40eca6b6b85b227c2ca656eb05d5c26ade6,ok,True
P108069,http://documents.worldbank.org/curated/en/602731468336617795/text/461660PAD0CORR10Box338913B01PUBLIC1.txt,200,320551,9d6538f4dd4ad98fd0e634048f05fe81ff5568963622365135bce28736762d1d,ok,True
P108080,http://documents.worldbank.org/curated/en/462411468292488299/text/41528.txt,200,186933,0e456725de2d14c26e7768b2de37d11407076af74ffa6ba22325a4fa266a3e8b,ok,True
P108078,http://documents.worldbank.org/curated/en/776491468300648306/text/434180PAD0P10817376B01OFF0USE0ONLY1.txt,200,426181,a77646f2d9733961d843e152824a052d7b04f6fa339916716384fca72bc20702,ok,True
P108143,http://documents.worldbank.org/curated/en/911261468056661799/text/462720PAD0P108101Official0Use0Only1.txt,200,395664,7effbfeb3b2527844ac70b09f1b814291e046bceef62bb22204494949044832b,ok,True
P108178,http://documents.worldbank.org/curated/en/261301468302427932/text/440450Replacem10as0previous0record1.txt,200,270290,b0738cc3873c74645a81f0e37362dc3a1c710b5a2b1d25cfca94118e23c7c5b3,ok,True
P108144,http://documents.worldbank.org/curated/en/169131468167666256/text/489040PAD0P108101Official0Use0Only1.txt,200,1008687,4b5f7120e21276353dacc579a87469bec65d0bf424fab3cd916e1e70eb8f5c01,ok,True
P108253,http://documents.worldbank.org/curated/en/897831468324003322/text/470800PAD0P108101Official0Use0Only1.txt,200,234478,e424941aa9b2739589d19791ea6f801ecd039066cbc694bd06113651731bc60f,ok,True
P108368,http://documents.worldbank.org/curated/en/772181468009323985/text/497000PAD0P108101Official0Use0Only1.txt,200,165825,96545f6fe9e2147c8d5f6bd6cb80503eadc76f96be66570a2df0fc5b73a9efe8,ok,True
P108440,http://documents.worldbank.org/curated/en/172281468052812632/text/485040PAD0P108101Official0Use0Only1.txt,200,347324,b73dd2a4c6731f037a1e9c50b681b115071f3e2a04be08b082a0cd2ded91979e,ok,True
P108444,http://documents.worldbank.org/curated/en/131281468057338184/text/522040PAD0P108101Official0Use0Only1.txt,200,675882,7ab3aff977d02c6399ca04423db48f6d007cb07bff2a05e332ce0bba63b4c1c6,ok,True
P108443,http://documents.worldbank.org/curated/en/773091468021252579/text/471920PAD0Box31e0only10R20101010511.txt,200,428027,d685f914f4b5f30d02e20441a26aaae266ac8d4c1bbeee584c134695cae54d6a,ok,True
P108525,http://documents.worldbank.org/curated/en/599191468277512734/text/437660PAD0P10812161101OFF0USE0ONLY1.txt,200,191893,ff52f4f36826264fb414b8757e4ef32104fc907f8c03d63ce4348591d23937f0,ok,True
P108592,http://documents.worldbank.org/curated/en/726041468215687522/text/655350PAD0P1080Official0Use0Only090.txt,200,207428,2919d8ef652e199cead597a89ddc164fe733837f3ee823d37f5bfb6d29d0b08e,ok,True
P108583,http://documents.worldbank.org/curated/en/472281468204838204/text/39383.txt,200,278462,5ebbecf46876877742f0f3d978c68555c3d21363b0d6878704944b13918b6e3d,ok,True
P108627,http://documents.worldbank.org/curated/en/741791468218098023/text/484770PAD0P1081e0only10R20101011211.txt,200,357290,c6e38f38105851781b5d4bf944f4bcc5765ac37a08d299c81a2c21320a810f4e,ok,True
P108768,http://documents.worldbank.org/curated/en/754231468288033118/text/438570PAD0P10817391B01OFF0USE0ONLY1.txt,200,312514,6c80892f019572f3d210b1ce693e0d33216715e481686f9801650585301503ac,ok,True
P108654,http://documents.worldbank.org/curated/en/743431468232765097/text/517190PAD0P108101Official0Use0Only1.txt,200,438424,5daf4dbe6e0a480b5ba21cfd97861dfaa1ae31f54dfe30af4565f771e56dfa64,ok,True
P108791,http://documents.worldbank.org/curated/en/697251468230349728/text/430720PAD0P10817376B01OFF0USE0ONLY1.txt,200,435598,3de62a7187176e01ced917523eead9a1bfde10a11c07a6cc68ed45aa9389f730,ok,True
P108879,http://documents.worldbank.org/curated/en/709151468009987553/text/603750PAD0P1081e0only1910BOX358324B.txt,200,353554,23fc9573b4d0f8c52c7a5ee3ee79a42ac43b471d3cfa7ab8139da27f36192374,ok,True
P108885,http://documents.worldbank.org/curated/en/401561468129278239/text/445750PAD0P1081LY10IDA1R20081026211.txt,200,448485,3c3d037529ecc62e438861bf386c97e881559867ed8e743c1e406c632427cdd8,ok,True
P108932,http://documents.worldbank.org/curated/en/184481468024333976/text/434720PAD0P10817376B01OFF0USE0ONLY1.txt,200,387716,d7c3314d8256844e2a961e6330f7f642cece53844d881b531cc7076bd6cf85a5,ok,True
P109024,http://documents.worldbank.org/curated/en/224081468267043391/text/468250PAD0IN0E1Box0338860B01PUBLIC1.txt,200,461288,209d3a0640daa509b1ef0da31c41d61bb012abed4fe4dbb04b8666c5c6fc31a8,ok,True
P109126,http://documents.worldbank.org/curated/en/221651468131974450/text/434790PAD0P10917376B01OFF0USE0ONLY1.txt,200,291034,4b6f90f2bca69e5240c80f0cc0313f1632284ca9f307cae9134327ee8bbbe5e0,ok,True
P109648,http://documents.worldbank.org/curated/en/926621468015645710/text/467520PAD0KH0T1010disclosed0jan0131.txt,200,301033,ade1fbe88f51688b53564e30a9da54fcb1688604cd45f6627c1c77ce19dae9e3,ok,True
P109588,http://documents.worldbank.org/curated/en/272741468016268293/text/438800PAD0P1091ly10IDA1R20081020111.txt,200,269523,e653df556e609255c22dfeb033991bf65679d5b0270c7b8c1c3946b954c8c964,ok,True
P109224,http://documents.worldbank.org/curated/en/381651468315313767/text/545040PAD0P109101Official0Use0Only1.txt,200,576036,8b4ca43b5331b1194906cc2b3d90ac9a881250a8a31e700d4775ec9125eb29bb,ok,True
P109691,http://documents.worldbank.org/curated/en/169331468053693375/text/428060PAD0P10917379B01OFF0USE0ONLY1.txt,200,330388,0c692af8ade301cf018369b187d6d49e2d13dddc329beb601244defbc08ea89b,ok,True
P109710,http://documents.worldbank.org/curated/en/830171468268827670/text/473220PAD0P1091LIC10JRF1GTZPAD01-09.txt,200,152624,beb4ca9fa3c45b77d76d4e9683c94bb8dbc97bd6b1ca107f341ff11394be503a,ok,True
P109683,http://documents.worldbank.org/curated/en/570831468271849898/text/474940PAD0P109101Official0Use0Only1.txt,200,847944,86a0574b2575a23207e5d77d0d66931b853be38b736d3e8f68efce04287030b7,ok,True
P109736,http://documents.worldbank.org/curated/en/897571468045026455/text/509180PAD0P109101Official0Use0Only1.txt,200,410220,265a1c829ccd2e1d6f0bf60bd969f23982d59d0f812e0b8c59c02c8ebe8b2faf,ok,True
P109737,http://documents.worldbank.org/curated/en/900181468333869687/text/548880PAD0P109101Official0Use0Only1.txt,200,498523,07e464f4446fb5836afb9691501315b83343ea29f34baac4aacc78206d296138,ok,True
P109804,http://documents.worldbank.org/curated/en/235481468257951833/text/473740PAD0ID0P101Official0Use0Only1.txt,200,147688,8d426be1924834a24881f5c9a8203402ecee431ccdfa06dc3e4c441a45c8d880,ok,True
P109961,http://documents.worldbank.org/curated/en/174301468002391291/text/418060PAD0P10917369B01off0use0only1.txt,200,276684,59ce13a77a79a3d08ff51373a982ecfdd32f3505650bef9ebb6be2a7c9a35ebf,ok,True
P109964,http://documents.worldbank.org/curated/en/875321468007786394/text/428670Burundi0Box327362B01PUBLIC1.txt,200,254318,820426b53075dff23a143b8ee5d0574babd9f9f82c0a380476f3bb0a496acb5a,ok,True
P109986,http://documents.worldbank.org/curated/en/199141468113089232/text/503720PAD0P109101Official0Use0Only1.txt,200,331749,991b303183ab0f3090481694bd8795b5bde9fce8149cd5f8706e4cee1a10ed69,ok,True
P110018,http://documents.worldbank.org/curated/en/336411468255881142/text/539270PAD0P1101Official0Use0Only191.txt,200,372445,c26a36f6adde482137381d2191ee03cb19ae42237c3138c2a696d237a252ab74,ok,True
P110050,http://documents.worldbank.org/curated/en/496691468033674598/text/633070PAD0P1100Official0Use0Only090.txt,200,252921,ca8421dd198ea101a2c3dc4e13cefe0f9ab2d27f8c879fa4d3cc69a452e75573,ok,True
P110092,http://documents.worldbank.org/curated/en/486321468290962865/text/448800PAD0P1101ly10IDA1R20081031011.txt,200,374380,1344880c12e08742e9831896210e38cc4007c5e3c42b35751cc62ca43d629732,ok,True
P110075,http://documents.worldbank.org/curated/en/644301468200933603/text/474810PAD0P110101Official0Use0Only1.txt,200,776582,d1c489458c903126a613e3f91ef0bb5dc5eccdfd6bebd79ef16e4345da7e4d77,ok,True
P110099,http://documents.worldbank.org/curated/en/733401468059088323/text/437840PAD0P11017396B01OFF0USE0ONLY1.txt,200,456334,a5db8bc9ca845820cbca6e54b6c2a11770d36e71c56aa2e7c6216c49415d0937,ok,True
P110051,http://documents.worldbank.org/curated/en/334481468051262219/text/474070PAD0P110101Official0Use0Only1.txt,200,2323412,2c9a1cbe91b291d5ba011f1d4c7a8f7c4eea4abf6d0b605ae5991026dd654a20,ok,True
P110126,http://documents.worldbank.org/curated/en/773851468037727207/text/447840PAD0P1101NLY10IDAR20081028011.txt,200,242177,02c1bc2e37cd6877ff13f4e2a5a853790e91fe58ce21e73650254c9394a0253c,ok,True
P110156,http://documents.worldbank.org/curated/en/378631468304488898/text/528750PAD0P1101560R20111003711.txt,200,398910,57ac1c027d85e8ed511520d8143b5f281c2372fdd087a81ed434aefbe90416f8,ok,True
P110267,http://documents.worldbank.org/curated/en/756701468044969407/text/469430PAD0KG0P101Official0Use0Only1.txt,200,238884,fd7f2032a85decc109f6c52bb565a7c9c024143469ebb5c64cdfa75797d0ba2a,ok,True
P110371,http://documents.worldbank.org/curated/en/290511468268511611/text/511450PAD0P1101TP1IBRD1Nov0901final.txt,200,488308,67c5361b83200f5677ee3cce1b50b53064b964b13785f7ec02bfe4512b27d98a,ok,True
P110462,http://documents.worldbank.org/curated/en/738771468206067978/text/444690PAD0P1101f0cover0R20081016211.txt,200,330647,d3c8d1b2b2552253a6423b3dc9ccb14c24631ebbff8ddbb6a2d06f07b7a3a712,ok,True
P110446,http://documents.worldbank.org/curated/en/896191468271205748/text/431160PAD0P11017391B01OFF0USE0ONLY1.txt,200,447101,80c03e3d88fbab781eb553e8e7167feb65ddeba92cb8d740bfb7087d4885d748,ok,True
P110481,http://documents.worldbank.org/curated/en/118011468203365427/text/437780PAD0P1101ly10IDASecM200810433.txt,200,264050,329cf4d58d56bbc02f84c4ba0e17b0589241a168fadb28046815969866051ed1,ok,True
P110535,http://documents.worldbank.org/curated/en/850221493964311624/text/42945-PAD-P110535-PUBLIC-PAD-June-2010-Report-No-42945-SL.txt,200,410564,1e1c5644cf98c05ad187b2f945405694652dc1962fc8c21f270badd0a458e6b2,ok,True
P110538,http://documents.worldbank.org/curated/en/705871468127471801/text/493930PAD0P1101ly10IDA1R20091024911.txt,200,385558,8e08851c2dce80a50e753907a8b3ddc7fb65d95b0fb883fb28497e432af33ea0,ok,True
P110599,http://documents.worldbank.org/curated/en/831261467998216132/text/561440PAD0P1105990R20101029511.txt,200,380804,be6426e8d4fe0fd4548508d7c85005f46fea50b6b9f27b13c33a56bedc9f150d,ok,True
P110614,http://documents.worldbank.org/curated/en/880911468019761321/text/432810PAD0P1101e0only10R20081018711.txt,200,411821,0ac49aca43900362aaff5218f66a0a11f648ef917799b3f103cea48a0bd9852b,ok,True
P110616,http://documents.worldbank.org/curated/en/681021468192879986/text/464320PAD01no0101OFFICIAL0USE0ONLY1.txt,200,617164,5e84a1644414f207a4215dd24470ba7390ff1d0275d3f0e2ee73154cd465e402,ok,True
P110635,http://documents.worldbank.org/curated/en/638001468267610784/text/543930PAD0P1101Official0Use0Only191.txt,200,318267,7118e265ab6700a01b216a52e79053159d3466b90487ee6166389497ad429652,ok,True
P110632,http://documents.worldbank.org/curated/en/994981468242087524/text/555520PAD0P1106320R20111008811.txt,200,278326,cb33418c7e6c7559e2e62180bd1a9f3d90519371d96898bc9d2a6a8c17474d1c,ok,True
P110661,http://documents.worldbank.org/curated/en/716871468025196123/text/611120PAD0P1100e0only0900BOX358355B.txt,200,249719,e4151d27ff49bf60e96a42f744c5a45cdd7e77fab251189b2ce4c6de74631147,ok,True
P110679,http://documents.worldbank.org/curated/en/273301468002380628/text/425550PAD0P11017382B01OFF0USE0ONLY1.txt,200,321291,8ae14c4a3947998d912f5b64fea96f3bd1299fe6aca37ff35a78fb68c6987fb0,ok,True
P110693,http://documents.worldbank.org/curated/en/717521468338360849/text/545700PAD0P110101Official0Use0Only1.txt,200,391532,6d8062197cdfd804ec15e977ab9c33478a58d46a22735d0e9a746e560e4920c5,ok,True
P110752,http://documents.worldbank.org/curated/en/189491468146083256/text/565760PAD0P1101official0use0only191.txt,200,300976,0d3f65d10f784e39aec2531790cc53cce8695d4b24659deb6bd17feb8391e9d9,ok,True
P110841,http://documents.worldbank.org/curated/en/256841468309572853/text/550380PAD0P1101Official0use0only191.txt,200,171084,9cfba1e8d3709dc61b14cd70b079bfd5bddf319359c5719267f32c82e96e06f9,ok,True
P110803,http://documents.worldbank.org/curated/en/431601468308682132/text/447640PAD0Ugan101Official0Use0Only1.txt,200,343045,ca0f247a8660d612d9e95f0f491828199e07114572734f8cc7ec9544e081d7c9,ok,True
P110845,http://documents.worldbank.org/curated/en/313301467992474337/text/433800PAD0Box311and0IDAR20081017611.txt,200,258490,73a30851301f28984ccd975eede67f55dc7080245e6dfcf7267f18b988e56960,ok,True
P110910,http://documents.worldbank.org/curated/en/422911468031171978/text/562410PAD0P1101OFFICIAL0USE0ONLY191.txt,200,136920,4a397beaf243fa01d6fc2675477b91d6b2526aefecac7898b908cb1b4dc8e3c4,ok,True
P110978,http://documents.worldbank.org/curated/en/219511468046150371/text/506640PAD0P110101Official0Use0only1.txt,200,368398,f06b1530ec504433a1ca4f3dd6b93b60104b3f5daec30875fee10deb25c2d37d,ok,True
P110959,http://documents.worldbank.org/curated/en/526321468285326877/text/514930PAD0P110101Official0Use0Only1.txt,200,381547,760814a0c84e26dfb5037847358250dfe34134a40c501fbcef10d68bdcde7275,ok,True
P111064,http://documents.worldbank.org/curated/en/723951468310497771/text/473970PAD0P111101Official0Use0Only1.txt,200,292938,f8acc4168887434c1a5a1669cebd24659e1efcac41e7529c5d374983c3dfe6ec,ok,True
P111017,http://documents.worldbank.org/curated/en/158541468202752929/text/565120PAD0P1111e0only1910BOX358366B.txt,200,638617,eda4a7fc790af216a0f4d9eff215795cac354d9f7f48ca60404c9e410c116c0b,ok,True
P111034,http://documents.worldbank.org/curated/en/622381468263088609/text/659730PAD0R20110027601.txt,200,401370,a4117831bac9a2f7acd7f3c8d92fc95cf6e90ec32a5fa3bc953d81ac65e9f0a3,ok,True
P111155,http://documents.worldbank.org/curated/en/943201468310539305/text/571620PAD0P1111e0only1910BOX358366B.txt,200,215062,cf352ac8de90c8ab822ab73d059795333e41b46b1a840483e91de4f4045395aa,ok,True
P111153,http://documents.worldbank.org/curated/en/945271468130178189/text/518810PAD0P1111ly10IDA1R20101013411.txt,200,360408,729d032f61d327eecb25ca4d33c16db24a82b7050c3b8ac7a633b72ccd06884a,ok,True
P111163,http://documents.worldbank.org/curated/en/371951468025139884/text/524500PAD0P111101Official0Use0Only1.txt,200,680539,2388ed14342620062ca700be84259e82fdc9ddd0d398b01c6de12e2498b6814a,ok,True
P111205,http://documents.worldbank.org/curated/en/821411468032934888/text/591200PAD0P11111201201110BOX358271B.txt,200,306443,0ecdd665f6138305e02885bc8c7989a53ead6bab58f37bb35718444ee7270e4d,ok,True
P111290,http://documents.worldbank.org/curated/en/391361468032411658/text/463220PAD0P111101Official0Use0Only1.txt,200,301853,d6a1ea53ab12ff4bce75212f5b0b6fa399b4c623e33109207894488ecd72d6c8,ok,True
P111330,http://documents.worldbank.org/curated/en/224371468009576741/text/450170PAD0P111101Official0Use0Only1.txt,200,346661,85b1791ca9490f71825b6d661aeb181b9616368f7051e3316c602c144109ac28,ok,True
P111394,http://documents.worldbank.org/curated/en/951621468137973426/text/492780PAD0P111101Official0Use0Only1.txt,200,293872,9123e8de874f66fc566062ef07a0d6d84b6ceca0b43b1a53786e400b52c79b9e,ok,True
P111432,http://documents.worldbank.org/curated/en/289111468008748656/text/484340PAD0Box338934B01Official0Use0Only1.txt,200,180562,0e4b5fa612fa91346ae6b2372e282a8676b33c75de6d5e6aead8f9957c8c5371,ok,True
P111421,http://documents.worldbank.org/curated/en/491561468261264905/text/450590PAD0P1111e0only10R20101008911.txt,200,412074,da482cada87540eaf2790010cc58eacc8de82b07dd676ccdaa35dc5341266991,ok,True
P111479,http://documents.worldbank.org/curated/en/346111468026366389/text/543110PAD0REPL10BOX353792B01public1.txt,200,391536,4e78d9c55990d45e0d33438140b09bbb0e0b4977ec61cb5d82d941c570b27a57,ok,True
P111545,http://documents.worldbank.org/curated/en/419831468048275018/text/440400PAD0P111101Official0Use0Only1.txt,200,411798,c0cd9618f90a28faa4943d892fa96dd79f0d59b4cfeb548011ec2914656b87b2,ok,True
P111546,http://documents.worldbank.org/curated/en/973531468285056714/text/530900PAD0revi1IC10IDA1R20101005912.txt,200,481243,75e5a4fedc338db325b8a3aecb9d6fa3a0368cbc77b008ca843b71a212a9437f,ok,True
P111548,http://documents.worldbank.org/curated/en/860511468177550359/text/578090PAD0P1110OFFICIAL0USE0ONLY060.txt,200,192110,b3b5e91985b0c8b1d4b0c4fced8e177931dece8ee112d1e37495726e198ee068,ok,True
P111556,http://documents.worldbank.org/curated/en/704881468209673469/text/493940PAD0P1111ly10IDA1R20101012911.txt,200,848436,83bb2e4bce5a472999c330bb6ced6adfc09bdd364f978d127aebaeeea164e53b,ok,True
P111567,http://documents.worldbank.org/curated/en/591991468307136685/text/481160PAD0P111101Official0Use0Only1.txt,200,426718,0145fc5b9a596906a25acee7676f7fd2642a33a08917d0eae98af3f5db72959d,ok,True
P111577,http://documents.worldbank.org/curated/en/469171468284127865/text/536130PAD0P1111e0only10R20101010411.txt,200,313547,863b270a495f0b754fff6f52711b7e6608b139d793357b803fe4f34ef1bc1b00,ok,True
P111592,http://documents.worldbank.org/curated/en/546561468286522452/text/509930PAD0P111101Official0Use0Only1.txt,200,340704,6901d9b0a766e648ed3339e9c5d15a4061162f54580a1a7f5a7e64b8b4dc02db,ok,True
P111598,http://documents.worldbank.org/curated/en/144141468311401532/text/535570PAD0P1111Official0Use0Only191.txt,200,544312,220b5fb286ee25ef7b4e03e33dd2ae7597842f659082a53670d1cc9297566161,ok,True
P111661,http://documents.worldbank.org/curated/en/258391468231854219/text/637640PAD0P1110Official0Use0Only090.txt,200,182700,9c74a2940ac2075abf4bf2ad1bafb6f62f6daf835f1a7a277133570f38dbfa59,ok,True
P111633,http://documents.worldbank.org/curated/en/670231468111870911/text/467560PAD0P111101Official0Use0Only1.txt,200,392605,eb5bb2b8152e5cc0e3d466ece7ea230b8e2a90e1117e4db11c226705588e500b,ok,True
P111669,http://documents.worldbank.org/curated/en/547031468304184848/text/613720PAD0P111055B00public050120110.txt,200,241944,e294ef274d70a4daa57efdbf3dc07588b313d09212c070afe67a83f0f2fdd2a8,ok,True
P111760,http://documents.worldbank.org/curated/en/957711468308647215/text/527850PAD0IDA1R20111003011.txt,200,431805,262ac2f6f3a251b23fad37ae85c8db8b644f218d64e42b5284ca434259843aa5,ok,True
P111741,http://documents.worldbank.org/curated/en/580791468141889754/text/485150PAD0Box31ly10IDA1R20091023811.txt,200,469630,d785a5c3dea8b01c0333eac73d51e4baee81fdba1210bca4f99ab3fc3260dca0,ok,True
P111780,http://documents.worldbank.org/curated/en/146911468200665469/text/513580PAD0P111101Official0Use0Only1.txt,200,280561,2f2991f539e0b2e2c487e659d0812715a220cdbf72c5a7e85b01598dcd0192b9,ok,True
P111795,http://documents.worldbank.org/curated/en/692131468290993591/text/561990PAD01public10IDAR20101035011.txt,200,346377,9fdf50825c39d69a55084e7d85ee24e74796f97fa8619623cb7f28260760abec,ok,True
P111840,http://documents.worldbank.org/curated/en/187311468008103522/text/475370PAD0P111101Official0Use0Only1.txt,200,444289,8dc34b4b5a1d9aad98daecf0a4e229f4b29685a092cc6c1b07f1c96816aec235,ok,True
P111928,http://documents.worldbank.org/curated/en/176671468199162948/text/550450PAD0P1111Official0use0only191.txt,200,294185,d5da869d92578c8e1557c976041bb89868d129173ca6c7221247b57e001600c2,ok,True
P111942,http://documents.worldbank.org/curated/en/409251468206336321/text/667100PAD0P1110Official0Use0Only090.txt,200,200679,d473f3613e5e1e2bacda9908230a0e57687433dc29e3ec96c12a7b8e41141338,ok,True
P111996,http://documents.worldbank.org/curated/en/209891468017466637/text/467550PAD0P111101Official0Use0Only1.txt,200,196782,5c74a931e09f9763d48aed4b2699d60e51a8d98e076405e2deeb54030ef45a3d,ok,True
P112011,http://documents.worldbank.org/curated/en/360321468256128505/text/567140PAD0P1121OFFICIAL0USE0ONLY191.txt,200,206558,8cb0ee8c042ac2a0d99e8f77b5684435471881a7654663cfff44640e80b188d9,ok,True
P112033,http://documents.worldbank.org/curated/en/464591468050927433/text/477710PAD0P112101Official0Use0Only1.txt,200,409126,5eb91fbd4509e5262b8dff6c8f183cec32d5c2fada8a5029a6cf084ac1e34f35,ok,True
P112073,http://documents.worldbank.org/curated/en/548771468224085871/text/590140PAD0P1120e0only0900BOX361491B.txt,200,445460,32e712200489c4015d51d8059c9ad7b696927cb4fd1db2ca0ef4246a1711d7e8,ok,True
P112131,http://documents.worldbank.org/curated/en/574501468280434834/text/528150PAD0P1121310Box385244B00PUBLIC0.txt,200,253790,4859a81f59d61612e2fd8a8593f589cab1c9335ed35e23abca0edd722b53c472,ok,True
P112074,http://documents.worldbank.org/curated/en/887951468020707162/text/657600PJPR0P110Official0USe0Only090.txt,200,261684,1f3e8f5e1d7e1e4de41e4b45cce1c00955b9c2386ffdd4bb452fae72ea85aef1,ok,True
P112158,http://documents.worldbank.org/curated/en/510291468269402932/text/578950PAD0P1121e0only1910BOX358354B.txt,200,248247,007c1b8564354c94d69b401976767bd40dba4f0e26f634f0dbd0ccbe02982b96,ok,True
P112258,http://documents.worldbank.org/curated/en/331421468045582732/text/458180PAD0P1121E0ONLY10R20081022311.txt,200,365751,25bb6892214267ce8e4d1201ed5213e55ee95ec811289974503842c31e5b2fa8,ok,True
P112334,http://documents.worldbank.org/curated/en/134391468309342418/text/471830PAD0UG0P101Official0Use0Only1.txt,200,463224,33387d096f10f43d89b3e2ec9d065558a7611fb66c71ef2bbcbb1aac8414bbf6,ok,True
P112359,http://documents.worldbank.org/curated/en/336701468261892836/text/481320PAD0P112101Official0Use0Only1.txt,200,359392,df9afb434a51d7d8e73c4c61cd477ac653962b46848a58dd2078120dedc72619,ok,True
P112456,http://documents.worldbank.org/curated/en/935991467990378415/text/483060PAD0P1120e0only0900BOX358360B.txt,200,257590,0ed68decab44e88025ce571093726265dce62fe5b801ee0869de6fabec84c6bf,ok,True
P112526,http://documents.worldbank.org/curated/en/506051468046129287/text/614970PAD0P1120e0only0900BOX358362B.txt,200,240102,55dc79ca946107fb7c8dcd875c4cb87a1a8249ad972172dc62399ba1a492baae,ok,True
P112516,http://documents.worldbank.org/curated/en/546151468016822759/text/491830PAD0P112101Official0Use0only1.txt,200,769680,3e18ff3470981d3e830823449981425b3888c7a2adae9fca289e6fb4f6f97fa3,ok,True
P112523,http://documents.worldbank.org/curated/en/664831468256183206/text/486790PAD0P112101Official0Use0Only1.txt,200,295954,491c3562dcb6b21c2baada65c5a7e31dac478aee29284c41fdb51d103e202cf9,ok,True
P112611,http://documents.worldbank.org/curated/en/859721468339001080/text/NonAsciiFileName0.txt,200,194261,ad35dd83be386dbcbab333a24c8d4be6b54f2548fde981c9a4b177cfea249972,ok,True
P112578,http://documents.worldbank.org/curated/en/112271468311114629/text/468080PAD0P112101Official0Use0Only1.txt,200,338324,5c97f0bd74ed57c33b9619d9eb15c799fa29246ecfc96d8b22c4b9757bd359c0,ok,True
P112615,http://documents.worldbank.org/curated/en/884991468272402948/text/638740PAD00P110e0only0900BOX361536B.txt,200,244256,f58cae489ef86cd3d64b499a06db6a7e99035ab0db448847430da0736c475185,ok,True
P112613,http://documents.worldbank.org/curated/en/352241468116036019/text/837330PAD0P112010Box382153B00OUO090.txt,200,228813,a3cebf47c791c36dfda5dc69c0d51ebb4240af41fce7edf5d5167445464319af,ok,True
P112626,http://documents.worldbank.org/curated/en/456891468243568741/text/532210PAD0P1121e0only1910BOX358291B.txt,200,226202,a080c49d082b59360f3a3978ddb69c0a54d0746442c71ade4b9a0a4396a7fcb7,ok,True
P112635,http://documents.worldbank.org/curated/en/714521468239366783/text/479200PAD0P112101Official0Use0Only1.txt,200,132387,b9f4f1fb77f5bb84dad9dcf861aa37acf6c6ed87c4f0b941439f09bf71a6b129,ok,True
P112719,http://documents.worldbank.org/curated/en/699191468172478374/text/469450PAD0P112101Official0Use0Only1.txt,200,291275,58ab52b7c83479bb09ccb6ce47eb78bfc06cb49a5f2a06458e9fd93a028e0b7c,ok,True
P112688,http://documents.worldbank.org/curated/en/645391468246039708/text/482950PAD0CORR101Official0Use0Only1.txt,200,519237,1817047db88dcbe58f304910411cc7774d974d2757fca847a1036228acff0354,ok,True
P112780,http://documents.worldbank.org/curated/en/243191468283471719/text/593830PAD0P1121e0only1910BOX358291B.txt,200,221646,8b29346e2cb2fe8794ba5ae8eab0e75e1a1ad7eded867367e8c606afe381fec9,ok,True
P112759,http://documents.worldbank.org/curated/en/917621468012317756/text/488000PAD0P112101Official0Use0only1.txt,200,396929,b253206692d940fa259d5530582d1fe27f839273f87036edf45beead7d3b1f89,ok,True
P112821,http://documents.worldbank.org/curated/en/584341468052813820/text/574770PAD0P1121e0only1910BOX358334B.txt,200,198454,2afab500690c5f58314de1cf115fd53660863ce1a87b2b221f5c340ee2a424a3,ok,True
P112838,http://documents.worldbank.org/curated/en/235551468019165470/text/502000PAD0CORRIGENDUM00R201010043120.txt,200,383505,796cec3e042c22f8b14ab82607bec5ab5c1dbf3711f97c7689c1cc8ca62205e6,ok,True
P112893,http://documents.worldbank.org/curated/en/713331468122072134/text/583680PAD0P1128930IDA1R20111012711.txt,200,341400,8002d967b19a26a7d30dc2e17dc0220f77b522bdf600d3b63e252a8c74012add,ok,True
P112901,http://documents.worldbank.org/curated/en/997461468285892289/text/679740PAD0P1120Official0Use0Only090.txt,200,419986,15afcff1616a6cbae930c52c3f99a5783d4c52dd12844ff5742a6f61fad03b54,ok,True
P112902,http://documents.worldbank.org/curated/en/305631468083329684/text/560320PAD0P1121C0dislcosed081181101.txt,200,301769,3074b81be1c8fea4fa9e5f98e547321aed7fb09b156b126cb05c2a520c6069a9,ok,True
P112943,http://documents.worldbank.org/curated/en/389911468056657836/text/502740PAD0P112101Official0Use0Only1.txt,200,362636,654a3f822c9ee8834d2358cc22a1864963bc3fb3f2f815229c8e9243488fea0f,ok,True
P112956,http://documents.worldbank.org/curated/en/329511468288364955/text/499740PAD0P112101Official0Use0Only1.txt,200,449452,24c9e75f20442495ac195701c13a4018d1c7c4ca25242210d52881bb3a8a1950,ok,True
P112975,http://documents.worldbank.org/curated/en/834951468224965828/text/539560revised011010IDA1R20101018812.txt,200,416755,730efa6b2a3d8954e99940d7ac2fcbb768ca1665b6cfed0ad2a18b755ba458d8,ok,True
P113027,http://documents.worldbank.org/curated/en/967621468010902222/text/483410PAD0P113101Official0Use0Only1.txt,200,329971,0dda317aa1cde922803d7330086974ba1c6631a06080e50c938d3939353ae0c4,ok,True
P113028,http://documents.worldbank.org/curated/en/340391468041415182/text/541710PAD0P113101Official0Use0Only1.txt,200,422912,16d3ceb147bf97454d8762cb40b358283aa0c91d6f59c1c45c78f1f5af5a970f,ok,True
P113030,http://documents.worldbank.org/curated/en/201451468012046514/text/586210PAD0P1130OFFICIAL0USE0ONLY090.txt,200,253105,7695351f6a9d529f9a1d112c7508fae951999164c89cbdfd095f38f1342e37b3,ok,True
P113032,http://documents.worldbank.org/curated/en/634931468036896288/text/532900PAD0REPL1Official0Use0Only191.txt,200,566937,4b07fe000df3d13c0404e56461448c5feb3b8f99ce5ddf74800fc2e887c9ce34,ok,True
P113036,http://documents.worldbank.org/curated/en/965911468334292823/text/500280PAD0IDA1R20101011012.txt,200,361605,c0a201e7f1f0b13dd3847bc1c3e8ba4ea0307d7e4ac999b2d44e4d92cf880024,ok,True
P113078,http://documents.worldbank.org/curated/en/931591468285611147/text/563210PAD0P1130e0only0900BOX361502B.txt,200,404746,652f8e0fb94ced9931087730b3f5b3807942bb64e752325c4ad64f28beed5243,ok,True
P113102,http://documents.worldbank.org/curated/en/938111468340296076/text/502820PAD0P113101Official0Use0Only1.txt,200,375278,3aa6539700370d7c596acf5602f243c28eec5cabc76176bd3b5ec7e27e299e7e,ok,True
P113148,http://documents.worldbank.org/curated/en/561231468303060980/text/530540PAD0P113101Official0Use0Only1.txt,200,192697,ffe57fe135f454609a74181e138974359201e97275c457ee1488d105dd9fb9d1,ok,True
P113151,http://documents.worldbank.org/curated/en/189991468320929855/text/698880PAD0P1130Official0Use0Only090.txt,200,144200,8f1555eb2bb5909c607e733c9ac4436cd228a56dc6b14b780557cfea7044770d,ok,True
P113160,http://documents.worldbank.org/curated/en/850711468053406307/text/486480PAD0P113101Official0Use0Only1.txt,200,261544,a1de835d4434e9340c2aeaf0904b755032e29d5a13db4f9bbd18cfdabfcc487d,ok,True
P113167,http://documents.worldbank.org/curated/en/590501468005721471/text/594040PAD0P1130e0only0900BOX361497B.txt,200,400617,28ac2d2ed93711570870fd800c4d35c2af153a70d9563878c6909e759183ab2c,ok,True
P113173,http://documents.worldbank.org/curated/en/303441468298475196/text/558920PAD0P1130e0only0900BOX361525B.txt,200,368782,014e05cad3b6beda78d96c60d8cea1905932c93a6048e95c8ae311c0ea537f30,ok,True
P113184,http://documents.worldbank.org/curated/en/951531468096566273/text/607900PAD0repl0same0info0BOX361525B.txt,200,186765,e85c8c249f388642a3d0264199197e4f4e96f30fe9ceafb539f3acf199853c63,ok,True
P113202,http://documents.worldbank.org/curated/en/882591468208770890/text/539300PAD0IDAR101Official0Use0Only1.txt,200,421901,5c850c143f5094c7355fc169e9db63e144e3cc5ab333ca78dbf35b4421a90731,ok,True
P113220,http://documents.worldbank.org/curated/en/334431468257671686/text/486330PAD0CORR1orrigendum0together1.txt,200,575737,3b79f5a3eb40e99575e4d790e6ac55ab49a46412224c305a0a96b1ef625178e5,ok,True
P113266,http://documents.worldbank.org/curated/en/116431468006606003/text/672960PAD0P1130Official0Use0Only090.txt,200,545702,e50c6f7293504698e43684b13da6a89aa8fcb308aa03284d71b7211aad80a3ee,ok,True
P113273,http://documents.worldbank.org/curated/en/463551468265792011/text/685240PAD0IDA00se0Only090Box369244B.txt,200,391374,c9865410c7cdf4488c9c4ef949dc0413a02650c38825a3807d1007e5fe654e0e,ok,True
P113341,http://documents.worldbank.org/curated/en/827121468260080725/text/501510PAD0P01110only100R20091022711.txt,200,331181,c0a3c957ee5b735ab8967016865d737ac4f109f847d99442416ed755ccf5b4d2,ok,True
P113349,http://documents.worldbank.org/curated/en/104281468127166823/text/566320PAD0P1131OFFICIAL0USE0ONLY191.txt,200,286570,97c678a2719a55ea6c98d5ee11517196d936b22f53e1f71f7de17d0196411d45,ok,True
P113350,http://documents.worldbank.org/curated/en/136181468278089735/text/695760PAD0P1130Official0Use0Only090.txt,200,249411,cbe8635120be56821dfac3e88f0e2dbbc0250218d5bc4ef5b35dbed44b19676e,ok,True
P113370,http://documents.worldbank.org/curated/en/403831468003939738/text/531380PAD0P113101Official0Use0Only1.txt,200,274297,ca0c82d660a50b8f07cdebb450f4b41e028268a404a7d561d2f44cb4cbd6dd8e,ok,True
P113402,http://documents.worldbank.org/curated/en/669901468103455055/text/491900PAD0P113101Official0Use0Only1.txt,200,432394,a295eb4f8465af9b3d4e381d068c30c41d17c7b482bb7d55609145e81f4d4dcb,ok,True
P113416,http://documents.worldbank.org/curated/en/257551468234316937/text/542670PAD0CORR101Official0Use0Only1.txt,200,468996,979de7314b6966cb4356910325a51fa2b1dbcc9ad62fa35095feb60eee7c3dfe,ok,True
P113435,http://documents.worldbank.org/curated/en/407251468209950682/text/603210P1134350IDA0R20110023901.txt,200,351912,b8d5e40a69d62fbfc9af141b9b55f52813959a43e23335fb2d00154a929cbb93,ok,True
P113441,http://documents.worldbank.org/curated/en/782031468053930011/text/501570PAD0P1131y100IDA1R20091024611.txt,200,480433,6432c0433fd16bbddcf0cbe38d2d76e2970352a63ff53ac488558ecee78dfacf,ok,True
P105036,http://documents.worldbank.org/curated/en/369431468272978763/text/468240PAD0P105101Official0Use0Only1.txt,200,88,4e54db8ed3e1d356971051bd4984b2059bbb8a3fa38a2b55d1235f27a32eb001,extract_failed,False
P113493,http://documents.worldbank.org/curated/en/568511468133544695/text/526370PAD0P113101Official0Use0Only1.txt,200,458695,2a7920b9bc0329a832b4d01de6438f4e8604049117aef1a78b38c67ac6afeda7,ok,True
P113540,http://documents.worldbank.org/curated/en/953641468228273906/text/540600PAD0P1131e0only10R20101009111.txt,200,484387,1adb61b112b4ecec4dafdb4bf4b716caf5eafa831f73d54fe0eb6884db11a154,ok,True
P113542,http://documents.worldbank.org/curated/en/601011468273684250/text/582670PAD0P1135420IDA1R20111004611.txt,200,261758,bded7086de83e5dc2eed5f0886886049b5d963d5a78899ed6e1603019d6c98ff,ok,True
P113623,http://documents.worldbank.org/curated/en/851991468038042568/text/487750PAD0P113101Official0Use0Only1.txt,200,316523,49c932f59f422903fe6d8f4f0c7657c1ae983a9ee1900a0f86be927098cf09f9,ok,True
P113629,http://documents.worldbank.org/curated/en/896041468009949203/text/830500PAD0P1130ox0385291B00PUBLIC0.txt,200,368962,e4d3001837b0ae6ce7e97678abc513a84524b7b3c7c0d36790b7b2c1b7a5e41d,ok,True
P113757,http://documents.worldbank.org/curated/en/387241468102887097/text/480820PAD0P113101Official0Use0only1.txt,200,371999,1c02cb45b4413a0057e85aff6aed68bfb9a9225e0609226b6a584e72d8e6397f,ok,True
P113766,http://documents.worldbank.org/curated/en/658661468024599766/text/494300PAD0CORR101Official0Use0Only1.txt,200,288365,a086b6a6f4f9f7ee4f48a4fa5f1de6599a1bb3a61773289ccd66f8757f7c06c5,ok,True
P113794,http://documents.worldbank.org/curated/en/159501468326133868/text/761460PAD0R201000OUO0900Box379801B0.txt,200,185242,9ee115082344f21ece0b2985cb6566249cb6e2791ca64595c140c7eb85fb5e51,ok,True
P113801,http://documents.worldbank.org/curated/en/519411468103151183/text/510590PAD0P113101Official0Use0Only1.txt,200,450951,ba38b28b27803b19a186216910b8b6a0e1c075d48c8df6ff0693cb6b29eccc01,ok,True
P113844,http://documents.worldbank.org/curated/en/236301468093578620/text/596750PAD0P1130osed0402601200SIMULT.txt,200,190510,fc061ab90db6e76a901c4930fcfd7858165fb1b5b64f605ae54708e9145a9d75,ok,True
P113896,http://documents.worldbank.org/curated/en/203841468206950593/text/522220PAD0P113101Official0Use0Only1.txt,200,453982,556a57b711c15a5b3893579a19fee50d43850a5e4a2634ce285d1a2e8a6d4fc1,ok,True
P113904,http://documents.worldbank.org/curated/en/936271468322136528/text/665010PAD0P1130Official0Use0Only090.txt,200,329812,ecab91e2c406dcdd41d2ffb852982b8751ea7323d23b8b21d146e7da7eabaa3e,ok,True
P113949,http://documents.worldbank.org/curated/en/297501468140039701/text/616520PAD0P1130OFFICIAL0USE0ONLY090.txt,200,299667,c2a2d72345393d1b3fed7f9e79f8621e4c49e6e994d6b22bc1609f04d610abcf,ok,True
P113971,http://documents.worldbank.org/curated/en/762821468054610494/text/PAD10900PAD0P1010Box385385B00OUO090.txt,200,378240,72888967c0730c74abf5e894b42dc89f78b7e2fe7e2826ff7e06d196b252ebe2,ok,True
P114010,http://documents.worldbank.org/curated/en/328201468222899979/text/521350PAD0P114101Official0Use0Only1.txt,200,373348,72a5d5db4d57ef6a888e68676db33d9ede889c26bc931ede35588243ab1bad2e,ok,True
P114012,http://documents.worldbank.org/curated/en/452081468049873856/text/428800PAD0P114101Official0Use0Only1.txt,200,390286,cd274c25fb6ea2176b671e68ee11f189e69e115ee2a00332424f152334515eec,ok,True
P114042,http://documents.worldbank.org/curated/en/692481468285290938/text/544620PAD0P1141OFFICIAL0USE0ONLY191.txt,200,374623,f3906a77e6d6c9bee5712962ed0e3a5145d7ad41d10d9955f623da0cc6fb8e92,ok,True
P114069,http://documents.worldbank.org/curated/en/240621468219566418/text/582880PAD0P1140OFFICIAL0USE0ONLY090.txt,200,363124,30759d94599948e4417f0fd89e56104db792a6a7284601ba4cff5ab06c2a3734,ok,True
P114077,http://documents.worldbank.org/curated/en/427141468228549991/text/671740PAD0P1140Official0Use0Only090.txt,200,718736,dc350f4a2f5cde99422b07d1b867708e10387a38a71c4109af86579342d27772,ok,True
P114119,http://documents.worldbank.org/curated/en/594391468146719541/text/539860PAD0P114101Official0Use0Only1.txt,200,420840,999f2ba2d12dd176f8e1e99e8edda3b9aac1ff00a7b00bba0b1c7fee26fabf29,ok,True
P114138,http://documents.worldbank.org/curated/en/160901468011759595/text/571760PAD0P1140only0900R20120007801.txt,200,127172,59e8df04a46405c1d1bcaef0bb3d555a547dbc8407529c44aac3d5963fb69434,ok,True
P114182,http://documents.worldbank.org/curated/en/446691468022742282/text/579200PAD0P1141OFFICIAL0USE0ONLY191.txt,200,313364,b38bcd28db1c607d4ebdd149bfd01766dc7cb4309fc49149fa78044b21c9ae8a,ok,True
P114204,http://documents.worldbank.org/curated/en/559251468018024067/text/537580PAD0P114101Official0Use0Only1.txt,200,388574,1a5f83fa82039983241740027da4a61064820161bec1533c8fba78579194b9bc,ok,True
P114236,http://documents.worldbank.org/curated/en/937071468005974281/text/496290PAD0P114101Official0Use0only1.txt,200,380366,fd85b2aaa069865a9c9ea63feb41f9a4bb3e2b4048b26ac36652aeda23701e13,ok,True
P114240,http://documents.worldbank.org/curated/en/189211468254681491/text/560660PAD0P1141Official0use0Only191.txt,200,302196,3519f338b2c76ff21a239a94cc48f96e85447efd22b5fd86d397ab1890f7e933,ok,True
P114253,http://documents.worldbank.org/curated/en/319131468171547689/text/481710PAD0Yeme1Box342029B01PUBLIC1.txt,200,226145,242c3d3d6a0f4bcbed14e6191b46381f96dcc9b58ab3fb5e3eb6984d4d49f49a,ok,True
P114264,http://documents.worldbank.org/curated/en/539491468029963948/text/664990PAD0P1140losed030501200SIMULT.txt,200,600034,6ae5b6e5e958ed5eb89e3bab9e740de777fd38ce76a2df7216105a019296a7a5,ok,True
P114271,http://documents.worldbank.org/curated/en/221991468282927778/text/473960MX0P1142101Official0Use0Only1.txt,200,344624,302533d6d22a92dfc8331831bb2a6ce84f03796094003a9d6c14606d962d05b4,ok,True
P114294,http://documents.worldbank.org/curated/en/446901468221982917/text/596280PAD0P114010Box385454B00OUO090.txt,200,202102,8333368f6549579970af27acc4f9f7d77ee3a1fbd7b85790d2b218f44078e845,ok,True
P114338,http://documents.worldbank.org/curated/en/287171468269416190/text/598880PAD0P1140e0only0900BOX358354B.txt,200,612186,a5028016be9f5907fda8a656e4867b10e2b111279b5d9976e2ba7918fe7ee0db,ok,True
P114348,http://documents.worldbank.org/curated/en/946381468262776230/text/578880PAD0P1141e0only1910BOX358303B.txt,200,291064,487cec8ee72b87c0489bb8c41f238bbc15a41513eff2f46a6013a056a8d2adb8,ok,True
P114409,http://documents.worldbank.org/curated/en/451601467994588907/text/473530PAD0P11412009100080Box334133B.txt,200,131692,3509b8197b8d683ca0dedd830e230390a9745a76b5a7a82571707d2fa4e52f86,ok,True
P114508,http://documents.worldbank.org/curated/en/379611468283490193/text/476740PAD0P114101Official0Use0Only1.txt,200,154588,83be6dc7b0adf20405a2a11bd80eeeab3e5cd7f35029ca2c5e054d5322fc4fc6,ok,True
P114515,http://documents.worldbank.org/curated/en/492291468210270213/text/502650PAD0P114101Official0use0Only1.txt,200,382705,47e2f195d868fd312cb509a49f1234836aff960af2844ffaeacf08e35d5f646f,ok,True
P114766,http://documents.worldbank.org/curated/en/186421468040460590/text/466620PAD0P1141e0only10R20091020011.txt,200,264603,343fa5d7eba637160571f46a4bea4fdb272c9d2f1e4639b72cc2b1974fee969f,ok,True
P114810,http://documents.worldbank.org/curated/en/211231468236701357/text/668460PAD0P114020801200SIMULT0DISCL.txt,200,285690,5d92e07cf19e2e7b54a7111ba4293342c872b8eab285dab4a16df8efd11d4b51,ok,True
P114827,http://documents.worldbank.org/curated/en/885541468260095632/text/PAD7580PAD0P1100disclosed0120190130.txt,200,317830,92d85387f33e38704751c376e92001fe03a663587559e902409718bece6eef3f,ok,True
P114841,http://documents.worldbank.org/curated/en/958311468206352559/text/646190PAD0P1140Official0Use0Only090.txt,200,471628,b3dca8a81ad81f09ce8ba248e8d34699eef0f4eea717b701df094b8d316ede53,ok,True
P114847,http://documents.worldbank.org/curated/en/416631468048892342/text/530510PAD0P114101Official0Use0Only1.txt,200,425823,58dfa48aa621cd708c37a7950e11d2df6688ce69cbfa2b3e5de035cd7b980759,ok,True
P114859,http://documents.worldbank.org/curated/en/178571468265805017/text/752320PAD0P1140x374366B00PUBLIC00SD.txt,200,402321,2c74bec7eb1cc1fa259c43ab99088647716b1299b955fc888099ed5fb19718ee,ok,True
P114866,http://documents.worldbank.org/curated/en/913171468305119026/text/539520PAD0Box31ly10IDA1R20101013211.txt,200,400973,d15cf9ad931eae09fa258d080d8cec14f2263a1e14722d80b7cadbd9f8219078,ok,True
P114931,http://documents.worldbank.org/curated/en/601241468147297931/text/509010PAD0P114101Official0Use0Only1.txt,200,449471,85c72511c0f41ce10bacfcaaf19b1472260c6c315f339b34e9713e1e5408b535,ok,True
P114949,http://documents.worldbank.org/curated/en/185751468168868670/text/759240PAD0P114010Box374366B00OUO090.txt,200,338327,f430f535b75e33ef165a3a23b67ed98bb113e5f9a0d6c58ef8b6e4f0eb124061,ok,True
P114963,http://documents.worldbank.org/curated/en/209131468015023577/text/680090PAD0P114050301200SIMULT0DISCL.txt,200,554556,aa91f46526f93ce09ae3813c2e1fb3fb22e1ca1d85871dead5a2e734aefc4a78,ok,True
P114971,http://documents.worldbank.org/curated/en/975251468072236439/text/574590PAD0P1141official0use0only191.txt,200,166303,a9bfdd1326987db5c30a2fb3de820025bc2d99f0472841b46e2eb62a56cc5fe9,ok,True
P115052,http://documents.worldbank.org/curated/en/949301468267610475/text/530460PAD0P115101Official0Use0Only1.txt,200,404128,4215a8927b6c35b73235ee2f3b285f0a7b06fc592159f522dc2a552fc750d9d2,ok,True
P115067,http://documents.worldbank.org/curated/en/854561468286794985/text/468210PAD0P1151e0only10R20091005811.txt,200,464128,7c7ecd36391f87064ddb6723f6ce9f99285fa1bc8bc6065148629450907db0d6,ok,True
P115109,http://documents.worldbank.org/curated/en/433691468008459507/text/472710PAD0AM0P10910016110Box334128B.txt,200,188084,17c3a8c32c2f8b2d9bce739c9594717bb5b19c87fd2ab6ed6352978dee37a04f,ok,True
P115183,http://documents.worldbank.org/curated/en/336181468212678942/text/478740PAD0P115101Official0Use0Only1.txt,200,407424,d877329296acb41b3ebb8f91dd7bb9d8edb9485ec7bbd0f4db35aeccf6d84f1e,ok,True
P115217,http://documents.worldbank.org/curated/en/416761468057840955/text/532850PAD0P1151Official0use0Only191.txt,200,567423,16fd4c97da6fdac6c336c894fcf3192d36debdc1c80dbc50dab879271c0a1d2c,ok,True
P115247,http://documents.worldbank.org/curated/en/390001468035461384/text/528410PAD0P1151y100IDA1R20101011711.txt,200,477523,c88ad15ee4c45bafb864ecf6a92c842b4204fce5b86761be9f0910d99cc9e713,ok,True
P115318,http://documents.worldbank.org/curated/en/597821468029042147/text/537820PAD0P115101Official0Use0Only1.txt,200,346250,4f75d5383dbe5ca3ff0a6c83eb70684b01074e215189c3cad7e0327171ff1dc2,ok,True
P115347,http://documents.worldbank.org/curated/en/583271468287159550/text/529550PAD0P115101Official0Use0Only1.txt,200,346201,4585052cb82304271c4cc2084e26db925dd0bff0f0a29f2d65576ed06b0839bf,ok,True
P115351,http://documents.worldbank.org/curated/en/330541468303593341/text/588890PAD0P1150Official0Use0Only090.txt,200,163800,48903c6a611dab9f87cfd510603ef553e2558d641ad91920febc72e232991f09,ok,True
P115386,http://documents.worldbank.org/curated/en/910021468291343209/text/537260PAD0P11510only1910BOX358301B0.txt,200,686416,87082c8a293a773d85169308b23b6233ee75152d93a885f27d3c632d8bc100d3,ok,True
P115396,http://documents.worldbank.org/curated/en/843161468210589406/text/481170PAD0P115101Official0Use0Only1.txt,200,257167,064c082a689a53d1d47db23f62d0763c9927c27a11d9c056a1f989e82df9ef4c,ok,True
P115398,http://documents.worldbank.org/curated/en/585961468243908477/text/480330PAD0P115101Official0Use0only1.txt,200,320839,c76fccbaf097b60c06fcdc02dba84760ae28b5ceb1e7f1cf8a43f62c068d6efb,ok,True
P115427,http://documents.worldbank.org/curated/en/343841468257733630/text/508510PAD0P1161160July02009010final.txt,200,159282,823d5fe4484cb6c40841c87d5380245cad1a48ff6536ba7d29fb0d15f1e3f34e,ok,True
P115464,http://documents.worldbank.org/curated/en/581101468231839825/text/582180PAD00PUB090201200R20110027901.txt,200,430958,26b35e0c5fc8f4b009a593c9ec0b529e18b3e87c1798789c91598c7a69780a95,ok,True
P115561,http://documents.worldbank.org/curated/en/442461468012350070/text/NonAsciiFileName0.txt,200,238851,af8bba26975d475e7e9755f43192bf264c6aede8e353373ea558583935d90c47,ok,True
P115563,http://documents.worldbank.org/curated/en/630261468176929432/text/531510PAD0P1151ly10IDA1R20101012711.txt,200,350217,7c51d861b8bb49457e3a83cd75830b93acc401fce0b073070c9c40c2ca7d7481,ok,True
P115564,http://documents.worldbank.org/curated/en/165411468159313509/text/568250PAD0P1151OFFICIAL0USE0ONLY191.txt,200,330106,23590187cb49b22fe9c44ba4f4ebf1075d9c085f8139ae759bc9323b487f5a49,ok,True
P115566,http://documents.worldbank.org/curated/en/502981468243867695/text/490220PAD0P1151e0only10R20091021711.txt,200,331788,f0b6a9ff3d13baf4acd3341bb08fcfdc49f701ee6d1c1fef9feb9878d52bd45a,ok,True
P115592,http://documents.worldbank.org/curated/en/786581468033571530/text/541320PAD0P115101Official0Use0Only1.txt,200,459872,6225996972f1d27772ecd20326f32688c506d78bcb04cd0a84b9d26fb27a0379,ok,True
P115634,http://documents.worldbank.org/curated/en/160251468054615000/text/530500PAD0IDA11B01OFFICIAL0USE01091.txt,200,245706,8925bf43c96fc264652e53569a8179229f65b148086838ff38d29ee723435248,ok,True
P115647,http://documents.worldbank.org/curated/en/157561467995891561/text/571530PAD0P1151OFFICIAL0USE0ONLY091.txt,200,368441,559a91656ffca121d4f263757b3178cb20e4fe713b70690a88363375c272159a,ok,True
P115695,http://documents.worldbank.org/curated/en/574981468024539274/text/556530PAD0P1151e0only1910BOX358351B.txt,200,296510,1baaaa5610096e2be06d3146e27631b2a53e8464cfa2e4b11c1410abe5869201,ok,True
P115761,http://documents.worldbank.org/curated/en/789901468171882691/text/809570PAD0P1150inal00April02002014.txt,200,271818,bf17997bef7c360775fcecad96baaf935fb4d51da0bc8a8cd3bdbfedb7504d01,ok,True
P115763,http://documents.worldbank.org/curated/en/228621468266400916/text/942070PAD0P1150ul1300final00clean0.txt,200,162989,ad97c75ab4311e65c3ff943bf3b6aef4cee6bebe6cabb84925c986c2cad0a670,ok,True
P115767,http://documents.worldbank.org/curated/en/158731468114883648/text/598930PAD0P1150e0only0900BOX361476B.txt,200,450194,7de7215ade04344f1a52d857cd34354a2b321d1a6522d32210615daa734b3d3d,ok,True
P115836,http://documents.worldbank.org/curated/en/614161468303549029/text/582570PAD0P1151OFFICIAL0USE0ONLY191.txt,200,196370,487be3f2541759fde2c6ff22a913608c8aa0f5b15da29b3531c42df3a1d6de95,ok,True
P115886,http://documents.worldbank.org/curated/en/690591468200934160/text/571770PAD0P1151e0only1910BOX358303B.txt,200,296339,14f1691636d69d0bd61fef2b44dd718841df314096a8ff8d7292c1b094eadfee,ok,True
P115954,http://documents.worldbank.org/curated/en/727761467997633587/text/659840PAD0P1150Official0Use0Only090.txt,200,251993,42b03b9bcc839cdd6ea7490e3da66cd7bc3cff99c314e07f59824a277ef55654,ok,True
P116011,http://documents.worldbank.org/curated/en/715091468021592220/text/515290PAD0P116101Official0Use0Only1.txt,200,563164,f7e0ee777dc60e8f171abbbe89d7af8b238ea8303bb411d8457784f995ed4fbc,ok,True
P116080,http://documents.worldbank.org/curated/en/575831468028846170/text/488010PAD0P116101Official0Use0Only1.txt,200,238682,949258b13b0dc5f0d8360311f2592e477f1a2e12219349ada4d178d71884e900,ok,True
P116167,http://documents.worldbank.org/curated/en/145491468324000586/text/596640PAD0P1161670IDA0R20110011201.txt,200,200985,36a808ae3d56b93c8b6636d54462053eec53960fc5d2ed7c1cd9bf02951c429d,ok,True
P116170,http://documents.worldbank.org/curated/en/531351468015877539/text/513660PAD0P116101Official0Use0Only1.txt,200,313888,df2fcece8d637c8b30b3286968fa6a3b96fda8b6acef08b0e44bc2254bd7ee12,ok,True
P116194,http://documents.worldbank.org/curated/en/880571468236040899/text/532000PAD0P116101Official0Use0Only1.txt,200,526915,743f6209b9e67ee9507423a50f75730c5e3fb5e275a6932626a7d903b376ce74,ok,True
P116199,http://documents.worldbank.org/curated/en/806001468321833287/text/664120PAD0P1160Official0Use0Only090.txt,200,196477,2f90f544013036bdc430beca4394c2b0357554ab938f549d059977ad9b5301b7,ok,True
P116226,http://documents.worldbank.org/curated/en/978531468286793161/text/521420PAD0P116101Official0Use0Only1.txt,200,406887,22900bd3d5bac3b34cf114246ba56f94d8c97eb0f34fc00b0482059d168e256b,ok,True
P116230,http://documents.worldbank.org/curated/en/653361468025440292/text/PAD710PAD0P116010Box385222B00OUO090.txt,200,202128,f85d9e4ed5134a9021a17896eebece705ae899f2ae9dcddf2c0c8c5d37f04f7d,ok,True
P116273,http://documents.worldbank.org/curated/en/840331468009598101/text/582630PAD0REVI10211711110BOX358291B.txt,200,675510,138814137ff64c89d044b5affdda72107103f073dd9e4ad65f14b8aa22f93349,ok,True
P116323,http://documents.worldbank.org/curated/en/583731468209363600/text/635910PAD0P1160Official0Use0Only090.txt,200,120916,509a3547242ee2fc5bd530905272711355b7eb67e907f179db67d2ff4236710e,ok,True
P116384,http://documents.worldbank.org/curated/en/642451468304797442/text/564040PAD0P1160aisal0Document0Final.txt,200,353446,5c2f4c6e31bd21756c1fa31abee62e15479716006a5274ab024f74e0fc9976b3,ok,True
P116398,http://documents.worldbank.org/curated/en/524981468330031913/text/648840PAD0P1160Official0Use0Only090.txt,200,275233,f2946a21b39682742fe6459cfbe0090428d3c8bc795a5d354a391abd4ab9e655,ok,True
P116410,http://documents.worldbank.org/curated/en/126361469672138599/text/534250R20101005914.txt,200,1069754,eda298a19dfb8de35be7185dbb0bf6ee821e0a87e7b0de844481c9726abd37a5,ok,True
P116426,http://documents.worldbank.org/curated/en/488081468056377395/text/506840PAD0Leso1ox0349463B01PUBLIC1.txt,200,237270,c714efefbe5573672c72adcb62dae3997e86cddeda21eae62d06d7e055f7b36a,ok,True
P116437,http://documents.worldbank.org/curated/en/678621468016454471/text/483730PAD0P116111010P116437010PAD0.txt,200,123691,d10d74cebb599ae9568d67458822aa343e871b7d03de23f56d3d056f1319f36b,ok,True
P116520,http://documents.worldbank.org/curated/en/600551468117251032/text/576620PAD0P1161OFFICIAL0USE0ONLY191.txt,200,292283,00ce23ba070af9f39541783484616c043db5d9bcd53e0c0a36ce8be47298ad29,ok,True
P116521,http://documents.worldbank.org/curated/en/139821468086339587/text/529870PAD0P1161OFFICIAL0USE0ONLY191.txt,200,209079,e4d42608457895b44992d8e8bb5f22f0085114975b124e725fef4f57599cd52a,ok,True
P116595,http://documents.worldbank.org/curated/en/807301468193491447/text/491890PAD0P1161or0printing1combined.txt,200,324842,70c5cd15669fcb23fd5db2f3fba4ca25e9aa54f7752916fe8a2206f28908a192,ok,True
P116602,http://documents.worldbank.org/curated/en/418501468299145297/text/568510PAD0P1160OFFICIAL0USE0ONLY090.txt,200,283037,295484d94375fa305a7db642b2319a1efd6bead4dad1624f5f0b527609d141dc,ok,True
P116656,http://documents.worldbank.org/curated/en/200011468243244561/text/560670PAD0CORR1e0only1910BOX353813B.txt,200,350415,7246775111c5a59c1a6355637adc83802bfd2bacb8b18a99860733680c468875,ok,True
P116680,http://documents.worldbank.org/curated/en/232481468221986063/text/670350PAD0P1160Official0Use0Only090.txt,200,183920,f8764139de4d77f94fa3135d4d130a0cb0410102520668686685b6b06ac516ca,ok,True
P116696,http://documents.worldbank.org/curated/en/933341468272069082/text/516330PAD0P116101Official0Use0Only1.txt,200,290607,8aaf47fdf82ecd7f7bb70a91b0208cdebbf4b38773d8acf6fc67f554fffadb86,ok,True
P116748,http://documents.worldbank.org/curated/en/998561468003051911/text/612640PAD0P1161e0only1910BOX358351B.txt,200,176665,c34a69298345d27daa73ddcc4ed7ee8871a772ea59e0fbe1a6e85d9492a7b790,ok,True
P116774,http://documents.worldbank.org/curated/en/915121468014047709/text/509170PAD0P1161y100IDA1R20101002611.txt,200,356929,f61951ac70b0bd4d840d89e477765afc3954c412a2aebceefc48523b35417091,ok,True
P116783,http://documents.worldbank.org/curated/en/235291468307462032/text/502020PAD0P1151010100septembre02009.txt,200,161619,72f18670110f9cc11febd88b4e8bfbdb2a041e0862252b6226e38cfd6711a326,ok,True
P116846,http://documents.worldbank.org/curated/en/644641468124474809/text/600120PAD0P1160e0only0900BOX361489B.txt,200,97834,bc72f9b60f03f3d3e4887779cd9eda0d97cb386239dd6a8f95effd12c4354b51,ok,True
P116919,http://documents.worldbank.org/curated/en/835051468277180627/text/514770PAD0P116101Official0Use0Only1.txt,200,296071,3109c2e24c3cda58bbae8b324103f955917dc8edf57df0db8eb01e841643ab4b,ok,True
P116974,http://documents.worldbank.org/curated/en/565271468008442894/text/544880PAD0P1161e0only1910BOX353822B.txt,200,424711,9e4438c04a88e1c51f32df094b72b5f7782d66ddea7df68b492ea2fe7cbad82b,ok,True
P116989,http://documents.worldbank.org/curated/en/330531468208742502/text/531480PAD0P116101Official0Use0Only1.txt,200,486431,df1b600ee22e361f59c18bf616fb449dda78e03920aa8567bc3355898188cd40,ok,True
P117081,http://documents.worldbank.org/curated/en/831091468275964500/text/612990PAD0P1171OFFICIAL0USE0ONLY191.txt,200,178428,be36f682b8cf280ac40ae8c309447c62b6364e59d2fcda897ded01501a69ed19,ok,True
P117082,http://documents.worldbank.org/curated/en/855431468116055658/text/535470CORRIGEN11010148120Box349429B.txt,200,393583,ada0af8bf5abe0c7ad2a3a720e7ffb5092f4854a799548513c9992eabc812732,ok,True
P117102,http://documents.worldbank.org/curated/en/901371468232164735/text/606150PAD0P1170e0only0900BOX361476B.txt,200,350269,4c627b726da33ab0462f199ad99f602f01fd6b56fcf85082ea29f8385ac4a75f,ok,True
P117107,http://documents.worldbank.org/curated/en/217621468218098361/text/506410PAD0P1171e0only10R20101011811.txt,200,324245,d77ed5cdc2ae0a891fd5d634e349faeaf464648df7384dc7b48865c2fb839f09,ok,True
P117148,http://documents.worldbank.org/curated/en/581791468192547052/text/529860PAD0P1171Official0use0Only191.txt,200,579938,8405cc0ab3151c0b4f36dd96987018a4f2b2805c6fc5fe0363d6ea83528c2121,ok,True
P117152,http://documents.worldbank.org/curated/en/423841468249285274/text/495840PAD0P117101Official0Use0Only1.txt,200,268759,2fc9a28aacd16333752446384cb8848d24c7b79dd4b37bfdf3394707ed80df63,ok,True
P117157,http://documents.worldbank.org/curated/en/769011468037466373/text/584980PAD0P1171570R20110014901.txt,200,220710,e70212d797fb8776ddf416d14b56bfe371e4208fbf94216031531b9fbe54caa0,ok,True
P117170,http://documents.worldbank.org/curated/en/799231468278073595/text/617030PAD0P1170e0only0900BOX358362B.txt,200,135304,3ce68a465f9798b2cb34e70dad71e31eeacddb086134b0b48a5933b948f7dd6f,ok,True
P117225,http://documents.worldbank.org/curated/en/593671468242097077/text/661250PAD0GEF00SIMLUT0DISCL02020012.txt,200,213239,cfd0bfac7838e0e4217adce1ff8abeb773c310929d57216def76dc1a49c70bb5,ok,True
P117242,http://documents.worldbank.org/curated/en/558851468118457603/text/527500PAD0P117101Official0Use0Only1.txt,200,376186,d7ed7a0a34a07b4a3ff77076697d3f444b9a850b1de5c38e97768eae78eff8c1,ok,True
P117243,http://documents.worldbank.org/curated/en/671801468253233714/text/643060PAD0P1170only0900R20120015501.txt,200,256991,719980957929bd1be4346453ee3d63d7ab58ac8ca16f08712cb55bd290f705eb,ok,True
P117275,http://documents.worldbank.org/curated/en/929581468032135661/text/542930PAD0P117101Official0Use0Only1.txt,200,227557,a224c1f12fc4d502876e4ec45f28fd2443091d1d51d565d3cd821e8a8bc68eb2,ok,True
P117293,http://documents.worldbank.org/curated/en/589341468147000208/text/591880PAD0P1171OFFICIAL0USE0ONLY191.txt,200,242649,a48612bcff350d9f46f2b9a3e8041aef1924c9b2f8f0e44adb9a676a0c55cc30,ok,True
P117310,http://documents.worldbank.org/curated/en/391041468294015694/text/511490PAD0P1171e0only1910BOX358288B.txt,200,470601,f733f70366950e50c1179b191ff2a695d68e1da189ea2c78673712cd1e632885,ok,True
P117318,http://documents.worldbank.org/curated/en/677301468293402269/text/823210PAD0P117010Box379865B00OUO090.txt,200,239326,3795b40e264d4b38ef6d42ef63969833fcaea7875d7098a102a445f8c006de68,ok,True
P117323,http://documents.worldbank.org/curated/en/897291468284126013/text/539310PAD00P11101Official0Use0Only1.txt,200,86428,3a5042340be199f78fbf7317234427d09d80ed934690b01eac17be84900529f7,ok,True
P117341,http://documents.worldbank.org/curated/en/660461468011755077/text/PAD3470P117341010Box382166B00OUO090.txt,200,141310,946434abc7d60f498acae164405172069f587a4bb81a7e71b72c27950019ef60,ok,True
P117355,http://documents.worldbank.org/curated/en/567031468026442187/text/565160PAD0P1170e0only0900BOX358362B.txt,200,392360,70462039c7bc828941e4a679939f346179cabbdb39131cd151ee698afcae26e5,ok,True
P117382,http://documents.worldbank.org/curated/en/978021468018548336/text/588040PAD0P1170e0only0900BOX358362B.txt,200,473861,28a9c38817db59171cd7537ae3219c782827fdd1f29065a26ad8f740753ab3a1,ok,True
P117384,http://documents.worldbank.org/curated/en/637381468207276953/text/530200PAD0P117101Official0Use0Only1.txt,200,304116,d872576a30800d4bd73bbf32803d8840764de09b0f8ecf187bca9c4c720d02e4,ok,True
P117393,http://documents.worldbank.org/curated/en/252331468328569905/text/659420PAD0P1170Official0Use0Only090.txt,200,215027,5532c9d3c5dc6b26f709cb86db03ed367b66f105a014193e1d43308fd74d5443,ok,True
P117394,http://documents.worldbank.org/curated/en/647631468128097964/text/742530PAD0P117010Box377288B00OUO090.txt,200,116482,447ca769c9a26e3d566bc1293ea951ce6943449bee732140a4161d35f53568d8,ok,True
P117407,http://documents.worldbank.org/curated/en/410821468229753357/text/655380REVISED00Box0377356B00OUO0900.txt,200,411302,1706ea2974943be23c7aaf40e140e55a80b8126746d73d194d3a6340a67b6235,ok,True
P117417,http://documents.worldbank.org/curated/en/964991468291002895/text/528950PAD0P117101Official0Use0Only1.txt,200,367797,32e2eb6c2e52e5584c2014f6a5132cd628c1f8ae8e044aa16bb4fbc371a3d769,ok,True
P117440,http://documents.worldbank.org/curated/en/486261468022454374/text/508850PAD0P117101Official0Use0Only1.txt,200,348366,8870b1eadcb3b35b241ef28e03c3bcf8ef1fc6d66e2d29ee49a8be91dcbd5baf,ok,True
P117443,http://documents.worldbank.org/curated/en/580211468329419495/text/599480PAD0P1171e0only1910BOX358312B.txt,200,336847,0bcce340c9a54da9422eb1e57470d56a6881f99b4628b1164dbd41a12e861feb,ok,True
P117444,http://documents.worldbank.org/curated/en/150601468327907572/text/541330PAD0p117101Official0Use0Only1.txt,200,243713,b15cc2b13f5105e8f0a797618282d62fd7c29ca5383dc2ca313aaace456481a9,ok,True
P117449,http://documents.worldbank.org/curated/en/978051468309360810/text/PAD4260PAD0P11010Box385454B00OUO090.txt,200,221306,186357c662cbfe43ca47363f70673b50db4209729ee60838a7ad46337e04f1c0,ok,True
P117590,http://documents.worldbank.org/curated/en/369031468026069658/text/527600PAD0P117101Official0Use0Only1.txt,200,390173,1b6f2254f59ad65ca19f07b274f537d1d363ac010cf0a58786044e637bf05a5c,ok,True
P117596,http://documents.worldbank.org/curated/en/236511468214815302/text/741120PAD0P1170disclosed060301300SD.txt,200,224528,086eefab5f24b1c60a765b7d13dac36c0ffcd6e70008c4c92bf27d726c3f5f20,ok,True
P117617,http://documents.worldbank.org/curated/en/196931468272378559/text/690410PAD0GEFR0Official0Use0Only090.txt,200,628724,67283661a2ffe72fdf1d4fe0ce91b00d94f67384056bdc449f664f8522cc9c8a,ok,True
P117635,http://documents.worldbank.org/curated/en/660001468045533836/text/723740PAD0P117010Box377322B00OUO090.txt,200,470770,c7a4856e9c8ab3b4441a83308286b676640eb0dba38df57dd8c58409495098ec,ok,True
P117652,http://documents.worldbank.org/curated/en/589041468003292656/text/583250PAD0P1171OFFICIAL0USE0ONLY191.txt,200,183235,0e56af66bb1634daf52cdf0f0583c0e094987d8ba9d680d59749d92b19572185,ok,True
P117656,http://documents.worldbank.org/curated/en/129711468019456389/text/610440PAD0P1171OFFICIAL0USE0ONLY191.txt,200,288609,c63ef178dbe0e6513eba801a74ee555d5a0dfded64c0bf2db2bb3c2c2b3edf76,ok,True
P117662,http://documents.worldbank.org/curated/en/577571468269993104/text/528430PAD0P11710SEPT020100with0PAD.txt,200,385819,9dae8835504229f060f5003b0c5e93dc7ce309acb74a377cc98bd853b54b6bb2,ok,True
P117731,http://documents.worldbank.org/curated/en/331891468024610709/text/708170PAD0P1170Official0Use0Only090.txt,200,293908,9bb6097a97236cb312850acb1132ef848670a67a03f7a9ccb9f70b1e6cce0923,ok,True
P117745,http://documents.worldbank.org/curated/en/656761468028446658/text/533490PAD0P1171OFFICIAL0USE0ONLY191.txt,200,468004,2cb518691a266338659f2c541bc60806c7ad4305bece3f39186210ef00369d82,ok,True
P117764,http://documents.worldbank.org/curated/en/916231468199479170/text/657970PAD0P1170osed0401301600simult.txt,200,207822,2b23df110d4cfa7d4ff1cbc2dfb253c20db814a805702fbc8a8460e65c1b9d2d,ok,True
P117864,http://documents.worldbank.org/curated/en/550011468325218624/text/601540PAD0P1171OFFICIAL0USE0ONLY191.txt,200,153594,314a75f6fd340f8ec4149e0cb40604726747d918c81ded86938e1e8825c9a3b7,ok,True
P117871,http://documents.worldbank.org/curated/en/720121468333626712/text/616500PAD0P1170e0only0900BOX361480B.txt,200,364666,da9fa3a83c16efb1f2e6e1c471d15cc395b656f782385014e7c1c9c48f223fe2,ok,True
P117947,http://documents.worldbank.org/curated/en/300991468026973091/text/596650PAD0P1170e0only0900BOX361497B.txt,200,271039,712924b7bea1f2a032f8567de280b7b71daead08224e55570c790490a5ced67f,ok,True
P118018,http://documents.worldbank.org/curated/en/314001468227699795/text/663910PAD0P1180Official0Use0Only090.txt,200,385268,4b9078bca08bd20c845db5733cd016ca531fca51f3ae0bd6a24f65a7bec25d07,ok,True
P118023,http://documents.worldbank.org/curated/en/795801468221394854/text/524780PAD0Box3110and0IDAR2010101261.txt,200,310422,c740a9c4f48eed76c25431d2413105b05dd5dd21ce8270afec1776ee09f41946,ok,True
P118026,http://documents.worldbank.org/curated/en/224071468027660118/text/539800PAD0P1181e0only10R20101011311.txt,200,496042,f11d53fb2f5b38c3821e5c0632a651d71d658fb46d29d87366cee5ce0585a5d5,ok,True
P118045,http://documents.worldbank.org/curated/en/942291468310172998/text/555650PAD0P1181OFFICIAL0USE0ONLY191.txt,200,328869,c323ab3193aa0384818eb6d644e70333917dd5ab0f82eefe28ab7f589d34fac1,ok,True
P118064,http://documents.worldbank.org/curated/en/901351468126549736/text/668090PAD0P1180osed0601501200SIMULT.txt,200,217058,d5d6f8bdb175166345eb4501edec8460279890699e41447c1e713c87d9da273a,ok,True
P118090,http://documents.worldbank.org/curated/en/201241468022760012/text/616700PAD0P1180C0disclosed070110120.txt,200,253932,b3e5f331827ecd44c332d18c9cc84207085ea95dcaf77db64b75233a825bfff1,ok,True
P118101,http://documents.worldbank.org/curated/en/809101468106732172/text/591000PAD0P1181OFFICIAL0USE0ONLY191.txt,200,332735,2e8c4f2fbd52dbcb233b287253f01ea06d58c47acd29a50e9fe9243ebc19d019,ok,True
P118109,http://documents.worldbank.org/curated/en/138891468060251402/text/598110PAD0P1181OFFICIAL0USE0ONLY191.txt,200,270509,15211d9516c7141b32f71d2dd732a6d765f69fdff5db6794346522e7c46865a3,ok,True
P118112,http://documents.worldbank.org/curated/en/697921468250302315/text/595290PAD0P1181OFFICIAL0USE0ONLY191.txt,200,371449,9172c99aa1d566f894ea101af77dbf3268faac9c5784103bc8792c5eb3b53319,ok,True
P118113,http://documents.worldbank.org/curated/en/242661468266997776/text/529150PAD0P118101Official0Use0Only1.txt,200,504511,f32c8cfaf1d46e947272b8daa076f58aa345973756c9ae1e4456f86e3b3ee90d,ok,True
P118150,http://documents.worldbank.org/curated/en/904401468284387540/text/567200PAD0P1181OFFICIAL0USE0ONLY191.txt,200,143397,0a04324e7efbddc7350927d84292a7d48ce9627b02d72d8b207e2b8502093978,ok,True
P118177,http://documents.worldbank.org/curated/en/971841468066230256/text/536390PAD0P1180e0only0900BOX358354B.txt,200,264637,03cbf08bb07645244630c3dedb4153574003d37fb8fb1327b19ae4f996403ed1,ok,True
P118179,http://documents.worldbank.org/curated/en/545711468053352577/text/607200PAD0P1180e0only0900BOX361487B.txt,200,293403,71ea6d93462d580a9168426db34bb3485c9a615b3a560049b484ffb69eb90a82,ok,True
P118187,http://documents.worldbank.org/curated/en/613671468263697818/text/569590PAD0P1181OFFICIAL0USE0ONLY091.txt,200,391819,cb9e962750e458ebf7719ea5b651551685777858a9d2c42415d791b2bef74be7,ok,True
P118196,http://documents.worldbank.org/curated/en/335861468133519632/text/591310PAD0P1180OFFICIAL0USE0ONLY090.txt,200,318976,865c865eb0b962eb712eee8d122fad437a6832458faa4aff678846ec981dfcb4,ok,True
P118197,http://documents.worldbank.org/curated/en/467241468317975559/text/NonAsciiFileName0.txt,200,398450,8ea491582b1c4eb809ff0576cf124b99872290767a192be6c2274ae234cb0f6a,ok,True
P118213,http://documents.worldbank.org/curated/en/119081468010202572/text/748870PAD0IDA00s00OUO0900Box379808B.txt,200,235517,d0bb3791920986343d8b15f52b7fb58f83581c3e0e26e039a5ddcfc8d6ac88b7,ok,True
P118308,http://documents.worldbank.org/curated/en/416451468121133215/text/544920PAD0P118101Official0Use0Only1.txt,200,465362,ae80f819d54de5400599438d515415be9ee2f3160c78fc14a04e8c7eb50fc2bf,ok,True
P118316,http://documents.worldbank.org/curated/en/747211468204534485/text/571140PAD0P1180e0only0900BOX361476B.txt,200,498861,3d36940173f6bc9f157930235553e2f50ac396e981b4fdebc106e9c304bfa937,ok,True
P118375,http://documents.worldbank.org/curated/en/423281468209384470/text/569190PAD0P1181official0use0only191.txt,200,304730,a783ed2275811caeef838121ffb918191cc05aa0596067c6242b459d18cdaffc,ok,True
P118410,http://documents.worldbank.org/curated/en/502561468015577295/text/522180PAD0P118101Official0Use0Only1.txt,200,316681,94c0deb11b14ab96095c06f8bb9cd9e93dfdaf3ce8485b783829ad63e2fa5cea,ok,True
P118445,http://documents.worldbank.org/curated/en/227201468283478539/text/589890PAD0IDA00Official0Use0Only090.txt,200,332872,13b39b2285288d2d6b065eac67f8ec9c5d13a5e042a4849737ff73ef65e004b4,ok,True
P118540,http://documents.worldbank.org/curated/en/937411468225278667/text/R20100021101.txt,200,520529,57630c0d2d487df9514ce1d5f93d2ac4ba7b08e480e100f4c5ab3f3f1214500a,ok,True
P118560,http://documents.worldbank.org/curated/en/462041468142793507/text/532780PAD0P118101Official0Use0Only1.txt,200,263384,72bbca0c996676267601d5a4f52dd912d0af9eb24b389b4954f42915028b84c4,ok,True
P118561,http://documents.worldbank.org/curated/en/976791468248985014/text/535760PAD0P1181e0only1910BOX353791B.txt,200,435240,110af78ec9443d18a325776cec6fa6878d65f98d4809d79cc33e891bfec33e43,ok,True
P118597,http://documents.worldbank.org/curated/en/492581468018652339/text/676280PAD0P1180se0Only090Box369247B.txt,200,249285,475b84a627d63e71c28d60e84de36d9cab2eee3606f774789c61eb760a5bd50c,ok,True
P118610,http://documents.worldbank.org/curated/en/288801468172447226/text/546040PAD0P118101Official0Use0Only1.txt,200,257258,b6ebf293b42536220e726ab2fa81e7fa4d3338fe16fa56c9dfd08a3243eb3501,ok,True
P118647,http://documents.worldbank.org/curated/en/544291468220149300/text/556600PAD0P1181OFFICIAL0USE0ONLY191.txt,200,514636,2fa99625786cf5c9b6a9dafbd1af3fe7e08a1372403b44c4a79e65f3d3f832d0,ok,True
P118701,http://documents.worldbank.org/curated/en/386051468198848891/text/528860PAD0P1181OFFICIAL0USE0ONLY091.txt,200,460296,2119328ab034e5fd32f2516e43c95259b8a0da015af9c7a63936686e266dad06,ok,True
P118708,http://documents.worldbank.org/curated/en/756441468006632056/text/599790PAD0P1181e0only1910BOX358351B.txt,200,359292,62d48c574c538cfdcae7cf115e4a4c470ddbea45ac18b16daea73c0e33c935c0,ok,True
P118737,http://documents.worldbank.org/curated/en/206601468127807384/text/531560PAD0P118101Official0Use0only1.txt,200,298397,942cf3e5b9e090ad6a0041c42f12b59af65f39892c1377ae1e983ba0102f80d1,ok,True
P118779,http://documents.worldbank.org/curated/en/192831468286778429/text/591530PAD0P1181e0only1910BOX358303B.txt,200,441676,3c5b1d3e67e30e804d87299306e1766fbd84d6e9a69d5f16ed6c02349ba38d73,ok,True
P118783,http://documents.worldbank.org/curated/en/722311468321871146/text/706930PAD0P1260Official0Use0Only090.txt,200,162811,5f5e2434e651a93d416afcc25cbcfe53f80a5e6c00bde50fef4722703cab2c39,ok,True
P118806,http://documents.worldbank.org/curated/en/556881468306910641/text/752500PAD0P1180Offiical0Use0Only090.txt,200,215588,9f081730d7a9a9dd85c20bab6281db972df747cc2826570eec49e352df7a984b,ok,True
P118826,http://documents.worldbank.org/curated/en/478871468042253080/text/696660PAD0P118010Box382077B00OUO090.txt,200,299214,13ada1b28c56cb31d076a3712de54c5081b17c0ef123419e198dd3b97db1a74e,ok,True
P118858,http://documents.worldbank.org/curated/en/843621468257657541/text/635400PAD0P1180e0only0900BOX361521B.txt,200,299652,6f7195f041cff478416ae896f9e1d0d68a1c19b5b22a98398fe92cefedf48736,ok,True
P118904,http://documents.worldbank.org/curated/en/194201468296164938/text/742410PAD0P1180C0disclosed020280140.txt,200,251063,a0a794247c42a15ed573164efde97b1d0e7b08bc4d99f84518cf30f813e6ef77,ok,True
P118916,http://documents.worldbank.org/curated/en/636361468044685564/text/715310PAD0P1180Official0Use0Only090.txt,200,287880,9b21a213b2bd01be21667db5d083ae5da811bd2db872732c4a18400e6261980d,ok,True
P118974,http://documents.worldbank.org/curated/en/109301468279322104/text/573330PAD0P1181OFFICIAL0USE0ONLY191.txt,200,202397,896e43f23ef2a398ff5c5a1060644ac23e3bb7aee5d1090732348c406cb1c48e,ok,True
P118979,http://documents.worldbank.org/curated/en/631461468132884874/text/660500PAD0P11809000IDA0R20120010701.txt,200,235256,5d0930ac15ad3bd10afe8fcb0d7459d27fcdba52ebe11dd6f1c073af44093b63,ok,True
P119039,http://documents.worldbank.org/curated/en/781631468293092708/text/768290PAD0P119010Box374388B00OUO090.txt,200,290933,ec961928dbd57cf7a973918fc03e9621e31c58ad1e3a4df48e98eddbd5e388ca,ok,True
P119043,http://documents.worldbank.org/curated/en/757251468041440079/text/508740revised0102020100R20101011612.txt,200,388712,da74f3a2c3633fbba9cbe8ed2e9fcff3f6f84760c03233921259df8a20e82030,ok,True
P119063,http://documents.worldbank.org/curated/en/937461468249311280/text/769450PAD0P119010Box377300B00OUO090.txt,200,345330,1f546ceb780b52856b70a9b7cd25d118e08b315725689e543dcdedc6a856f375,ok,True
P119071,http://documents.worldbank.org/curated/en/207201468216573241/text/675380PAD0P1190Official0Use0Only090.txt,200,112753,257cb8b25e19401442f2c50b90f32bf8997450d3e1c98a30cafc14baeea27561,ok,True
P119077,http://documents.worldbank.org/curated/en/189491468127187648/text/593850PAD0P1191e0only1910BOX358351B.txt,200,215442,b4f6b4b8f8d2a3ffc385662947e32ade6475e164b3f9f32579326109beba5e90,ok,True
P119085,http://documents.worldbank.org/curated/en/710791468269101705/text/616250PAD0corr0060101100BOX358354B0.txt,200,672290,2461efbd7f022c0faf9e7a556648d077f9bbe38437ffaccd2c83bd2001db9f85,ok,True
P119090,http://documents.worldbank.org/curated/en/360651468338944077/text/576280PAD0P1190OFFICIAL0USE0ONLY060.txt,200,313627,23f3c97cb9dcb1a2168e44ec9a9d7625fe83efd97f0b5fc80c4fca4d1c86fd95,ok,True
P119307,http://documents.worldbank.org/curated/en/951041468337780356/text/596980IDA1R20111011511.txt,200,137267,1b71fe037ffa2ce4ad1a3cad2f42d05c533da5bd36eea76599610aff3fff3e39,ok,True
P119308,http://documents.worldbank.org/curated/en/542291468243910934/text/PAD5080PAD0IDA00Box377382B00PUBLIC0.txt,200,402185,d90f97d87b4966c9d5180df252d2461e4b4e92307184c890cf6d1a2cafcf0af9,ok,True
P119355,http://documents.worldbank.org/curated/en/948641468306543885/text/639410PGD0P1190Official0Use0Only090.txt,200,301021,a76b23cadf471939fb2a984adc5e47b1ef4ccee9229a432b990ccb7849eadc1a,ok,True
P119357,http://documents.worldbank.org/curated/en/421851468018855694/text/600130PAD0P1190e0only0900BOX358355B.txt,200,103920,dd5795a0efa383c71de54d4dc32e3afbb8050f1a7e200e6c7ccfbb64cebda858,ok,True
P119380,http://documents.worldbank.org/curated/en/418641468008451733/text/578990PAD0P1190OFFICIAL0USE0ONLY090.txt,200,260424,eed66db1eba6eca3f07d22dd39df64bc4c6575608228fe792871f7872f49f02c,ok,True
P119432,http://documents.worldbank.org/curated/en/679231468056058858/text/649900PAD0P1190Official0Use0Only090.txt,200,469608,f9f67b58515774965d9f93ed0bc00380b8b4467d04caacc128f933caedb78464,ok,True
P119471,http://documents.worldbank.org/curated/en/236171468285290289/text/606080PAD0P1191e0only1910BOX358335B.txt,200,152421,74647f701a23a76b9a559349277e4db8b5dd0e7c3a595daa7b5c171fb9625c0c,ok,True
P119654,http://documents.worldbank.org/curated/en/870841468241470552/text/603320PAD0P1196540GEF1R20111000811.txt,200,124452,d725fff152b98763bbd15f3a3112e2ab01a46d0469dbaa1d0c5725e886c41b5b,ok,True
P119662,http://documents.worldbank.org/curated/en/581451468020361287/text/IDA0R20110020102.txt,200,562780,00fc17704d51aa0b039c83f7afaafc3189a42732fd155529408946b77d06931b,ok,True
P119694,http://documents.worldbank.org/curated/en/676991468057556113/text/533720PAD0P1191e0only10R20101009011.txt,200,370461,8a3482dea1431437c4a02d9f731ca7908fc2c23b29a7bf1dc951942795ffd4f1,ok,True
P119737,http://documents.worldbank.org/curated/en/559731468350143749/text/593100PAD0P1190e0only0900BOX361487B.txt,200,289726,664cd5da229fd96eff2255386a1c3d66b8c233d3d972c422b52033aef866f7c7,ok,True
P119815,http://documents.worldbank.org/curated/en/931331468230967990/text/665740PAD0P1190Official0Use0only090.txt,200,231250,f7f518a22489973504b80e8bc522b22ffd0029b0fff30e5bc02a22d256df0537,ok,True
P119825,http://documents.worldbank.org/curated/en/492331468288039932/text/543530PAD0P1191IC10disclosed0711110.txt,200,284586,9d3b725c61b353ed779465f26021762f2f986e6d6e6d59aa93bcc068796c3142,ok,True
P119893,http://documents.worldbank.org/curated/en/203661468030544126/text/669320PAD0P1190Official0Use0Only090.txt,200,452121,5f27e7fcc84d46ace273749310250010892b64c58087293d86c3ae0be838835c,ok,True
P119917,http://documents.worldbank.org/curated/en/809741468019809981/text/656410PAD0P1190Official0Use0Only090.txt,200,268390,46d9c18c235cfcc8ee217065470878268911dedcb711374705a544559d1bfe31,ok,True
P119939,http://documents.worldbank.org/curated/en/442091468338067270/text/556630PAD0P1191OFFICIAL0USE0ONLY191.txt,200,220066,aaec9a49f7c871718505643f67fcbe41c729cc3e20f3d3e39b231ddad86c1509,ok,True
P120005,http://documents.worldbank.org/curated/en/744921468257657224/text/570940PAD0P1201e0only1910BOX353794B.txt,200,274383,569177bf29b3345eebd057a85f8787592407eced05b81148a5cee79b723acbc7,ok,True
P120014,http://documents.worldbank.org/curated/en/517661468253781559/text/Kenya-Electricity-Modernization-Project.txt,200,418521,972e871c6f947c010ea914e09c5a6b800bd0d3869fbc1162d63b0d6a74a90f7a,ok,True
P120026,http://documents.worldbank.org/curated/en/428571468256740890/text/546720PAD0P120101Official0Use0Only1.txt,200,394334,948adcbb7587209d3f56ec36887408de61769df563ae67e413df249242d522bb,ok,True
P120028,http://documents.worldbank.org/curated/en/867391468005435832/text/575250PAD0P12010only1910BOX358301B0.txt,200,304158,2caace61dfe03db11aff5049dd804006b8306317eebb2843084f8fa7f4ab39d6,ok,True
P120139,http://documents.worldbank.org/curated/en/427161468017425808/text/644380PAD0P12000only090R20120002201.txt,200,265809,47aca4b47b6140588a267db5d8fb0f1215cff4b0326835a71c2e12ca3b7c46e9,ok,True
P120198,http://documents.worldbank.org/curated/en/136011467999105761/text/578130PAD0P1201e0only1910BOX353794B.txt,200,448923,ba206c197795848028ee4438140660c3e2f9d8581d8726f0064e681e9a1ccada,ok,True
P120211,http://documents.worldbank.org/curated/en/488361468205753035/text/578710PAD0P1202110R20101029311.txt,200,244545,151927e746f3ae3d3586564aff424c5aa99656b45b2fe9daa6900815bdb34019,ok,True
P120219,http://documents.worldbank.org/curated/en/820251468146398385/text/576090PAD01pub161201010R20101027611.txt,200,309649,dffe739bbdb67b14eb2b398d2ed8d525f52ce53352b02528093c062089a8da7a,ok,True
P120234,http://documents.worldbank.org/curated/en/641221468011762199/text/576890PAD0P1201OFFICIAL0USE0ONLY191.txt,200,291044,daa2af518a3c98e8e274bdb49006726623aa6120ecd6d945d21b11a6dc48955e,ok,True
P112998,http://documents.worldbank.org/curated/en/673991468016847430/text/475070PAD0P112101Official0Use0Only1.txt,200,88,4e54db8ed3e1d356971051bd4984b2059bbb8a3fa38a2b55d1235f27a32eb001,extract_failed,False
P120265,http://documents.worldbank.org/curated/en/486611468291025313/text/592910PAD0P1200e0only0900BOX358335B.txt,200,349587,974306bc8a161f1eb966e9f44e6ba2aac6799ac10d8dbebc50c982e0ec4a22a9,ok,True
P120304,http://documents.worldbank.org/curated/en/738191468302423940/text/826340PAD0P120010Box379877B00OUO090.txt,200,317009,05661628f7f770eaac2a2958f85e46798e70707c23fc55999a7f591c10eb6d8a,ok,True
P120321,http://documents.worldbank.org/curated/en/430051468221995335/text/593700PAD0P1201e0only1910BOX358301B.txt,200,230743,229944153ea200f9f71e9305c36954eaa35650ebb780af36496f142f31872ec3,ok,True
P120370,http://documents.worldbank.org/curated/en/685711468007864528/text/704410PAD0P120010Box377288B00OUO090.txt,200,367618,940ebc37238dd96a0e3cf16fe349153db8c4810bc1f3118b4a1dc2af7d1b1c1b,ok,True
P120338,http://documents.worldbank.org/curated/en/273621468294941157/text/533420PAD0R20101027811.txt,200,455569,cc97bac6482df8e43f55261d2296290d1a810d5651474801ac62947ae1f9b7e8,ok,True
P120435,http://documents.worldbank.org/curated/en/721621617657040161/text/Kyrgyz-Republic-Health-Results-Based-Financing-Project.txt,200,205200,54b361583decc025d9a10f91a0c8f62c5f31a72a739b97a79ca8c6f369826da0,ok,True
P120517,http://documents.worldbank.org/curated/en/333891468226161358/text/647200PAD0P1200Official0Use0Only090.txt,200,372734,2b8774a76797e97eeb8b47adaaa2a384377711b39ff13736f3c5fd58ce3a6c71,ok,True
P120561,http://documents.worldbank.org/curated/en/178351468334877285/text/NonAsciiFileName0.txt,200,286928,a50418c7a8427bc96ddee153bf9413aeda138f51c7cd6f6ca22d05e42df9b90a,ok,True
P120583,http://documents.worldbank.org/curated/en/974181467998808474/text/745970PAD0P120010Box382077B00OUO090.txt,200,403193,df08908b24a30b3779b490a42095940b99fd686ce1b8a588c966492fd87e11bd,ok,True
P120629,http://documents.worldbank.org/curated/en/340551468103466114/text/542910PAD0P120101Official0Use0Only1.txt,200,323528,c1124582bbf007dbeb287c522130e7c57b988495662b6b166e0802547b9d650e,ok,True
P120636,http://documents.worldbank.org/curated/en/754421468257071446/text/583340PAD0P1201e0only1910BOX358312B.txt,200,252871,fc3eaf1f998e2fcffd0a746f94111dbee767208188ee1c07e10284893b2daad6,ok,True
P120664,http://documents.worldbank.org/curated/en/538101468012623198/text/600140PAD0P12010only1910BOX0358346B.txt,200,206298,9c5f85aca83532414b55c847891986763e47a58c397ff5418e1fcb9f83adf76a,ok,True
P120707,http://documents.worldbank.org/curated/en/492381468286783340/text/574840PAD0REPL1official0use0only191.txt,200,306054,4c4b3ae62aaea8c2ad6095fe0cac5105cbf67d7443d7b257ea8373cd6a6a461d,ok,True
P120788,http://documents.worldbank.org/curated/en/579861468242390986/text/593840PAD0P12010only1910BOX0358354B.txt,200,293954,95ee5eb3887eef1602bb2037de3d3e68f15ec860aa82cc61a0adadf57e945057,ok,True
P120798,http://documents.worldbank.org/curated/en/219841468288691750/text/672230PAD0Box300900IDA0R20120008101.txt,200,507503,b1a22c8246aad34b7f45c40d6bf8458be98072ccaac6cac438512695150b86a3,ok,True
P120825,http://documents.worldbank.org/curated/en/600661468302380716/text/598470PAD0P1201se0only1910BOX358312.txt,200,210315,3a140a73f6f73227ab73a728f92f4864c224fcfa78319c76d1e01acc9ec5e2c4,ok,True
P120830,http://documents.worldbank.org/curated/en/419861468015619447/text/665730PAD0REVI0C0disclosed050701200.txt,200,230048,daa411c8f85b17daf3383682e686ddb9877a18df4d1ec51e56cdda8ad8f4e7be,ok,True
P120836,http://documents.worldbank.org/curated/en/400941468259132423/text/545320PAD0P1201Official0Use0Only191.txt,200,452576,470d2d3f98ac4da8c6766acc02c75af5683f18321b02a61c0954bf313be82cf3,ok,True
P120843,http://documents.worldbank.org/curated/en/391061467998485211/text/537290PAD0IDA1R20111002611.txt,200,307131,eb8b03bd1065d309b19d9ea29e19211e674cdf642daa2d8145c3d9edde33a9f2,ok,True
P120867,http://documents.worldbank.org/curated/en/889851468131114290/text/NonAsciiFileName0.txt,200,187355,3ff076ff4d84c2825e250f71dfee188e0abb62557ebd94dbf13cc576117662b2,ok,True
P120932,http://documents.worldbank.org/curated/en/669521468025148465/text/677150PAD0P1200ox369247B0Buff0Cover.txt,200,125355,9d8ae31e7ef7167e9f8218be8ed7b2908c3cff588390e4d4d1fd23191ed5e969,ok,True
P120913,http://documents.worldbank.org/curated/en/117431468061469331/text/599130PAD0P1200OFFICIAL0USE0ONLY090.txt,200,361121,31afe55a2742fdfb9f18c9fe3c42b289960f8229850a7d15eaa4675e36151f2d,ok,True
P120960,http://documents.worldbank.org/curated/en/638371468020714152/text/753130PAD0P1200isclosed0402901300SD.txt,200,181861,4b8d458c316145d6d310b856a02bb3237adec9b23bdbda6823d1a063a8dfda2a,ok,True
P120985,http://documents.worldbank.org/curated/en/264741468292879884/text/598420PAD0P1209850SecM201110177.txt,200,348186,a42a287021e7b6ae116067ed1cde292dab64558d01ae3f32f7b988895260a2e8,ok,True
P121060,http://documents.worldbank.org/curated/en/415121468058498247/text/564310PAD0P1211Official0use0Only191.txt,200,132369,084985c7a76d46a34ecc589942e901ea309a560a4e6ad68c841011a416a284ea,ok,True
P121019,http://documents.worldbank.org/curated/en/686471468041382043/text/691870PAD0P1210OFFICIAL0USE0ONLY090.txt,200,340739,38343e45523b6513d05d9a56ff83eaec32a451709f0bfdb089c63c6dd0867e19,ok,True
P121116,http://documents.worldbank.org/curated/en/470861468286795945/text/666640PAD0P1210Official0Use0Only090.txt,200,412499,cd6d785f238bcffcc27477870f9c79711f6ae0dc448a5860dcee441c0506fcfc,ok,True
P121152,http://documents.worldbank.org/curated/en/980131468290161589/text/744440PAD0P1210Official0Use0Only090.txt,200,245590,5303e06c6c7b527c294b761397a3df6ba2beb13db9ff21e06725946824fe2cce,ok,True
P121185,http://documents.worldbank.org/curated/en/986651468267359774/text/581660PAD0R20100Box382084B00PUBLIC0.txt,200,389335,a0cd4dffbb95c11896ba03372e562f2ef1d536f750d05e72b0d6f01d6426903b,ok,True
P121167,http://documents.worldbank.org/curated/en/641941468228859322/text/664070PAD0P1210osed0301901200SIMULT.txt,200,265137,ca6f462d58fefee0d2f1bd2867c7b14e2540830b79a03f559e5c31d7cc39ccce,ok,True
P121195,http://documents.worldbank.org/curated/en/755491468299350151/text/548750PAD0P1211Official0Use0Only191.txt,200,162902,e13fcbaf9acc8fe4d0797513824a08ca98b7b95cdbe3a13296ca534d7d9c56a2,ok,True
P121186,http://documents.worldbank.org/curated/en/529871468006292733/text/718270PAD0P1210200simult0disclosure.txt,200,290962,174af46d9e200aea05d3d018cc372deb1bc572d79a687d7d28efc3e140aaf5b4,ok,True
P121231,http://documents.worldbank.org/curated/en/359331468276888833/text/595910PAD0P1210OFFICIAL0USE0ONLY090.txt,200,289027,c1e9028cec72979276950cc1f374922af3a411e53471cb284edb2bcddbc71b2e,ok,True
P121210,http://documents.worldbank.org/curated/en/253341468170973672/text/599620PAD0P1211OFFICIAL0USE0ONLY191.txt,200,443351,f15c8c9e8bb3331fddbbe87dc9471e4c78d6bc471151ac19b9b367947a936697,ok,True
P121263,http://documents.worldbank.org/curated/en/538031468219574898/text/602540PAD0P1210Official0use0only090.txt,200,133921,4d5ac47e70b4020120b55d56ced9edab2d3d539597fb323b57fb068eaabd1f1a,ok,True
P121271,http://documents.worldbank.org/curated/en/808171468062107931/text/664130PAD0P1210Official0Use0Only090.txt,200,230351,fce2a3e5a8c9104748c6eaac7444001dd66abfdb79756b459cffb908055fdf9b,ok,True
P121289,http://documents.worldbank.org/curated/en/818501468017666929/text/676260PAD0P1210Official0Use0Only090.txt,200,117475,73d0843f5d62093a90d6f6c9374e9934c63781e1ddbe76d27d7296e53a66d717,ok,True
P121328,http://documents.worldbank.org/curated/en/689081468308353935/text/541720PAD0P1211C0disclosed081251101.txt,200,345391,79b4b2c15baa82fdb9c35dd54d27675303277120a06ec4f6c10abd1adb5714bb,ok,True
P121414,http://documents.worldbank.org/curated/en/274171468239670227/text/576610PAD0P121020801200SIMLUT0DISCL.txt,200,133434,a860035b6b05925d18d73b41bc364c5a09ff7637d2d0b7d1f9213077fcf425d3,ok,True
P121398,http://documents.worldbank.org/curated/en/225861468062683337/text/562760PAD0P1211C0disclosed091151101.txt,200,295134,a2504ce361eb8cc86e8022bf3bf139a9b0bf024f24a50089c52dd0922b827e22,ok,True
P121455,http://documents.worldbank.org/curated/en/172601468291917036/text/638620PAD0P1210Official0Use0Only090.txt,200,275914,63afa45a9e9142a0deebed2f15980141a9cb5e601ffad84018518ad71bea144e,ok,True
P121492,http://documents.worldbank.org/curated/en/993621468065329326/text/591590PAD0P1211OFFICIAL0USE0ONLY191.txt,200,256313,a911f714bf6bc10dc4e0104454f62e8be0ecfce2013f5700d37e10ea88930286,ok,True
P121515,http://documents.worldbank.org/curated/en/810831468041645859/text/574790PAD0P1211official0use0only191.txt,200,166381,0afd1b4cf35b7036a7479ab05f7891671f2b69dba63085d921773f5b994ec29e,ok,True
P121495,http://documents.worldbank.org/curated/en/893211468017450155/text/562610PAD0P1210IC0disclosed07090120.txt,200,260637,214e016f2ce9b25745c96d995f74ed08b0358500a264a7b15bd9d37f45f2205b,ok,True
P121528,http://documents.worldbank.org/curated/en/790381468006632935/text/606070PAD0P1215280IDA1R20111012811.txt,200,252564,99b0b637c0fadf6868447614da3fb54e645a7c01a471d983804e9f0fa6f3a30b,ok,True
P121611,http://documents.worldbank.org/curated/en/986291468194328330/text/551070V10PAD0R10Box353815B01PUBLIC1.txt,200,382743,9d2b52c32e0b7a67b1ab0d77a800fbed1956ef25c5e0c145dd2b324461b6fdc9,ok,True
P121643,http://documents.worldbank.org/curated/en/691701468128098878/text/741010PAD0P121010Box374388B00OUO090.txt,200,217343,59d3e9451490ea79ab716ac35b330d52f197d16ca685fa96b46c173201e4d89b,ok,True
P121648,http://documents.worldbank.org/curated/en/270781468141890599/text/PAD840P1216480010Box382166B00OUO090.txt,200,318619,215539b635378bb760195e6fb91bb1f541b6935e292ecc00822a800d81ab4c54,ok,True
P121673,http://documents.worldbank.org/curated/en/338351468094453173/text/582800PAD0P1211e0only1910BOX358351B.txt,200,652636,440253ed348e90a9a5472079aecb441b3625d07e350f84d8a89ab86e168d5842,ok,True
P121686,http://documents.worldbank.org/curated/en/871161468054647307/text/536260PAD0P121101Official0Use0Only1.txt,200,397336,cef398415d0c046fc289277664c74e234911faead565452f912ec3c9340db894,ok,True
P121731,http://documents.worldbank.org/curated/en/991941468258860237/text/593880PAD0P12100900IDA0R20120020101.txt,200,317357,15891d02ecdcb7c34b24c5c63c5a0e937a56c82cf54c1560ec5ab5ebfbec9a31,ok,True
P121779,http://documents.worldbank.org/curated/en/398361468290154604/text/562430PAD0P1217790IDA1R20111000711.txt,200,396437,7b6c49ed22adec73a0c97c78b70a523f88f9c1994277ce52d3052ec56dd73779,ok,True
P121774,http://documents.worldbank.org/curated/en/605721468283474807/text/646580PAD0P1210Official0Use0Only090.txt,200,380712,bc70520043ee4b388a338b40b099e7205b344a4b372015f642fcebe6c11a2529,ok,True
P121836,http://documents.worldbank.org/curated/en/908321468206367930/text/577730PAD0P12183600R20111002211.txt,200,209747,53535390374de66e80071da27fcc54736a7e63a6dbfee6cfedda5f3009b49b4a,ok,True
P121842,http://documents.worldbank.org/curated/en/310491468253239651/text/619820PAD0P1210Official0Use0Only090.txt,200,235983,a2260672d79e5bac2e4829b9c6563f25810f70e024acc643d55974f4e2e68d19,ok,True
P122007,http://documents.worldbank.org/curated/en/182921468016755391/text/593050PAD0P12219100IDA1R20111012511.txt,200,285076,d5ea5cb99d826ac29dc372a2c2e91d9af024129f6dea106bea51b9bbf5291255,ok,True
P122008,http://documents.worldbank.org/curated/en/729921468263349331/text/643580PAD0P1220Official0Use0Only090.txt,200,136608,5834a53ff812de3fc7eac5d5583963876430e2504067654cf272f0ec6f2bd5c8,ok,True
P122028,http://documents.worldbank.org/curated/en/510081468276309449/text/09725281.txt,200,400774,ed6e688c7c04ff35b74bdbd9b4eac9eea8714d7206a76305453eff447d894b7a,ok,True
P122039,http://documents.worldbank.org/curated/en/596941468305045832/text/611140PAD0P12200only0900BOX358362B0.txt,200,235467,308bb05729d6f3f876027846397c4178f0b938e5e9960247f04c0d55690bbb00,ok,True
P122047,http://documents.worldbank.org/curated/en/638841468038070610/text/566330PAD0P1221OFFICIAL0USE0ONLY191.txt,200,172432,f0c02a0753fc92fdf69b91b388d20d5ec61451730a24779decd1cfde6e2c37ed,ok,True
P122065,http://documents.worldbank.org/curated/en/168611468204550220/text/583280PAD0P1221OFFICIAL0USE0ONLY191.txt,200,409114,e533c5268077dafdf65d2723e9eeb40e65c996de523872561c7740e16a803f44,ok,True
P122123,http://documents.worldbank.org/curated/en/951591468337264497/text/651840PAD0P1220Official0Use0Only090.txt,200,394001,68ce84f9f92ca7996ea1590029d8b6b26a2aaeef5799a65258f4b4c921b6dcb4,ok,True
P122124,http://documents.worldbank.org/curated/en/974331468097738698/text/755300PAD0P1220Official0Use0Only090.txt,200,606602,737134fc1778995ef162ff51056fe3ffd12f4e7146e4b122b92d23de74b58d13,ok,True
P122139,http://documents.worldbank.org/curated/en/259881468286836400/text/736360PAD0P122010Box385311B00OUO090.txt,200,170557,a8d7488b22663d6af00d37f8bf623d9b495c3c39bfe3d450a0434b880d32ba48,ok,True
P122151,http://documents.worldbank.org/curated/en/252891468082135748/text/591100PAD0P1221OFFICIAL0USE0ONLY191.txt,200,168557,9ae742fc48a279631bbf60e0494ea196399b417f23538ca2a8f40aca5a1df97e,ok,True
P122153,http://documents.worldbank.org/curated/en/578041468015049240/text/651880PAD0P1220Official0Use0Only090.txt,200,264641,ad5997515b8c5a3f99fc74189cd7ea74b1724c873a4e797baac93b50ca7aa572,ok,True
P122178,http://documents.worldbank.org/curated/en/431451468172773840/text/736470PAD0P1220Official0Use0Only090.txt,200,243489,4c17b9acd7b586fd02091fbd49e9a79ca511dc11e9e31c1e0498f83524fb644b,ok,True
P122201,http://documents.worldbank.org/curated/en/157261468200634239/text/653760REVISED00se0Only090Box370115B.txt,200,248740,ab717182b7e83a99e62fdc7e60f665193e4da951f97b92377ce4f73dd2181d42,ok,True
P122219,http://documents.worldbank.org/curated/en/879311468248094624/text/623820PAD0P1220only0900R20110017701.txt,200,191019,abde1b99f18153f93c914ff863e4d77e646541868ba563adc04fd06449d2f294,ok,True
P122204,http://documents.worldbank.org/curated/en/330831468031549047/text/664620PAD0Box30official0use0only090.txt,200,368665,43fbcebbcd79bba56f2ea0bf39e37a991eb83dc51313600495fc01aa677b5025,ok,True
P122229,http://documents.worldbank.org/curated/en/593041468258870975/text/825430PAD0P122010Box379866B00OUO090.txt,200,353448,1f084b1c696e8a0fe699444eb210ca043af73c08eb57040c6ea972450a215f17,ok,True
P122233,http://documents.worldbank.org/curated/en/115951468191954153/text/666660PAD0P1220osed0301401200SIMULT.txt,200,485211,0d25cb945412428d32ac4435c13aba3160bcf6fa1b53c55d6afe7acee849d3fb,ok,True
P122319,http://documents.worldbank.org/curated/en/163201468217799848/text/660080PAD0Box30official0use0only090.txt,200,135650,a344b61e94aa876c1accef5950825846941f69048ec976c08ec2e6f83e6615f1,ok,True
P122269,http://documents.worldbank.org/curated/en/342481468199726464/text/666890PAD0P1220Official0Use0Only090.txt,200,354902,655a29bda06a27c7c35bd3594537413dd6b7391de6f687769889516b0a6231c8,ok,True
P122321,http://documents.worldbank.org/curated/en/457701468214814723/text/612980PAD0P1221OFFICIAL0USE0ONLY191.txt,200,142314,87f2e5d07ab5fa9519df0d22e0b2dfa259e21d35c76ce36ac83c2292d451dfbf,ok,True
P122320,http://documents.worldbank.org/curated/en/676411468060542805/text/660810PAD0P1220Official0use0only090.txt,200,184598,31075efd9604d2d7b9ef1b8ab00d11ecfb2ecd1f167dbac9c8c5dea1d4a21b1b,ok,True
P122326,http://documents.worldbank.org/curated/en/731081468312378620/text/570460PAD0P1220OFFICIAL0USE0ONLY090.txt,200,232710,a238a0f11acec95047b3a656fd7c7f63277109eb4fd971843d5175262479609f,ok,True
P122329,http://documents.worldbank.org/curated/en/554751468164063238/text/646340PAD0P1220Official0Use0Only090.txt,200,465172,288d9dbc30caaf064daeab4840d58a215b8209d08cf246fa597a94acbe56272b,ok,True
P113488,http://documents.worldbank.org/curated/en/414411468308351442/text/646700PAD0P1130Official0Use0Only090.txt,200,721,fdb173d8f72cd7efb756b2e3d16521e782a9a4f3db651211e5b13067315a8cbd,too_short,False
P122398,http://documents.worldbank.org/curated/en/123451468204842891/text/616460PAD0P1220e0only0900BOX358354B.txt,200,261925,c72301264adc3559cdfe9b253792b7357431aacdd6ad691551c73888325bc2dd,ok,True
P122406,http://documents.worldbank.org/curated/en/427331468291028355/text/642990PAD0P122010Box385199B00OUO090.txt,200,413335,76c4b366146bc68c6b5b1600e7f6c859756f160dbe50a7c8b61368545090a2aa,ok,True
P122419,http://documents.worldbank.org/curated/en/535191468199795962/text/576230PAD0P122105110IDA1R2011100631.txt,200,254004,0268c850e57e6e57b0e8139c53bb7b893f2de44b04b4e060479a8bebdba17dbd,ok,True
P122476,http://documents.worldbank.org/curated/en/388831468105574317/text/600070PAD0P1221OFFICIAL0USE0ONLY191.txt,200,237158,c42208f2d09c76f89dcb99ab097400b3c8fc5dded90fc774c0693ca37a8119c7,ok,True
P122478,http://documents.worldbank.org/curated/en/178421468008107153/text/560990PAD0P1221e0only1910BOX358291B.txt,200,258475,67f7e7b878537e0f1b8aab9751dda152e129f6cab299fd52d9b743ae948b77e0,ok,True
P122486,http://documents.worldbank.org/curated/en/631821468042851398/text/650350PAD0P12200900IDA0R20120019801.txt,200,412703,a9ea969ccc537182bfff211cf96a65111c927a6dd203a2c0569d9893984e030b,ok,True
P122540,http://documents.worldbank.org/curated/en/762591468266438728/text/PAD1490PAD0P12010Box385355B00OUO090.txt,200,179516,8ee5a29ed3c454f82687601c326c54739121de8964e0bb75de54d0f58aec0018,ok,True
P122616,http://documents.worldbank.org/curated/en/227201468270268950/text/597930PAD0P1221e0only1910BOX358303B.txt,200,370927,79cd7476b33c676968bee21d50a229fca2649940bbc6c93299471b9ad8db7e78,ok,True
P122629,http://documents.worldbank.org/curated/en/782041484160218026/text/748150PAD0P122010Box377288B00OUO090.txt,200,330262,3c3b3d44bc35eb4b9248afa2d0bfb1bace0b31ac812ddb6ab5564679b7d17815,ok,True
P122694,http://documents.worldbank.org/curated/en/405781468116363921/text/756670PAD0P1220isclosed0301501300SD.txt,200,270869,d2af2602e75b09eafc5d48d11b48c247ac9631945c4199d1359c2178e9da44d5,ok,True
P122700,http://documents.worldbank.org/curated/en/587931468008408938/text/665980PAD0Ango000PUBLIC00Box379825B.txt,200,331053,8785486a0d077f49c0190ca83441be98737edd9a7daf17566a1ef31b6e222ca0,ok,True
P122692,http://documents.worldbank.org/curated/en/335001468031498518/text/590390PAD0P1221e0only1910BOX358301B.txt,200,356106,66bc5376d8d846a635a1d7ea5320a0f98e05ed22fc8e9b07eacef01aa7fb5879,ok,True
P122735,http://documents.worldbank.org/curated/en/416991468101364610/text/662580PAD0Box30official0use0only090.txt,200,367472,6070de8874093f448982652b596d3197dbd702f4de686e2bb76032b73dc30078,ok,True
P122764,http://documents.worldbank.org/curated/en/330121468024613142/text/676800PAD0P1220ox369247B0Buff0cover.txt,200,416779,7422f28908e7c42991152415dc2fcb7c333845e9aa3514cc5a5d4d80d49174ea,ok,True
P122770,http://documents.worldbank.org/curated/en/402181468267291836/text/734220PAD0IDA00g00OUO0900Box379799B.txt,200,408203,865c42c85314ca50089524eb40c2ec5b7d751f07b1d7a23164fc9588dd4389ba,ok,True
P122785,http://documents.worldbank.org/curated/en/178971468123867860/text/648930PAD0P1220official0use0only090.txt,200,253156,9b49d9cf2202cb990ad091f12c3512e1bf7be05fc84041e3d4431f400015ea74,ok,True
P122776,http://documents.worldbank.org/curated/en/757561468010197848/text/662220PAD0P1220Official0Use0Only090.txt,200,457403,b6afba6ccd073b9a8048ef27d0303c0cc0dd3a097683997da6a7aaa3a805b639,ok,True
P122810,http://documents.worldbank.org/curated/en/793501468044067811/text/621510PAD0P1220e0only00R20110015101.txt,200,258232,84cff020a83abb9d5cc5f69cd837938efe0e65cf648322252867aa1568cf3fe4,ok,True
P122841,http://documents.worldbank.org/curated/en/773191468304224914/text/664510PAD0P12200900IDA0R20120011001.txt,200,266997,f2b893f3966e6ba01106ac907b27513b005cd2f29330431308a0a9acb6c63fc8,ok,True
P122826,http://documents.worldbank.org/curated/en/855161468281370405/text/812270PAD0P122010Box379865B00OUO090.txt,200,182367,53cdb812e0fd9b731f113ce28b8a7b1c58efecc883eb7a46e073ec25253019e7,ok,True
P122812,http://documents.worldbank.org/curated/en/933451467995368061/text/PAD1410PAD0Aze0100OUO0900Box379827B.txt,200,282792,46fa886400fb3db7b514a2a9575fdaff68473c890090baaddfd0c5c9503404c4,ok,True
P122916,http://documents.worldbank.org/curated/en/272061468029370675/text/722450PAD0P1220Official0Use0Only090.txt,200,256443,c5e753079e6a95b77aabc11ace007460b253dab4b29dd6660f89d8eed122f827,ok,True
P122943,http://documents.worldbank.org/curated/en/816621467997266235/text/644860PAD0P1220Official0Use0Only090.txt,200,230437,117457b8b7e6e9a865cbfd113f13c36554b83dcddf1af724182017de3c2a6928,ok,True
P122944,http://documents.worldbank.org/curated/en/889391468008422182/text/685060PAD0P1220Official0USe0Only090.txt,200,235649,9ff5e0aecae718eb2d0aefe4b7e9e64f4c7f4a178ea1b8093667c5fbabc9af2b,ok,True
P122998,http://documents.worldbank.org/curated/en/907521468294969984/text/735060PAD0Russ0100OUO0900Box379813B.txt,200,346279,0cad961800bd361c3e686f2d527894ba977a2e62e28674619843f1757f5c90f0,ok,True
P122990,http://documents.worldbank.org/curated/en/344761468027233563/text/661300PAD0P1220Official0Use0Only090.txt,200,252000,a5dc1d277f88390f983296953975b8b8237938c020791e584f636464a3fe54b6,ok,True
P122950,http://documents.worldbank.org/curated/en/853141468004480308/text/769530PAD0P122010Box377322B00OUO090.txt,200,210270,a3296c1f7317feda95cbfe30365ffbd6d6016fa1358e654f82f8162cc9f35fba,ok,True
P123093,http://documents.worldbank.org/curated/en/368611468002106091/text/PAD4140REPLACE010Box377300B00OUO090.txt,200,181386,0594c59b733731c165a02a62c732898a5ad654cebc11474d75fc94cbe9ce353c,ok,True
P123112,http://documents.worldbank.org/curated/en/610161468145179516/text/PAD10010REVISE020Box385226B00OUO090.txt,200,484801,6ab38ad74141e28f954c70848526caa4bbf4d03f6e94c06aba035a729773edf6,ok,True
P123128,http://documents.worldbank.org/curated/en/334361468030609173/text/598970PAD0P1230e0only0900BOX361487B.txt,200,306491,971f883ffaa7060fce24d96a2ef4d569b2eb7ec189d5a0a9eefbd959bf79bc98,ok,True
P123133,http://documents.worldbank.org/curated/en/351601468216572683/text/668200PAD0P1230Official0Use0Only090.txt,200,167101,705e2d1b2d909a8c05ba5d2827452ac76b1be29ff31336754597c4651c961fb4,ok,True
P123134,http://documents.worldbank.org/curated/en/340621468101055604/text/PAD10870PAD0P1010Box385412B00OUO090.txt,200,304343,afb724d288d99989f8cce790489b4866526e27999a4edaff07ae745049bdc00b,ok,True
P123146,http://documents.worldbank.org/curated/en/664701468245664315/text/680660PAD0Buff0010020120Box367902B0.txt,200,402910,083b5afff9983a25934bcfdaf5bdf54be90cfcc77f2784c0b98bbd4a2d940827,ok,True
P123151,http://documents.worldbank.org/curated/en/779771468295213765/text/NonAsciiFileName0.txt,200,304091,753d5532224e711deadffca54ad13b60fb3b3dc05ec088f918f69b7e789350d8,ok,True
P123204,http://documents.worldbank.org/curated/en/232861468115761164/text/664110PAD0P1230Official0Use0Only090.txt,200,274435,a3f09ff5a14a319e4f83d3c2ddf124628ee83f8f2fcf59ad24d0cc6d4a304945,ok,True
P123315,http://documents.worldbank.org/curated/en/231201468245383099/text/673520PAD0IDA00se0Only090Box369244B.txt,200,180623,d365b93167f647ee964bf69a16512e07dbac941a94c1aeab04e158cbea7b4e86,ok,True
P123323,http://documents.worldbank.org/curated/en/334761468018605480/text/705440PAD0P123010Box377298B00OUO090.txt,200,167297,933a7bdfabecf70cd026856cf63bee6f0847891c79cbb94f8261c8255525a872,ok,True
P123367,http://documents.worldbank.org/curated/en/478321468057257305/text/637340PAD0P1230Official0Use0Only090.txt,200,327136,560bb5370347b0a4ca8bd158acf4e536f5493ed38860e9b934f548131421558a,ok,True
P123384,http://documents.worldbank.org/curated/en/168531468128100103/text/738030PAD0P123010Box374377B00OUO090.txt,200,124525,6f03e269023d51ae3fe9c792bc12d20f4de77615611847c691de99b1ab9c9062,ok,True
P123394,http://documents.worldbank.org/curated/en/774561468285328085/text/752520PAD0REVI00Box374295B00PUBLIC0.txt,200,379430,4886302c2b8bad2f1ffd3fad1f744a18ccea8961494ebbdb9c264381cffa7122,ok,True
P123399,http://documents.worldbank.org/curated/en/688611468324036742/text/596090PAD0P1231OFFICIAL0USE0ONLY191.txt,200,339324,b4eba4130e7728cbbefa11c8c3da10f74b4c28d238b404143478fda80be57ccb,ok,True
P123447,http://documents.worldbank.org/curated/en/172921468290990533/text/614180PAD0P1230Official0Use0Only090.txt,200,289782,0b8e14a3830f965b33a66fdbc91252eca1c2540ec71f01defa6f2b36230a6a2d,ok,True
P123457,http://documents.worldbank.org/curated/en/483251617656910916/text/Bangladesh-Integrated-Agricultural-Development-Project.txt,200,282528,a7bd5e265a4b6fca6938fc8c98c2a2e28b74f20468b6d57f588335700bb09207,ok,True
P123480,http://documents.worldbank.org/curated/en/228471468278054352/text/616870PAD0P1230OFFICIAL0USE0ONLY090.txt,200,209919,6e0af11268c122ef37d4341c037a1942711d388bc26d7858ce1e925554ea08be,ok,True
P123673,http://documents.worldbank.org/curated/en/695581468103766339/text/613890PAD0P1231OFFICIAL0USE0ONLY191.txt,200,319394,52e95817defc35ac185533b911f0a9bba2c6c5e3bb61fccbc81f4a6f9134d8f5,ok,True
P123513,http://documents.worldbank.org/curated/en/736591468098978156/text/PAD3960P123513010Box385166B00OUO090.txt,200,261789,919f9624ad8f7cca108d24c6e262c04d3beab147509b80de28d95209074509f7,ok,True
P123706,http://documents.worldbank.org/curated/en/367901468035432064/text/679450PAD0P123000Box377288B00OUO090.txt,200,269894,4e4e26e24b3918958e47a96441e6308ba65abcdde6b8f2943d75e534393154cf,ok,True
P123729,http://documents.worldbank.org/curated/en/441251468024607539/text/715480PAD0P123010Box374388B00OUO090.txt,200,204783,a1b5a5e48a949371d9176255a7c6cd716c49cfccd3e8a230f98a0528a5b8322d,ok,True
P123820,http://documents.worldbank.org/curated/en/475661468207545339/text/715430PAD0P1230Official0Use0Only090.txt,200,183551,4b83307e002fadd869470b23872900f99cf5e578c36d37666f3e702cf5773d45,ok,True
P123760,http://documents.worldbank.org/curated/en/824921468286797358/text/659590PAD0P1230Official0Use0Only090.txt,200,420205,5e2f0e5111c5dcf5aff43e4a8d8ec7afa9f2397439b403232a4911b74012888c,ok,True
P123828,http://documents.worldbank.org/curated/en/917751468210893683/text/655430PAD00IDA0se0Only090Box370115B.txt,200,489109,1542d0601dd9449d5eba013633c7aa17bad28a65b79a328c7a6503f2ff000400,ok,True
P123900,http://documents.worldbank.org/curated/en/222311468257333859/text/661960PAD0Buff0se0Only090Box369268B.txt,200,381972,9fe2e84014e8502cb243f03f52fa7880df4536729b4a7e573fbcc1e16bc987b9,ok,True
P123879,http://documents.worldbank.org/curated/en/226901468242984222/text/741040PAD0P123010Box379877B00OUO090.txt,200,294884,95c36505b25993a06fa6aa9afba68eb1a62a1723166e869e3890496cc8971054,ok,True
P123923,http://documents.worldbank.org/curated/en/799651468107659693/text/716610PAD0R2010031020120Box370115B0.txt,200,203448,cfeb42480e248159f856e16a4753819491062ee1efdda23bb7ceb5d4766514c4,ok,True
P123960,http://documents.worldbank.org/curated/en/523071468176959439/text/768560PAD0P123010Box382111B00OUO090.txt,200,170263,e038289e2f9c973d5f4110bc72f0537a812d9418d674aba67c12a8e4683bfba0,ok,True
P123961,http://documents.worldbank.org/curated/en/335721468176958402/text/PAD6990PAD0P12010Box379866B00OUO090.txt,200,204071,ee2891c0ac6c7e8610c8b0094d2266cfe10bca62efc65faef095cd50544b1f08,ok,True
P123974,http://documents.worldbank.org/curated/en/214921468033607388/text/767900PAD0P123010Box377288B00OUO090.txt,200,218082,517e566c96c0cd36308c49420f2c614c30d52963aa319c899fcf84fd4694f1ac,ok,True
P123994,http://documents.worldbank.org/curated/en/110111468052132968/text/781980PAD0P1230official0use0only090.txt,200,120704,fe3532c1fdc67320c8db2da56fbf0e3caab6ea0d445f60ca3b79588f85b9c9c6,ok,True
P124015,http://documents.worldbank.org/curated/en/516971468016184394/text/PAD8930P124015010Box385166B00OUO090.txt,200,263928,6010b7b404da3a51f9c9d4e8fc84441998add0182140c733a4712eb646e86864,ok,True
P124054,http://documents.worldbank.org/curated/en/944431468111543923/text/637430PAD0P1240Official0Use0Only090.txt,200,377195,6b2c6a0afe9bd76cc008dfe89d54666f14e7857de74a3c915cd9b1377343d168,ok,True
P124018,http://documents.worldbank.org/curated/en/680491468113088285/text/PAD2360P124018010Box379877B00OUO090.txt,200,591613,187618b2136b6fbbf8879de06660f3f1d38195a109733bf721d324ff74ea94ca,ok,True
P124045,http://documents.worldbank.org/curated/en/704091468122078480/text/671160PAD0P12400900IDA0R20120007101.txt,200,530917,8509608859d9dd71399bffe669135e00fd281ec27a487cae114bd4887bb0a056,ok,True
P124134,http://documents.worldbank.org/curated/en/990891468034482885/text/582380PAD0P1240Official0Use0Only090.txt,200,290297,4ad3352037783368ce47d43ca7af27281ad8f91bd387e33f33ac4acde82f31c2,ok,True
P124109,http://documents.worldbank.org/curated/en/656501468048281802/text/600050PAD0P1241OFFICIAL0USE0ONLY191.txt,200,374439,dba0aae8fba2c76cec9eaf9804d1a3f823db44e09138fd62c71d4c9ee8eea2ba,ok,True
P124085,http://documents.worldbank.org/curated/en/755521468262504953/text/679760PAD0P1240se0Only090Box369247B.txt,200,289279,2a0cd8fffa4f71d7d367e5949a126feaf28ffd3aa45851d41cc6c891fc2aa513,ok,True
P124181,http://documents.worldbank.org/curated/en/669731468309575314/text/622770PAD0P1240Official0Use0Only090.txt,200,191848,1126bcd2236faeafabcd64bd21bf90cc75076210888735a587a8dad380e1646b,ok,True
P124341,http://documents.worldbank.org/curated/en/870691468045874119/text/626550PAD0P1240e0only00R20110015401.txt,200,415091,be08a60e2115216250beb388e8b78b602347e5d6c1ce98dd152c0ffe6d18db4a,ok,True
P124351,http://documents.worldbank.org/curated/en/874411468194347530/text/613820PAD0P1240Official0Use0Only090.txt,200,198156,b802bf1bf2214ba309b2da90283b1711bfd07ffadffd0741d8edfd1cf7ea1cf9,ok,True
P124514,http://documents.worldbank.org/curated/en/256411467998814087/text/637260PAD0Box301100IDA0R20110029801.txt,200,337594,d20f02b9851b8392d6524872d6f67336b933fc644685f6c72e38ee60861b601e,ok,True
P124625,http://documents.worldbank.org/curated/en/299241468164365734/text/PAD8530P124625010Box385199B00OUO090.txt,200,217714,cfe3ddfbef2d91b90013ec50766c350fe2bc84840029eba9f57640963d211db4,ok,True
P124614,http://documents.worldbank.org/curated/en/701201468284089367/text/660910PAD0P1240Official0Use0Only090.txt,200,334201,f9f65aff951ad0c89495bf215f5a792b3bfd528f3550a674b76ff533f56bb1d4,ok,True
P124639,http://documents.worldbank.org/curated/en/879581468041646928/text/570810PAD0P1241e0only1910BOX353794B.txt,200,353247,85ea2a4445297c01f5dccd7f9e4f5728d9f4728b0fd6458004f3764a8ac9ece8,ok,True
P124648,http://documents.worldbank.org/curated/en/267211468229732093/text/621480PAD0P1240e0only0900BOX361476B.txt,200,227420,a444ba207fc560c4e1621b02df3e6eccdda72cfa64c7af49b9740cbe7084ed8d,ok,True
P124720,http://documents.worldbank.org/curated/en/305331468026435374/text/PAD2020PAD0P12010Box377300B00OUO090.txt,200,340973,45082619d70402d99b2d62e415924f2fe76050d558b5bbb44e132938732909ee,ok,True
P124848,http://documents.worldbank.org/curated/en/619611468263344346/text/708130PAD0P1240Official0Use0Only090.txt,200,172791,ef52dcde9639d7eb23d84f8f0d8f58d3acba1cc22898017ed35524cfc900042f,ok,True
P124775,http://documents.worldbank.org/curated/en/881231468032642444/text/578980PAD0Box30ly00GEF0R20110002001.txt,200,349267,d5f01d8bcb84ae45cc4e0b385aad03b067e7fcdb2095f78ed302de9dc2bc6728,ok,True
P124942,http://documents.worldbank.org/curated/en/290041468129863839/text/809510PAD0P124010Box379866B00OUO090.txt,200,197742,8537d96207199816ddaf37f28ccca50438d906dbdc9c9539e49fe0d1eae90107,ok,True
P124978,http://documents.worldbank.org/curated/en/872251468259458466/text/665970PAD0CORRIGENDUM0R20120004002.txt,200,129530,a460c60a4cfdc04bcfe1e886e4cb7b0c0a2af6e5b4556592b1cd6f6b47e14de5,ok,True
P125021,http://documents.worldbank.org/curated/en/641481468021632940/text/NonAsciiFileName0.txt,200,196280,1cb854285e12cf62d5e9e86ff7a71615714b9b30976464d3ed8f2b9cbd981911,ok,True
P125022,http://documents.worldbank.org/curated/en/131691468219305697/text/695890PAD0P1250Official0Use0Only090.txt,200,135960,396f60a0c0ccc6fc6fc411e3b58b5c6d9c2d54623c5999408d967bdabc23eefc,ok,True
P125032,http://documents.worldbank.org/curated/en/164821468120244038/text/612850PAD0P1251OFFICIAL0USE0ONLY191.txt,200,183963,38f00a296917acccf3c04abd05dfa5c0b03c6010fe0a93592d0099e67ba6494b,ok,True
P125024,http://documents.worldbank.org/curated/en/895641468257733951/text/PAD7180P125024010Box382156B00OUO090.txt,200,383937,f59a634f14c9dad1bdddfdc30c9c15dc0e108d8001d847e90cd9eea49a0dbcf2,ok,True
P125120,http://documents.worldbank.org/curated/en/240481468321882453/text/759190PAD0MZ0I00Box0377354B00OUO090.txt,200,277473,adfb9d0e758fc1b5e4342cbce0b957deeab27cc39c20ea4b17bc9b34e0719936,ok,True
P125127,http://documents.worldbank.org/curated/en/233011468058524613/text/605950PAD0P1251OFFICIAL0USE0ONLY191.txt,200,230638,b7b79b12b47c55eb392fe42519c4c7ceb3ce105e481034528feb4527a68b4695,ok,True
P125184,http://documents.worldbank.org/curated/en/265561468054261510/text/PAD8220PAD0P12010Box385319B00OUO090.txt,200,392687,219410272236c7fa186b275c544e6882b057983a95e34edc1fb8ac2087735a62,ok,True
P125151,http://documents.worldbank.org/curated/en/581251468199769741/text/587910PAD0P1251e0only1910BOX358315B.txt,200,269981,3db4331ff56ad0619b82c456207615b89c66d841fdbfed21da1d29cbeef4c806,ok,True
P125237,http://documents.worldbank.org/curated/en/591091468279348042/text/668600PAD0P1250Official0Use0Only090.txt,200,321340,11a22affe5709d95a52b63ddae28e9dd6f7773a8160d5331b23fefbd3b7c6ca9,ok,True
P125232,http://documents.worldbank.org/curated/en/171461468060897186/text/PAD3850PAD0P12010Box385211B00OUO090.txt,200,214752,dfa6a6de7ad9f0a89ab02bad8a60de83406e3504cbe8d12ababee42f1536dcf5,ok,True
P125288,http://documents.worldbank.org/curated/en/412831468274767318/text/600300PAD0P1250e0only0900BOX361480B.txt,200,279430,490514f87eb262867679619d4753632e3c0c4285541c2d1169bfc4f1811bb3bf,ok,True
P125359,http://documents.worldbank.org/curated/en/276351468062668345/text/656930PAD0Buff0se0Only090Box369268B.txt,200,221269,881adcd67fb53c158612860f57b0f5c5b947bff18f07a9b5fbe4a212fad10b6e,ok,True
P125405,http://documents.worldbank.org/curated/en/495571468041435378/text/667010PAD0P1250Official0Use0Only090.txt,200,259041,0ebf53d7a77dd9f46ea7b8dcfa9f267aad7c85be88afaf1dffbe6bee6ca20af4,ok,True
P125447,http://documents.worldbank.org/curated/en/996211468205172886/text/684870PAD0P1250nity0Climate0Change.txt,200,206818,2d48b897a8fc5179e6483986ecf8badd2f196b3c2ca74fdec64f07c2e61b7ab6,ok,True
P125496,http://documents.worldbank.org/curated/en/340791468024283754/text/PAD1560PAD0P120C0disclosed012090130.txt,200,272667,fc42722509bcfa3db13a5160350f291b58c934b83c31399e5029468c85d2c53a,ok,True
P125528,http://documents.worldbank.org/curated/en/767841468217761642/text/670440PAD0P1250Official0use0only090.txt,200,115854,23e2428860218ec6c46afe1bb5d7eff68cb86f40ee8fb3695be8e7afcf7040f6,ok,True
P125506,http://documents.worldbank.org/curated/en/302441468113062157/text/754740PAD0P125000OUO0900Box379823B0.txt,200,223904,b8fd00dc22ffa47ad08559608b8cea8a0c51b3a46e68bed509f3b7b459d18dec,ok,True
P125565,http://documents.worldbank.org/curated/en/615441468304809212/text/659010PAD0P1250Official0Use0Only090.txt,200,356305,af05c9b5f3d491eef7a5a334f4754eb65df4096f1db494a8cb80e9569d475196,ok,True
P125574,http://documents.worldbank.org/curated/en/850271468263967485/text/583040PAD0P1250OFFICIAL0USE0ONLY090.txt,200,261287,8f2b86fdfdc1d529a2ec111946bc5b7af15fd6fc510ace2c730c0103147962d4,ok,True
P125595,http://documents.worldbank.org/curated/en/131311468252282495/text/661980PAD0P1250Official0Use0Only090.txt,200,454923,655e2dc4d6999481782c122c1375d97d0aa2926c5db58ba56ca92fca7a2d8dd8,ok,True
P125597,http://documents.worldbank.org/curated/en/885711468187133218/text/801770PAD00P12000PUBLIC00KMDP000PAD.txt,200,170001,2765d8816aa24844c2c0f709e570b332746fa06070b8900bc7955570fb2b0fc9,ok,True
P125669,http://documents.worldbank.org/curated/en/931201468097469292/text/658970PAD00PUB090201100R20110027701.txt,200,296716,0babf08098bf73e738ca8141956d8aa1b37bfc03530d7682839f4abcd749f16b,ok,True
P125740,http://documents.worldbank.org/curated/en/738831468340481116/text/655770PAD0P1250Official0Use0Only090.txt,200,240296,48a5a59f3259c34658b48ce79d836384d27a2d1d343d043bf0ad749afa9ec655,ok,True
P125689,http://documents.worldbank.org/curated/en/839091468302664916/text/659930PAD0P125001501200SIMULT0DISCL.txt,200,380829,eb7c120b458483e91e8d22cb26926afe0a896347dcafa3adcd3f73a7f22caed4,ok,True
P112573,http://documents.worldbank.org/curated/en/575681468248090628/text/474820PAD0P112101Offciial0Use0Only1.txt,200,88,4e54db8ed3e1d356971051bd4984b2059bbb8a3fa38a2b55d1235f27a32eb001,extract_failed,False
P125799,http://documents.worldbank.org/curated/en/131841468275366480/text/669210PAD0Buff0SE0ONLY090Box369244B.txt,200,196954,af107c8ecb773fcd36c84d0c466b4c7b521f9d4341e392984fa730cc6cc51443,ok,True
P125890,http://documents.worldbank.org/curated/en/846671468034769666/text/664970PAD0P1250Official0Use0Only090.txt,200,216773,e0608783ac6643f3e387dc443d0fd14b70281e665737d193878456568b0769ee,ok,True
P125952,http://documents.worldbank.org/curated/en/483841468285331285/text/745520PAD0P1250Official0Use0Only090.txt,200,442760,67a11951bcc2376ec68270890af68931875437bf935dbaa3e70458f25dadeb43,ok,True
P125964,http://documents.worldbank.org/curated/en/411761468324037324/text/738270PAD0P1259640Box382109B00PUBLIC0.txt,200,222493,6d195ccbac2a0bb72648e02c8bb8fb23055bbb70f2ccfa4c1a06f9a4a326482d,ok,True
P125958,http://documents.worldbank.org/curated/en/164041468057854680/text/662910PAD0P125000official0use0only0.txt,200,460535,83527428e08b18de9e43ec07448d7969f572599ae583c0bdf594d02beec30b19,ok,True
P125996,http://documents.worldbank.org/curated/en/968561468140041023/text/716220PAD0P1250Official0Use0Only090.txt,200,331324,716b61babb28fe1cd3a9dbf8fea1e44347285442d75736878fd26371e0a1bdad,ok,True
P125999,http://documents.worldbank.org/curated/en/926201468084531947/text/634590PAD0P1250Official0Use0Only090.txt,200,526949,9dcb55720967de0b224921e17cbc1ad6f66111ec758887f5f9a08bcd759a25c4,ok,True
P126130,http://documents.worldbank.org/curated/en/124901468116963729/text/763970PAD0P12600Box377378B00PUBLIC0.txt,200,261235,2ce7a222cd19c2179dd7a7aebce40b9d69210208a7a99e68793976b7c8b3257e,ok,True
P126033,http://documents.worldbank.org/curated/en/264331468037727513/text/660270PAD0P1260Official0Use0Only090.txt,200,294764,056c4f6760a2d72b513d113d413ad0747a4f17bc7250a847b9cb3ade7ecf7cd9,ok,True
P126180,http://documents.worldbank.org/curated/en/915291468302729067/text/733080PAD0FINA00130382086B00PUBLIC0.txt,200,255431,a9a05e32f098d2e24cf9dc6d39c8a6e80643ea0b2b7e33f55ebd0900d26e6fa6,ok,True
P126049,http://documents.worldbank.org/curated/en/591081468098380877/text/762640PAD0P126010Box374377B00OUO090.txt,200,307445,059cacbdbc4b54c90a6b79f99eff931315b3a5a40a21053538558e6fa0e63f25,ok,True
P126193,http://documents.worldbank.org/curated/en/303551468164352815/text/621160PAD0P1260e0only0900BOX361480B.txt,200,293887,c290c206b15c58d95f43fcab830c457c2c4c0d99eb123ec1bb0b28725be81529,ok,True
P126278,http://documents.worldbank.org/curated/en/207131468263985487/text/735260PAD0P126010Box374377B00OUO090.txt,200,324991,8ce01dc735f5cfaae0cbcd214c4dcb402a98068af28f736922deaa70411c0ea0,ok,True
P126210,http://documents.worldbank.org/curated/en/328071468018857691/text/663040PAD0Buff0SE0ONLY090Box369244B.txt,200,198375,09ce6c62820f93270593fc5c3d40fbcf766811ff4db1de056783eca3d88890bf,ok,True
P126321,http://documents.worldbank.org/curated/en/245391468047724099/text/673500PAD0P12600900IDA0R20120018801.txt,200,421818,1d55988949cdaa4d3bc04c9c8a0c0d572f3811063e8a4c8d9277b555e9289f13,ok,True
P126324,http://documents.worldbank.org/curated/en/290641468047111252/text/653600PAD0P12600dissclosed070300120.txt,200,184114,dceb475bacfe5b4c7da716de0048b93c695bf7b0a24692385a114cfc1ed0ba29,ok,True
P126357,http://documents.worldbank.org/curated/en/523501468100148982/text/646180IDA0R2010sclosed0Dec027020110.txt,200,296600,bc4d9567780e32428f3b6cc4392cfd0134c8d3a7c41a0bbe0984a9da4a167512,ok,True
P126343,http://documents.worldbank.org/curated/en/934161468222565525/text/673880PAD0P1260Official0Use0Only090.txt,200,321413,6c411e7877907c2af20f3c564c9b102cc1f707113a9591ca462164998891b91b,ok,True
P126361,http://documents.worldbank.org/curated/en/563051468312564946/text/805460PAD0P126000PUBLIC00Box379827B.txt,200,197356,179d7fe5721a21d41aaf1abcd934d20c4c26355304b91cd899b4e2cff39b3f2d,ok,True
P126364,http://documents.worldbank.org/curated/en/877311468023099970/text/650340PAD0P12600disclosed0110220110.txt,200,297565,1dc8d229e6cd1335f3a37f63f7d36e97229a5d54b3f32a6933e7c54ed67f5308,ok,True
P126408,http://documents.worldbank.org/curated/en/203481468337738283/text/695930PAD0P12609010020120Box367902B.txt,200,175977,cf0d4410042ddee66f6fd358de3f443af1f2e3f0ce23af9ed751b4be06d3071f,ok,True
P126452,http://documents.worldbank.org/curated/en/943161468223777729/text/PAD2390P1264520IC0disclosed06060130.txt,200,281597,464b222ef3689de3fc3ef9a36048441b2c335c8d0bcb3dd287b7ee9231112a85,ok,True
P126440,http://documents.worldbank.org/curated/en/789311468337223300/text/655880PAD0Box300offical0use0only090.txt,200,302821,b4704b1bf4887a35602fac67425d53842951fb30a42a2984b78f165a30fa906e,ok,True
P126372,http://documents.worldbank.org/curated/en/102811468237590461/text/639180PAD0P1260Official0Use0Only090.txt,200,332000,27793f2df1707b25eac3de006b76f2119dc4b4adf5838992db6698ce16c44d62,ok,True
P126504,http://documents.worldbank.org/curated/en/241461468306860242/text/NonAsciiFileName0.txt,200,127109,e3c4b8dd6c41fcfc6881e74d12b192e3da4e313e12bc04726b27a5bea908328b,ok,True
P126454,http://documents.worldbank.org/curated/en/835961468018646400/text/664670PAD0P1260Official0Use0Only090.txt,200,97437,98a9ff8a8f769d78a6da553b130e892a59f77f9ebbc551248c8905dc80c571ca,ok,True
P126507,http://documents.worldbank.org/curated/en/558961468179946764/text/PAD1305-PAD-P126507-IDA-R2015-0120-1-Box391444B-OUO-9.txt,200,268602,33bc89eee19a5c7269b8d9c82fb2c2667b648e33b55a1b8158a9af7d2579b254,ok,True
P126516,http://documents.worldbank.org/curated/en/829621468015602988/text/754730PAD0P1260disclosed060501300SD.txt,200,190421,220dccbde74ddd1771ca797412b4c0f2969b353f909c3a8f72d9a15ecf1f53be,ok,True
P126537,http://documents.worldbank.org/curated/en/102401468225892455/text/631510PAD0P1260Official0Use0Only090.txt,200,197564,efcfe0f1a4c3578276ecb943d55c689034a84209307b18e934f9cc3302d05293,ok,True
P126579,http://documents.worldbank.org/curated/en/620191468212087246/text/692520PAD0P1260Official0Use0Only090.txt,200,630747,41a0ae50891e2bb394bc089ce99b99b10810bff1a0bb4f83a9c74fb229e8e2f7,ok,True
P126586,http://documents.worldbank.org/curated/en/929561468138262002/text/671800PAD0P1260Official0USe0Only090.txt,200,190434,e07db69d780688b63e2d5613bddfeb8f8df36599c795d9d89766cfe57089a016,ok,True
P126596,http://documents.worldbank.org/curated/en/361421468335703425/text/PAD6860PAD0P12010Box379877B00OUO090.txt,200,273040,97e582f8800b3741d4362173d439e6d1a0e833370285f4ebbb82db28bf4555c2,ok,True
P126611,http://documents.worldbank.org/curated/en/685891468217458131/text/744050PAD0P1260losed030101300SIMULT.txt,200,202206,5a96c98a05bc890e0c8857bbf9d6832d691ebff7048c6e5cbb698c10af880819,ok,True
P126661,http://documents.worldbank.org/curated/en/988471468002999129/text/860760PAD0P126010Box385343B00OUO090.txt,200,257555,eb22ea488ea923206b330a80002c0601937a89d1421c37f2d2819d8f4593fa36,ok,True
P126663,http://documents.worldbank.org/curated/en/748311468201836333/text/662870PAD0Buff0se0Only090Box369268B.txt,200,243373,2b0795f4ee80e37bc2d80d44cf4a9bff201f6a9cc158a32d738bdee944cb431d,ok,True
P126722,http://documents.worldbank.org/curated/en/311231467994590408/text/662770PAD0Box30sclosed0Feb027020120.txt,200,184251,14a66fd655f60031c31eb2e9bf62f881d6ccd417b48d3f4ebbe8d0cb08cb8b4b,ok,True
P126735,http://documents.worldbank.org/curated/en/212161468239376581/text/832700PAD0R2010Official0use0only090.txt,200,185351,1e00eedd45feb394ad239ca469f62b7486f43721525b62b6378b52f79a8ed254,ok,True
P126744,http://documents.worldbank.org/curated/en/125821468035660908/text/645740PAD0P126001001100simlultdiscl.txt,200,209680,3e40aee7ab95cbc0aca264501fbdee797e273e22d113427de786906e8d20b9cf,ok,True
P126813,http://documents.worldbank.org/curated/en/545211468024548930/text/734090PAD0P1260isclosed0501501300SD.txt,200,110148,f8ac5546b70e72ea5578c261577c494490044e3f4df9a0bf0250c16b52a500f4,ok,True
P126817,http://documents.worldbank.org/curated/en/114311468029107029/text/744040PAD0P126010Box377288B00OUO090.txt,200,164101,394674c95487f9d6f24fc4dc2a69490f6b923b6cc6882936eae3ce241e557212,ok,True
P126791,http://documents.worldbank.org/curated/en/521141468202128420/text/718130PAD0P126010Box377300B00OUO090.txt,200,230350,4f696fd8de60800f0fbdd84166359dd9f43655b3766a18d90c66346f11e06450,ok,True
P126773,http://documents.worldbank.org/curated/en/384881468004845455/text/PAD2610PAD0P12010Box385415B00OUO090.txt,200,529605,40f832f198471514b88590b7175f522efe05b788be21952c520f1154c43297fe,ok,True
P126832,http://documents.worldbank.org/curated/en/748681468029344265/text/PAD3880PAD0P12010Box385354B00OUO090.txt,200,264295,4f91bf910b0a94f5602915c7c0ea5935d82363e51b4510d2c6274e3c36bb94de,ok,True
P126856,http://documents.worldbank.org/curated/en/829551468024845847/text/734080PAD0P1260losed030101300SIMULT.txt,200,130979,04bf155e38d32c941ff90698e3adeb3466dfd33ff73ba43c10b028b46b93c115,ok,True
P126875,http://documents.worldbank.org/curated/en/990011468134380409/text/691350PAD0P1260Official0Use0Only090.txt,200,356966,183200af7b4078c277b2c7e70708c32ac82680a39544305b6924820168a60e8b,ok,True
P126848,http://documents.worldbank.org/curated/en/205721468194353464/text/816180PAD0P126010Box385177B00OUO090.txt,200,429512,5c63d74d94ee754035ccc108561370eb45bffa59c5603c14980764b4183c2413,ok,True
P126964,http://documents.worldbank.org/curated/en/902251468144276307/text/733260PAD0P1260Official0Use0Only090.txt,200,408305,8d44662e7faf99bb82a6a09cab489ce93f35bbf92d1b4a446b2d7ad1ddd976ea,ok,True
P126974,http://documents.worldbank.org/curated/en/192751467992763313/text/PAD3320PAD0P12010Box385466B00OUO090.txt,200,354323,ae0c79db93c89183ab2b8ee0305badae6493324bab604c332c9fb69e867238d3,ok,True
P127033,http://documents.worldbank.org/curated/en/872731468019455919/text/PAD4980China000100OUO0900Box379845B.txt,200,173881,4060e8f997a59e083620bf230ae25339310d2481b219f414180f7eb6adf2a9d3,ok,True
P127015,http://documents.worldbank.org/curated/en/818601468014438252/text/746000PAD0P1270estation0PAD0Final1.txt,200,455849,6029fa8d383d2e415ec541476435c8c63eede2394d5d9778f90a1c9035f74a9d,ok,True
P127036,http://documents.worldbank.org/curated/en/385621468019463050/text/PAD3440PAD0P120Official0Use0only090.txt,200,160996,6f3e309ecce776777b1e9f0df87976cf22833310c8734758428e002794a909b6,ok,True
P127035,http://documents.worldbank.org/curated/en/261441468025175381/text/742800PAD0P1270Official0Use0Only090.txt,200,244916,19b79bef6698446ed43441a24aab8c40954eac5f2c6973698b62ad1fa19f726f,ok,True
P127079,http://documents.worldbank.org/curated/en/770181468101966036/text/723220Revised001300IDA0R20130003902.txt,200,420161,84d3226c475a1e9a1bf9c3fd5e9f713a1dafac262bc7a44ff9e011b27f0f04b3,ok,True
P127105,http://documents.worldbank.org/curated/en/556971468336670373/text/653510PAD0P1270Official0Use0Only090.txt,200,298756,36f180646ed442a9c51808bca77ab730f611179d50c584141c6d8c7b272afed0,ok,True
P127086,http://documents.worldbank.org/curated/en/572081468204544551/text/PAD6850P127086010Box385177B00OUO090.txt,200,334823,0cd49c47056c47c228b6fa0a8a03af52d918494032adc1c89b1bc40d2b22d6b9,ok,True
P127143,http://documents.worldbank.org/curated/en/124881468246587008/text/682540PAD0P127010Box377300B00OUO090.txt,200,343354,124b3e866527a98e89f50a8096aa71214b614804d92d9f94edb88542cb4a92eb,ok,True
P127156,http://documents.worldbank.org/curated/en/441571468171871154/text/717380REVISED009B0RSIP20PAD000final.txt,200,175804,e7bea053f0f26e41aadb8c1e13f17edaa8cdd0e81a52e68ece26993fce6ee753,ok,True
P127203,http://documents.worldbank.org/curated/en/739381468037774840/text/722660PAD0P1270y0disclosed090140120.txt,200,232656,1230396c888efa3464a1c1dc65b62824525afba785a5831ada2c0dc6dd5e01a2,ok,True
P127163,http://documents.worldbank.org/curated/en/470851468136495575/text/731130PAD0P1270y0900DA0R20130011001.txt,200,195869,09d735d8ccf41c317570341521f4fdb55f45e526bf6f34c4dd093b7409a4d7bb,ok,True
P127200,http://documents.worldbank.org/curated/en/565811468110983063/text/647590PAD0P1270Official0Use0Only090.txt,200,214342,ba1adb0a5ebb9ae4cd030deda853dd398d46b598a5cf534b0a9702cdb8bce10b,ok,True
P127209,http://documents.worldbank.org/curated/en/579371468034873085/text/666600PAD0P127010Box385199B00OUO090.txt,200,367466,677c1b1214eb081591f3fb43e78b9fbdf15646a6f50a4b0215f736cdc6f34fbe,ok,True
P127204,http://documents.worldbank.org/curated/en/928211468097751004/text/677500PAD0P1270Official0Use0Only090.txt,200,302823,ec5d9bbaaf4c788e02c246bcacf56d1caff8ed1971fa922fe864ebbc576be812,ok,True
P127241,http://documents.worldbank.org/curated/en/499441468121126521/text/789250PAD0P127010Box385177B00OUO090.txt,200,358937,2f76054eec2243a0335b415fa9b26e30442aa674a689408bc38c30f90679f55e,ok,True
P127226,http://documents.worldbank.org/curated/en/503571468301159147/text/870440REPLACEM0IC0disclosed06050140.txt,200,296588,1ce55d53776ea1eb589d6aa1f07735ff2e31d6930ebfe93743475ab45b0f58f9,ok,True
P127245,http://documents.worldbank.org/curated/en/365201468020713702/text/770030PAD0P1270isclosed0502701300SD.txt,200,245841,2f4b77f7796b0f02a03e8957745f73d810c31287f8d8d8e9cb3e8e1a17c78735,ok,True
P127254,http://documents.worldbank.org/curated/en/759221468178437863/text/739820PAD0P12700900IDA0R20130009901.txt,200,455062,17f5deb23e7de56a522b079377469435e45884df61d865b1e8fa0902f67f9b29,ok,True
P127258,http://documents.worldbank.org/curated/en/737101468019767768/text/758890PAD0P127010Box374377B00OUO090.txt,200,361323,4b1522626cc6b0ce6cc44bee266b5af664446bc5a259e93df7fc4bcafdcfd19b,ok,True
P127303,http://documents.worldbank.org/curated/en/601401468058727044/text/PAD2680P127303010Box374366B00OUO090.txt,200,383133,e19201e05b288ea8775a0ead9dd1ad04be52039e245edb53a7852978aed5f1c9,ok,True
P127306,http://documents.worldbank.org/curated/en/393341468301538939/text/723770PAD0P1270Official0Use0Only090.txt,200,263571,5ce91ef335515a90c10fc2ba9b5b44fb879abe5c7d45292745b9815b9f81c3c4,ok,True
P127308,http://documents.worldbank.org/curated/en/876571468248681328/text/709480PAD0P127010Box374366B00OUO090.txt,200,166174,d27b070dfc9f860f31817b57b9e3e7e06cd3210d2419a5a915c2ce2fa08b2924,ok,True
P127319,http://documents.worldbank.org/curated/en/762731468054641211/text/643630PAD0P1270Official0Use0Only090.txt,200,385225,434122dfaa2792f6c7e49815b457c302b972ea1f8409db1feb3dc3497ab310c8,ok,True
P127338,http://documents.worldbank.org/curated/en/938171468014410229/text/PAD7120PAD0P120IC0Disclosed08050140.txt,200,236919,42e6aba6808c9378dcc4192e7c457c9561307b34ec3c986f3aa7146e39a24a35,ok,True
P127388,http://documents.worldbank.org/curated/en/124171468321835635/text/NonAsciiFileName0.txt,200,195648,9c720dca7eb9988d20981eeff72504d959fd082e696f166f05050a89e72c4a34,ok,True
P127486,http://documents.worldbank.org/curated/en/433331468127166555/text/NonAsciiFileName0.txt,200,255141,713dd835fd4473247c98cbddd14a43e63d81cecea1f1ed30f638bf98a9ea745d,ok,True
P127490,http://documents.worldbank.org/curated/en/732121468013813794/text/759710PAD0P127010Box374388B00OUO090.txt,200,192164,15f8b93d2a7261ec503749089fe5dd52c8d58d80ced98e2fd0f96ec9619315b7,ok,True
P127543,http://documents.worldbank.org/curated/en/943421468056371471/text/760530PAD0P127010Box377322B00OUO090.txt,200,325442,8fb16a654cd23e3332e337bdfa65878dd5c2c46022ef202d60929011bfea7b9d,ok,True
P127508,http://documents.worldbank.org/curated/en/770011468060865251/text/NonAsciiFileName0.txt,200,393504,ee5bc7b2f410d39bd75848bf61362f739e26814c2a2f24bcc4f8808d57c67782,ok,True
P127676,http://documents.worldbank.org/curated/en/885961468307162916/text/728490PAD0Russ00100OUO0900Box37981B.txt,200,219352,9fb73fe00b0623e4a5dac2ae9662ca381cef9dff204756e4e22671482e7c31e1,ok,True
P127725,http://documents.worldbank.org/curated/en/953461468197972308/text/PAD289-REVISED-IDA-R2015-0289-1.txt,200,275347,07cd882b314faf544e707cde4ce00974595d332ef50b70087de20ac7e9cde460,ok,True
P127734,http://documents.worldbank.org/curated/en/747491467993467196/text/PAD1658-REVISED-PUBLIC-SIMULTANEOUS-DISCLOSURE-R2016-0092-2.txt,200,162428,d4fe08a7dc9127c662f27cb41b73886a277a6311ea73ff3cd54ccddcb160b0ff,ok,True
P127723,http://documents.worldbank.org/curated/en/533331468224388586/text/PAD2580PAD0R20010Box377300B00OUO090.txt,200,210948,cb12dc1ec8d67207d94ce6899a6dfc24a38fbfe9b01becd395b3c9bd12e73e41,ok,True
P127775,http://documents.worldbank.org/curated/en/266231468219580449/text/PAD4160PAD0P12010Box379877B00OUO090.txt,200,165157,51e90e7c248f03a1defc791f3e2c32801fee05368b583b65431c5cbb959b431c,ok,True
P127743,http://documents.worldbank.org/curated/en/397241468205176835/text/717020PAD0CORRIGENDUM0IDA0R20120024003.txt,200,306420,044ea50b5c54f7d64991e268f5d12528b89e3d728fe9591fb8ae79344de7ef16,ok,True
P127759,http://documents.worldbank.org/curated/en/156851467994707568/text/760880PAD0P127010Box377288B00OUO090.txt,200,289053,8f9e626c2bb932f6e9f62b1953f8b24ee38958af804b95f1d36b5e97d150c660,ok,True
P127764,http://documents.worldbank.org/curated/en/286581468308642099/text/PAD3290PAD0P12010Box385222B00OUO090.txt,200,506557,383265bf30e9245898c62c0de7916f02923e573e0ca424d15b745ece5da2f67b,ok,True
P127813,http://documents.worldbank.org/curated/en/152621468040548322/text/PAD3760P127813010Box382121B00OUO090.txt,200,230636,4ef7135d90948fcbc2d26ad88e91bb3253c6fe05cdb69eb92ee5aa898f38b656,ok,True
P127807,http://documents.worldbank.org/curated/en/851811468023381377/text/719240PAD0P1270Official0Use0Only090.txt,200,255944,f2c706b20a37fe29324e713fd54a5520347b6b09c5575e9ad47e425631ea5e46,ok,True
P127861,http://documents.worldbank.org/curated/en/809071468047079839/text/686170PAD0GEF000901200simult0disclo.txt,200,222454,c339854caec2bcabdc81c9207f20c45ead8c4126dfe28885f549e076961a4e37,ok,True
P127837,http://documents.worldbank.org/curated/en/985001468206355308/text/PAD8560CORRIGE059020385199B00OUO090.txt,200,269682,44af66d53ca8ab729762cc7fd1b5eb7796ecb4181a6537c288ad964219f1bd4d,ok,True
P127867,http://documents.worldbank.org/curated/en/311811468214811631/text/PAD4470PAD0P12010Box379877B00OUO090.txt,200,169207,3a899e7f99b97dd024c86d290a0c63986214672b79f9096b7c22641d43312db7,ok,True
P127876,http://documents.worldbank.org/curated/en/777131468307520545/text/722870PAD0P127010Box374377B00OUO090.txt,200,229129,fbad63203caffa4490bfaec7b064253c1aec7938b7610704ed6e67eadb259fd7,ok,True
P127974,http://documents.worldbank.org/curated/en/759661467046354613/text/PAD571-PADP127974-OUO-9-R2016-0109-1.txt,200,411009,e78e1579ca63effb0cdde68c268542deac0ed565286f78580bbd2309c59d0097,ok,True
P127966,http://documents.worldbank.org/curated/en/696991468272385072/text/771310P12796600D0RVP0Package0CLEAN.txt,200,300076,66e3a181a3d82b263c19cfccca483a633dc4553746282ec96a955e04840be510,ok,True
P128012,http://documents.worldbank.org/curated/en/569211468196182901/text/PAD1422-PAD-P128012-IDA-R2015-0302-1-Box393264B-OUO-9.txt,200,245040,c03fa52cc244965152530551f91063a7a88963a90fd87547a38037e46699ddd4,ok,True
P128072,http://documents.worldbank.org/curated/en/716141468129870660/text/795170PAD0P128010Box379877B00OUO090.txt,200,263298,883c033553ad7429025228e52de34290b0b72c03da03e30960ed94b5efe86e12,ok,True
P128208,http://documents.worldbank.org/curated/en/893711468336621509/text/674470PAD0P1280Official0Use0Only090.txt,200,409438,3299f656bf6b5b3a7fb41ae7c61d68329c551714104153a26c7e9626850cf25c,ok,True
P128048,http://documents.worldbank.org/curated/en/198561468184756730/text/823810PAD0P128010Box379866B00OUO090.txt,200,414746,e54336ae7288feb251d2e9c9aef65b0b7b17d1a5e529362e406beab1988b65d2,ok,True
P128276,http://documents.worldbank.org/curated/en/748531468209052823/text/744820PAD0P1280disclosed060701300SD.txt,200,345034,76be4d3ad6f1c45fdcbcc4fdf9d1fbc29301c3d870d6afe94cb45ac5e1afa0ea,ok,True
P128307,http://documents.worldbank.org/curated/en/645041468086940924/text/776880PAD0P128010Box385244B00OUO090.txt,200,238206,01e520c9fbf0cd256984b53e8a9a2511df9d9083e2975c7f65c39ae81d80d901,ok,True
P128344,http://documents.worldbank.org/curated/en/754601468314069899/text/846720PAD0P128010Box385226B00OUO090.txt,200,283222,5a4217037217a590439c276d3e683cce2b6eba082f2d3c3031a343e085bf20f2,ok,True
P128378,http://documents.worldbank.org/curated/en/175281468299184602/text/805820PAD0P128010Box382111B00OUO090.txt,200,326459,413324072f30e9fea7c84d71910eb3b7eb5651d4506e4857e6ad9821dbbe138a,ok,True
P128393,http://documents.worldbank.org/curated/en/710021468278697087/text/PAD2430P128393010Box382156B00OUO090.txt,200,291610,d72e3a7db3eaf916671b58286d80de1b22bbc424f6d8f00385c969d97a150b48,ok,True
P128437,http://documents.worldbank.org/curated/en/755761468331789238/text/PAD9620PAD0P12010Box385311B00OUO090.txt,200,582708,219f42cb7fdb1e99a24af891d1e04a33e6d9e31ce8f018dd701d3bc23672eca8,ok,True
P128442,http://documents.worldbank.org/curated/en/465131469672143556/text/723910PAD0P1280Official0Use0Only090.txt,200,286121,05cfa04ecc5739e30092f5d41c118b05e82b0e98c37e93aa1b634415009716e0,ok,True
P128443,http://documents.worldbank.org/curated/en/159591468257335046/text/733380PAD0P128010Box377322B00OUO090.txt,200,271038,7102c1803231ae4160308a48f56a7841f85c071c9218387e440ccb114d8074e3,ok,True
P128605,http://documents.worldbank.org/curated/en/801621482462173038/text/TR-SCP-PAD-final-12012016.txt,200,185637,dd7cabc0e102d33dc52399aa786067ce90032f904520c4adf5b068d5717fdbde,ok,True
P128534,http://documents.worldbank.org/curated/en/812001468012900115/text/747010PAD0P1280Official0Use0Only090.txt,200,350281,e4b6a1214de4a0ed170659f8b787a3d3b6ec8849af4bc2354e6dcbf356e50642,ok,True
P128516,http://documents.worldbank.org/curated/en/823401467999690136/text/PAD715-PAD-P128516-IDA-R2016-0062-1-Box394878B-OUO-9.txt,200,219519,35d9dcbe0f1a5cb11953047586eea86296e43438f94a82b78537c8b89af7efc0,ok,True
P128628,http://documents.worldbank.org/curated/en/695541468019208365/text/PAD3950PAD0Rep0100OUO0900Box379818B.txt,200,250264,3d576f6919b4c4409d106a4c1166975997d184b8c560b3e5ee5f7a3fe19f3899,ok,True
P128768,http://documents.worldbank.org/curated/en/801561468229175933/text/779300PAD0P1280y0Box377377B00OUO090.txt,200,249990,e9a0c2ce95ca1ca142303f3f4b420a0053d543c0f04dbcafe87dbbaa728406cc,ok,True
P128867,http://documents.worldbank.org/curated/en/264101468240572991/text/744030PAD0P1280Offiical0Use0Only090.txt,200,180238,8cf82fc4976e4ac2f3171f6f76732fb3813fe9bbc4bf8b44d433955077050082,ok,True
P128832,http://documents.worldbank.org/curated/en/197791468254945267/text/NonAsciiFileName0.txt,200,345753,214c731d4c96dbdf2acc6dd8124e100dc9251bf23f3be8d9a7fad524874a9fad,ok,True
P128891,http://documents.worldbank.org/curated/en/731661468032393203/text/696890PAD0P1280Official0Use0Only090.txt,200,409213,f61ea244459f965c509cca5e7391f653ca33a7a59b3b7c504fd5b67de02ca963,ok,True
P128887,http://documents.worldbank.org/curated/en/712601468026110807/text/PAD5940PAD0P12010Box385226B00OUO090.txt,200,425451,1c0e04aa5f7bdf5a6c5d97b27cdd17b15d1046be9731973224de45f3e54616f5,ok,True
P128904,http://documents.worldbank.org/curated/en/813211467999714829/text/PAD1264-PAD-P128904-IDA-R2015-0150-1-Box391454B-OUO-9.txt,200,220578,91b1ad0723ce2d5a310fbe0f8ad2fdb9d79e4e07bfb199165e1a71d37399f07b,ok,True
P128909,http://documents.worldbank.org/curated/en/708001468049169482/text/767660PAD0P128010Box377288B00OUO090.txt,200,339417,2562608248a9fbc1ae4722ae05e65a7dc95fadd5ea859b5f811cbea0e9fbc4af,ok,True
P128919,http://documents.worldbank.org/curated/en/429191468018545991/text/PAD3670PAD0P12010Box385386B00OUO090.txt,200,158391,d031e06ff2634a1f4f04e7e1c475a3955b08c5b53896a7a316497da5aa616b35,ok,True
P128938,http://documents.worldbank.org/curated/en/590511468326222950/text/653530PAD0P1280Official0Use0Only090.txt,200,490472,a05b1a7a07f5bc4096fe53553390cdd6cb93d48840663b01d4f514f43823f2c1,ok,True
P128939,http://documents.worldbank.org/curated/en/590511468326222950/text/653530PAD0P1280Official0Use0Only090.txt,200,490472,a05b1a7a07f5bc4096fe53553390cdd6cb93d48840663b01d4f514f43823f2c1,ok,True
P128940,http://documents.worldbank.org/curated/en/590511468326222950/text/653530PAD0P1280Official0Use0Only090.txt,200,490472,a05b1a7a07f5bc4096fe53553390cdd6cb93d48840663b01d4f514f43823f2c1,ok,True
P129326,http://documents.worldbank.org/curated/en/106731468279863485/text/685500PAD0P1290Official0Use0Only090.txt,200,194702,4600b4d57da1628b42bef30f3724b79ce0f10bd9fab982ed6b7343e97a94e0a3,ok,True
P128950,http://documents.worldbank.org/curated/en/875091468200643234/text/724490PAD0P1280sed0SIMULT0100100120.txt,200,253761,e924bad059379b499c6917d2fdaf9ccf792ce3717b4f2f92cd388f9f7e1c2b05,ok,True
P128968,http://documents.worldbank.org/curated/en/163061468231858343/text/PAD3410PAD0P12010Box385316B00OUO090.txt,200,220015,55617546c9f09bc76dfa3fa5fdad386d18964da693aacc3545b33e21ff18bdb7,ok,True
P129156,http://documents.worldbank.org/curated/en/290361468304483115/text/825400PAD0P129010Box379877B00OUO090.txt,200,296217,0b0228a2e300bd390e772f4300c3c73e666c72784d6b4bc01000ad0a000cf9c6,ok,True
P129397,http://documents.worldbank.org/curated/en/274571468205143686/text/PAD4360P1293970Box0379824B00PUBLIC0.txt,200,163523,59a6e9ee936aa88ad6acea7daa7f276851cf98c86f128e3573a722070a49f083,ok,True
P129401,http://documents.worldbank.org/curated/en/546831468018851819/text/PAD4230P129401010Box382144B00OUO090.txt,200,134402,52cf26c5c601bd53dfc7a62900f8b86d2fd059fdd8cd92a6cdbffc48eda4ce30,ok,True
P129342,http://documents.worldbank.org/curated/en/881911467987872678/text/PAD459-PAD-P129342-R2015-0239-1-Box393264B-OUO-9.txt,200,422660,7f85cf3ab81daf57416e7e8eb6c097147525937ebe2c7557ac9cf4c65a978e77,ok,True
P129381,http://documents.worldbank.org/curated/en/702161468037472585/text/729490PAD0P1290ox0379820B00PUBLIC0.txt,200,426888,a42d973bcabff5f68dd3082873943c087757ab8a2645432b5f6f824a5e164787,ok,True
P129431,http://documents.worldbank.org/curated/en/435931468011123321/text/PAD4630P129431010Box377322B00OUO090.txt,200,203443,cc2f7c50a68d94adcf24a614471ba83e7a19c458e198824e95cc525fc56d0dfb,ok,True
P129408,http://documents.worldbank.org/curated/en/672711468002404897/text/716340PAD0P129010Box382155B00OUO090.txt,200,464167,ce0668199d6ca9bc8a5434320a38f54cdfeb33fa0e4a769d4533b05bd230cda5,ok,True
P129472,http://documents.worldbank.org/curated/en/638401468113061649/text/792900PAD0P129010Box379866B00OUO090.txt,200,405300,fd0ef92f66ad8213e2ecc0ded48be765e2205935b4c70ac27ff64e4376be60ac,ok,True
P129524,http://documents.worldbank.org/curated/en/968541468059079012/text/736080PAD0P1290Official0Use0Only090.txt,200,423088,3af952aa0881378f4c365ca72a53cce16fd5b6e478654a2b2de1b6040f361ab5,ok,True
P129539,http://documents.worldbank.org/curated/en/969641468102535325/text/819240PAD0P129010Box382122B00OUO090.txt,200,280699,26f5a181e8823769d4bfb491f80751e24cadca6e16892a517c7fd5c28e649af9,ok,True
P129563,http://documents.worldbank.org/curated/en/222591468011122025/text/754710PAD0P129010Box379877B00OUO090.txt,200,209874,a8807161cfa6679d0d6a9534df8c7f0db73b3cbde0cd26dc3269bbc56d7845d4,ok,True
P129565,http://documents.worldbank.org/curated/en/870701468004846127/text/665140PAD0P1290Official0Use0Only090.txt,200,340268,7dc62f28aa317b2adcfa3ebb9bfb933f86f2c17ec86dd5e56e4d2bdbab962c27,ok,True
P129633,http://documents.worldbank.org/curated/en/141621467997561587/text/PAD321-PAD-P129633-R2015-0144-1-Box391499B-OUO-9.txt,200,244957,b6e109264a55efb173278cac861f8768aa4da56219ee8d349f3542b835735752,ok,True
P129640,http://documents.worldbank.org/curated/en/330261468013224867/text/698030PAD0P129010Box385278B00OUO090.txt,200,242641,608f8bf0d00ba4fc6b5afb11ecb3b3e0c9c4052946f5f7af15f05cd8db11ae98,ok,True
P129688,http://documents.worldbank.org/curated/en/881411468228925658/text/NonAsciiFileName0.txt,200,358817,bccffaa31e97f618a363e1138e6f4e07cb079db663f418390d9a5335b7cba2f5,ok,True
P129647,http://documents.worldbank.org/curated/en/959321468293398621/text/PAD4960PAD0P12010Box379866B00OUO090.txt,200,245234,36ca69221b4f201b73f1b52049654e6b598cb47744b56bdd954069f9a6020e81,ok,True
P129769,http://documents.worldbank.org/curated/en/965491468030551671/text/764300PAD0P129010Box377300B00OUO090.txt,200,226322,f9011f83b7ae6bf0734a2fb675146d2dee013b82e36f864d86dbc016012541cd,ok,True
P129713,http://documents.worldbank.org/curated/en/887961468028476701/text/755710PAD0P129010Box374377B00OUO090.txt,200,394147,e94f5896149e5dfb3d679b086007af1b1f4e98f3c26bdf6a3bb918cfa6a9c9e8,ok,True
P129791,http://documents.worldbank.org/curated/en/714301468261321292/text/PAD5870PAD0P12010Box385211B00OUO090.txt,200,233175,0c2ff24394a0a9af3f1fad99719fcce4d71f32a37fd52f4598fd239b03eff7f4,ok,True
P129774,http://documents.worldbank.org/curated/en/340761468275357524/text/733990PAD0P1290202601300simult0disc.txt,200,212235,f30021e46033bb8e983211cd09ca3c1e0784e23b61188ed418488b1329bf410b,ok,True
P129861,http://documents.worldbank.org/curated/en/375471468321832951/text/673030PAD0P1290Official0Use0Only090.txt,200,146265,9eedc111e4510f9b26c7256060061826095ffb5d2ca71ace9de5b8c376631747,ok,True
P129847,http://documents.worldbank.org/curated/en/246391468280494816/text/740110PAD0P1298470IDA0R20130005201.txt,200,266737,7211013495bc8beb4430baec062fc8ce425833f4a2b6821c925995c25a4f2abb,ok,True
P129825,http://documents.worldbank.org/curated/en/517661468045029218/text/743770PAD0P1290AT0PAD0final0printed.txt,200,189101,1390633d9492ae847e71c772df4e0fcc396449182890bf8cd490d9ac89e7fb0f,ok,True
P129828,http://documents.worldbank.org/curated/en/882171468257057062/text/PAD4760PAD0REP0E0Box379867B00OUO090.txt,200,475115,bdc7b8c23545c97803e0809b43efd90dd53605d42000a16d2e52dfc47ab39cf8,ok,True
P129961,http://documents.worldbank.org/curated/en/797841468200646107/text/8110800PAD0P120sclosed01203101300SD.txt,200,149292,e5fed3920ec5b1a2f90f180e7b4fdcae7350c1b66790e708c08fbd27adbc042e,ok,True
P129920,http://documents.worldbank.org/curated/en/938841468200648366/text/PAD7480PAD0P12010Box382122B00OUO090.txt,200,265425,ba3171de83c02523ae0683c207a07bf8743171126490d98818774efaf400eeaf,ok,True
P129992,http://documents.worldbank.org/curated/en/904981468027593182/text/PAD6590PAD0P12010Box385177B00OUO090.txt,200,233695,f5e98a3f366521f852b34449398e70a6a3553defd5ee50fec288957bdb4a94e9,ok,True
P130013,http://documents.worldbank.org/curated/en/877131468277180362/text/698380PAD0P13000Box382105B00PUBLIC0.txt,200,170688,462f5cb238ccf1068542d320b2a43120239ed0f693f69735a191115b2dabf1c1,ok,True
P130014,http://documents.worldbank.org/curated/en/754231468338360484/text/834930PAD0P130010Box382088B00OUO090.txt,200,213036,3811c5fb192bb4fa8ffcaa884743d5cb4fae6a470488c451ef0c5438938f0454,ok,True
P130091,http://documents.worldbank.org/curated/en/855911468173954529/text/674700PAD0P13000900IDA0R20120010901.txt,200,342399,c8e71a2c35b0b7f084564762691bb53cac119b09754e79a5be42c948667e2d3f,ok,True
P130164,http://documents.worldbank.org/curated/en/836241468260649073/text/815940PAD0Box30official0use0only090.txt,200,280795,b69cc017e9c617471139399e6081a54163ab4f4d57d10421ab417cdb5c73b72d,ok,True
P130182,http://documents.worldbank.org/curated/en/130121467994708193/text/831610PAD0P130010Box382153B00OUO090.txt,200,337392,0b690fdfa331f54a66546d1b9d633360f2d4689ff4e5495c7f3dfca223e603b9,ok,True
P130184,http://documents.worldbank.org/curated/en/480951468003941097/text/698800PAD0P1300Official0Use0Only090.txt,200,241130,a854b71192576cb6b31083410b9c576cf59f9d0bd469a27fbebea17552dd8fc0,ok,True
P130222,http://documents.worldbank.org/curated/en/177441468088453940/text/756320PAD0P130010Box377288B00OUO090.txt,200,279284,01f61b68d9b76d8aca83c55d4ab560bd66e4e02756c4e566cf17943493f8efb1,ok,True
P130202,http://documents.worldbank.org/curated/en/977701468094453474/text/749270PAD0P130010Box374366B00OUO090.txt,200,367636,1ab4a93610cf0cc1c3072f1cf90c60563b6a3ad0df898368cebd81434e8c01ea,ok,True
P130193,http://documents.worldbank.org/curated/en/634231468096559464/text/PAD10100PAD0ID081010P13019300OUO090.txt,200,351408,0bdfebbe4c486d37561d62c0e76308c79bf3c4e2abaf8154947e3054b65b5137,ok,True
P130276,http://documents.worldbank.org/curated/en/534541468250811025/text/PAD5680PAD0P13010Box379866B00OUO090.txt,200,584558,3a67f7e52692d1ce9d9b23c01cfa05f73930a8052d12beb90f5588ce9ea1aef3,ok,True
P130299,http://documents.worldbank.org/curated/en/267451468042313468/text/673870PAD0P1300isclosed0401201300SD.txt,200,195947,06a95ae2bd7391db2d7b134d2bf260baa1ee826da7a348fbd57ee88f84819547,ok,True
P130343,http://documents.worldbank.org/curated/en/351851468278681887/text/723410PAD0P1300disclosed050901300SD.txt,200,138838,9b47d3fb138437594cada785fb3f41bb291b8cdec44226b93967c91f4ae47405,ok,True
P130339,http://documents.worldbank.org/curated/en/947881468050051658/text/756390PAD0P130010Box374388B00OUO090.txt,200,262901,3fedae97af1731368a1a448913471606caef27e04704363535e66791dc698aac,ok,True
P130413,http://documents.worldbank.org/curated/en/657001468274499313/text/752010PAD0P130010Box374388B00OUO090.txt,200,260212,1fb38f091aa3905c285c62a1bd2ed59105ae339859c29c1d77f10472e469885d,ok,True
P130421,http://documents.worldbank.org/curated/en/826701468031549803/text/714480PAD0P1300Official0Use0Only090.txt,200,278758,259ca7d48bcc3eadd27ae9dff2be004e94d476c7ccdbd4bc4bb4c7ce5a1b8659,ok,True
P130492,http://documents.worldbank.org/curated/en/534001468000632467/text/865480PAD0P1300C0disclosed060180140.txt,200,206959,04af498ca49b942d75a7bf6510d93a63bd82ce6c0749b508411962349ec2ba19,ok,True
P130474,http://documents.worldbank.org/curated/en/894681468201280561/text/901640PAD0P130010Box385322B00OUO090.txt,200,317541,fa4ec565d9d1a2601739304f13102f05a517049740b04ca55680b21b10252283,ok,True
P130471,http://documents.worldbank.org/curated/en/409061468308685658/text/751720PAD0P13000900IDA0R20130009601.txt,200,366414,68614c88864cc724587e099600e17bfe11ec8f7f06effa52610f760192c7ba43,ok,True
P130682,http://documents.worldbank.org/curated/en/789111468015871663/text/804430PAD0P130010Box382166B00OUO090.txt,200,241048,e80dd55b74712696f20ee7fc8aad12c51923d20dabb1dc0b83931da57e63e590,ok,True
P130512,http://documents.worldbank.org/curated/en/731851468266430449/text/NonAsciiFileName0.txt,200,311678,54c53690054b5d391f400bc24aa727fd51e94f9b31469584736e7a8126cd0f0b,ok,True
P130710,http://documents.worldbank.org/curated/en/369331467999685527/text/PAD522-replacement-IDA-R2016-0047-1.txt,200,514446,0a9988f5572128a2cefa031bed57e66cab00a1e910aaa2d4eac4f1fff615e15e,ok,True
P130694,http://documents.worldbank.org/curated/en/306271468193493154/text/744790PAD0P13000Box374391B00PUBLIC0.txt,200,331572,b0669d0d157c6e5542767b3d02df93a03b818f777e836d66ea4a498185c81fca,ok,True
P130786,http://documents.worldbank.org/curated/en/992641468012618926/text/746510PAD0P130010Box374377B00OUO090.txt,200,181526,8e01f78e9267bb3d4cffefa44d471e62c3de8da3421af523314e96a312ad04d7,ok,True
P130801,http://documents.worldbank.org/curated/en/653041468234285165/text/694990PAD0P1300Official0Use0Only090.txt,200,92185,eb25f4b8e34645bbd1e7ceb1ca82749a679a9267d5eb1ab832013cd6c8aaa271,ok,True
P130735,http://documents.worldbank.org/curated/en/878851468235446489/text/751840PAD0P13000900IDA0R20130011201.txt,200,289351,0e84e6906e6bd6492fdb14ae59b1528a30ca2097ec6596219f6793ba7bb1eccb,ok,True
P130819,http://documents.worldbank.org/curated/en/263561468250877446/text/NonAsciiFileName0.txt,200,304119,c28b8e81f856e08a8acb5d3017803fc468203d490de3920a05ac9017f8eb0649,ok,True
P130840,http://documents.worldbank.org/curated/en/536881468144274402/text/PAD6780PAD0P13010Box385224B00OUO090.txt,200,368275,0dde74e72e69425075e25dbbd4dcf14e553d6b610a27fe60370b1fc95e5efaf2,ok,True
P130864,http://documents.worldbank.org/curated/en/278721468123240686/text/764010PAD0P130010Box377322B00OUO090.txt,200,111817,09d6e3ce11d0a24ef2f5ad0a449b333c057e7a3cf68bf0e17481138b78ef8ea3,ok,True
P130865,http://documents.worldbank.org/curated/en/881771468289553500/text/696640PAD0P1300Official0Use0Only090.txt,200,190265,32011fab1f7764bcc940b78179b372371580a26c10fb3a413964898d8909668b,ok,True
P130871,http://documents.worldbank.org/curated/en/543301468182952697/text/PAD635-PAD-P130871-IDA-R2015-0109-1-Box371422B-OUO-9.txt,200,263227,2a678a6999d466a5b5f8759659fca3565459735c93e1a7a1b0181951659e4330,ok,True
P130888,http://documents.worldbank.org/curated/en/952171468194343638/text/796480PAD0GEF00n00OUO0900Box379801B.txt,200,390584,a848a5acbf91ce0d53ad19e8733d3dcfa2c3fa23da5b995f121603b1214a748e,ok,True
P130878,http://documents.worldbank.org/curated/en/569641468270268075/text/733280PAD00P130en0February028002013.txt,200,175931,ad15ac355012da65e0e1c53badcd32ed8708d8c390bd170d576335ca7bfa6ab9,ok,True
P130891,http://documents.worldbank.org/curated/en/147001468323708135/text/799640PAD0P130010Box385211B00OUO090.txt,200,192394,e916fa62da61647cf698599eefa0bc78e61b76e3d8610549e4d5fb70ef035957,ok,True
P131013,http://documents.worldbank.org/curated/en/609951468333869361/text/817080PAD0P1310130R2013-0209-10Box379877B0-OUO-9.txt,200,230575,c6fcb54f017106c85eb2b554e4cc9b654b71184f6d8028c23a9989352c93a36e,ok,True
P131027,http://documents.worldbank.org/curated/en/817971468245430631/text/774200REPLACEM0140Box382121B00OUO90.txt,200,352764,fc4fbbfc78aeeaf40a40aa86f01b1d73dace0b6328d46401f7dc7f6b41701bac,ok,True
P131049,http://documents.worldbank.org/curated/en/506641468321881521/text/759390PAD0P1310040901300SIMULT0DISC.txt,200,299143,f00168f42627d98e934c2c8dfab244912263350c2aeef40631a5240846fb7227,ok,True
P131084,http://documents.worldbank.org/curated/en/173911468052814928/text/PAD6880PAD0P13010Box379866B00OUO090.txt,200,324789,8b14311ac1023e9e1e4032e40e8eb483cc4c847616e96f34b0bded8d089a0efd,ok,True
P131029,http://documents.worldbank.org/curated/en/935661468099274906/text/NonAsciiFileName0.txt,200,341227,8a9b07cc84f4890ef398f329f800b8294d806c27c8bd7857fa5107da625fbf13,ok,True
P131201,http://documents.worldbank.org/curated/en/325361468045034717/text/PAD7710P131201010Box385222B00OUO090.txt,200,162966,13fd60d05c2803eb770e5cd7bd4c77888ea11a888b67cf6febe42deb0a2bd87e,ok,True
P131120,http://documents.worldbank.org/curated/en/920901468235752030/text/716550PAD0P13104B00PUBLIC00ENGLISH.txt,200,386480,c26fb1cacd3a8700f1f38f28865415f92d6c3fea4aaffadc1e82e6863faede6b,ok,True
P131094,http://documents.worldbank.org/curated/en/116561468282846163/text/NonAsciiFileName0.txt,200,251946,42dca7810dd403db953f67f9751802300dae64637789fe87cdedbda2e6ba881c,ok,True
P131194,http://documents.worldbank.org/curated/en/717991468026441401/text/742810PAD0P1310301401300SIMULT0DISC.txt,200,252237,d03e7088afb5cabb3141c63bf37ade3ca50b30019728950300139c5e12853131,ok,True
P131228,http://documents.worldbank.org/curated/en/920811555686865087/text/Afghanistan-DABS-Planning-and-Capacity-Support-Project.txt,200,164964,ce6ec615b8f82fc13438c265eff5ed448f300215bfef6411b028c3762a70c4e7,ok,True
P131235,http://documents.worldbank.org/curated/en/464741468044373198/text/818460PAD0P131010Box382166B00OUO090.txt,200,217792,e3217fb8760842822395961ada31e5f05faea9622accb53ee0e7e0a721499824,ok,True
P131263,http://documents.worldbank.org/curated/en/570341468007797756/text/717000PAD0IDA00se0Only090Box370115B.txt,200,345943,b9e1c0fa388fded15f4359f32894603dcba04924c1f1396f3beaeb1d8c805499,ok,True
P131256,http://documents.worldbank.org/curated/en/748641468279941398/text/PAD10070PAD0P100disclosed0120220140.txt,200,404622,5f8000ad90a546b39c716aff08720ba7f9d9e9c49bf9c6d8b41802eca4a929cb,ok,True
P131394,http://documents.worldbank.org/curated/en/391411468014347226/text/722210PAD0P1310Official0Use0Only090.txt,200,268085,4b3d324f56e195ba8e8cf9053eb3771245c496ce960aebf0d569677a9053d64f,ok,True
P131323,http://documents.worldbank.org/curated/en/164891468007238442/text/767650PAD0GEF00R2013002830100OUO090.txt,200,501568,f2790959f566fc3747f5e96206902bd1b52a69c0bbc52d8b07f911fe18fe0746,ok,True
P131408,http://documents.worldbank.org/curated/en/438971468002152768/text/PAD2720PAD0P13010Box385413B00OUO090.txt,200,244821,e5e5643030ab37f751522212a18b10d224ee0922574b754da27fc3afe1168c19,ok,True
P131331,http://documents.worldbank.org/curated/en/227031468120859948/text/734740PAD0P131010Box374377B00OUO090.txt,200,235023,ee0fdd5cd5255397d0f6ea4108fb4710f08b781d72a1fb300feb32bf9d394902,ok,True
P131550,http://documents.worldbank.org/curated/en/682121468261278300/text/PAD6480PAD0P13010Box379877B00OUO090.txt,200,256757,2f2bde9d59c1afa4b076040ac915bd905b53a85e5d7ea11e1da5225a31b7e54c,ok,True
P131558,http://documents.worldbank.org/curated/en/566821468177570152/text/PAD7660PAD0P1300OUO0900R20140017101.txt,200,246790,80a523553dc75863ceb15eb3b1bc1ad5822b21a4ecbc6f3688f275a3225fe73e,ok,True
P131441,http://documents.worldbank.org/curated/en/922591483677675760/text/70938-PAD-P131441-PUBLIC-ACS.txt,200,308504,8fec8bfe736fbabbbcf79e64f3dff01a19b3ca848af67ebf6f8be5158091d80d,ok,True
P131592,http://documents.worldbank.org/curated/en/280411468061146235/text/PAD7620PAD0P13010Box385299B00OUO090.txt,200,265318,05dedb0531c3834c29f61a49cb2e16220e925af0284ef0ed92c26ae65b09beff,ok,True
P131659,http://documents.worldbank.org/curated/en/379011468026983176/text/PAD5530PAD0IDA000PUBLIC00Box379808B.txt,200,227954,507dddff296c1a628fe081d3b80816cc5f9849ee846a6bbd79af3117e8b376cf,ok,True
P131660,http://documents.worldbank.org/curated/en/987881468300553401/text/PAD3620PAD0P13010Box385222B00OUO090.txt,200,450778,a5f6a68aa2a98dfc33ce35f5381aef91b992766866a7051f5695e5452cd4c470,ok,True
P131655,http://documents.worldbank.org/curated/en/362221468291332192/text/PAD11690PAD0Mu000Box385386B00OUO090.txt,200,559035,7869207aa5cd90f8e4e9279fb1dfc43dfe3811c860785169cc8f0d7006a5d7c1,ok,True
P131709,http://documents.worldbank.org/curated/en/870061468122652490/text/818570PAD0P1310isclosed0110801300SD.txt,200,307394,373b3630a283a71035c64e4389ce4e1d61a4336dc9f99958ed0322024e31cb87,ok,True
P131765,http://documents.worldbank.org/curated/en/553861468267360704/text/PAD4700P131765010Box385177B00OUO090.txt,200,194898,2d9f1feddb40e210f6a947964a029c0a152306591f83cb881fb5695d567a27e1,ok,True
P131825,http://documents.worldbank.org/curated/en/427731468316154123/text/823180PAD0IDA0010Box385188B00OUO090.txt,200,254999,7fff28179930488716e22cfdb33740846ac0d432902f1e91bf43c8254f3ba5b6,ok,True
P131778,http://documents.worldbank.org/curated/en/655001468184739502/text/PAD1037-REVISED-GEF-R2015-0014-2-Box393178B-OUO.txt,200,218749,669e8649777152186ff5336724d7fc639e340b8cc5cf891ef36349146a872ddd,ok,True
P131850,http://documents.worldbank.org/curated/en/596411468285325559/text/733290PAD00P130IC0disclosed09020140.txt,200,206350,20f8531310e22c8053c3500c6a197f8e93351ec64e02d9c160c7feb8a9b9f826,ok,True
P131965,http://documents.worldbank.org/curated/en/414931468286479626/text/PAD7720PAD0P13010Box385345B00OUO090.txt,200,389449,80a2a63375e04bc2e10e90a46a1cc030eb568c6f544b819ff674995e445560c3,ok,True
P132123,http://documents.worldbank.org/curated/en/171141468200341260/text/PAD4150PAD0P13010Box385412B00OUO090.txt,200,313293,553d889cee1e243093230595cbf798646d9fbd2928d288e8cbb8b153f6b7a3e9,ok,True
P131973,http://documents.worldbank.org/curated/en/249411468291324138/text/787600PAD0Nige0100OUO0900Box379825B.txt,200,393138,336e426b8e7acfdb5d64f09f2ec8aedf94711bca11d8d40395992c7f5db70b68,ok,True
P132154,http://documents.worldbank.org/curated/en/602451468010856707/text/742790PAD0P132010Box377322B00OUO090.txt,200,164036,ceb33b8763d34c7f747f357371f22ca64262233870830726b207d30eb53f7c82,ok,True
P132268,http://documents.worldbank.org/curated/en/833251468110957876/text/846580PAD0P1320Box382143B00PUBLIC0.txt,200,41228,7cccc8ce02e9338d9b4235e1a39b4cfa2f6a14183f24d182a6d3a86be06879a7,ok,True
P132173,http://documents.worldbank.org/curated/en/137201468042003514/text/763460PAD0P132010Box382077B00OUO090.txt,200,279548,a3aadbe409132d43d712b71203f053befd121d132829194ea536c481ec79390f,ok,True
P132157,http://documents.worldbank.org/curated/en/732451468309869949/text/PAD8350PAD0P13010Box385222B00OUO090.txt,200,454603,f5eb4cb97dd7a6a0e0b04e321991cc5d1a40b9dc82c5afb41313a17792ae3b89,ok,True
P132270,http://documents.worldbank.org/curated/en/289641468239978258/text/840380PAD0P132010Box385166B00OUO090.txt,200,265514,4b42d16da94f80acac16e322f5c4ed63deaf23f0bc7b593c580999a4f2ba7ef2,ok,True
P132277,http://documents.worldbank.org/curated/en/387481468260128466/text/PAD5330P132277010Box385199B00OUO090.txt,200,131187,f9f7e2f24da806aa8192bf3d0830db772d298aba323e2398a75f3af9ceff38f7,ok,True
P132289,http://documents.worldbank.org/curated/en/874211468290710744/text/748610PAD0P132010Bpx374388B00OUO090.txt,200,309415,080c0a2622bb6a8f9261ef256717e78d071941ce1017b9bf27a03348111c07e5,ok,True
P132306,http://documents.worldbank.org/curated/en/862461468097181661/text/767300PAD0P13200IDA0R201300117010SD.txt,200,309070,c1dab2dec76e22f678c4b231c0080f489ba76c72ffbe63edaf1375f033550a1f,ok,True
P132308,http://documents.worldbank.org/curated/en/328361468179033883/text/PAD616-PAD-P132308-IDA-R2016-0052-1-Box394877B-OUO-9.txt,200,311730,4f2262d7c66c45250fa1ee9afbfc64df14a4f99dde9f623abde4d1189bf62d12,ok,True
P132314,http://documents.worldbank.org/curated/en/991691468038931790/text/722840PAD0R2010osed0201301300SIMULT.txt,200,271595,5bf2c2e3a4e79bb8e56bc8b71b01a488ed8f9aa55dd49e58c664d217b816ba40,ok,True
P132317,http://documents.worldbank.org/curated/en/494411468296969716/text/Philippines-Rural-Development-Project.txt,200,404493,17f96eb004d0338157fc40000f6d19951bbcd3e2d20b997f71af528d7dec31b3,ok,True
P132405,http://documents.worldbank.org/curated/en/671631468292230996/text/PAD4440PAD0P1324050Box382141B00PUBLIC0.txt,200,340800,51e8f21f512c695174a9f9c2dc0b7153348e86e348d9fc6f8a5e37910ec6d8d8,ok,True
P132381,http://documents.worldbank.org/curated/en/468231468174537734/text/PAD5720PAD0P13010Box385222B00OUO090.txt,200,363916,d57eb8da34bcf5a78b5477e6b41cd2cde3942f9118009125c724b7f804f8710c,ok,True
P132515,http://documents.worldbank.org/curated/en/234131468179340002/text/PAD1337-PAD-P132515-Box393255B-OUO-9-R2015-0228-1.txt,200,208777,f57e932ebba5513fe4ca68c8622a4f32c97285c664815abe29c2a6a632685d47,ok,True
P132418,http://documents.worldbank.org/curated/en/632631468258842038/text/PAD10460PAD0P1010Box385378B00OUO090.txt,200,253451,c84f2b510f0ed74a7f596928feefde7beacc791f640247210429322ff3cbe707,ok,True
P132443,http://documents.worldbank.org/curated/en/254531468054586854/text/PAD5670PAD0P13010Box385355B00OUO090.txt,200,205672,52b5ddc9f922114ebef31ed981055e2e5d402dcae8363f139b914ff4c49bfcc5,ok,True
P132617,http://documents.worldbank.org/curated/en/538831468010906215/text/779500PAD0P132010Box377322B00OUO090.txt,200,284388,db9501cc12a7f4e56d6e62290fc9655aa365c2c7b014b76327473b63b9519c7f,ok,True
P132621,http://documents.worldbank.org/curated/en/339241468028779314/text/PAD9880PAD0P13010Box385445B00OUO090.txt,200,197162,896f67e2ba09df2c249aacc799b66148eb5bcb4bbee0533f52036f4934a8750b,ok,True
P132623,http://documents.worldbank.org/curated/en/938921468035436516/text/PAD5980REVISED00disclosed0120100140.txt,200,253732,665e07c8154f327510e1675dbbb8a2950a2273d11127438fdccb755e70f616ce,ok,True
P132634,http://documents.worldbank.org/curated/en/923321468198848579/text/764830PAD0P1320disclosed060701300SD.txt,200,435636,1bc96a81294a8d349d1858dfe9e4f756c8385d67d6945c8dce6c72c89c52838c,ok,True
P132652,http://documents.worldbank.org/curated/en/760261468175774922/text/PAD7900PAD0P13010Box385222B00OUO090.txt,200,427483,8d66e473d633730f59d5da53dcbea742a7c0873e11204146747b1341a7c4c45c,ok,True
P132748,http://documents.worldbank.org/curated/en/685701489888842407/text/China-DevMktBased-PAD-03022017.txt,200,162645,f7d466d563ff61baec9d85bdd6ba9b9a9f4690d87401986a3b8c4bde6c600e6d,ok,True
P132698,http://documents.worldbank.org/curated/en/661811468169771793/text/PAD8880PAD0P13010Box385222B00OUO090.txt,200,365843,ea983905b93eb8b36db302791eacf0bb87e8ce850d01be81eb0618df81c28ca8,ok,True
P132667,http://documents.worldbank.org/curated/en/459301468204890551/text/PAD7950P132667010Box382153B00OUO090.txt,200,201977,3c7a16d5f3a170b5d4d3a47eb8d815cd925b8ec9ef68d9070c845a77f2f42e01,ok,True
P132750,http://documents.worldbank.org/curated/en/301361468297892179/text/822260PAD0P132010Box379877B00OUO090.txt,200,190621,4cc942248b22ebce3856cf5287dce54015394ab3c544b73530621a6a43710109,ok,True
P132775,http://documents.worldbank.org/curated/en/266241468028780279/text/PAD9440PAD0P13010Box385445B00OUO090.txt,200,209063,03d290be9e34ba621aba92d10e4c0ffc3e01d66cf8fcae35abc95571fc8d4afb,ok,True
P132833,http://documents.worldbank.org/curated/en/923001467990996299/text/PAD1265-PAD-IDA-R2016-0064-1-OUO-9.txt,200,235112,6cc3541a41edec3f28a4fef7bca33f7d86dff0382a51ff8ef08614c7ef97a4dc,ok,True
P132821,http://documents.worldbank.org/curated/en/929951467990389076/text/Congo-Democratic-Republic-of-Fifth-Phase-of-the-Central-African-Backbone-Program-Project.txt,200,288435,9503a19859d8471a1b95c19a13b18b85103e1e71268450aaee9e816cd4c93590,ok,True
P132846,http://documents.worldbank.org/curated/en/292561468050687641/text/PAD11870PAD0P1010Box385454B00OUO090.txt,200,247384,deeff934f27e984b3d3ce3fc6e88a7dd5b4269a4833c4ac639c66467a94a183e,ok,True
P132873,http://documents.worldbank.org/curated/en/536511468242658181/text/PAD9200PAD0P13010Box385414B00OUO090.txt,200,204966,6f5fa6645ba33592d81d85ee99a2e518e15cd4183f3c5024aa6dbf9588adc5bc,ok,True
P132944,http://documents.worldbank.org/curated/en/320511541065030739/text/PAD1450-PAD-PUBLIC-Nov-22-2015-Afghanistan-Naghlu.txt,200,278748,aa139805a885c26d902ad96860a8674f65ee2a01c318cf7d53c95f781021c24b,ok,True
P132982,http://documents.worldbank.org/curated/en/322411468010216105/text/913510PAD0P132010Box385444B00OUO090.txt,200,298363,41a404c65f3cf6c23e3073108e07b056a0e369a4b97660e0983a1bf7fdc1d7ce,ok,True
P132979,http://documents.worldbank.org/curated/en/320711468253480045/text/PAD5600PAD00P10PUBLIC0002014011012.txt,200,222225,66923642d25785cf73c8cf3bffa99d69c2ebb277f7eb71a6c4ee36b97fdeb114,ok,True
P133000,http://documents.worldbank.org/curated/en/657531467998209382/text/PAD1144-PAD-R2015-0081-1-P133000-Box391434B-OUO-9.txt,200,193861,54e98a0a0a42f2a59811b074dd4d92cb4a2c6d2e6fd53c55020dc777da986d37,ok,True
P133017,http://documents.worldbank.org/curated/en/637781468025486321/text/PAD8090PAD0P130OFFICIAL0USE0ONLY090.txt,200,179490,8782a7757c8cb5d315903261de7de4ada9a7dfef6f31b37c58e384a68bcf4395,ok,True
P133069,http://documents.worldbank.org/curated/en/888871468018632687/text/PAD7470PAD0P13010Box385316B00OUO090.txt,200,202059,71bfca6b8390bb765b63862d51d1b51e5bc053ee6359febc612a49f694be8c17,ok,True
P133021,http://documents.worldbank.org/curated/en/747321468236645947/text/PAD8800PAD1330010Box385199B00OUO090.txt,200,287470,9e424c53e524aa052ee604c7da0b2383383d7cb13484537b1ea08acc107b878f,ok,True
P133018,http://documents.worldbank.org/curated/en/226451468213000329/text/PAD9010PAD0P13010Box385316B00OUO090.txt,200,230044,c4a0ae869d2161e2f9ff6f828ec379196e53d9092a601922c8820ba5a9722ffb,ok,True
P133079,http://documents.worldbank.org/curated/en/773661468030571230/text/replacement0IDA0R20140003801.txt,200,459293,04166ac873de08c535e765f699fd1ef725884515e35d05e0c14f5b18324721db,ok,True
P133114,http://documents.worldbank.org/curated/en/405091468213000602/text/PAD7140P133114010Box382166B00OUO090.txt,200,245043,3ca593951c1a10c0a0f1a91d9eec9deac279fa82aa2c2dad34e1798edbc43cce,ok,True
P133129,http://documents.worldbank.org/curated/en/993911468209985482/text/PAD6220PAD0P13010Box385389B00OUO090.txt,200,237458,ea6b8c7a15a8a2169ed52c9c654bc7c0fcce39d808b64e60fb8a284f35d18649,ok,True
P133117,http://documents.worldbank.org/curated/en/533011468241173973/text/PAD10420PAD0P1010Box385386B00OUO090.txt,200,205787,1a375d8935072382e46eaca7e89ec7398a9054bdbf6cffa9b6c9901acac4319a,ok,True
P133116,http://documents.worldbank.org/curated/en/956941468220182643/text/PAD6970PAD0P13010Box385316B00OUO090.txt,200,206487,f45908e6fbf1d5f3adfa018209965260cec3e96a9badd92a99704e0b757694d1,ok,True
P133133,http://documents.worldbank.org/curated/en/621921468257058351/text/PAD5250PAD0P13010Box379865B00OUO090.txt,200,498515,cee40dd886d169891cfddf95028602842a3239a338fb9be25cd6b0f7661bdf23,ok,True
P133184,http://documents.worldbank.org/curated/en/227411468178168566/text/770270PAD0P133010Box377288B00OUO090.txt,200,244748,79b067361ea8585db4e83c76a187db6a04d0da12bee6eafefac1c04a9252e167,ok,True
P133195,http://documents.worldbank.org/curated/en/197581467999700114/text/PAD5570PAD0P13010Box385356B00OUO090.txt,200,219331,865087964ef81b29fcb07b2e7b48b56d0b92c6d731475d02502322c2c968084f,ok,True
P133226,http://documents.worldbank.org/curated/en/902631468055497127/text/PAD5490PAD0P13010Box385166B00OUO090.txt,200,170224,84f0a485ad87d0d6a3bbeb926b3398b30991bc00ad955b5bcdf874df9ca32e30,ok,True
P133193,http://documents.worldbank.org/curated/en/584531467993214019/text/PAD535-PAD-P133191-PUBLIC-Box393259B-PAD-Cronicas-RVP-Approved-May-15.txt,200,307758,e70418a1895cd69c7701a1580bddaf305d6863d9e7114be3d84f9eceac4919d8,ok,True
P133288,http://documents.worldbank.org/curated/en/203311467994594604/text/PAD8340PAD0P13010Box385454B00OUO090.txt,200,311755,52c77c63236066b18a8d9b8f873a3fa378f215b84eb84afa910e0126cc006ed7,ok,True
P133261,http://documents.worldbank.org/curated/en/354751468219305169/text/PAD6490PAD0P13010Box385321B00OUO090.txt,200,247078,46cf1ef7529a64f268e38020e430d65db7bf80591f513e322410a70501f8458e,ok,True
P133305,http://documents.worldbank.org/curated/en/512271467996734100/text/PAD1581-PAD-P133305-IDA-R2016-0091-1-Box394887B-OUO-9.txt,200,224092,baee7017e89a1ea91b8b1a71f974b4d94f4786704845cac29f6c7de2a8b10d06,ok,True
P133312,http://documents.worldbank.org/curated/en/182131468000919884/text/PAD914-PAD-P133312-GEF-R2015-0010-1-IDA-R2015-0131-1-Box391445B-OUO-9.txt,200,494822,eaa6a8e1ba360664d1059442dc22e76362a96fe26ea672c9ccd4ecebbe4dee16,ok,True
P133327,http://documents.worldbank.org/curated/en/142331468173952803/text/722930PAD0P1330Official0Use0Only090.txt,200,305239,0900a0da25b1053dc30306541ba252d435065745098f751a079a368ca7721ef2,ok,True
P133326,http://documents.worldbank.org/curated/en/508641468190136880/text/PAD442-PAD-P133326-R2015-0109-1-Box391471B-OUO-9.txt,200,262842,a36ebd959df1c2ffd56ddc2dfe00e41bd0d461a8d0cbcee172d64e44d0757f3d,ok,True
P133333,http://documents.worldbank.org/curated/en/160831468307457305/text/757520PAD0P133010Box377300B00OUO090.txt,200,369340,cb388eb75387a5ae123ed4548f19c085cd1c3245b48bf5df3ea54c7616d5a1dd,ok,True
P133380,http://documents.worldbank.org/curated/en/972861468303276901/text/PAD3820P133380010Box385211B00OUO090.txt,200,224707,3a4667573d7e8c014321536ac7c3d95cf2202ba94feb84aa2fb6996f841a9a5d,ok,True
P133338,http://documents.worldbank.org/curated/en/310031617648709433/text/Cameroon-Equity-and-Quality-for-Improved-Learning-Project.txt,200,541846,700cafa5428bd49cde4a3cb5432034d95f660cb66ef468e7e7129c2434947031,ok,True
P133352,http://documents.worldbank.org/curated/en/315101468257722869/text/PAD7670P133352010Box385199B00OUO090.txt,200,245893,f60c287c411fb6838b44d78d6bf180ab448bb61264d3483beaf97a382519946d,ok,True
P133456,http://documents.worldbank.org/curated/en/812241467988933579/text/PAD840-PAD-P133456-R2015-0039-1-Box385415B-OUO-9.txt,200,205987,f4dd97ebcc4060e431a0654727c481956fed29a52d1b6233cefa2882f4c6a21c,ok,True
P133445,http://documents.worldbank.org/curated/en/145881468263676965/text/765030PAD0P1330isclosed0501301300SD.txt,200,312750,4cc2f904e1a3088a561eb7b5adc6e6c91525c3868995aa7d0a788591c88080c5,ok,True
P133424,http://documents.worldbank.org/curated/en/850861468167372860/text/811910PAD0P1330sclosed01101101300SD.txt,200,436106,b7c54ed7206cd1d9e67b5ace243f5e51468c93dfaae1dd2f9e400a221f540f08,ok,True
P133446,http://documents.worldbank.org/curated/en/287251468046846430/text/PAD8320PAD0P13010Box385244B00OUO090.txt,200,244615,e93870718ea9a81f477237a13ac13ba7aded8de3759880309b53519c025f1c5a,ok,True
P133531,http://documents.worldbank.org/curated/en/176601468218989671/text/PAD7190P133531010Box382166B00OUO090.txt,200,197942,a0b42e5e8437a8fb02361fbf408bf37e55f83618ce9739b0b25ab19730abacaa,ok,True
P133590,http://documents.worldbank.org/curated/en/504911468115450273/text/PAD8000P133590010Box382156B00OUO090.txt,200,276666,843eb18a077421903cd7c9e322c0a55019e1d91d2d5df4975dddf2aaa1662020,ok,True
P133557,http://documents.worldbank.org/curated/en/304271468122358474/text/673860PAD0P1330port0Project00Final.txt,200,308121,5e8d28689a432d29eb0f639747059ff80d1634f31c39cc11257c5f73fc5d757e,ok,True
P133591,http://documents.worldbank.org/curated/en/667631468024616364/text/PAD6390P133591010Box382156B00OUO090.txt,200,373557,627d6d68b3fbe0eab7d886b98b2dc664edc8ff197b24c8fdd884de069376295a,ok,True
P133597,http://documents.worldbank.org/curated/en/331891468304842737/text/839650PAD0P133010Box385177B00OUO090.txt,200,249491,be7935316a739ed66f456d90fbf590541aa90a7a0733b3588fd7f1c79717bc2c,ok,True
P133613,http://documents.worldbank.org/curated/en/981471468275116185/text/839940PAD0P133010Box385211B00OUO090.txt,200,339746,3d65f0056dc57b8751eb917583e32ed2090cb5c8a2d44ed5b8ef569c565450e7,ok,True
P133653,http://documents.worldbank.org/curated/en/180731468209952966/text/826400PAD0P133010Box379877B00OUO090.txt,200,194339,9a9ab3e46487b2f419f00b163599d0d6f3b2d241bf288e725314d4b4be6e1d0b,ok,True
P133620,http://documents.worldbank.org/curated/en/929241468056947115/text/826170PAD0P1330sclosed01102801300SD.txt,200,567460,1ca659ef6952135034a087c5c51041863f70a8f45e534770c136f3cf4e979bed,ok,True
P133731,http://documents.worldbank.org/curated/en/446471468262504691/text/878060PAD0P133010Box385222B00OUO090.txt,200,255394,0a917231e3dbee0b714abb75cc8345e911dfe064fc43736d3667180a7b8a53ad,ok,True
P133705,http://documents.worldbank.org/curated/en/464361468005066524/text/PAD7220PAD0P13010Box385222B00OUO090.txt,200,258551,e8a78f0f2dee89b0f5e72a53483a0380ba3cee09019bdf6462a78f6a37baf6bf,ok,True
P133703,http://documents.worldbank.org/curated/en/913891468318882172/text/PAD7740PAD0P13010Box385222B00OUO090.txt,200,508320,60fe684357eaf46d11d03fdb45d6fdd327cd9df48db6439c7afcb3d2f41c5eb4,ok,True
P133780,http://documents.worldbank.org/curated/en/915031468185036165/text/PAD614-PAD-Uganda-GPE-P133780-Final-PAD-PUBLIC.txt,200,371239,36ec947ff154d01f9c428f6675c87dc14178923f299d986a2769b77be95bdd3e,ok,True
P143036,http://documents.worldbank.org/curated/en/469751468290714621/text/818630PAD0P143010Box385211B00OUO090.txt,200,194261,fbf5adfb59747174dd4c0acc114caf08af91e387298f24bb078f0fd4767ef549,ok,True
P133829,http://documents.worldbank.org/curated/en/115821473965587777/text/PAD-disclosable-version-P133829-2016-09-09-09132016.txt,200,286214,80aa86ec4fbab71b116457991a42e654ae6cc55ad3c59219de8821de10ea0ef2,ok,True
P133803,http://documents.worldbank.org/curated/en/687551499565843778/text/INDIA-GEF-PAD-06212017.txt,200,302657,b4e914a4d5cdda4987f2b786b154d1b7fb7adbc48e350b8601444495e131ea38,ok,True
P133828,http://documents.worldbank.org/curated/en/421351468031549537/text/PAD8620PAD0P13010Box385199B00OUO090.txt,200,268011,2052540989cb13b27f49509f2c6ed9144fe11bbe03bfddced3243b6b4743518b,ok,True
P143055,http://documents.worldbank.org/curated/en/437581468265751164/text/PAD7540PAD0P14010Box385222B00OUO090.txt,200,222703,b7ea0744727b59a3356552d6e3db83fb72057962f572fdd6450302a7a2b365a0,ok,True
P143184,http://documents.worldbank.org/curated/en/523351468021251790/text/PAD7010PAD0P14010Bpx385271B00OUO090.txt,200,244468,27497db331cb1f2c3573cdeeacdf17fd93fdcaecc548dddd730aa00826c2d7be,ok,True
P143185,http://documents.worldbank.org/curated/en/405861468000593624/text/PAD1234-PAD-P143185-R2016-0041-1-Box394870B-OUO-9.txt,200,223489,103ef7fbfae3914cec67b1f36c2e1843b1f266be70d58e60fe9e7b39fb83d8e5,ok,True
P143064,http://documents.worldbank.org/curated/en/530841468263672030/text/837350PAD0P143010Box382121B00OUO090.txt,200,403128,5a10574abe94f2a81bb131aa6acb3c937c3746cb151396b819ab300d39a34a35,ok,True
P143197,http://documents.worldbank.org/curated/en/471801468266165941/text/PAD7380REPLACE00900IDA0R20140000901.txt,200,265954,fb52595b5512f0941818685cf83905aee0c32aa422c8c9ff7962650fce4bda86,ok,True
P143274,http://documents.worldbank.org/curated/en/989511468047790706/text/809920PAD0P143010Box382156B00OUO090.txt,200,236086,c97feaaf1403334a34cd0065635d1e2557179772975a20b0f237b3e58d470f26,ok,True
P143302,http://documents.worldbank.org/curated/en/749441468029355511/text/PAD6150P143302010Box385188B00OUO090.txt,200,307196,c15afd8e609b601053f7fc41adace28b18e8c0373c8da4ca0d0e2e4e93b1b72f,ok,True
P143307,http://documents.worldbank.org/curated/en/128481468186843607/text/PAD1320-PAD-P143307-OUO-9-IDA-R2016-0137-1-Box396260B.txt,200,508224,c00a5f7a8bae9845a72f63d30f36c68b2bea574dd83fa61f06478d7bd1e6eb9f,ok,True
P143382,http://documents.worldbank.org/curated/en/699721468260643178/text/761730PAD0P143010Box377322B00OUO090.txt,200,280770,3c3c90509c2c629bcfa3fb9514d37209e01d179f369528ada7d602242f718c08,ok,True
P143408,http://documents.worldbank.org/curated/en/764901468304502569/text/PAD5440P143408010Box382144B00OUO090.txt,200,151804,412bce05a07d2d39baf99d2bf8843314572222cb43031cea900506025d966818,ok,True
P143334,http://documents.worldbank.org/curated/en/186291467998526269/text/PAD1057-PAD-P143334-R2015-0140-1-Box391497B-OUO-9.txt,200,338722,a273211ae61d3c2b257f3441038c740e67162978d2b3fb83a16b9756be2ac58b,ok,True
P143417,http://documents.worldbank.org/curated/en/300131468229467498/text/PAD6550PAD0P14010Box385316B00OUO090.txt,200,393903,c1624d7575fe5451747dd894d0fb5446e521a75baf3b23be542f244ffcc28959,ok,True
P143492,http://documents.worldbank.org/curated/en/304061468007778444/text/PAD1067-PAD-P143492-Box393264B-PUBLIC.txt,200,303794,173a7405a9fb9574eb7fbdb9cefdd0e34caad3aa59565cf4dddbb85b49b6c243,ok,True
P143580,http://documents.worldbank.org/curated/en/472661468005401980/text/PAD6760P143580010Box382153B00OUO090.txt,200,239625,670de30d7452175be35f9b57acef9417a0d2da5af9911eac057fddb9fbf85b55,ok,True
P143588,http://documents.worldbank.org/curated/en/211781468101070719/text/825790PAD0P143010Box382156B00OUO090.txt,200,253133,bb4e13cfbdc03ae14cfd00e229b4152b1131eebcd0b20494e7d6973dac037c5b,ok,True
P143594,http://documents.worldbank.org/curated/en/576721468055142791/text/PAD6290PAD0R20010Box385283B00OUO090.txt,200,284154,9c8f699c68d74f9486519fad17293e618b52e7228516a99caf15209fecd278af,ok,True
P143650,http://documents.worldbank.org/curated/en/364941468035479517/text/PAD6520P143650010Box382156B00OUO090.txt,200,254752,ed3f9a7cc807b9b213f7a0c2845b6f9acb19f6bd4d96bbd100a7df3986c51337,ok,True
P143652,http://documents.worldbank.org/curated/en/637581468013200619/text/815290PAD0P143010Box379877B00OUO090.txt,200,200155,395e325c100e8c6d5eb5b647983b3d32133998b8dcee2a0a9d4cb51774c7acf2,ok,True
P143751,http://documents.worldbank.org/curated/en/865381468034726161/text/PAD12380PAD0P1010Box391420B00OUO090.txt,200,344739,d8b2af4b9578c59dc79ab236d7157c7d06e1ec37c90cd543b593c7f31a153ca1,ok,True
P143774,http://documents.worldbank.org/curated/en/992211468015674641/text/768540PAD0P1430le0PAD00Nov040020130.txt,200,140948,abc4e87f54bf5bcf0bfdf34098d4e14e3dfabc2350f7ee57d116ee2013b1e614,ok,True
P143842,http://documents.worldbank.org/curated/en/506841476077511270/text/PAD634-PAD-P143842-Box396300B-PUBLIC-ACS.txt,200,418620,4594f2e99b66e94b61284ae401a186dac88c2bbb60e96f91074b196e6e627856,ok,True
P143843,http://documents.worldbank.org/curated/en/824431468305087652/text/833160PAD0P143010Box382121B00OUO090.txt,200,348167,c1c94e9aae6e69f5a413d4d6e3099082226258f63d1243567523e3c45f061561,ok,True
P143844,http://documents.worldbank.org/curated/en/738871468200349292/text/PAD8770P143844010Box385199B00OUO090.txt,200,235390,886e2867345974736f0349b0ec39946dfbc7cf10590be359ac841360aff2ca65,ok,True
P143849,http://documents.worldbank.org/curated/en/236521468025764060/text/810090PAD0P143010Box379877B00OUO090.txt,200,484673,7b3c7317567737eaa4a3439ff84561a62e304be35f43d7769663758f5b12dba9,ok,True
P143921,http://documents.worldbank.org/curated/en/861691468303018504/text/PAD4790PAD0P14010Box385222B00OUO090.txt,200,284809,c32df11f3a61a7e864905b7464d22565e1aec74119fdcae7e96505d6fe821036,ok,True
P143915,http://documents.worldbank.org/curated/en/260731468169441577/text/759410PAD0P143010Box377322B00OUO090.txt,200,425830,10db7c0ed34255d992fa0403601760842edad7692e75e8882259c64f9e84e473,ok,True
P143914,http://documents.worldbank.org/curated/en/153541468281948642/text/PAD6070P143914010Box382166B00OUO090.txt,200,244315,1f34862076edd51181f93e23ebf6d31e2decbb9c0f311da742e71d29f98a3e86,ok,True
P143988,http://documents.worldbank.org/curated/en/860101468062087801/text/PAD5860PAD0P140official0use0only090.txt,200,228588,166a118786ed2fa824e3e20c3a2ce7bc8c00794170446dd707831ca9882f2cee,ok,True
P143996,http://documents.worldbank.org/curated/en/192281468260683606/text/PAD5230PAD0R200c00OUO0900Box377382B.txt,200,184428,3bce3dea73fd8e9896b8dcd7a800aefab5c0125d1c147578150d0debada9111f,ok,True
P143993,http://documents.worldbank.org/curated/en/880721468014967385/text/PAD6060PAD0P14010Box382111B00OUO090.txt,200,384772,e66309a3ef79e302ae00675b6ed9f1a8a888e0921e571420e49ba511ce6f09a8,ok,True
P143995,http://documents.worldbank.org/curated/en/608061468199757617/text/PAD7440REVISED020Box385199B00OUO090.txt,200,198858,9e951c55cf35ef587d067297df515da30fcfb1d51e8d62788fd4bb9bc4cbda70,ok,True
P144029,http://documents.worldbank.org/curated/en/886411468204578667/text/PAD10310PAD0P1010Box385319B00OUO090.txt,200,215174,b8ebe0baba3158b91123bc334a2498cc1accfebcea20abe030672519ed0d80aa,ok,True
P144134,http://documents.worldbank.org/curated/en/126891468279864475/text/PAD4840PAD0P14064B00PUBLIC000Final.txt,200,213648,949f02c54fa17e73ce0267d2a191b04b86fdbd2a0c9b5d6c2efe30d170faad16,ok,True
P144102,http://documents.worldbank.org/curated/en/387111468115145982/text/842950PAD0P1440ucherPADFinal0Oct03.txt,200,199147,caea51245b4517d3691e097461f67a5b2e5e31f2847d4ef6cf036ebda2bf9592,ok,True
P144103,http://documents.worldbank.org/curated/en/315311468277759007/text/PAD7490PAD0P14010Box385244B00OUO090.txt,200,487769,2247ec87e7e0132932485467d77ef5c7b3ed703c197f76cb6f430d8b813f6a73,ok,True
P144140,http://documents.worldbank.org/curated/en/233911468253466632/text/802930PAD0REVI00Box379839B00PUBLIC0.txt,200,295145,a5eef80e5672af6f3b35e4ee1ae566180f3200204aa5f8871f7a472ab5465621,ok,True
P144135,http://documents.worldbank.org/curated/en/221451467991941204/text/PAD576-PAD-P144135-R2015-0177-1-Box393189B-OUO-9.txt,200,287646,4b396cbac1a64951884de08f8a04c2d271b81a5889f5d78cca0f84a24cd8af1e,ok,True
P144183,http://documents.worldbank.org/curated/en/260081467999982011/text/PAD1077-PAD-P144183-OUO-9-GEF-R2015-0013-1.txt,200,245486,be21c8608a2cb6079c27060b8315bc30d3861be5100abc4efcccbe4dedf72898,ok,True
P144269,http://documents.worldbank.org/curated/en/969041468194054884/text/PAD1235-PAD-P144269-R2016-0086-1-Box394886B-OUO-9.txt,200,289534,1058bb2ee5e640fb176e456b9a266e1777a0799c96445443c2d6f17d8c0009af,ok,True
P144270,http://documents.worldbank.org/curated/en/978151468025476761/text/PAD7360P144270010Box385199B00OUO090.txt,200,125504,94a50d73e4f5aaba9ec3dffaa34bb3eb3336b1b82456c1fea89c851d57727cee,ok,True
P144305,http://documents.worldbank.org/curated/en/423571468026085377/text/PAD5500PAD0P140pproved0Nov02602013.txt,200,170290,8bfbb02d1270a84f4ca28d0b422c465983973605bebe3372a71d2fac2eea1773,ok,True
P144335,http://documents.worldbank.org/curated/en/801711468306290657/text/781990PAD0P144010Box377322B00OUO090.txt,200,317869,a647c04baae9ed950018523d074fc7ad676aab2c9a2037bdb8eaeb23cb6aec65,ok,True
P144442,http://documents.worldbank.org/curated/en/371451468049756121/text/810840PAD0P144010Box379877B00OUO090.txt,200,358879,e206e01273bf124cf5fdfa45e8752b5746caa5260a627eb7accd0ffd37980715,ok,True
P144336,http://documents.worldbank.org/curated/en/724481467991987377/text/PAD600-PAD-P144336-PUBLIC-Box391449B-NWRMP-PHASE-1-DISCLOSABLE-PAD.txt,200,266280,6a113980e538c53c0f85c4ad3e1ab41d2f2ce4a8d5e843037d1013de95562118,ok,True
P144447,http://documents.worldbank.org/curated/en/583011468268510722/text/PAD7430P144447010Box385199B00OUO090.txt,200,291819,406ac1d672bab31851201b6b265afc1b072a57b92a978c0fae12d329f105c293,ok,True
P144531,http://documents.worldbank.org/curated/en/266301468029345024/text/PAD8210PAD0P14010Box385299B00OUO090.txt,200,131250,bfe46b1f5c061f4b6c93fd50eaac860c4604093b47523e1c96c4437dba8ea28f,ok,True
P144597,http://documents.worldbank.org/curated/en/697791467994622850/text/PAD1484-PAD-P144597-R2015-0208-1-IDA-R2015-0272-Box393223B-OUO-9.txt,200,227282,36310cc91e44b56ef54239fc1b1564cc5144c26f7ae6ccdddb937a7e0cd1b179,ok,True
P144614,http://documents.worldbank.org/curated/en/360221468251118158/text/PAD6100P1446140B00PUBLIC050101400SD.txt,200,277684,a58f035047d4ea9f9336e4362e70d81c25add236cfa741dfaeb9932a75893821,ok,True
P144489,http://documents.worldbank.org/curated/en/342281468026944926/text/768570PAD0EC0R0Box0377365B00PUBLIC0.txt,200,247896,7e5108ea9f0fe36fc951a20e819aa8605bc94faa5be23091a605af5e8bb10453,ok,True
P144637,http://documents.worldbank.org/curated/en/347231468188954947/text/PAD1199-PAD-P144637-IDA-R2015-0247-1-Box393201B-OUO-9.txt,200,342724,6516a127a642b61804bcebbeb424f08133d788540303b75f9b1757dfab8f5fc0,ok,True
P144715,http://documents.worldbank.org/curated/en/974081516362350557/text/PAD519-PAD-P144715-PUBLIC-Final-PAD-02-26-2014-1393415742137-003.txt,200,227712,e4a770b313313ffcd8662a5f686da6e313ff5f7bbf1f08601920cdba5a5d80c6,ok,True
P144700,http://documents.worldbank.org/curated/en/851311468009974360/text/PAD9280PAD0P14010Box385244B00OUO090.txt,200,286518,88188d081cab1f4c8f563ff14c883275a3c421643f97ed8c2b42bbdcd10504b8,ok,True
P144688,http://documents.worldbank.org/curated/en/822301468009009546/text/PAD10580PAD0P1010Box385412B00OUO090.txt,200,285488,a848c29a9bf6e2d3666b792fd55e25f547f7e8c662820ad3de0174655ec1da19,ok,True
P144726,http://documents.worldbank.org/curated/en/196521468185040019/text/PAD952-PAD-UPLOAD-NEW-VERSION-revised-Box391445B-OUO-9-UPDATE-BOARD-NUMBERS-IDA-R2015-0119-2.txt,200,235073,14d68f4bb46a324cd9d22540530bb2e6e4b4a868a797c8762f62cf3cc8e2f419,ok,True
P144832,http://documents.worldbank.org/curated/en/192391467990997851/text/74924-PAD-P143193-PUBLIC.txt,200,165371,7a759b0e7978aeb0cd348665b38ae0ed43103969bdd977bb1c6c87471d3bea70,ok,True
P144856,http://documents.worldbank.org/curated/en/415261475216228549/text/PAD713-PAD-P144856-Box396309B-PUBLIC.txt,200,275880,7a4a19d2b250daceb659f8a334b3ef50dc3abc151ab94c3efc40572b1e4bd2ee,ok,True
P144893,http://documents.worldbank.org/curated/en/973321468306920750/text/PAD9390PAD0P14010Box385413B00OUO090.txt,200,283282,265775cd04bc6d6583412b55db246d5d77b1c25d1d5ebc0edb5f537e8bff82e9,ok,True
P144933,http://documents.worldbank.org/curated/en/801771484160064628/text/810690PAD0Leso0100OUO0900Box379845B.txt,200,388321,2d241c39d548a12565d3db4ea9675f9dc3da671e7ba7492afea5b46e999a3aa9,ok,True
P144952,http://documents.worldbank.org/curated/en/433571468287381496/text/PAD9250P1449520C0disclosed040140140.txt,200,300015,2f9d9afda399c1702e926f2d5d3f9b32e364134460a952acd99ebc777bb9af7d,ok,True
P145037,http://documents.worldbank.org/curated/en/655571468167071274/text/PAD9860PAD0P14010Box385454B00OUO090.txt,200,436841,e6767bffde12ceb597987daf67f79258ae915e36544556a5e0130241446d6a57,ok,True
P145055,http://documents.worldbank.org/curated/en/783441467998463415/text/PAD1168-PAD-P145055-IDA-R2015-0175-1-Box391456B-OUO-9.txt,200,285148,b03c8f33791af5c49930d47fe446de7e2bf282358ac7cbc15756b8bab0cea051,ok,True
P145057,http://documents.worldbank.org/curated/en/521161468063253212/text/PAD5320PAD0Pac0100OUO0900Box379827B.txt,200,124323,f2730ad7d5230c353bd603ebf67542a08669969956f209bc4525ed84ab9a58ca,ok,True
P145162,http://documents.worldbank.org/curated/en/873971468278105194/text/PAD8330PAD0P14010Box385244B00OUO090.txt,200,253706,5ad3537cfef2de600264b37af3bfa9bdae4f8ac2e5e52c85dfad59a1fb144289,ok,True
P145101,http://documents.worldbank.org/curated/en/934471468174878632/text/PAD7240PAD0P14010Box382156B00OUO090.txt,200,373400,7b02c6b0344dea692c0e6b24a13f1332413c808b2689f26db5ca18304a4243db,ok,True
P145196,http://documents.worldbank.org/curated/en/684421468028475185/text/835710PAD0P145010Box382145B00OUO090.txt,200,311296,b7ffe66a75b233bff036443808d67d80ff167c65ca89dc1bf81a38e8fd9366e1,ok,True
P145171,http://documents.worldbank.org/curated/en/621131468026678537/text/PAD9500PAD0P14010Box385311B00OUO090.txt,200,390963,cc5682086fa92c16a7f49ab106d9f6c033c2355db5e0002b83babf5954c4be98,ok,True
P145317,http://documents.worldbank.org/curated/en/771641468052457766/text/PAD7420PAD0P140IC0disclosed06090140.txt,200,229406,2887efa434c9199a277f6a64455d91a92c1d61b8b00c41d46d3a617a0e4e0364,ok,True
P145263,http://documents.worldbank.org/curated/en/939321468025765941/text/PAD7100P145263010Box382121B00OUO090.txt,200,301314,263d57a02f2a0830bacc062904c703c196cfd1cacbbc54bfd7342b51af5ae919,ok,True
P145309,http://documents.worldbank.org/curated/en/808711468167070990/text/PAD11110PAD0P10010Box391418B0OUO090.txt,200,409578,89eddf2dfeeb8564c48922d11d269bdd3922e8db4bc2ee94ae2a7424afe958e9,ok,True
P145261,http://documents.worldbank.org/curated/en/193941468290127345/text/PAD8040P145261010Box382166B00OUO090.txt,200,325065,abc60f695e89aa0894559a07c8eed1beac7580156953cfdf8b98eed0f225d77c,ok,True
P145335,http://documents.worldbank.org/curated/en/303491468337264216/text/819760PAD0P145010Box382156B00OUO090.txt,200,341745,417f3f0ab8613a85601448f4d775f33e2e46139ddabb8fab7734c74b12f02877,ok,True
P145391,http://documents.worldbank.org/curated/en/253621468190169584/text/PAD934-PAD-P145391-PUBLIC-Box393204B.txt,200,138839,49108639f23c7eacecb76070f173d2f460f22ec681c7b90d14957ed3c9a3e8ca,ok,True
P145347,http://documents.worldbank.org/curated/en/627951468189871734/text/PAD1473-PAD-P145347-IDA-R2015-0255-1-Box393211B-OUO-9.txt,200,292836,4aab5c1c81c7309236c2450c9dc977e26f2df6b154a7ea94d1a05f8d88a7b321,ok,True
P145502,http://documents.worldbank.org/curated/en/684821468041392038/text/824840PAD0P145010Box385177B00OUO090.txt,200,237398,22c3e4329ba32118f92d3d554172b4418360af99649a51340d4c3148dd72966d,ok,True
P145529,http://documents.worldbank.org/curated/en/558531468109460721/text/PAD6940P145529010Box385177B00OUO090.txt,200,257799,a94c22318cfbedb60505541395750ce95b3be79205395d9063a6df6aa09b0e83,ok,True
P145533,http://documents.worldbank.org/curated/en/306781467986278658/text/PAD938-REVISED-PAD-PUBLIC-Box391453B-POPs-PAD-April-9-final-clean.txt,200,218272,171990e21ac4bbe7b3c1c01ac46e8c59abf82d5d22a7c7c04c4a56c96491a6c4,ok,True
P145534,http://documents.worldbank.org/curated/en/585731468281065732/text/805580PAD0P145010Box382121B00OUO090.txt,200,189211,047489e788eaf9837d630415473499142fa6a770684c1ceb85215bec248aaac0,ok,True
P145544,http://documents.worldbank.org/curated/en/830281468046154231/text/826240PAD0P145010Box382156B00OUO090.txt,200,244501,4eec4c152a3df1ce69d9d8ff2576ff633f2416d63481db8167b32fc8efaa1a4d,ok,True
P145585,http://documents.worldbank.org/curated/en/492121468105574834/text/880660PAD0P145010Box385366B00OUO090.txt,200,315148,ea377b7f454d65cf1cbca897bf6436daaa8e3389c9d4664bb470233af1c3d39c,ok,True
P145545,http://documents.worldbank.org/curated/en/142021468304469637/text/784110PAD0Samo0100OUO0900Box379843B.txt,200,141196,7fd2de78c6380e9594ed13c58aa61d5bc122670c927db6fde9b3ed1c067630d9,ok,True
P145554,http://documents.worldbank.org/curated/en/157451468258868620/text/PAD8640P145554010Box382156B00OUO090.txt,200,325772,385e353930ae2a539b4e7c226fccf94932361775f6eebfd3a234dbd58cee5286,ok,True
P145566,http://documents.worldbank.org/curated/en/525191468202173969/text/PAD9160PAD0IDA060Box391426B00OUO090.txt,200,388583,cb4d63e00d553420a782919528b268129dbedb1cbba2e0bed97c99bd14b140f3,ok,True
P145586,http://documents.worldbank.org/curated/en/670541468018854638/text/PAD7840PJPR0P100PAD0approved0by0RVP.txt,200,131781,dd7df1064795201f80e02a816ce49009018d677de491b732e14c44cd64f51c8a,ok,True
P145610,http://documents.worldbank.org/curated/en/782411468185352074/text/PAD1182-REVISED-Box393191B-OUO-9-R2015-0168-2.txt,200,334185,5cff72113ac2a42e40fb54d670b08ff0374cc3a5b6d5f1f9024bfdae031c4729,ok,True
P145618,http://documents.worldbank.org/curated/en/881821468270931345/text/PAD8030PAD0P14010Box385414B00OUO090.txt,200,194107,6e82197733e3812d83160068d36a9aac41fdf58dc411320feff15a6eadbe0379,ok,True
P145617,http://documents.worldbank.org/curated/en/681871468333592386/text/PAD8470PAD0P14010Box385399B00OUO090.txt,200,370786,dadcbba56196756f78ce5a2ad7a6cfee0fc3a4948021c59327882ad1a9ba9aaf,ok,True
P145621,http://documents.worldbank.org/curated/en/526501468071641047/text/PAD7690PAD0P14010Box385411B00OUO090.txt,200,243480,05fb4bb3d838c07371dd285df801702cf355e00f92905dd638e29e04110220da,ok,True
P145634,http://documents.worldbank.org/curated/en/640401468242988581/text/900270PAD0P145010Box385412B00OUO090.txt,200,269111,79a6d3eb69f7c5cdf76352fe189ec9f72b0401ccd01cffc9c6c76604ee70a476,ok,True
P145686,http://documents.worldbank.org/curated/en/287961468328119648/text/PAD830-REVISED-OUO-9-R2016-0110-2.txt,200,283359,c824fe5b5a478dfea7bcadc291266c0371afe26c1dc8bad29a2cc7079e705851,ok,True
P145699,http://documents.worldbank.org/curated/en/944911468023332501/text/PAD6110PAD0P14010Box385454B00OUO090.txt,200,283614,a6ff1668be180298747554a0270ba06a953eb51b7c4726cdffb8210800ed4dc2,ok,True
P145747,http://documents.worldbank.org/curated/en/606501468018574735/text/PAD7890P1457470isclosed0101301400SD.txt,200,220025,991559be97e5138c66beb9a00f3343d96d9c433b2381c07c4aacfac9ac41cf87,ok,True
P145782,http://documents.worldbank.org/curated/en/407291468240567893/text/PAD6980P1457820scloswed0301401400SD.txt,200,211303,d9a774374260d546eaa1a812f755d0fcd3034b0e51820b7cc9736657a310b3dd,ok,True
P145741,http://documents.worldbank.org/curated/en/791261468283132838/text/865200PAD0P145010Box385199B00OUO090.txt,200,366708,2aad88b2ec02fa23971ebdbf661446d595d51a920c38cc23f624165dc4f6344b,ok,True
P145848,http://documents.worldbank.org/curated/en/437681468235436654/text/PAD7910PAD0P14010Box385199B00OUO090.txt,200,250728,56df0964899c5f6c052875bbe63aaf6ad255210c7ac1b8547cf94f51452b92f4,ok,True
P145792,http://documents.worldbank.org/curated/en/710561468281080517/text/806180PAD0P145010Box385199B00OUO090.txt,200,310778,34881fd5b81e30fc4c9e1e2aacce5dd8b2d4c071181b92258fb23f99eab6a7ea,ok,True
P145799,http://documents.worldbank.org/curated/en/660051468299651254/text/748200PAD0P129010Box379866B00OUO090.txt,200,302103,7a51103a158e6e91fd8c7481191a42bb9d21f2998ad24d13c8c3f9128075c25d,ok,True
P145813,http://documents.worldbank.org/curated/en/716751468333592032/text/PAD8410PAD0P14010Box385415B00OUO090.txt,200,296260,97620f591fe9c1db1186683db4dc6ee6a266038eb6e76dcedac5cec2005e116d,ok,True
P145865,http://documents.worldbank.org/curated/en/419981468271818589/text/781290PAD0JO0R0t0Box377365B00OUO090.txt,200,213980,8289d43eb45990ba88071cf56006611271e05a7670a62c119ae8bb7c508067de,ok,True
P145897,http://documents.worldbank.org/curated/en/821811468193734304/text/PAD1604-PAD-P145897-OUO-9-Box394874B-GEF-R2016-0003-1.txt,200,300280,b9673c1c7d29842823aa7614c903731318d3273d61eca4851df6d9e30fe06741,ok,True
P145861,http://documents.worldbank.org/curated/en/638471468281400446/text/857680PAD0P145010Box385226B00OUO090.txt,200,449205,438702fc11f9f6d575694a3d64fb86c28f8ba42b68b4601cd28410d6a9dfc305,ok,True
P146143,http://documents.worldbank.org/curated/en/372491467991910047/text/PAD684-PAD-P146143-PUBLIC-Box393225B-FINAL2.txt,200,162271,a35cc4be538af8552e79b552044fb74110fd641a25645a09386ee8f978a4036a,ok,True
P145965,http://documents.worldbank.org/curated/en/207911468027672171/text/PAD8860P145965010Box385177B00OUO090.txt,200,415716,13fdca21ddbb09781b6aa348405279e63593df0420600b2ccdd958138267fb7a,ok,True
P146152,http://documents.worldbank.org/curated/en/952161467988873236/text/PAD1156-R2016-0006-1-Box394844B-OUO-9.txt,200,318419,fa5f5555870dfa1068205113d95ffa3a94d326ef4242afe76639f1f0a38a01c7,ok,True
P146007,http://documents.worldbank.org/curated/en/903171468024860655/text/PAD9350PAD0P14010Box385274B00OUO090.txt,200,392328,cfc9d9dbb4cc7b34327d25655df6d83a28257373608e0891b02801f244cd3a67,ok,True
P146199,http://documents.worldbank.org/curated/en/342701468211797826/text/PAD12240PAD0P1010Box385445B00OUO090.txt,200,161171,8fe3619c944530d6b4bf10df7baafee13225ca1cb0757ea456fbe5e2a180d642,ok,True
P146244,http://documents.worldbank.org/curated/en/785431468026089665/text/PAD3740P146244010Box382166B00OUO090.txt,200,215545,8a392a3f303170b390df1be6fec66c955503edf5b66a19081a827a9e0f11b174,ok,True
P146247,http://documents.worldbank.org/curated/en/303851467119124074/text/PAD1333-PAD-P146247-GEF-R2015-0012-1-IDA-R2015-0204-1-Box391499B-OUO-9.txt,200,201070,18f1b07712b392659312c17f3dc6f81dfb6402eeba5ba4433606a074b9dea37c,ok,True
P146248,http://documents.worldbank.org/curated/en/798341468304813964/text/835360PAD0P146010Box382122B00OUO090.txt,200,157173,01e2f2d47d6a3d79aaeb69df3405fd95f6580703b2e17bb19bb3a12a72879486,ok,True
P146314,http://documents.worldbank.org/curated/en/444991468303013994/text/862250PAD0P146010Box385166B00OUO090.txt,200,202631,db878582a9fb7079c17bfc5972a9219ed10daedad2e2e22409f9a473d18dbff8,ok,True
P146318,http://documents.worldbank.org/curated/en/319701468206964479/text/822620PAD0P146010Box382156B00OUO090.txt,200,226797,3cbea2fb90f3f7b798a85025f36ac99cb2a4672727803e08570896ec2e1b1cd8,ok,True
P146319,http://documents.worldbank.org/curated/en/938411468100145944/text/PAD9270PAD0P14010Box385316B00OUO090.txt,200,515798,5034df56eab7f66243efd4d6040a02f2d02ffb1e0214ace1310de4c69e5c328f,ok,True
P146328,http://documents.worldbank.org/curated/en/579571468301525990/text/880150PAD0P146010Box385411B00OUO090.txt,200,302624,ab224d23e9984c86cda2f3524387ffeb930e4a51e768f5e0cd44ef16e9872a71,ok,True
P146332,http://documents.worldbank.org/curated/en/511371468289526526/text/PAD7040P146332010Box385199B00OUO090.txt,200,218482,c6d185cdd883015fa47b5e891aa13882903ebfa19bdcee60137e9f78f6288e5c,ok,True
P146344,http://documents.worldbank.org/curated/en/572781468122661283/text/PAD10110P1463400900IDA0R20140034601.txt,200,187123,5f501968dbd51e8637024ecb3a87bbc6dced79f5c24a92849caa10280bb44140,ok,True
P146334,http://documents.worldbank.org/curated/en/707691468001190858/text/PAD1270-PAD-P146334-IDA-R2015-0163-1-Box391471B-OUO-9.txt,200,251616,c41a9b9dfe0814c13d20ab28e4ff7282338058611b8758199d8f704315bb40fa,ok,True
P146460,http://documents.worldbank.org/curated/en/558741468283764455/text/842040PAD0P146010Box382154B00OUO090.txt,200,298646,0b39c1c1a7908c1743df0bab13dd36a40b3a8191a18aed3b91d86955c32fee5e,ok,True
P146464,http://documents.worldbank.org/curated/en/818701468201307617/text/PAD8070PAD0P14010Box385378B00OUO090.txt,200,288245,479056a359021af03f6c4d217268dda591e13e58fbc92922f1e94b147279b275,ok,True
P146469,http://documents.worldbank.org/curated/en/720781493431233575/text/Senegal-PAD-04072017.txt,200,311772,ed2cc0a0e4cdef075500b636e55570238c4602876f7d374fc2626447cfdbb53b,ok,True
P146474,http://documents.worldbank.org/curated/en/455351468252644060/text/PAD9130PAD0P14010Box385321B00OUO090.txt,200,368591,924322eea8baec5ad4a6cecc49b33e3322e7328ac660635e0cf5055a345b3940,ok,True
P146502,http://documents.worldbank.org/curated/en/294541468187792993/text/PAD1051-PAD-P146502-R2015-0123-1-Box391489B-OUO-9.txt,200,261547,f6f8294ec532000b0e14428e0aed453b010706cc15fe90564614dcdcfd0c6133,ok,True
P146482,http://documents.worldbank.org/curated/en/347681468279901640/text/PAD9870PAD0P14010Box385366B00OUO090.txt,200,294840,13eb7fedfa3f404961823a2d63bdb2ad897eec5bc3a55418b0524ef7214cffe9,ok,True
P146520,http://documents.worldbank.org/curated/en/890121468205457383/text/PAD9570PAD0P14010Box385378B00OUO090.txt,200,274624,1b0ed49949e2a8eba9bc36304ff4281c0b66aed5bf9eb520d4ff392a5098ea66,ok,True
P146688,http://documents.worldbank.org/curated/en/911641468253756483/text/PAD9460PAD0P14010Box385244B00OUO090.txt,200,199495,3cba0adb3eca6095286a48ba66cb19c044939f892ec0efb7252ff1a7ae508597,ok,True
P146666,http://documents.worldbank.org/curated/en/784941468196144217/text/PAD1347-PAD-P146666-IDA-R2016-0069-1-OUO-9.txt,200,222305,689a159ca626deedaeca12d1f613356b2c76121e898c8326f66353c6ee7f9d1c,ok,True
P146653,http://documents.worldbank.org/curated/en/343161468268772952/text/817120PAD0Indi0100OUO0900Box379845B.txt,200,274575,8ba89ee98a75dd7e3f7cd056e1dab2183a35556e7e23ca18063d2fd0a71baed9,ok,True
P146696,http://documents.worldbank.org/curated/en/844231468257335375/text/PAD9040PAD0P14010Box385222B00OUO090.txt,200,268876,ca36e542c103532c2422a9a412cd8eb47153fca1c4a6c8e679b879da98d104eb,ok,True
P146804,http://documents.worldbank.org/curated/en/772781468184789804/text/PAD1207-PAD-P146804-IDA-R2016-0027-1-Box394870B-OUO-9.txt,200,344667,80088c1f6995ac7050d562957ddc11f4993d4197ae8ba8ae29faf7cf76014600,ok,True
P146827,http://documents.worldbank.org/curated/en/273911468190785404/text/PAD1159-PAD-P146827-Box393222B-IDA-R2015-0269-1.txt,200,288158,255d9953844da1ae5fe955bcdc94ee6222ce73f8d650024275bebd4d631c717b,ok,True
P146877,http://documents.worldbank.org/curated/en/479301468304184173/text/780460PAD0P1460C0disclosed012030130.txt,200,167787,f3fe157312c76865ab5b6a15102188dbaf2a727e796d70652f31f0489e51d633,ok,True
P146933,http://documents.worldbank.org/curated/en/484631468195854426/text/PAD1266-PAD-P146933-Box394849-OUO-9-R2016-0011-1.txt,200,263318,fdf3e0c5c8a39e355969d4ca25a27c3302d118ad7f3c06ca360a7622080f0091,ok,True
P146936,http://documents.worldbank.org/curated/en/209701518211942338/text/India-PAD1125-PAD-12012017.txt,200,251073,42810098fd5d8067d0f6d84021925fdf3a083999d4b9757f299be786db9616f1,ok,True
P146965,http://documents.worldbank.org/curated/en/282911467999736588/text/PAD1233-R2016-0008-1-Box394844B-OUO-9.txt,200,196659,118677f236df06d0486462eb17b07b9e12650952d3ff99bf2060e7dd77892e65,ok,True
P146883,http://documents.worldbank.org/curated/en/477011468037548038/text/PAD10220PAD0P1010Box385319B00OUO090.txt,200,652705,bcac441e947c7df3ec4f249ef8e6b0e3a7a5ddeae4dbb277e984c2a676dbffd4,ok,True
P146970,http://documents.worldbank.org/curated/en/753511468047962522/text/PAD11240PAD0P1010Box385443B00OUO090.txt,200,198833,cacbfe4a21e926af9141e35e4e50a3a3d0c1b70d0d22bf3580ccc45fa44fad44,ok,True
P146994,http://documents.worldbank.org/curated/en/866831468208166034/text/PAD8840PAD0P1400OUO0900R20140011301.txt,200,305967,9ddf5b38158a6dd7762b62ca6d2a747b68c648319f231cfdabd576db50c49463,ok,True
P146997,http://documents.worldbank.org/curated/en/259221469465769776/text/PAD1557-PAD-P146997-R2016-0047-1-Box394870B-OUO-9.txt,200,144497,048ab4c62835494d2a324e199d3f8ebd0dd99046d8e03c4b2780c4997d99ca79,ok,True
P147006,http://documents.worldbank.org/curated/en/606641468292910078/text/PAD7750P147006010Box382155B00OUO090.txt,200,342716,bbbe86b8d933e43f5cef6a37ad3d317b0e055bde44b72b9220a1164e0092e957,ok,True
P147009,http://documents.worldbank.org/curated/en/965251513566054116/text/China-Jiangxi-PAD-11282017.txt,200,217476,9490af23e36272765947bb86b5010127ea5309452b841fc8b4413baefc24f892,ok,True
P147050,http://documents.worldbank.org/curated/en/541411468182064197/text/PAD955-PAD-P147050-R2015-0041-1-Box385415B-OUO-9.txt,200,290253,9d7a0ab86faf1f1822b93f0014a394379130ffe38d92c6a5e29fb9893b9f6e3c,ok,True
P147157,http://documents.worldbank.org/curated/en/496571468238748221/text/PAD9190PAD0P14010Box385226B00OUO090.txt,200,292520,ca25dd10763528fb125c96c95bc4135180898d263a4f0408090d7a2bbe38b887,ok,True
P147014,http://documents.worldbank.org/curated/en/441051468187769880/text/PAD1359-PAD-P147014-OUO-9-IDA-R2016-0135-1-Box396260B.txt,200,281972,e698ca910467cc58ee275f1eb0983c643fb96bf5d57fe91abc8baaa084726955,ok,True
P147010,http://documents.worldbank.org/curated/en/610541468060551481/text/PAD10190PAD0P1010Box385414B00OUO090.txt,200,339291,9643043ea7d6c7157deac655b57cbe07dc2b4b547ba14549dc0c488ba20604cb,ok,True
P147183,http://documents.worldbank.org/curated/en/634551468172770162/text/863070PAD0P147010Box385274B00OUO090.txt,200,185175,81a3555be2e5ab55f5ad13b6aa4356523b08e87b4409e2f79ce7efb6ade0f930,ok,True
P147213,http://documents.worldbank.org/curated/en/483271468023945374/text/PAD10700PAD0P1010Box385414B00OUO090.txt,200,286689,2b2b90996cfed4cddbfb60727f8cabbc150c0f057323735edd88aa91c7680ce0,ok,True
P147212,http://documents.worldbank.org/curated/en/677441468123259764/text/PAD9330PAD0P14010Box385329B00OUO090.txt,200,237696,b317b0d0864b2653a0c97a894fd003aae740c2c8aa0fc8f5812d4ca8c06d449f,ok,True
P147185,http://documents.worldbank.org/curated/en/336491468045022110/text/PAD8650PAD0P14010Box385329B00OUO090.txt,200,202298,6f7b3798cd2ea6b0be57bcaa49731ef4d71dfe0ed454611405180cf8041a343c,ok,True
P147272,http://documents.worldbank.org/curated/en/213381468179644297/text/PAD1089-PAD-P147272-R2016-0004-1-Box394836B-OUO-9.txt,200,238483,17e42c163bb958bcbbe4a36ae858893bdd6f521d0711ab45046f38b0f2599424,ok,True
P147277,http://documents.worldbank.org/curated/en/727321467999389077/text/PAD1082-PAD-P147277-R2015-0232-1-Box393256B-OUO-9.txt,200,316096,4b10bcc5c87fe5f2d036924169c267c40d9a74a5dbc1fc22509cc929fb370249,ok,True
P147250,http://documents.worldbank.org/curated/en/331981468033264991/text/PAD8710PAD0P14010Box385211B00OUO090.txt,200,239675,74946ebf60c50fb4c0cb42f4aba7db2d201531d7eee8957084f3257cf7158482,ok,True
P147280,http://documents.worldbank.org/curated/en/597391467997876023/text/PAD897-PAD-P147280-R2016-0001-1-Box394834B-OUO-9.txt,200,215200,9d5014134770471649d897ffcb1b5bd85a298f50e277bee3d5b3478a347b0572,ok,True
P147342,http://documents.worldbank.org/curated/en/971181488397306718/text/Peru-Env-PAD-12212016.txt,200,204817,fc08d8f16526bb300e6f477cc916bc9e58c17fbaf3181a22987e4bb0c47d6246,ok,True
P147348,http://documents.worldbank.org/curated/en/257621468023033600/text/PAD9110REVISED00B00PUBLIC0050150140.txt,200,228605,af94f9e068942b918e9aa03b778d4b46bc71f4c391a979bdee67417b804135ae,ok,True
P147356,http://documents.worldbank.org/curated/en/834551468036306187/text/782310PAD0P1309930Box385245B00OUO0900ACS.txt,200,293688,cef9c7e045f1e3a5833af6b6dab7cf9f665d13c9bb8cdb7caaa6859a3a8fc43f,ok,True
P147367,http://documents.worldbank.org/curated/en/555871567083532050/text/China-Xinjiang-Technical-and-Vocational-Education-and-Training-Project.txt,200,195386,6c369f292f09c6a48528d741cfbb8201701b95ff51ae2dca5ba4a03a95f520f2,ok,True
P147460,http://documents.worldbank.org/curated/en/320251467986305800/text/PAD1203-PAD-P147460-R2015-0142-1-Box391498B-OUO-9.txt,200,328286,37560b8e296164392bd6c9f39f418845b9cb7b376b9ed55ed1ec8e5f1e1cab9f,ok,True
P147381,http://documents.worldbank.org/curated/en/939491468194951956/text/PAD1253-PAD-P147381-R2016-0039-1-Box394870B-OUO-9.txt,200,206521,c8972fe17eb16ff0f6facab8001e95751218c6c58003029087a8d212668d2cf3,ok,True
P147438,http://documents.worldbank.org/curated/en/377561467992564695/text/PAD942-PAD-P147438-OUO-9-IDA-R2016-0167-1-Box396268B.txt,200,224604,3be1e620cbd1eb3383f42eae36b6ab39d78e59fb846b6baf7e357a559c67b268,ok,True
P147514,http://documents.worldbank.org/curated/en/592911468299945963/text/PAD9180P147514010Box382144B00OUO090.txt,200,377314,76f35e49e1024b46febf65e94fcfa0301186cbe8cbeb88b0022b8c68328595e7,ok,True
P147499,http://documents.worldbank.org/curated/en/130441468031509317/text/PAD9660PAD0R20090Box391426B00OUO090.txt,200,365402,b7b89811bc79d0861660d499e84eb331aa363ca93e6d7cec37d0a77728b2a810,ok,True
P147521,http://documents.worldbank.org/curated/en/286101468029641175/text/PAD9470PAD0P14010Box385226B00OUO090.txt,200,175767,275ae4140c666e9afa8a76117cff792f19403e5daafd50b65646526afe037820,ok,True
P147489,http://documents.worldbank.org/curated/en/631541468002437127/text/PAD9770PAD0P14010Box385226B00OUO090.txt,200,706154,55066425f69b2d3f87a4c36acbc6f6f5623c8bc8406a5557bb1b92efcf757f28,ok,True
P147629,http://documents.worldbank.org/curated/en/576031468061754518/text/PAD9980PAD0REP00900IDA0R20150006801.txt,200,356377,a240148a757458bcd492af5ef81bb8604a3c9e0c14e713964104fa4fea1e9020,ok,True
P147665,http://documents.worldbank.org/curated/en/502041468050052786/text/889930PAD0P1470R2014001650100OUO090.txt,200,245326,3fd48055f9008a38074923e9a7ecbe54c2768e46352d91f285dc331fc1faf40b,ok,True
P147638,http://documents.worldbank.org/curated/en/695171467991986250/text/PAD1137-PAD-P147638-IDA-R2015-0110-1-Box371422B-OUO-9.txt,200,479633,872cc8baec1f2c3f63d00fa74d870ddbb15e63575071d67ad5dfa9d6a19af9c2,ok,True
P147555,http://documents.worldbank.org/curated/en/797381468248430170/text/PAD10880PAD0P1010Box385385B00OUO090.txt,200,457428,a8e9331f3d87447a10b8f97fe9cb2b2410086bd48e87d64dd613d075f67e896f,ok,True
P147689,http://documents.worldbank.org/curated/en/532171468273353365/text/PAD7230P1476890AD0October0100final.txt,200,239430,9e4f6660be677a264d93dd20feffebd39f609190d232cc5f414d1776f4298629,ok,True
P147705,http://documents.worldbank.org/curated/en/120501468253491149/text/PAD9560PAD0P14010Box385412B00OUO090.txt,200,291633,017bc039d12215b4257f9d1e2126ece29f849d0f3cd683789fee1852c4fba6e9,ok,True
P147740,http://documents.worldbank.org/curated/en/681081468244805733/text/PAD9640PAD0P14010Box385356B00OUO090.txt,200,340870,48f50b2d5fb211f1df4cfe8de6df90ae9e2a3c006518ee47c830c5fcdc6dd1e3,ok,True
P147674,http://documents.worldbank.org/curated/en/250471468000282631/text/PAD1091-PAD-P147674-IDA-R2015-0106-1-Box391422B-OUO-9.txt,200,751594,bcb5768aed18d9ad636d7ba9679fa9a98ced12e07714ea14870024ec07819552,ok,True
P147827,http://documents.worldbank.org/curated/en/157731468188653128/text/PAD1223-PAD-P147827-IDA-R2015-0156-1-Box391456B-OUO-9.txt,200,235899,44af21087894f7806a1fca946e835ad83ff40b99f34d631e70838efd05cb06bb,ok,True
P147760,http://documents.worldbank.org/curated/en/720741468207551372/text/PAD10270PAD0P1010Box385444B00OUO090.txt,200,172475,ff095ad9ee98221d7864531717ae77bcbb9e23a63745e839d093e58d00adac7c,ok,True
P147839,http://documents.worldbank.org/curated/en/231881468001190037/text/Tonga-Pacific-Islands-Pacific-Resilience-Program-Project.txt,200,466268,60e51a9d9019bc8d3bf802642726a9a4a8c30fa4108771c53644c4aa35b20435,ok,True
P147921,http://documents.worldbank.org/curated/en/923211494813685983/text/Senegal-PAD-04252017.txt,200,278562,5b21d9322cd6ee9c53bb013b7a855f78ada5577ec3fbee015b8c04a09c7f368e,ok,True
P148013,http://documents.worldbank.org/curated/en/421641468043471522/text/PAD9950PAD0R20010Box385271B00OUO090.txt,200,241985,caaa1e5a79469889dd70f460bc58bc6609b836682c93c53142b758b8c1c8b061,ok,True
P147924,http://documents.worldbank.org/curated/en/838341468035427053/text/PAD8460P147924010Box385211B00OUO090.txt,200,218546,0c52556c0778e1a203ecc933565c3723d909fbd5e3c313667d53874d67909c66,ok,True
P147864,http://documents.worldbank.org/curated/en/916561554170626508/text/India-Uttar-Pradesh-Core-Road-Network-Development-Project.txt,200,280175,70bffe8ec5f73189d66cc90126ffa48144dbf25971dafd3dfd61127fcc93d553,ok,True
P148048,http://documents.worldbank.org/curated/en/464391518475722131/text/849450PAD0P148010Box385226B00OUO090.txt,200,227516,c2d4dd8e66e9617d67bb344134af04abd48fd293aee75acfc32dc295b4332e3a,ok,True
P148071,http://documents.worldbank.org/curated/en/502171468184462309/text/PAD1128-PAD-P148071-R2015-0180-1-Box393200B-OUO-9.txt,200,194386,16a788be112e521d45c326a83bba96b16befa88c83113afb93f5deb7b257261b,ok,True
P148023,http://documents.worldbank.org/curated/en/518061468272751740/text/863020PAD0P148010Box385310B00OUO090.txt,200,199040,387835b59adeb11a940c59a91a9518e64b3e986713af89abb10f34c23aec598a,ok,True
P148062,http://documents.worldbank.org/curated/en/242461468229480667/text/PAD10440PAD0P1010Box385444B00OUO090.txt,200,303047,58ef829d50f7f631a6cae44ebed1e617b77cbdf37ee77dcbeb435b2ea7c59bc2,ok,True
P148110,http://documents.worldbank.org/curated/en/765311468060896551/text/PAD8740PAD0P14010Box385211B00OUO090.txt,200,202691,9d9c24a928c5ec7904836ad72d39c5596ec865c7702a9fdbf630d9f48a2cfe7f,ok,True
P148114,http://documents.worldbank.org/curated/en/167911468037577991/text/PAD9910PAD0P14010Box385321B00OUO090.txt,200,219969,fda0d26988211cf96674b0e91f875b488a9af6334e5041931395987f305eca45,ok,True
P148127,http://documents.worldbank.org/curated/en/854161467996738101/text/PAD1085-PAD-P148127-PUBLIC-revised-Jul-10-final-07-15-2015-1436972555443.txt,200,362741,a1d77b7ea7b55732c80f813a4fc073cd51708633b19c969535db7411c9c59384,ok,True
P148129,http://documents.worldbank.org/curated/en/465901467991052298/text/PAD1145-PAD-P148129-R2015-0237-1-Box393264B-OUO-9.txt,200,157236,02a05379e653060401f304fe609b4b9db8a60281e161a7342ed7e8e9ab93cee4,ok,True
P148181,http://documents.worldbank.org/curated/en/824041467999135389/text/PAD1157-P148181-R2015-0171-1-Box393189B-OUO-9.txt,200,162346,6e904d2302cc5839bc671c621cef32b432c086455e6d54c877823cabeba6cf03,ok,True
P148259,http://documents.worldbank.org/curated/en/675561468187778679/text/PAD1063-PAD-P148259-IDA-R2015-0160-1-Box391456B-OUO-9.txt,200,179285,208bb02f6b09b5ace6f4fe49fb7b6fa17ea2ef8e82ddac3c41b7bc6627dbd01f,ok,True
P148238,http://documents.worldbank.org/curated/en/469381468063253542/text/PAD10130PAD0P10010Box38527B00OUO090.txt,200,139346,d73a6e9e57334adcf605003c6ab1dcd152d242179631b038f9c6fda1b9efaad9,ok,True
P148183,http://documents.worldbank.org/curated/en/229471468031741377/text/PAD10080PAD0P1010Box385412B00OUO090.txt,200,401256,dedfd05a8fe6c81451ea3e480d096cb19800d336882a166bfe12a34b7d3e1877,ok,True
P148291,http://documents.worldbank.org/curated/en/686991467993495306/text/PAD1151-PAD-P148291-IDA-R2015-0172-1-Box391456B-OUO-9.txt,200,227269,ed1b7892de90e483cf675c73cf4d4c2e1832da737efb62decf99d2ec398b53e6,ok,True
P148499,http://documents.worldbank.org/curated/en/399651468000880307/text/96955-PAD-P148499-R2015-0167-1-Box393189B-OUO-9.txt,200,207848,e2f2a5673cc555a5a57fa1d4b7abb9a94bc8283aadd96f531e29c470b29bb463,ok,True
P148294,http://documents.worldbank.org/curated/en/764331467304959162/text/PAD1068-PAD-P148294-R2016-0018-1-Box394857B-OUO-9.txt,200,260255,ed101ac5c26479aa957f4987f0a7818e6c400147e8b5e7def406126dd018eca1,ok,True
P148523,http://documents.worldbank.org/curated/en/379321467994658629/text/PAD1316-PAD-CN-R2015-0251-1-P148523-OUO-9-Box394831B.txt,200,191591,21d8b7fff8a4d35dc9f94eeaff82e709faf1b03409f4bf5a0f4b141d97919fcd,ok,True
P148527,http://documents.worldbank.org/curated/en/543301467997251456/text/PAD1280-PAD-P148527-R2015-0238-1-Box393264B-OUO-9.txt,200,226892,b374f79f050cba24982e7320dc0c3e88f1efbccc0e67d2653265906c45e20050,ok,True
P148537,http://documents.worldbank.org/curated/en/406511503626440012/text/Moldova-MGSP-PAD-08032017.txt,200,257511,849f6d4536e6641acf8e4bd571f76be12a6ff16fa02ddf21b726de868910a4f4,ok,True
P148560,http://documents.worldbank.org/curated/en/144571468300652611/text/PAD10160PAD0P1010Box385208B00OUO090.txt,200,203107,1bb6380e1dfd2e841a333dd71d209ee6765f6b376427bbb54f44cdf4f3040b67,ok,True
P148531,http://documents.worldbank.org/curated/en/769201485658840959/text/INDIA-UTTARACHAND-PAD-01062017.txt,200,214120,683d69418c8f31e37a5594f9072f94573e21c056bc692ad0f70801fbaf076356,ok,True
P148599,http://documents.worldbank.org/curated/en/902691467992494218/text/PAD1277-PAD-CN-R2015-0236-1-P148599-OUO-9-Box394831B.txt,200,225091,904954751d53ae5c6797275006356e400aaf0f5e19c2b9e107e7bbc172dff584,ok,True
P148600,http://documents.worldbank.org/curated/en/297361501380046131/text/West-Bank-Gaza-PAD-PAD1608-June-30-2017-07102017.txt,200,257185,f37f40bb82edf50919060ec84255edb3251924df5b3746a586257d9f3418f81c,ok,True
P148591,http://documents.worldbank.org/curated/en/287411468026947887/text/PAD10520PAD0P100Boxx385443B00OUO090.txt,200,468656,8b72c5d9bc2aba481a56704772e515f44f00597c632929c3859b9b6dc58f7319,ok,True
P148585,http://documents.worldbank.org/curated/en/753601467988932839/text/PAD1108-PAD-P148585-R2015-0038-1-Box385415B-OUO-9.txt,200,286864,670ac486b74ad2205d17817f907653b26920359dfc597d8e2a5019a437aaa15a,ok,True
P148647,http://documents.worldbank.org/curated/en/843081467993517728/text/PAD1050-PAD-P148647-IDA-R2016-0051-1-Box394888B-OUO-9.txt,200,247119,b2715e1d0a5b9543d82769fdd0ff81047b1a9763583e3994445d4d68f40ce74a,ok,True
P148604,http://documents.worldbank.org/curated/en/547461468041108126/text/PAD6860P148604010Box382166B00OUO090.txt,200,167867,fb7a08bf6b0f3a3ed9466d0c74137b9261f934dab892f40e7cf506cf4bc2aee2,ok,True
P148616,http://documents.worldbank.org/curated/en/975301490493660427/text/Nigeria-PAD-03062017.txt,200,373343,2f68bdca857a2374f8f226b1f5534ce61f5757f5a0e323dc8da5bba3cc1a4c4a,ok,True
P148737,http://documents.worldbank.org/curated/en/338841468190755678/text/PAD949-PAD-P148737-PUBLIC-B-HN-ACS-GAFSP.txt,200,280970,d5a4a38d9a5d0b02d94dfb275bf6e92bd6230d22c2a3c57aff07ffc50a79d80f,ok,True
P148809,http://documents.worldbank.org/curated/en/151011467992516937/text/PAD1196-PAD-P148809-Box394828B-PUBLIC-Nicaragua-Caribbean-Coast-Food-Security-Project-P148809.txt,200,249816,82eb19e988ce1eadeea69b00c77ba4b9e47679c2566ff25fdf2b3bf490c98e04,ok,True
P148836,http://documents.worldbank.org/curated/en/927401468211797027/text/PAD11090PAD0P1010Box385414B00OUO090.txt,200,272539,5a2a082daecb2ba3e07d1b093ffd61ca496e9d6702948a4ac9a7652e2537ede5,ok,True
P148853,http://documents.worldbank.org/curated/en/967181468189244508/text/PAD1226-PAD-P148853-IDA-R2015-0143-1-Box391446B-OUO-9.txt,200,476567,ee538b7c7c8ed58fae9b160d8bf040f1459aaa9ae089dc6cca894f10ab1bcdc3,ok,True
P148868,http://documents.worldbank.org/curated/en/372771468049771502/text/834520PAD0P148010Box382122B00OUO090.txt,200,229971,d12fb98b6342984455971755b716fa9fdd74219e22c5d6ba026cef5094205398,ok,True
P149005,http://documents.worldbank.org/curated/en/823281467991937253/text/PAD1015-PAD-P149005-IDA-R2015-0232-1-Box393188B-OUO-9.txt,200,207617,df9a076075e8d93da775e356a5ea5c2edef8ba82366fca6eab6ce81ad1334e1d,ok,True
P149049,http://documents.worldbank.org/curated/en/773161468185641782/text/PAD1038-PAD-P149049-R2016-0055-1-Box394875B-OUO-9.txt,200,437241,272fcc117ba3d3a3a3a874035ebc255fe29f2605437799b0576841b560391557,ok,True
P148970,http://documents.worldbank.org/curated/en/604631468179974395/text/PAD1060-PAD-P148970-IDA-R2015-0127-1-Box391445B-OUO-9.txt,200,307478,df8c2fd08db4b5096b7c90b4c8399932831a9fa264efd734643d60a75e6f6b7a,ok,True
P149091,http://documents.worldbank.org/curated/en/991071468184429548/text/PAD1204-PAD-P149091-IDA-R2015-0102-1-Box371422B-OUO-9.txt,200,293848,d490d6e99717e1e30ead275f2c27ea23f19725e62ee5d6d360a8fb8079aeaf06,ok,True
P149130,http://documents.worldbank.org/curated/en/780161468272073196/text/PAD10550PAD0P100002015004013020-02.txt,200,328746,7616ee511d553c423d11c0e9be67133641eafbead2b07728f20e25ebc32b1845,ok,True
P149176,http://documents.worldbank.org/curated/en/614981468015622453/text/PAD12550PAD0P1010Box391418B00OUO090.txt,200,387384,01174ba85fd01881d236cee2d71ea24877a3eca3f8063135ac6978e760dedd24,ok,True
P149117,http://documents.worldbank.org/curated/en/418421468191044477/text/PAD1534-PAD-P149117-IDA-R2016-0033-1-Box394866B-OUO-9.txt,200,280199,8c518d36d96ac69ffd484a85e7a1e777a4e7f822d45ffb8853ef4532085716fd,ok,True
P149182,http://documents.worldbank.org/curated/en/528181468194972322/text/PAD1175-PAD-P149182-IDA-R2016-0001-1-Box394836B-OUO-9.txt,200,302683,dd3433126183b2b091482e221b595002d6b27dd8e451ed603b1a6afc0bdef7cc,ok,True
P149282,http://documents.worldbank.org/curated/en/398921468170056043/text/PAD10740PAD0P1010Box385355B00OUO090.txt,200,236668,96204fd956705dc5c13bdfe9e266c3daf053866d6629a1dde4d1839e93a3c0d7,ok,True
P149322,http://documents.worldbank.org/curated/en/789081468190786734/text/PAD1206-PAD-P149322-R2015-0203-1-Box393228B-OUO-9.txt,200,221418,dd43c32e57f044676e257b7fd65f2a3aecc435120acea3e5242f2570deba929b,ok,True
P149277,http://documents.worldbank.org/curated/en/417861468187809852/text/PAD1072-PAD-P149277-IDA-R2015-0259-1-Box393233B-OUO-9.txt,200,219332,07f301500465bd8c8acf651b9dfcb6acfcf4b010b0d5233c3ab58fec46f4f49e,ok,True
P149242,http://documents.worldbank.org/curated/en/810511467987899324/text/PAD1030-ENGLISH-P149242-PUBLIC-FINAL-LEB-ENPTP-English.txt,200,208824,7d6d59d69b0578b33fa78d6827579e7a16679c0db8444a0cfec575f88fb6d072,ok,True
P149410,http://documents.worldbank.org/curated/en/735311467994640974/text/846600PAD0P1494100Box385184B00ouo090.txt,200,244396,5f96004befab34631010c6baa802b7a769406e6f4c4d4c10f550e01414f27122,ok,True
P149377,http://documents.worldbank.org/curated/en/865851467994666409/text/PAD1453-PAD-P149377-IDA-R2016-0043-1-Box394870B-OUO-9.txt,200,310683,dfddca85e689e0250cfae32d4ade3270ac8496e3a30495ffc7cd2ed5f4cb5792,ok,True
P149323,http://documents.worldbank.org/curated/en/790201468179349494/text/PAD1198-PAD-P149323-IDA-R2015-0233-1-Box393189B-OUO-9.txt,200,331885,74bf64a08b5c4a6589654ba1836cc0cd8b1399b4f966412f4cba6e0c124f0ea9,ok,True
P149340,http://documents.worldbank.org/curated/en/719521482375675651/text/INDIA-NAGALAND-PAD-11302016.txt,200,219656,0d059cf32a26d3507994ae6503a777a8e534ef478142b83c14522454a349750f,ok,True
P149485,http://documents.worldbank.org/curated/en/436771468933212674/text/PAD1578-PAD-P149485-R2016-0120-1-Box396255B-OUO-9.txt,200,174470,a6c9bc6411ae90a4791432edd6d80791a60c138711a28988c0f93beb8e0b38e4,ok,True
P149512,http://documents.worldbank.org/curated/en/868211468230968823/text/PAD9480PAD0P14010Box382155B00OUO090.txt,200,206546,823bcffae0616c34b71ce5cbbeb6df680407672847039a487992c25fe686efd2,ok,True
P149493,http://documents.worldbank.org/curated/en/565061468205480218/text/PAD10230PAD0P1010Box385443B00OUO090.txt,200,293257,54827831f13fa0040d977def5eb40e6f3d0041cc13007ce86e4c376b2be0e09e,ok,True
P149522,http://documents.worldbank.org/curated/en/970141473904899098/text/PAD-Belize-ERCAP-08232016.txt,200,274590,7da48c07bd0f08a4401a49c6d7a76f640f0b66983d8dfd841129a9109e88a24a,ok,True
P149526,http://documents.worldbank.org/curated/en/668001467992483402/text/PAD1353-PAD-P149526-IDA-R2015-0137-1-Box391446B-OUO-9.txt,200,512887,e43e4c76aafa2295673e6069cbce1e4379f24e0647a7822001241d431753d1e6,ok,True
P149528,http://documents.worldbank.org/curated/en/595561488164428604/text/PAD-disclosable-vrsn-P149528-2017-01-27-14-51-02062017.txt,200,212813,e4cbf7e69a134c3c941701791eb0cec5d5a5022fc58b3c2731f233c082e8a550,ok,True
P149599,http://documents.worldbank.org/curated/en/131211468001190553/text/PAD1273-PAD-P149599-IDA-R2015-0159-1-Box391471B-OUO-9.txt,200,225146,9b1dc4266fb28210559fbc4f1f1d708fb2bad207af1ded5a3526f5e59ac144d1,ok,True
P149553,http://documents.worldbank.org/curated/en/882301468188375582/text/PAD1146-REVISED-PAD-P149556-IDA-R2015-0130-2-Box391454B-SD-6-8-15.txt,200,458296,5cd797a64230f2c91f8c60db725ddde08a107ca304a7ca1dfe0974176ef5a39d,ok,True
P149670,http://documents.worldbank.org/curated/en/981641467993158673/text/PAD976-PAD-P149670-Box393177B-PUBLIC-2015-06-30-final-to-be-uploaded-to-Imagebank.txt,200,207986,4eb5dcbfc51d4826c55cf07ee17774cb5d9d467a85d1a8ea00bad1a19ba63787,ok,True
P149605,http://documents.worldbank.org/curated/en/517601468205481636/text/PAD11270PAD0P1010Box385415B00OUO090.txt,200,376734,a010a6daff4996850a729742a6dcd4fc0810c362281700c0b9370c312164c427,ok,True
P149714,http://documents.worldbank.org/curated/en/946391468194050673/text/PAD11610PAD0Bo000disclosable0FINAL.txt,200,266009,c6f87cbb95a6ce83316fc29cdf1d97779a15509217d34f3003f063e7abda2ff2,ok,True
P149858,http://documents.worldbank.org/curated/en/410531468048905472/text/PAD10620PAD0P1010Box385329B00OUO090.txt,200,177142,c69127edbf99f821862e4988f349799aa40dea96e3dca0ca047c4542e03d7e70,ok,True
P149697,http://documents.worldbank.org/curated/en/151831468203646169/text/887970PAD0P149010Box385385B00OUO090.txt,200,189884,8ef33394ff38d37e804282a5c93648a111c7055de8ae7327cf99acbbdb8403fd,ok,True
P149724,http://documents.worldbank.org/curated/en/119441469672145615/text/PAD10180PAD0P14972400PUBLIC00Box391431B.txt,200,199570,7cc84c7247ffa6474ddf36dabd49f25b8a7478011caa6cf6b0381e3b0f40c28b,ok,True
P149884,http://documents.worldbank.org/curated/en/231141468016789957/text/PAD10020P14988010Box385177B00OUO090.txt,200,184337,7e3d2d1d1f0e6072cab78e07126b7615c387f4c1a13993a4746f189a43be3789,ok,True
P149872,http://documents.worldbank.org/curated/en/222971467992503902/text/PAD1193-PAD-P149872-R2016-0023-1-OUO-9.txt,200,261177,2a817481e537a8566f64625cdd9bc02f0d65f689b41a9f50f8cfaa87c732037b,ok,True
P149895,http://documents.worldbank.org/curated/en/844921468212969712/text/PAD9940P149895010Box385222B00OUO090.txt,200,163211,52eed0c9ea8e3fa6c9f90ba658035e7091b7f5671900f5fdeb90bc41d3940e4c,ok,True
P149953,http://documents.worldbank.org/curated/en/301151467994687234/text/PAD1465-PAD-P149953-R2016-0034-1-OUO-9.txt,200,294906,fbcdc64d8fbe23fa0739d8f20b15ef371c9d53aa27adfde883fecd4fcdfeca45,ok,True
P150008,http://documents.worldbank.org/curated/en/221771484075116214/text/SA-PAD-12302016.txt,200,335877,f41d1ef190af7157a911248b027a65d7d564f340ae4530953d47c54cb218b84d,ok,True
P149969,http://documents.worldbank.org/curated/en/443971468171858975/text/PAD1287-PAD-P149969-GEF-R2015-0009-1-IDA-R2015-0101-1-Box391422B-OUO-9.txt,200,308639,57d4aa27e0ebc14448eb3d9dc4b0c933f4c9181d77cda6615b1288ab34def01b,ok,True
P149965,http://documents.worldbank.org/curated/en/584381553014128394/text/PAD1188-P149965-IDA-R2015-0115-1-Box391433B-OUO-9.txt,200,455398,8fba324481cf7a71dd3e073d7a8ff3f4d2c490d615071e5bd3fc7ff154fa1faf,ok,True
P149960,http://documents.worldbank.org/curated/en/842151468279560485/text/PAD10200PAD0P1010Box385323B00OUO090.txt,200,321773,7d22a31c7bc66e243109dc741ab35bd3a18ea7c20d41a7bd834009c97186ea91,ok,True
P150028,http://documents.worldbank.org/curated/en/275221468029722299/text/PAD10920PAD0P1010Box385413B00OUO090.txt,200,258946,e0c735e0127bbd6ac1e1f776eaf1970be3e97055253dd1329d34b192787b4bd1,ok,True
P150058,http://documents.worldbank.org/curated/en/464051468188677368/text/PAD1081-PAD-P150058-IDA-R2015-0174-1-Box391456B-OUO-9.txt,200,221644,f17d6f59799d98f5aad98109b105731413ffaea7d437103979166027c90deb85,ok,True
P150066,http://documents.worldbank.org/curated/en/311991468190177406/text/PAD1276-PAD-P150066-IDA-R2015-0241-1-Box393200B-OUO-9.txt,200,291976,f83e92a533dcfecdffeb3e9999d42a97d45b2efeb7ab5c12d44091960633b1b4,ok,True
P150080,http://documents.worldbank.org/curated/en/657461680218713823/text/Africa-Sahel-Womens-Empowerment-and-Demographic-Dividend-Project.txt,200,661817,5934cbca2a2ad18145de530d3336add16865cbf7a15b2d9dbe7b2dd34d738a0d,ok,True
P150148,http://documents.worldbank.org/curated/en/901781468000617438/text/PAD1142-PAD-P150148-IDA-R2015-0225-1-Box393177B-OUO-9.txt,200,217172,ba260857275e8ceda988e294c224cad6437ea3140ee8c513b6a5e2a23f012ffe,ok,True
P150116,http://documents.worldbank.org/curated/en/513681468197098764/text/PAD1547-PAD-P150116-OUO-9-IDA-R2016-0116-1.txt,200,365537,7be6db80cac15ec692bbdc2d974eac60a36d65fa34a82452c105554189ae9a5c,ok,True
P150158,http://documents.worldbank.org/curated/en/535611467999117367/text/PAD1426-PAD-P150158-R2015-0101-1-Box391456B-OUO-9.txt,200,260762,fad8fabc002782ea388d449a06ed59ba6ebe6bc1c704d99c0404b12b27d7cedf,ok,True
P150113,http://documents.worldbank.org/curated/en/277981468313178438/text/869520PAD0P150010Box385211B00OUO090.txt,200,241465,883efc8ca5dcf13315816557c42f1c33f17c3a99d6a7ce339e56485b2bc12179,ok,True
P150308,http://documents.worldbank.org/curated/en/151391503585044320/text/INDIA-ASSAM-PAD-05092017.txt,200,317215,95f2a481d8de0ed7264adf108357889961010eefda6d40feb278ca53f9500d53,ok,True
P150183,http://documents.worldbank.org/curated/en/921881468038668081/text/PAD12180PAD0P1010Box385444B00OUO090.txt,200,306528,4d3af0cc814d0438d4accd0ed2014d5dca2b640a3e54f5fdba2ec87a3ab291d9,ok,True
P150327,http://documents.worldbank.org/curated/en/831361467992519563/text/PAD1424-REVISED-P150327-PUBLIC-disclosed-12-22-2015-11-30PM-R2015-0241-2-Box394828B.txt,200,287886,cdb5abc56ca17f24038ebfb25a52834d54d55f9ec15acceb6eedaab37ac03f57,ok,True
P150220,http://documents.worldbank.org/curated/en/990771467995624739/text/PAD1414-PAD-P150220-IDA-R2016-0105-1-Box394887B-OUO-9.txt,200,385077,9db5a0a1b3479072f6b32b06038e25c88e8f2073624ded3777666017042aed24,ok,True
P150357,http://documents.worldbank.org/curated/en/333461468184774414/text/PAD1406-PAD-P150357-R2015-0200-1-IDA-R2015-0265-1-Box393220B-OUO-9.txt,200,239937,e235936af37bdd4135c2446c7499ee7266f97ef44b47babde31a4842afc0b193,ok,True
P150351,http://documents.worldbank.org/curated/en/111281468188938553/text/PAD1214-P150351-IDA-R2015-0146-1-Box391446B-OUO-9.txt,200,217636,aca5955a07bfe72cc97d54de109d2fe1994279725f571929357e83d6fa12455c,ok,True
P150394,http://documents.worldbank.org/curated/en/828721468000613060/text/PAD1080-PAD-P150394-IDA-R2015-0173-1-Box391456B-OUO-9.txt,200,319616,7fc2e3ba0b3d0026552924fd4d4f5e18a117c0a95fb35d0a8affac342f266905,ok,True
P150374,http://documents.worldbank.org/curated/en/965101617648211610/text/Somali-Urban-Investment-Planning-Project.txt,200,160706,5a9c7fa245e532a567789c570ab036db6657f66c237c026aa58e952a84fc19cc,ok,True
P150481,http://documents.worldbank.org/curated/en/228791468119057716/text/PAD10690P15048010Box385399B00OUO090.txt,200,312555,8d9d9e124df884db88663aa890e556e7615e52d4534d99be6a69e0265dba0a3d,ok,True
P150402,http://documents.worldbank.org/curated/en/410881468039550416/text/PAD10470PAD0P1010Box385386B00OUO090.txt,200,327739,7502f2b54b7009c6d10efc2bbc4a9f279a89a6ee012d2f2b0585d5897600b58a,ok,True
P150430,http://documents.worldbank.org/curated/en/395981468179329737/text/PAD1185-PAD-P150430-IDA-R2015-0092-1-Box391434B-OUO-9.txt,200,283294,2fb2c0f22242fb11ef94e014748b2ddd1cda6a8764d2b1b960aa39a00890bcb1,ok,True
P150395,http://documents.worldbank.org/curated/en/225211468257078121/text/PAD10960PAD0P1010Box385445B00OUO090.txt,200,220995,d1c0c18ab3bfdfdf4203f80423eed42ed6699cdb78338e8a38aa0fe2127bd9c5,ok,True
P150520,http://documents.worldbank.org/curated/en/677151468035385783/text/PAD11740PAD0P1010Box385443B00OUO090.txt,200,379020,55c8fd611753d778d5df8213f1a0c7aeffcc12aea62407416ca11eb6b1548bbc,ok,True
P150631,http://documents.worldbank.org/curated/en/552441467996700044/text/PAD1094-REVISED-Box394886B-OUO-9-IDA-R2016-0073-2.txt,200,326127,01981dff1f753af43aaa4a4a7c24cb32d3b8e7de49d6a5ed47492e69ec861785,ok,True
P150576,http://documents.worldbank.org/curated/en/742651468197344764/text/PAD1630-PAD-P150576-OUO-9-IDA-R2016-0133-1-Box396260B.txt,200,286894,645bf5fa725fb9b2a470b86b7a468bd7ad40b1dffe060676c9fdd266f629e60b,ok,True
P150634,http://documents.worldbank.org/curated/en/426911468179342511/text/PAD1301-P150634-IDA-R2015-0295-1-Box393256B-OUO-9.txt,200,322689,018e016f18c1766370e868bb50ef37f125b1435111aec5b2f48681f195e82175,ok,True
P150696,http://documents.worldbank.org/curated/en/571991468000614527/text/PAD1263-PAD-P150696-R2015-0115-1-Box391466B-OUO-9.txt,200,264037,e45d5ed1a00ffdb8d99d7ae20aba57a8d5c510fb1006d4273d0276beeb12606d,ok,True
P150844,http://documents.worldbank.org/curated/en/276661467995073571/text/PAD1609-PAD-P150844-OUO-9-IDA-R2016-0036-1.txt,200,379166,ba3ed156812aee01535061f5c1456592c23b2c463b89ca8b972102a7a38b3746,ok,True
P150827,http://documents.worldbank.org/curated/en/793131468030262544/text/PAD11670PAD0P1010Box385443B00OUO090.txt,200,171576,4026b41e0f2b417ee79e8b7d77f7ef97e0f7c1523cf126c4283aa26a3f4f0f40,ok,True
P150754,http://documents.worldbank.org/curated/en/216571468018596777/text/PAD11950PAD0P1010Box385415B00OUO090.txt,200,249638,9512122fc65984c2a2cc6dd4a66a56b4cfc17e7b2a75202247905b73a5887457,ok,True
P150922,http://documents.worldbank.org/curated/en/588581680218797833/text/Ethiopia-Public-Financial-Management-Project.txt,200,356151,4e2c0e55c51e5cc08fdbb7e72c86d5b9dd84d4062754782b0d1fe30ae8431257,ok,True
P150938,http://documents.worldbank.org/curated/en/509081468000596623/text/PAD1155-PAD-P150938-IDA-R2015-0129-1-Box391445B-OUO-9.txt,200,348552,23fbe6e6d3857b453d2208b29d0911ed3c9f53d5d75009e00dc0cc2dda8d08b5,ok,True
P150929,http://documents.worldbank.org/curated/en/152931468226763689/text/PAD12920PAD0P1010Box385454B00OUO090.txt,200,272441,ffd1c945be6fe661b37c3ba1d2212545fac272a8ab499b701fbc8c67dd25cbb4,ok,True
P150930,http://documents.worldbank.org/curated/en/382561467999679050/text/PAD1208-PAD-P150930-R2015-0121-1-Box391474B-OUO-9.txt,200,327099,8efffcbb417e8d972181445bcbf5164fbcdf721c9ac542d9d3f975b642d0231d,ok,True
P151058,http://documents.worldbank.org/curated/en/502511468197386812/text/PAD1201-PAD-P151058-Box394866B-OUO-9-IDA-R2016-0024-1.txt,200,331874,0a0363bb5a3bedba60bfa1c3908f2ee10d265c26b93275329846bd7182b42fc4,ok,True
P150991,http://documents.worldbank.org/curated/en/362471473187991734/text/IDAR2016-0221-PAD-09012016.txt,200,149115,f0dbb924aeed278395c8bcc1dfdb3d259e1f816393c21674dba270e6039a8c9a,ok,True
P151030,http://documents.worldbank.org/curated/en/385911488207546505/text/Tunisia-Integrated-Landscape-Mgt-PAD-02232017.txt,200,422970,532d0270530a938f1695f5f95a06a01b860dcbb3581db3f2d53076fd80e3c129,ok,True
P151059,http://documents.worldbank.org/curated/en/935731467995788388/text/PAD1445-PAD-P151059-R2016-0017-1-Box394856B-OUO-9.txt,200,348428,81fe36a4c2b1508402719170353a5bad6f7a6ba0aeadb41f269c2f1dc7013656,ok,True
P151075,http://documents.worldbank.org/curated/en/454401610485927628/text/Pakistan-Community-Support-Project-CASA-1000.txt,200,162836,0de1dc59c1d089acde4e5fcbd32e333d264dfacb1ac46465ce622966b7796324,ok,True
P151077,http://documents.worldbank.org/curated/en/951121467993211828/text/PAD1319-PAD-P151077-R2015-0227-1-Box393255B-OUO-9.txt,200,211887,771b55eb25b220700ab8e85b70f9310078f3aab80731f4048b95e21d6833be35,ok,True
P151072,http://documents.worldbank.org/curated/en/700081501984847391/text/INDIA-PAD-07172017.txt,200,246329,43228764f539c090abab03bd88c1ce533309f408a6d6b3f5c6653ef2cbaeddd3,ok,True
P151083,http://documents.worldbank.org/curated/en/348781468188338972/text/PAD1254-PAD-P151083-IDA-R2015-0245-1-Box393199B-OUO-9.txt,200,574673,4e976d4fddeb79e4833daf82bed7b63b2ebfa7698b10c2e5bd822396b633ba8b,ok,True
P151089,http://documents.worldbank.org/curated/en/821811468000018959/text/PAD1306-P151089-Box393264B-PUBLIC-West-Bank-and-Gaza-F4J-P151089-PAD-Fin-for-Board-Package-REV-for-SECPO.txt,200,280950,f78fa50d68ebe82bc203be5a48cef26218147389dc39e6efc3b39a6d11fe488a,ok,True
P151102,http://documents.worldbank.org/curated/en/271631467986366400/text/PAD1346-PAD-P151102-GEF-R2015-0015-1-Box393244B-OUO-9.txt,200,183808,e6dfc53ec79a89006be0c9464e565a94ad3b87a14b59e3dc3ebf59396178023e,ok,True
P151086,http://documents.worldbank.org/curated/en/454681493226492762/text/PAD1719-PAD-PUBLIC-PAD-disclosable-versionP151086-updated-SECPO-0328-2017.txt,200,246430,d300972c058dbbd99e720ddaaf388e315041b12c525fd011a9186695ddc8157c,ok,True
P151155,http://documents.worldbank.org/curated/en/305621511406035802/text/CAMEROON-PAD2-11012017.txt,200,307861,5857d79a02881c6171f03ba0ec7b56e01ae13c881128278aa2ace91c8aee0471,ok,True
P151215,http://documents.worldbank.org/curated/en/179061468215115488/text/PAD11010PAD0P1010Box385329B00OUO090.txt,200,225834,0a7bf6c50a57a0f31f19fcec4593a784d85a9772801f2f7b9e6263ae165481d3,ok,True
P151157,http://documents.worldbank.org/curated/en/979731468013841580/text/884060PAD0P151010Box385244B00OUO090.txt,200,235827,7c5e616fbdeb3b0bd4daf81393e96e09d0bbc3aca64abf3b46ede1589c829f89,ok,True
P151281,http://documents.worldbank.org/curated/en/179731473645626619/text/PAD-after-negotiation-08252016.txt,200,106571,3f443bbcfa2db2bdfbd4cce4fda3b995a7b4d0d5913dd51099e965ebffa419f7,ok,True
P151318,http://documents.worldbank.org/curated/en/677371468056064986/text/PAD11620PAD0P1010Box391421B00OUO090.txt,200,431223,a9153444abfeea88f516d000dc8771ecfc487cfcbcc5073e009e909e334eb169,ok,True
P151357,http://documents.worldbank.org/curated/en/993381482462216700/text/Iraq-PFM-LA-July-16-2016-to-team-12012016.txt,200,289296,20b982e84188773acf4919e6532da55b4f0702e1f318ca5d283bf66111b1a851,ok,True
P151416,http://documents.worldbank.org/curated/en/699471467996738912/text/PAD1559-PAD-P151416-IDA-R2016-0020-1-OUO-9.txt,200,219186,60c18687e2bb578ca64b93f916a1cecda2417357b10ec150b77c1c54485ac0c2,ok,True
P151363,http://documents.worldbank.org/curated/en/858141468000588741/text/PAD1228-PAD-P151363-IDA-R2015-0267-1-Box393228B-OUO-9.txt,200,432970,f2a024ecf12d0a3ea56c8fdacbb7b73da98ff277cfee5dec65f9b446d148a5b4,ok,True
P151425,http://documents.worldbank.org/curated/en/954581467986290268/text/PAD1371-PAD-P151425-IDA-R2015-0158-1-Box391471B-OUO-9.txt,200,336413,9f1de3a68d449a3ac1fb89e420b96420497b212fd0f9d6bf95b4539da5321e83,ok,True
P151442,http://documents.worldbank.org/curated/en/530181468185959439/text/PAD1377-PAD-P151442-IDA-R2016-0101-1-Box394887B-OUO-9.txt,200,299343,a9d356b6087a63b60153c1abc8256592de7254240b0c4d99f497a94511c1368f,ok,True
P151447,http://documents.worldbank.org/curated/en/320431467999672034/text/PAD1373-PAD-IDA-R2015-0095-1-P151447-Box391438B-OUO-9.txt,200,358437,271e3a3231042856d2d86e8b3a1e7c8fb02e0093abe53818e41d1835860e26e6,ok,True
P151449,http://documents.worldbank.org/curated/en/612311480042848001/text/Mali-PAD-11032016.txt,200,392836,1eeb1c09699df22b5bc0bd4f1653fda4aa783759dd9cb45837fc008e515edad2,ok,True
P151451,http://documents.worldbank.org/curated/en/881811467991985986/text/PAD1304-PAD-P151451-IDA-R2015-0104-1-Box371422B-OUO-9.txt,200,299801,fc8ac47d957069f0de1d9ba6e45e27ee5513530faa98b5dc175c9607e8c35f1a,ok,True
P151469,http://documents.worldbank.org/curated/en/533151467994709520/text/PAD1370-P151469-IDA-R2016-0025-1-OUO-9.txt,200,460630,401b446928cbd2143e30cdac6e13fb2a9bb5d2b6e3ae27b2ca5ed61c98b53d86,ok,True
P151488,http://documents.worldbank.org/curated/en/813221467989481643/text/PAD1687-PAD-P151488-IDA-R2016-0107-1-Box394887B-OUO-9.txt,200,408476,ac8c472bb332bfbce5eae90bae3252e0efacc0cfffc7ab3aaf5e2ff10fe42e7e,ok,True
P151492,http://documents.worldbank.org/curated/en/962431467997287076/text/PAD1200-PAD-P151492-PUBLIC-Box393170B.txt,200,417924,ea00eaf106f819b867fdc0d49f13967ee9312210e402be1e7c3ed9ec3aedbb22,ok,True
P151544,http://documents.worldbank.org/curated/en/919141468035381185/text/PAD12110PAD0P1010Box385412B00OUO090.txt,200,307634,98dabe2d0d9a2bdcf5e769a52a597a76eb763b5c6a940138eabf6c8f468339e0,ok,True
P151604,http://documents.worldbank.org/curated/en/164671506524773912/text/Mexico-PAD-08252017.txt,200,346626,cf86c4a1c6502800c358389eb5ea9365d39462d2b8c0c663046f81c01763b457,ok,True
P151746,http://documents.worldbank.org/curated/en/690831467989526521/text/PAD1433-PAD-P151746-IDA-R2016-0046-1-Box394886B-OUO-9.txt,200,213946,d13cf85488fb5708869c98717ed2e31a2a62590e1743de8b9defadc811c6839f,ok,True
P151744,http://documents.worldbank.org/curated/en/388701467991951618/text/PAD1637-PAD-P151744-IDA-R2016-0092-1-Box394886B-OUO-9.txt,200,316615,095da80e303396e50573d2dcd01c19bffada9861aa0a3260e01e9e39afc77504,ok,True
P151712,http://documents.worldbank.org/curated/en/216981467304914217/text/PAD1421-PAD-IDA-R2015-0294-1-Box393256B-OUO-9.txt,200,481486,adc7dd40ed5cdad3716c9e3ddd7874fa336c5ac03d6f8c78e2225adad6015fa0,ok,True
P151777,http://documents.worldbank.org/curated/en/362221468291332192/text/PAD11690PAD0Mu000Box385386B00OUO090.txt,200,559035,7869207aa5cd90f8e4e9279fb1dfc43dfe3811c860785169cc8f0d7006a5d7c1,ok,True
P151754,http://documents.worldbank.org/curated/en/362221468291332192/text/PAD11690PAD0Mu000Box385386B00OUO090.txt,200,559035,7869207aa5cd90f8e4e9279fb1dfc43dfe3811c860785169cc8f0d7006a5d7c1,ok,True
P151780,http://documents.worldbank.org/curated/en/362221468291332192/text/PAD11690PAD0Mu000Box385386B00OUO090.txt,200,559035,7869207aa5cd90f8e4e9279fb1dfc43dfe3811c860785169cc8f0d7006a5d7c1,ok,True
P151760,http://documents.worldbank.org/curated/en/362221468291332192/text/PAD11690PAD0Mu000Box385386B00OUO090.txt,200,559035,7869207aa5cd90f8e4e9279fb1dfc43dfe3811c860785169cc8f0d7006a5d7c1,ok,True
P151816,http://documents.worldbank.org/curated/en/268521468039041661/text/PAD12320PAD0ID060Box391426B00OUO090.txt,200,155926,b1f56ebf1f32ad20805250dc91f6ad3e3500f97856bac9786242af0fd8d872df,ok,True
P151785,http://documents.worldbank.org/curated/en/107891468184443896/text/PAD1147-P151785-IDA-R2016-0023-1-OUO-9.txt,200,273962,7f45093d419775f9cc20d44fc1e55408fdbf78397e3d2650db1c2840c6f6091c,ok,True
P151831,http://documents.worldbank.org/curated/en/867311468197383244/text/PAD1654-PAD-P151831-IDA-R2016-0077-1-Box394888B-OUO-9.txt,200,418417,cf447f69336297cecf98fe0fe77aede6d5f0491c75c5f09eafb5e399090e1193,ok,True
P151819,http://documents.worldbank.org/curated/en/490361467992052159/text/PAD1293-PAD-P151819-IDA-R2016-0108-1-Box394887B-OUO-9.txt,200,524788,3f68587f975e866ecf9d71e8b9d2ed77b506fcc7df6f84278aafeacc4f2f62cb,ok,True
P151832,http://documents.worldbank.org/curated/en/609111468185931294/text/PAD1570-PAD-P151832-OUO-9-IDA-R2016-0111-1.txt,200,237750,1f951a2b5c98065bdd6fe73f9b4865c10966f26cb47946652210dba4582c4b2b,ok,True
P151851,http://documents.worldbank.org/curated/en/634181493604098313/text/Peru-Integrated-Water-Resources-Mngt-in-Ten-Basins-P151851-PAD-04112017.txt,200,396659,0e14eac29c0835b7570eaa5c11c8ea505289fa209ff349e9cedfceec13643ce1,ok,True
P151835,http://documents.worldbank.org/curated/en/900951482030099834/text/1482030098559-000A10458-PAD-Burundi-SSN-11282016.txt,200,309723,ff76db48625933c4d54410152df72a65f8416bbd0b30b31bd0df7645cc97bbb1,ok,True
P151869,http://documents.worldbank.org/curated/en/821751468186545895/text/PAD1271-PAD-P151869-IDA-R2016-0132-1-OUO-9.txt,200,359258,213dfe97d615d9c730888dabe401cf2f59e310e5d2c9cd4273f552d294c4475f,ok,True
P151916,http://documents.worldbank.org/curated/en/748601468190137956/text/PAD1311-PAD-P151916-IDA-R2015-0169-1-Box391454B-OUO-9.txt,200,244907,dd0f767b77a676b309047559ecd8f14ccd91f48abb822829e28f74687df341a8,ok,True
P151909,http://documents.worldbank.org/curated/en/939151521424843300/text/MALI-NIGERRIVER-PAD-02272018.txt,200,539785,0a3bf3fa2327f2f2f0ff8b7699735e15ed0ee69acc03fcc38098e76215a2376a,ok,True
P151963,http://documents.worldbank.org/curated/en/337761468188378043/text/PAD1220-PAD-P1511963-R2015-0131-1-Box391484B-OUO-9.txt,200,304525,f777ba068c3ba3fcccf6846d5d6e76f1ef81a274cafaa59e1af6e61a129c9465,ok,True
P151972,http://documents.worldbank.org/curated/en/985011468000617178/text/PAD1344-PAD-P151972-R2015-0153-1-Box393177B-OUO-9.txt,200,330311,b2ddc1766beb7128a033a4b1f15aeccb3c7af7e13ab5887dd48a5a809a73a60c,ok,True
P152018,http://documents.worldbank.org/curated/en/409561468116048196/text/PAD11290PAD0P1010Box385323B00OUO090.txt,200,283757,2d8003afd70d7f139d23ebab68aa5236b2d608488545d0d1b9530e95f0443dcd,ok,True
P152039,http://documents.worldbank.org/curated/en/741191468191058345/text/PAD1243-PAD-P152039-IDA-R2015-0100-1-Box391456B-PUBLIC-disclosed-6-9-15.txt,200,201266,0c9076b8d5ee15a7dccf7374ae44870a4d16b6b56f1253c0896db42d06b5ab8f,ok,True
P152096,http://documents.worldbank.org/curated/en/224431468187807478/text/PAD1332-PAD-P152096-R2015-0191-1-Box393212B-OUO-9.txt,200,242108,30937fac4e1f198a5688a3662943f0bac69debac9349317c899e5e6b371da4f6,ok,True
P152104,http://documents.worldbank.org/curated/en/258061468189543475/text/PAD1176-PAD-P152104-R2015-0173-1-Box393189B-OUO-9.txt,200,364497,03d6120336a426efc0c6ce22171e7e88185e2f2b29ec5723167a07995746d202,ok,True
P152136,http://documents.worldbank.org/curated/en/224571468000595753/text/PAD1336-PAD-P152136-IDA-R2015-0128-1-Box391445B-OUO-9.txt,200,221119,1175a0771d7f26101e2290ba318e3cf1aa9d5061721f08ec62ad4d39192ce9bd,ok,True
P152171,http://documents.worldbank.org/curated/en/114071471034257836/text/Ghana-PAD-Economic-Mngt-Strengthening-July-2016-08112016.txt,200,351318,1fe0c82619bcb6a2a71de7fa0bac4d301b52f74b2478aa8ecbb4855976e9d768,ok,True
P152210,http://documents.worldbank.org/curated/en/385451468251405191/text/904830PAD0P152010Box385385B00OUO090.txt,200,269506,e4a75d8efb5720ea2fd1ad2aee88445e60c412399364ddc1f7222ff48abf9f04,ok,True
P152230,http://documents.worldbank.org/curated/en/483101467995045181/text/PAD1703-PAD-P152230-GEF-R2016-0001-1-OUO-9.txt,200,127550,70cd33660383b91ea40f5c74aef9651dbd74fb32b9dd79fa082bd8067e1b7a24,ok,True
P152232,http://documents.worldbank.org/curated/en/167991570076076413/text/Vietnam-Second-Stage-of-the-HCFC-Phase-Out-Project.txt,200,229589,575559ddbf06e9c4a6781d83d5157fe8d24e44428f2e6ebe768557e400858c51,ok,True
P152241,http://documents.worldbank.org/curated/en/208771468184473096/text/PP1323-PAD-SCORE-Box394849B-PUBLIC-P152241.txt,200,320502,47b1af9473392869ad34ab401ba9a4d6e70cb920b1810c94a1f613ec0f7a44f8,ok,True
P152276,http://documents.worldbank.org/curated/en/802501506823284483/text/Belarus-PAD-MSME-09112017.txt,200,171921,12300e55b4ac7a1eebe462c592cf12214ec4c8e232d75f8e2c7c3509b8bdcaf2,ok,True
P152307,http://documents.worldbank.org/curated/en/598931517454038216/text/Jamaica-PAD-01092018.txt,200,244962,80c8e81d354fa6a70ca33b9c2e2e8eabc4e38c62b8bd8043212d2c4968907081,ok,True
P152347,http://documents.worldbank.org/curated/en/457221482159012451/text/1482159025082-000A10458-PAD-December-12-2016-12152016.txt,200,289923,ee8d60f9aec474a56f6a0ece3369de3e85d06de129cfd3ce083a5966724b7de9,ok,True
P152359,http://documents.worldbank.org/curated/en/217561468054579248/text/PAD11340PAD0P1010Box385319B00OUO090.txt,200,347368,ca9d6f7125eb35a5c1bd9f0ec1f2852900cdf4d39405afc725b97719c70ce302,ok,True
P152309,http://documents.worldbank.org/curated/en/645281468196184465/text/PAD1250-PAD-P152309-IDA-R2015-0298-1-Box393256B-OUO-9.txt,200,347448,07c46fc052795922cac9d442dfa201a167cbe8e6af52724a462ac93d2ec41b3d,ok,True
P152398,http://documents.worldbank.org/curated/en/511661467996741924/text/PAD1531-PAD-P152398-Box394866B-IDA-R2016-0032-1-OUO-9.txt,200,204931,b02c89488cdecb235c846f1f41a511a0c74feb1f7bce605174427feb21c67bd2,ok,True
P152460,http://documents.worldbank.org/curated/en/178991468179657704/text/PAD1657-PAD-P152460-R2016-0070-1-Box394885B-OUO-9.txt,200,220114,55e7d62570ebf1c1833809fb3299f3b3938d0b17db60c26e494c115d63a1435f,ok,True
P152441,http://documents.worldbank.org/curated/en/320681467987898858/text/PAD1543-PAD-P152441-R2016-0029-1-OUO-9.txt,200,463956,1bf01c1498e02d12b1f2120348763c47111b4fba166e24bdeed6c39ef97ac06a,ok,True
P152394,http://documents.worldbank.org/curated/en/215261467995371106/text/PAD1694-PAD-P152394-IDA-R2016-0122-1-Box396259B-OUO-9.txt,200,356718,4a533d5c1d6ef8c462ca08404db77349c56b2ffbf970293adcb3bdab54a15435,ok,True
P152512,http://documents.worldbank.org/curated/en/962531468189561818/text/PAD1469-PAD-P152512-IDA-R2015-0205-1-Box385353B-OUO-9.txt,200,135224,3efc33101cfc941f82c8b080f35db981694f3c595714feb4415ac0d6342576cc,ok,True
P152653,http://documents.worldbank.org/curated/en/681391468187808198/text/PP1461-PAD-P152653-R2015-0184-1-IDA-R2015-0250-1-Box393201B-OUO-9.txt,200,178955,570a004fe8e4c5aae20055e68f02580aabd52030b1091c8fb5eadf81c7742ae2,ok,True
P152625,http://documents.worldbank.org/curated/en/438451467999075986/text/PAD1409-PAD-P152625-R2016-0064-1-Box394878B-OUO-9.txt,200,274907,826307ab1f22dd15479b387337de0c0915d1db7b556b5b2ee9620d46f565e5de,ok,True
P152646,http://documents.worldbank.org/curated/en/185271468266958778/text/PAD12050PAD0P15264600PUBLIC00Box391428B.txt,200,202050,545625b3706d327cf15e5c2a8d28b68e2da0cee66716f50500b875f56941e4b1,ok,True
P152659,http://documents.worldbank.org/curated/en/847081468197378280/text/PAD1375-PAD-P152659-IDA-R2016-0067-1-OUO-9.txt,200,195713,662220e2d5ab3b6e2c2be220feba95529680d2e60cb5b52f49ecfa8e88d53cab,ok,True
P152821,http://documents.worldbank.org/curated/en/465201467989464233/text/PAD1510-PAD-P152821-IDA-R2016-0078-1-Box394886B-OUO-9.txt,200,263084,0e57da853e92bfbec0ed4d65cced9fe43a7e3d8afbb8ab3e1a52cab1ad85acba,ok,True
P152698,http://documents.worldbank.org/curated/en/954111490207555730/text/India-National-Hydrology-PAD-02242017.txt,200,321222,57d4658b043a14cb22ad4f6025dd8baef45d05eb9ad6bd33fee7e7690516c3a2,ok,True
P152799,http://documents.worldbank.org/curated/en/534641468190775240/text/PAD1294-PAD-P152799-Box393195B-OUO-9-R2015-0179-1.txt,200,476007,143a8e25655af98ac71931aff111a580b6781fac761c1a84a907c948f5bede70,ok,True
P152822,http://documents.worldbank.org/curated/en/384311467996731135/text/PAD1678-PAD-P152822-IDA-R2016-0090-1-Box394886B-OUO-9.txt,200,605583,5de2410599949a06f2105d71e3ecd91363407194efb3f1eaa2d47783dd547d79,ok,True
P152851,http://documents.worldbank.org/curated/en/316951467987903833/text/PAD1504-PAD-P152851-Box394866B-OUO-9-R2016-0035-1.txt,200,257006,f924600c9453d89609a4460e72975021967bf7f7999564e2d081aa14d312e17e,ok,True
P152881,http://documents.worldbank.org/curated/en/619361495332051749/text/Kosovo-Comp-PADrevised-05012017.txt,200,290314,58caccac78211508d1ddde3a2953fe515e29396f315b538019cb418ba428455a,ok,True
P152860,http://documents.worldbank.org/curated/en/613451481770856521/text/China-YECEIP-PAD-11182016.txt,200,244566,72914e130c7179361cd481d21b3fa4566d9684401c0950ef7be41c21b27c4fc3,ok,True
P152898,http://documents.worldbank.org/curated/en/578481467991017996/text/PAD1190-PAD-P152848-PUBLIC-Box391435B-LB-EESSP-Final-PAD-for-printing.txt,200,167809,8001a98926cbbf158f0a9fa851404fd58c6732deb391657e0061df0690f061bc,ok,True
P152910,http://documents.worldbank.org/curated/en/188991468185033267/text/PAD1486-PAD-P152910-IDA-R2016-0060-1-Box394878B-OUO-9.txt,200,356039,adf12ad69b23605935e3affe8fd62dc6f7ae99b7f06e95e9c86cf411facae955,ok,True
P152932,http://documents.worldbank.org/curated/en/416701468188365633/text/PAD1191-PAD-P152932-Box396267B-PUBLIC-Public-Finance-Management-Enhancement-PAD-002.txt,200,249956,2a81d6d2121dc4c08fc0597d6d650a716d9c97169c15a116b5662dd50266a0eb,ok,True
P152936,http://documents.worldbank.org/curated/en/149061468191334165/text/PAD1410-CORRIGENDUM-IDA-R2015-0237-2-Box393200B-OUO-9.txt,200,343844,52bca20ec389555efab4e25060c587b8bd17aec4dbaea62b54593219b4aebb9f,ok,True
P153085,http://documents.worldbank.org/curated/en/188011468247868313/text/PAD12020PAD0P1010Box385415B00OUO090.txt,200,193126,df17a279da4573a1196720f98ad1d7d5836a9b8d873ecc15a7c5b0301cb297e6,ok,True
P153012,http://documents.worldbank.org/curated/en/710321493604135885/text/Brazil-Main-PAD-04112017.txt,200,285051,2c535895ef78027f66cf0bc37f61d03375278ee73a536c0cda37c3bbc209c3b7,ok,True
P152959,http://documents.worldbank.org/curated/en/715131491789645333/text/China-Reduction-PFOS-PAD-03242017.txt,200,208730,ba663ba8653af63f22257285b9df2fbd758340d9e66555153f2353b9264fa6b7,ok,True
P153064,http://documents.worldbank.org/curated/en/295361651133650048/text/Sierra-Leone-Health-Service-Delivery-and-System-Support-Project.txt,200,297356,07710272126a4daeaff090edd293bdcb8e38ea1f2912aa8d765cf08663d7f592,ok,True
P153338,http://documents.worldbank.org/curated/en/857831467991990973/text/PAD1326-PAD-P153338-R2015-0211-1-Box393244B-OUO-9.txt,200,229727,9cc984e5929b394a593a016f7825d3515049b15f6ce9526f307338c7f6e83b49,ok,True
P153277,http://documents.worldbank.org/curated/en/910911467996684731/text/PAD1549-PAD-P153277-OUO-9-IDA-R2016-0115-1.txt,200,245237,ed82317536fb0e30b0f6a3a9e737541414c14bec6cad1a336d448ce8b4f191ef,ok,True
P153115,http://documents.worldbank.org/curated/en/512381503626472804/text/PAD-after-negotiation-August-3-08032017.txt,200,242635,b41bb4d101051c6061cdc514dbf266c1b8784051d4a298a8f030dc3098de9e1f,ok,True
P153349,http://documents.worldbank.org/curated/en/479301472176839024/text/PAD-Kenya-National-and-Rural-Inclusive-Growth-Project-P153349-08042016.txt,200,534495,421fff169812d28d2789c4eac5696d943b61810d40a53d9fc42c882074bbe623,ok,True
P153420,http://documents.worldbank.org/curated/en/445361468194053562/text/PAD1745-PAD-P153420-IDA-R2016-0088-1-Box394886B-OUO-9.txt,200,386218,1f8f865ce8c60a633298d46e9061b186574fc1bb9fe571438aeb32f1bb7d49b8,ok,True
P153473,http://documents.worldbank.org/curated/en/683861499047327650/text/China-Three-Gorges-PAD-PAD1902-06132017.txt,200,233599,e4a26e5b15052095f569d72dc165a8be78eddf676961e1f248d4a7375cfd5e7e,ok,True
P153370,http://documents.worldbank.org/curated/en/188161490925693287/text/MADAGASCAR-SECOND-SOUTH-WEST-PAD-FINAL-03092017.txt,200,394696,66b9ed69ec70ccd51a0467a7946c90d8a3aebe61b659a6a871d3a710481c9e94,ok,True
P153487,http://documents.worldbank.org/curated/en/867121468197065464/text/PAD1330-PAD-P153487-PUBLIC-ENGLISH-Egypt-EASE-PAD.txt,200,135589,4a035536b562ce7596a78a04aaf2968587c5e15bf9106f33d048801fab50b374,ok,True
P153496,http://documents.worldbank.org/curated/en/340301488682834835/text/Kazakhstan-PAD-02092017.txt,200,203205,65b2657deb8ad8b0ad88b83c6ffae525c781995108ecf7ba314544feb242c5e5,ok,True
P153548,http://documents.worldbank.org/curated/en/537161476583250514/text/PAD-China-Lushan-09232016.txt,200,209241,c46449e851f87778d9be95b89df298f0109d6362b14b53ee186c914437c7d45e,ok,True
P153541,http://documents.worldbank.org/curated/en/375851486868473138/text/China-negotiated-version-PAD-PAD1629-01232017.txt,200,190324,08f13a9f8af9e2d3d3ba42904ddd84f14be355f7eb7b6973fbfeb4c60ec89fec,ok,True
P153544,http://documents.worldbank.org/curated/en/840701467996680631/text/PAD1610-PAD-P153544-IDA-R2016-0110-1-Box394889B-OUO-9.txt,200,331627,ee4f3f9e21c5942cd6c0f78c3ad0e1f47cb9980fbc9b24b42d3287dd22fff18e,ok,True
P153591,http://documents.worldbank.org/curated/en/754411488164443520/text/Cambodia-Livelihood-PAD-02062017.txt,200,297297,8485ba01cdb4ef90257b3f57dd8d8651170be5d3a1b41ebe9b11d1d22288392a,ok,True
P153604,http://documents.worldbank.org/curated/en/731571489888868747/text/China-Poyang-Lake-Basin-PAD-02272017.txt,200,211627,0fa8f044156561dc29d439d09e18c0837ee4df4ff81130f7d302ffa1fee82f99,ok,True
P153613,http://documents.worldbank.org/curated/en/128331504722189404/text/Project-Appraisal-Document-PAD-P153613-2017-06-02-10-39-06062017.txt,200,369021,2814a3cea959903f508552d2bff3f7dc71b06f2f9ee1d3f64177123eb465f8ab,ok,True
P153702,http://documents.worldbank.org/curated/en/854311467998818616/text/Western-Africa-Regional-Program-to-Harmonize-and-Modernize-Living-Conditions-Surveys-Project.txt,200,182175,99bf977d7f430f13abf6b97d7be2fca9684137add4cba8aaa0b1216c0daa9fd4,ok,True
P153743,http://documents.worldbank.org/curated/en/918311468179953735/text/PAD1391-PAD-P153743-IDA-R2015-0296-1-Box393256B-OUO-9.txt,200,216373,51f96ee17260f2b311999e7f8ca1c33373487316868ece7a44f93ed73acfb69c,ok,True
P154036,http://documents.worldbank.org/curated/en/957491468000599960/text/PAD1397-PAD-P154036-IDA-R2015-0140-1-Box391446B-OUO-9.txt,200,215651,941d02a21b90382af2c5468ca9d5d36930d2c73180d89c52e9f59627cc44b2af,ok,True
P153744,http://documents.worldbank.org/curated/en/508261467988930630/text/PAD1321-PAD-P153744-R2016-0007-1-Box394849B-OUO-9.txt,200,190407,b8de367d834d6eda4e8c4f192f4cbd6c0e0489b771f2b6b2e771505181bcc386,ok,True
P153892,http://documents.worldbank.org/curated/en/347271482548451814/text/1482548445610-000A10458-MAIN-12022016.txt,200,257980,821dbac8d8b63da0fcbd0f203c513aa9dad57f700136fc8ca2ff22df190d84f2,ok,True
P154219,http://documents.worldbank.org/curated/en/404021468197359853/text/PAD1540-PAD-P154219-R2016-0032-1-OUO-9.txt,200,166429,ee6c98046bb58385bc013c8be7010eed13b51bb5b40cc6abbf2f680a5790d916,ok,True
P154114,http://documents.worldbank.org/curated/en/385131468184765418/text/PAD1492-PAD-P154114-Box394888B-PUBLIC-LFSP-PAD-FINAL.txt,200,449552,4aaf1820055bd1237b99c03c3cd435d52ce8b36db0a902c4a51b43473c45260b,ok,True
P154255,http://documents.worldbank.org/curated/en/543681467305909456/text/PAD1661-PAD-P154255-OUO-9-IDA-R2016-0156-1-Box396265B.txt,200,236769,96cb71c8f6eaa84d3b1a09e08edaf88351d7aa02a0ea461ca66df1c9e86aefc0,ok,True
P154185,http://documents.worldbank.org/curated/en/479181512713342254/text/PAD1515-PAD-P154185-PUBLIC.txt,200,455642,673963b40c65d19af22f719a58079dab5f1e2437b64874ca1b8ecd0c0bd7735b,ok,True
P154263,http://documents.worldbank.org/curated/en/698191468197999239/text/PP1574-PJPR-P154263-Box394872B-PUBLIC-FYR-Macedonia-LRCP-Final-PAD.txt,200,253507,2af757fc9793a1f724b040624fd106f6d43b0a4ee33852ff8d5d29e28451aeef,ok,True
P154283,http://documents.worldbank.org/curated/en/916221491098471122/text/INDIA-PAD-03132017.txt,200,367029,b6d0cdbd2bd57446323ed9b939f05722863b0f93caf433b71d319e4a231568d9,ok,True
P154387,http://documents.worldbank.org/curated/en/696171467818164180/text/PAD1780-REVISED-OUO-9-IDA-R2016-0166-2.txt,200,278141,6879a72131bb87308d09c977ca7d04b12d7b7d6aba7217bd1e9ede6619f97fee,ok,True
P154278,http://documents.worldbank.org/curated/en/816761468178759289/text/PAD1345-PAD-P154278-Box393185B-OUO-9-IDA-R2015-0229-1.txt,200,268247,a70ede866e15c1fa6755ec9c66f9f50bd46b892e1348fd6bf9cdbb9f7fb8e353,ok,True
P154447,http://documents.worldbank.org/curated/en/769101467818050921/text/PAD1432-PAD-P154447-OUO-9-R2016-0123-1-Box396267B.txt,200,452207,3be2d27c347f39b4e5afd41f57c6de9e5072aaa38ba0f10c51ce7e1a1ebfe0ce,ok,True
P154389,http://documents.worldbank.org/curated/en/625631482462192460/text/PAD1350-Myanmar-11-29-16-12012016.txt,200,244266,c6c708799f5cccd6afdbe6079a3e0dc35f30506e54499411ea19c2ceb275a41e,ok,True
P154464,http://documents.worldbank.org/curated/en/202671468197628353/text/PAD1551-PAD-P154464-R2015-0229-1-Box393264B-OUO-9.txt,200,171459,13d670c70c272647df4a35829b2cb2ff204d592b3922bce4cd85972286bc94b2,ok,True
P154482,http://documents.worldbank.org/curated/en/515131512702151121/text/WESTERN-AFRICA-PADnew-11142017.txt,200,617061,8b09117a27d6cb61e4dcbef9fbfd2ab08e881f28630564a53981a6ce52042fbd,ok,True
P154525,http://documents.worldbank.org/curated/en/627891529638305087/text/India-Uttarakhand-Workforce-PAD1572-05312018.txt,200,272539,72c62a668c7cd7d3bfc64036f579fd131f7d84c020d0136715260a3ce49ab859,ok,True
P154523,http://documents.worldbank.org/curated/en/655081467046615175/text/PAD1651-PADP154523-OUO-9-IDA-R2016-0149-1.txt,200,287059,096f042861b678b584da48dbd583adc60fd2c6ffd05bbeca1262e4dbbb244ae1,ok,True
P154524,http://documents.worldbank.org/curated/en/967701468198234577/text/PAD1641-PAD-P154524-R2016-0090-1-Box394887B-OUO-9.txt,200,426935,f1bda46841fe6c3ce9e0bd5d04664ee147fdf557143d5c17ba5e96dff13d0bdd,ok,True
P154548,http://documents.worldbank.org/curated/en/609981480906831854/text/1480906826924-000A10458-P154548-PAD-for-Board-Nov-8-2016-ym-11112016.txt,200,312335,0a9f1b18902b874bba98fbbc5b2d0c50c93fffca166204c457580fa353b27492,ok,True
P154621,http://documents.worldbank.org/curated/en/870881509674443559/text/China-Guandong-PAD-P154621-2017-10-10-16-25-10122017.txt,200,247290,515cf48a6fad09ee61b3b00626746fd67ab833331d9a8b8a81bf20aa90b71bc5,ok,True
P154623,http://documents.worldbank.org/curated/en/303131491184871495/text/China-Gansu-Tech-PAD-PAD1884-03142017.txt,200,235099,3d4927e48ea2f8e6ebbe3b0c0c59997b01bc7aed949a63851965e365853c5811,ok,True
P154577,http://documents.worldbank.org/curated/en/694991468185959713/text/PAD1511-PAD-P154577-IDA-R2016-0102-1-Box3948887B-OUO-9.txt,200,394300,7ab522a0236062b6783452c5c72a68420adba194de3124c65679eecd3e5a1232,ok,True
P154683,http://documents.worldbank.org/curated/en/214971482116474950/text/1482116472340-000A10458-Zambia-Mining-Final-11292016.txt,200,321507,88035f605f24e69a7edae0c29d8896fbd1c054cccc9ba10dbf848029c1c0ea65,ok,True
P154698,http://documents.worldbank.org/curated/en/275181490493719670/text/Madagascar-PAD-03062017.txt,200,450693,0bf4a7b6f2e089b0ac4b765aa6ef86a15f54e7f68af80407c592c0fe37054795,ok,True
P154716,http://documents.worldbank.org/curated/en/357051529638290655/text/Project-Appraisal-Document-PAD-disclosable-version-May-30-SECPO-comments-05312018.txt,200,378408,676ac8861cc0b1e3772a2f5d49daeb51b3ca9d8873da3aad1e972178c81aa73f,ok,True
P154694,http://documents.worldbank.org/curated/en/628381468179657418/text/PAD1523-PAD-P154694-R2016-0068-1-Box394885B-OUO-9.txt,200,126892,c703bef13c9c9581b3c7fbd03897336ffcd2af9796d85393f2d70e783f7e678e,ok,True
P154782,http://documents.worldbank.org/curated/en/226091468417040569/text/PAD1477-PAD-P154782-OUO-9-R2016-0115-1-Box396265B.txt,200,310902,f6ac0b3e8c7a0abb407056b3c7b8b4df7ea6705b290d6020b0994edd02d4d27d,ok,True
P154807,http://documents.worldbank.org/curated/en/965001467305866621/text/PAD1752-PAD-P154807-OUO-9-IDA-R2016-0154-1-Box396265B.txt,200,593956,fea857d93fd8b8a06dbbf99c7b6ecbc5c390ee1fc1fa5a5072a602539f90616c,ok,True
P154839,http://documents.worldbank.org/curated/en/231881468001190037/text/Tonga-Pacific-Islands-Pacific-Resilience-Program-Project.txt,200,466268,60e51a9d9019bc8d3bf802642726a9a4a8c30fa4108771c53644c4aa35b20435,ok,True
P154784,http://documents.worldbank.org/curated/en/440241486868444705/text/Kenya-PAD-01182017.txt,200,468680,f2311e64174f787447219663216c00069f3447bfb6845cfc7d77fe322447835d,ok,True
P154803,http://documents.worldbank.org/curated/en/533031468179977296/text/PAD1431-PAD-UPLOAD-NEW-FILE-REVISED-P154803-IDA-R2015-0094-2-Box391445B-OUO-9-UPDATE-BOARD-NUMBER.txt,200,322385,454830f03ef4f40f1f0537335b6afc36163581e7c9aeaeda8decbb0d3f5b40c7,ok,True
P154847,http://documents.worldbank.org/curated/en/664981467999114241/text/PAD1408-PAD-P154847-IDA-2015-0157-1-Box391456B-OUO-9.txt,200,258449,933a9bb802c24d7382e5bfa248120e9e61e373b31bed7304e89816186c6166f0,ok,True
P154861,http://documents.worldbank.org/curated/en/247961467989558934/text/PAD1569-PAD-P154861-Box396267B-PUBLIC-National-Water-Development-Project-PAD.txt,200,250191,85eeca4784132d1378fce8e2996edfb3fc51ea25f399fe656aa5c3ff503b334d,ok,True
P154875,http://documents.worldbank.org/curated/en/650491468187449312/text/PAD1380-PAD-154875-PUBLIC-ACS.txt,200,296617,dfc070209e56d1b1260883258ec877be03222e72954f07c4e5550b2f1b770346,ok,True
P154908,http://documents.worldbank.org/curated/en/733931477792862397/text/PAD-P154908-10072016.txt,200,450945,dd71269ca837219f8da214670df2084e2b3e7564c46ac71d6c26384916b13c33,ok,True
P154948,http://documents.worldbank.org/curated/en/121201489975262694/text/Indonesia-NAHP-PAD-PAD1788-P154948-02282017.txt,200,379458,8e937b863535e0ccadd4fd9ea6302fde7766bf8ffc0f00a312b2a6cbd38d65a2,ok,True
P154947,http://documents.worldbank.org/curated/en/297421489370420368/text/Indonesia-Regional-Infrastructure-PAD1579-02212017.txt,200,276794,3f2349ba537fd8b596cc5b6155571de0b97767a9e0c05e82fee7cdad83b11480,ok,True
P154943,http://documents.worldbank.org/curated/en/473751557713173311/text/Tonga-Digital-Government-Support-Project.txt,200,169607,a9e85e04a2c048f0343d7d8f2d3bdeeff0c4b4e299f792822f7a5f7a8d355c70,ok,True
P155038,http://documents.worldbank.org/curated/en/311731679595472204/text/India-Andhra-Pradesh-24X7-Power-for-All-Project.txt,200,410935,91dacf406603a85f11a1089ad72dc09d993be77b4d801dcf98ae8646272823e1,ok,True
P155148,http://documents.worldbank.org/curated/en/560671617647895399/text/Kyrgyz-Republic-Second-Capacity-Building-in-Public-Financial-Management-Project.txt,200,120149,d3fa6d76c4f9dd7b2a4005451964a1b9c307cc096f9c735b82d8655940533230,ok,True
P155060,http://documents.worldbank.org/curated/en/918991503626481687/text/BURUNDI-PAD-NEW-08032017.txt,200,429133,3fc7c5db4a9f0ef900d32faa68874f15e772340f19f21d3f8bbb56e1bd770417,ok,True
P155097,http://documents.worldbank.org/curated/en/761431468187457616/text/PAD1423-PAD-P155097-R2015-0183-1-Box393195B-OUO-9.txt,200,233347,2027fbdbb96c1e774241a8924dc7011cad30449a795f01b48b67e8727f8cd2bf,ok,True
P155121,http://documents.worldbank.org/curated/en/605561468184727799/text/PAD1506-PAD-P155121-IDA-R2016-0005-1-Box394849B-OUO-9.txt,200,246216,dbb8d04a11616eb8f5222893e41c160d65907a49d06b5ea3444de054190865dc,ok,True
P155191,http://documents.worldbank.org/curated/en/984991478263758814/text/1478263764434-000A10458-PAD-10282016.txt,200,233438,a7efa1d0302c88c22478295c85895e58a816d4c92e71ad296a9158f4cf33bc36,ok,True
P155186,http://documents.worldbank.org/curated/en/854971471534008736/text/PAD-07182016.txt,200,291018,b849e2d54a48f7f5610ffa55a89e6ea7d18f501ea40586a256dd9989b5badd22,ok,True
P155229,http://documents.worldbank.org/curated/en/726171513708590374/text/PAD-disclosable-version-P155229-SECPO-Revised-11012017.txt,200,157865,7e9b0c16c540649e7b8203f85c05a6a755420efbfbc1b01b797be668899ae8b3,ok,True
P155198,http://documents.worldbank.org/curated/en/298251489370445157/text/PAD-MA-Identity-Targeting-for-SP-P155198-Feb-15-2017-RVP-Approved-Revised-02212017.txt,200,454512,bdcbc5eee518b6cdb5d7d446e8d8195a61fb1ac623dbda3a8c433325962da805,ok,True
P155257,http://documents.worldbank.org/curated/en/231881468001190037/text/Tonga-Pacific-Islands-Pacific-Resilience-Program-Project.txt,200,466268,60e51a9d9019bc8d3bf802642726a9a4a8c30fa4108771c53644c4aa35b20435,ok,True
P155256,http://documents.worldbank.org/curated/en/231881468001190037/text/Tonga-Pacific-Islands-Pacific-Resilience-Program-Project.txt,200,466268,60e51a9d9019bc8d3bf802642726a9a4a8c30fa4108771c53644c4aa35b20435,ok,True
P155293,http://documents.worldbank.org/curated/en/219051467986363327/text/PAD1617-PAD-IDA-R2016-0059-1-Box394878B-OUO-9.txt,200,283528,9702b7525df56c2ee25b5ff5928951308c704698f562534b0eb73c9eebc13f9e,ok,True
P155303,http://documents.worldbank.org/curated/en/280231492221680428/text/INDIA-MP-PAD-03242017.txt,200,226382,0b92b4715c9ecc45d6bea435bbefc61a52e081da4276cf03f5c911238b9f7bc3,ok,True
P155513,http://documents.worldbank.org/curated/en/885201626765673861/text/Bhutan-Food-Security-and-Agriculture-Productivity-Project.txt,200,354596,d0078cbb77bc60a4a0189fd2f98e2092ec7b067f6aae38fd8cb680563c7e8bae,ok,True
P155522,http://documents.worldbank.org/curated/en/374021482548464349/text/PAD-Bihar-Rural-Roads-Project-P155522-12052016.txt,200,279813,f8b6185e5a0b05900b87abeddc8b58261e327dc67fc336c4e95803acfa355e46,ok,True
P155541,http://documents.worldbank.org/curated/en/688121479969428617/text/PAD1472-PAD-P155541-PUBLIC-PAD-SAPIP-RVP-APPROVED-25-Oct.txt,200,209667,c3585e7b479a913207febfcf90c81b39347b80afbf88037cf64961f5c7cd88d8,ok,True
P155645,http://documents.worldbank.org/curated/en/297631484073715323/text/eBurkina-PAD-P155645-12292016.txt,200,267417,7dacc8e08fdea4a955f7e1e48e4c4c9b21ce1d172ae257592d77c2bf1b4d4443,ok,True
P155658,http://documents.worldbank.org/curated/en/929101467030173486/text/PAD1716-PAD-Box396255B-PUBLIC-IDA-R2016-0081-1.txt,200,571465,e2b074a388fc1803ac3ef827b5c614f586fc99c540a4d07088b938ea5b91668d,ok,True
P155542,http://documents.worldbank.org/curated/en/231881468001190037/text/Tonga-Pacific-Islands-Pacific-Resilience-Program-Project.txt,200,466268,60e51a9d9019bc8d3bf802642726a9a4a8c30fa4108771c53644c4aa35b20435,ok,True
P155642,http://documents.worldbank.org/curated/en/394051505478217219/text/SEYCHELLES-PAD-09122017.txt,200,453927,3348a99ffb4a5cdd09c3e7340139a4d624a1188656699ff2a048d5e9ca9e3baa,ok,True
P155885,http://documents.worldbank.org/curated/en/837671509653080204/text/PMR-SA-P155885-PAD-2016-12-20.txt,200,137959,9b494e7a7f1274be40f907d147472ae0be7409df98292e277da8e1e519e8d514,ok,True
P155902,http://documents.worldbank.org/curated/en/685231489770052131/text/Peru-National-Program-for-Innovation-in-Fisheries-and-Aquaculture-Project.txt,200,301113,1690670b4d06da2d5eb2eccbd2caab0cab19db671ee952cff7dae556bee80f8f,ok,True
P155842,http://documents.worldbank.org/curated/en/467961493604154334/text/Croatia-Modernization-and-Restructuring-of-the-Roads-Sector-Project.txt,200,359389,4f5ab57fed232405933938566f0aa22aeeadbabf880e25818c77a2b9ef0e6e6f,ok,True
P155969,http://documents.worldbank.org/curated/en/226301467986298576/text/PAD1494-PAD-P155969-IDA-R2015-0185-1-Box391477B-OUO-9.txt,200,203797,cdf8c8948904ca8b705f67eabe4789ae3845ed5f3f3ee245e81f23fbd5d4e279,ok,True
P156019,http://documents.worldbank.org/curated/en/714421467305711197/text/PAD1790-PAD-P156019-OUO-9-IDA-R2016-0152-1-Box396265B.txt,200,318132,cbfc763ac9010974d01cabeee28bb8dc98887e087558587042f3090b674f44cc,ok,True
P156001,http://documents.worldbank.org/curated/en/643591467995661132/text/PAD1533-PAD-P156001-IDA-R2016-0085-1-Box394886B-OUO-9.txt,200,429099,c2d4d9d894f3b7029b8c4d347c497c5a3b7c14d5f92d40757e4cdab5acce7843,ok,True
P156012,http://documents.worldbank.org/curated/en/838321488164451748/text/Burundi-Health-PAD-02062017.txt,200,314484,565a9641fbd2279efaab36df679bd6f8636dc9c7b102126ac264439d5b800f78,ok,True
P156021,http://documents.worldbank.org/curated/en/104461468185345971/text/PAD1514-PAD-P156021-IDA-R2016-0057-1-Box394878B-OUO-9.txt,200,279998,dd23a699aa708570a372d34a3481a21076689eb8ac47932d3eb168266b1dfbfc,ok,True
P156125,http://documents.worldbank.org/curated/en/794391659642937048/text/Indonesia-National-Urban-Water-Supply-Project.txt,200,281269,8a8130fb9f3bd4f19169605be788d1e48b1b7f60a98656915f4e6b4049d6d791,ok,True
P156056,http://documents.worldbank.org/curated/en/285991480906853560/text/Project-Appraisal-Document-Final-submitted-to-SECPO-11112016.txt,200,274673,c67d549405ff5c235a5bc0ec1ac5673894081db0c15f1ac47f06a92a9b905dba,ok,True
P156143,http://documents.worldbank.org/curated/en/249981494208862167/text/Vietnam-CCSEP-PAD-PAD2075-04182017.txt,200,270422,8f65546545d71a38854950808e08fb1f786cefc7b60738e806190455dc9b69f9,ok,True
P156165,http://documents.worldbank.org/curated/en/922961495418418570/text/Mauritania-PAD-05022017.txt,200,199042,88e98baf2def66e2989f7f90aa920430edfedaca24fc0d2bddad0f80744b72a3,ok,True
P156208,http://documents.worldbank.org/curated/en/734331492434048924/text/DRC-PAD-04172017.txt,200,287744,e70888aaa67c4584e8d5fc1775e47ad2c5f8c334439ba48153d05ee9d8dc9875,ok,True
P156210,http://documents.worldbank.org/curated/en/832091503626454254/text/CAMEROON-PAD-NEW-08032017.txt,200,307865,cd12546b8af48724e217b2279f54b19c072cab7355f34a29b2eb322c3bc22c6f,ok,True
P156250,http://documents.worldbank.org/curated/en/435341484362907655/text/Peru-PAD-12212016.txt,200,292183,b8f66c4c1a2972c62f8edb4c32b57075224238e19b5578b4610e79a93abfb519,ok,True
P156257,http://documents.worldbank.org/curated/en/594631617647744069/text/Somalia-Special-Financing-Facility-for-Local-Development-Project.txt,200,285886,2c0f61dcd9a24333db4c73ddf0958b75520987429ac0a6e20444bc13091a08ed,ok,True
P156252,http://documents.worldbank.org/curated/en/442211470243969340/text/PAD1640-PAD-P156252-R2016-0137-1-Box396255B-OUO-9.txt,200,161119,bfb28cf33f49559803cdd1aad71b2ab606f96f481bf6e74548fb3f9112c30073,ok,True
P156411,http://documents.worldbank.org/curated/en/856621617647613205/text/Pakistan-Governance-and-Policy-Project-for-Balochistan.txt,200,224497,4173290277ed3c4decd6c3c809f214e66eb99846ddfbee7dfaf30fbf61a6c446,ok,True
P156363,http://documents.worldbank.org/curated/en/633761468188664540/text/PAD1612-PAD-P156363-IDA-R2015-0261-1-Box393219B-OUO-9.txt,200,216682,c097d42d513728598744cea16a352679d9aef54ab37aa6d65e4b84d24c58a8f3,ok,True
P156422,http://documents.worldbank.org/curated/en/835091467996760513/text/PAD1753-PAD-P156422-IDA-R2016-0099-1-Box394887B-OUO-9.txt,200,252612,96478fc99e5524a5d15704058ab049c2b52e105d23fb95262d58e6bb1a325c65,ok,True
P156473,http://documents.worldbank.org/curated/en/274681489888859554/text/Indonesia-Strengthening-Rights-PAD1692-02272017.txt,200,239339,10e50a68a696fb6522ea16cfa1c1274e5f402d918d607ff6e955f3eb914c4a87,ok,True
P156505,http://documents.worldbank.org/curated/en/413441467989512699/text/PAD1575-PAD-P156505-Box396265B-OUO-9-IDA-R2016-0151-1.txt,200,187687,98cd130e0d83727a443f018a6f24956ad57f3a42620cdedf845f4747d75adba5,ok,True
P156475,http://documents.worldbank.org/curated/en/464391511264875729/text/Oromia-PAD-P156475-for-RVP-March-16-1-50pm-Clean.txt,200,732494,fca976ffe37a17b95d2188e9fd0c739ab152211d7c4e9a04e6a8362423469a9f,ok,True
P156479,http://documents.worldbank.org/curated/en/221251471265217930/text/Project-Appraisal-Document-PAD-disclosable-version-P156479-08122016.txt,200,209843,8ab94e4fcd4d90dbf4919bda291713fc0e9e78cbb615ae94ebf436935de842d9,ok,True
P156492,http://documents.worldbank.org/curated/en/459181482116462283/text/Zambia-PAD-update-11292016.txt,200,341129,2298dd91edbf30c66a2f5a302bbf79f5db720199991a0bc9c9e2f2f5dd2eb723,ok,True
P156507,http://documents.worldbank.org/curated/en/946961501380076595/text/China-Sustainable-Cities-GEF-PAD-PAD1801-07132017.txt,200,226372,d865c860d5fa618224a2c0fc04e12864c38c045921e7d903e33b88b42575ba76,ok,True
P156559,http://documents.worldbank.org/curated/en/769781468188952055/text/PAD1553-PAD-P156559-IDA-R2015-0252-1-Box393202B-OUO-9.txt,200,235653,7c893dfa6f9e12ada14897f6acc7a749217f3f0561893c29a1eed05e15ea15dd,ok,True
P156584,http://documents.worldbank.org/curated/en/635091480129220617/text/Uzbek-PAD-11042016.txt,200,237986,28666bbd268cbbd67578840f39b09a2df7ed3f6876022ca96d4137b223f03ad5,ok,True
P156679,http://documents.worldbank.org/curated/en/779101467993176397/text/PAD1666-PAD-P156679-IDA-R2016-0063-1-Box394885B-OUO-9.txt,200,376098,6f3c9ae5bbc0b549daa8c8af5e0830b2d97c21242bb576156ac4198fc918d213,ok,True
P156739,http://documents.worldbank.org/curated/en/396521480341774181/text/Cote-divoire-PAD-11182016.txt,200,173511,46cd04c6bb70279a98366ccb72f8b19c1e5c82478513b9c8771d854bd19096c8,ok,True
P156738,http://documents.worldbank.org/curated/en/557881481058327088/text/Benin-PAD-12012016.txt,200,284827,cbb3f6cdd16ab1ca7f0a97c87bf8ac9a49f4fec6d57e0d7ecfafb8ca5ad47052,ok,True
P156766,http://documents.worldbank.org/curated/en/099329203302328173/text/SECBOS0faeee8d0d908e190bc90471cbb2a.txt,200,163682,7bffad7063aa08d5221d5e240692fb765ffa410caafd43962378e1ba02a557e3,ok,True
P156778,http://documents.worldbank.org/curated/en/388911479697224131/text/Belarus-PAD-11012016.txt,200,323392,167fb3da29392824d3c443c07d514693683721de63fa4ac48811c6e9e2895dd9,ok,True
P156849,http://documents.worldbank.org/curated/en/715251660080205266/text/Vietnam-Support-for-Autonomous-Higher-Education-Project.txt,200,342733,411b0322c2052fd05f8c101c944953819684d911d1d85cdae367350b299b8e75,ok,True
P156797,http://documents.worldbank.org/curated/en/265011512874832088/text/Nepal-Livestock-PAD1605-PAD-11162017.txt,200,234783,e251b37fd5a17a9a2e8ef0b5cf2e369c423cce135645ee046511c41ff915173c,ok,True
P156837,http://documents.worldbank.org/curated/en/186151520264988874/text/PAD2334-PAD-PUBLIC-SOFI-Project-Appraisal-Document-PAD-P156837-final-Feb-27-2018.txt,200,235255,1893621ccae79bfdd36d2b383bfe0ee9ea49eaa155470a0757e069fc6ea5a4a8,ok,True
P156869,http://documents.worldbank.org/curated/en/777771525399325435/text/India-Strengthening-Financial-PAD1869-PAD-04122018.txt,200,259561,bd5c1eb82e555f9d4b93df03f9d14b10831e410d6c782fce6695fdc1bd82ea21,ok,True
P156892,http://documents.worldbank.org/curated/en/621001483126638746/text/BF-Transport-PAD-12272016.txt,200,128654,eba91be6350a697668b6d3dbabb90f774b87f27cec266343113ea5e41d8c8631,ok,True
P156900,http://documents.worldbank.org/curated/en/361201467810855287/text/PAD1854-PAD-P156900-OUO-9-IDA-R2016-0157-1-Box396267B.txt,200,237919,3bf6932ac1bb01da0e70336bb77d0d3f01ca5ae1fd27039cabea767745cd8f82,ok,True
P157035,http://documents.worldbank.org/curated/en/930211555703935889/text/Afghanistan-Technical-Assistance-Facility-TAF.txt,200,169560,bc51c9b6602f54f0adbee73b56169198ecd4ebe8b8d95c6aaf57954c56b54093,ok,True
P156894,http://documents.worldbank.org/curated/en/760111522698319785/text/Afghanista-Digital-CASA-Project-PAD2021-03092018.txt,200,230809,ecf635cc98607b31cc2c8bd54b46dcdd23aa1512d229c63eacda46b218a18559,ok,True
P157054,http://documents.worldbank.org/curated/en/523321521338477580/text/Project-Appraisal-Document-Feb-22-India-Rural-PAD1812-vF-02232018.txt,200,249585,3f1014b62f0a74372b80293ab4f70d4e101871c2d5604755ee6454100de9d385,ok,True
P157117,http://documents.worldbank.org/curated/en/918021487905271830/text/PAD1802-02012017.txt,200,254728,0aa2afa5c9af5a2b1a2cc1f8346d1847ffec4f7b3dcf4c754e29f55230b62af0,ok,True
P157055,http://documents.worldbank.org/curated/en/450031491098454445/text/COTE-DIVOIRE-PAD-03132017.txt,200,347150,d3ff3db4d36770ceba8e4cdc4b72c4b262910c2ab363b2a0f5fefe9a8e2ea141,ok,True
P157127,http://documents.worldbank.org/curated/en/334061666206471878/text/Vietnam-Forest-Sector-Modernization-and-Coastal-Resilience-Enhancement-Project.txt,200,373004,efc275fc23152e9a3a25a705a1c92ae8e2c2bc8899940c55ae466b4789d3a60e,ok,True
P157136,http://documents.worldbank.org/curated/en/287231493829703684/text/PAD2089-PAD-P157136-PUBLIC-02-21-2017-toSECPO-1-002.txt,200,238686,a9a9a32becd3950cf9cf5f95f100fc736622c5578dbee1566236881d1c91f073,ok,True
P157291,http://documents.worldbank.org/curated/en/344131468193769008/text/PAD1647-PAD-P157291-IDA-R2016-0076-1-Box394888B-OUO-9.txt,200,382826,285ef074aae97aabcddda32900c9ff91ec6e333f684af7c9d3c31f35a3d6aecf,ok,True
P157141,http://documents.worldbank.org/curated/en/955001554170616135/text/India-Second-Rajasthan-State-Highways-Development-Program-Project.txt,200,306150,364b3df52ba7bee846c2f5e6be7d2681edbca0e534c79dd19c75ad91c50f1d4e,ok,True
P157206,http://documents.worldbank.org/curated/en/158861522699104205/text/COTE-DIVOIRE-PAD-NEW-03092018.txt,200,460708,a60497c11acb10c99a71ce5775977692a3501b5281b3378c4bca501601a47976,ok,True
P157233,http://documents.worldbank.org/curated/en/848361679677867655/text/Mali-Reinsertion-of-Ex-combatants-Project.txt,200,290088,8d123e6b6708877bc7ce25764a063562c3b6fbc1d7b86f43f8b66335f718b291,ok,True
P157324,http://documents.worldbank.org/curated/en/465281467989444648/text/PAD1683-PAD-P157324-OUO-9-R2016-0030-1.txt,200,252318,93d534bf0fb44fbc06059c958bd2bf9b054d698707466dac32cfb83059ffed59,ok,True
P157425,http://documents.worldbank.org/curated/en/159711480129248767/text/Project-Appraisal-Document-PAD-P157425-2016-11-04-v10-11042016.txt,200,311365,f75de813f4e1052c6a1acc3e8e0bd394b59268bf114f13bba9cb4e56df85ced4,ok,True
P157531,http://documents.worldbank.org/curated/en/977321489417957652/text/Haiti-PAD-main-03082017.txt,200,143716,b028071789d720d5e70b2c229760cbef99b3eb590985d760029b77eac23670c7,ok,True
P157473,http://documents.worldbank.org/curated/en/171591491098416009/text/GABON-PAD-03132017.txt,200,171710,406857accd1442a50a3bd9a96a8f940102399bd2247a8c7451acf602c9f2aa7b,ok,True
P157416,http://documents.worldbank.org/curated/en/224911483470754491/text/PAD1665-REVISED-OUO-9-P157416-PAD-Main-Final-12012016.txt,200,365784,439c5277802d8d4a73f4b29cf2242ffb45160be636488f3e867c781016c9ed96,ok,True
P157599,http://documents.worldbank.org/curated/en/839781527910281861/text/Indonesia-Tourism-PAD-05102018.txt,200,394155,12ad7e48b44902504202d269086872e07f240187b0c02adf6d0b5d27c24c8c74,ok,True
P157691,http://documents.worldbank.org/curated/en/869861467987873386/text/101012-PAD-P157691-R2015-0240-1-Box393264B-OUO-9.txt,200,139763,35b4ba65c70b23c68fffe158bc1652d1dbb4328c2a7ef4d591c525116684c75f,ok,True
P157702,http://documents.worldbank.org/curated/en/894971512356444755/text/India-Tamil-Nadu-Rural-Transformation-PAD1951-PAD-11102017.txt,200,443500,25d86b85f3906814100b103ab3b511a278ecae888037407112b704e8021c55a3,ok,True
P157671,http://documents.worldbank.org/curated/en/567271481338882091/text/PAD-11162016.txt,200,149516,32b4086f8ab95fc44ec9034787891a73bc01ac4095cd4d5a8d5dc51011e59a46,ok,True
P157715,http://documents.worldbank.org/curated/en/099900005132237871/text/P157715048f64f09e0a816044bc1a69df8e.txt,200,225598,e55b84fd159a77a2004d1e99a0543951b40577aa05e4d61bfa869ec47d33c07e,ok,True
P157782,http://documents.worldbank.org/curated/en/866861498788169111/text/Guinea-PAD-06082017.txt,200,255413,179df7e6f0b8b9278abd3cafd5186c381503af995f5cfe639db764d9c04697ab,ok,True
P157801,http://documents.worldbank.org/curated/en/362631492135244581/text/Project-Appraisal-Document-P157801-03232017.txt,200,369407,e3217a7f482139334aa941fd48edce012cc648ea20310e1967ff18ca48b199f2,ok,True
P157836,http://documents.worldbank.org/curated/en/367901521165668374/text/PAD-Meghalaya-30-Jan-After-RVP-Approval-updated-Feb-07-02072018.txt,200,243978,d4d20acf099068b62156bd976917d81c6d3c03e749502d74c106d5a5d6905097,ok,True
P157858,http://documents.worldbank.org/curated/en/589431492394419103/text/Cambodia-Secondary-Education-PAD-03282017.txt,200,368839,d6af20cc4e41087bd568114424e774b26f986cd4bace025196b4b5d148f45a6d,ok,True
P157932,http://documents.worldbank.org/curated/en/764471497664879252/text/Mexico-PAD-05252017.txt,200,210595,23aee7d9cbdf1c6eaabe0114bde3af497042a51d62ee3e2236fd444b20732551,ok,True
P157963,http://documents.worldbank.org/curated/en/156691468193765563/text/PAD1755-PAD-P157963-IDA-R2016-0084-1-Box394886B-OUO-9.txt,200,195332,45064c88746c5d5faa60ed91c06b84d5a4d6c557d060fd1e22f3c59782e3667d,ok,True
P157987,http://documents.worldbank.org/curated/en/505601521943228630/text/Bangladesh-NSDS-PAD-March52018-03052018.txt,200,129106,6182a32d52a570a46ad34eb07894cbe33d767703361dc98910aff635bcf3c938,ok,True
P157891,http://documents.worldbank.org/curated/en/720891490278540329/text/final-Project-Appraisal-Document-PAD-P157891-2017-03-06-15-07-03092017.txt,200,463179,9acfaf8e2ad4b31c558c4f6a13aea03997f77a4707d54143bbfdbca566a15fb8,ok,True
P158124,http://documents.worldbank.org/curated/en/985681558749726364/text/China-Green-Urban-Financing-and-Innovation-Project.txt,200,314537,cb416b9278031c340ecc40610bb11ee52e82e4407c6a90ef13f740aa1217bb15,ok,True
P158078,http://documents.worldbank.org/curated/en/909571507255229802/text/ProjectAppraisalDocumentPAD-P158078-09142017.txt,200,291415,2c0606e04bd89aaaa11ad0e6736160bb6d7a9b10d4d894c7c6dde148e4369cab,ok,True
P158194,http://documents.worldbank.org/curated/en/897561468589519642/text/PAD1731-PAD-P158194-IDA-R2016-0180-1-Box396273B-OUO-9.txt,200,214132,59bff9cb101d73374bc85a384e9ce8d10b5d25179883c9af029baffad3fcfc98,ok,True
P158138,http://documents.worldbank.org/curated/en/417361505354429120/text/Tunisia-Youth-PAD2221-PAD-08222017.txt,200,456846,a4d0d0fa923a0d4c6f768f070a2a63de35149712b88cf3139c9cbdad4d9d605b,ok,True
P158298,http://documents.worldbank.org/curated/en/186741499911241016/text/PAD-Tajikistan-revised-06202017.txt,200,258369,25bb348cb4836f7ec32232a0793e8498a18c7fc141aeceb6539dccee74350bbf,ok,True
P158364,https://documents.worldbank.org/curated/en/104401521770490743/text/IBArchive-4a1d1aea-20b3-4f33-83db-543e447e7046.txt,200,259778,6f5f01664ceaf4b514fd095c8ad01a73d6c6405714b0b15601d4d7e966247b7b,ok,True
P158387,http://documents.worldbank.org/curated/en/123181493604145783/text/Bosnia-Banking-PAD-04112017.txt,200,247175,468e2b912de3a3e88f115c665528d110d940d10a85c2a8961a47382b3217cadc,ok,True
P158434,http://documents.worldbank.org/curated/en/513181496841168888/text/Malawi-PAD-05042017.txt,200,470341,b8085b08b168524b60b626862a9b81bcd22f87089c2887c099cbea8b61b9ddac,ok,True
P158768,http://documents.worldbank.org/curated/en/811751531403657634/text/Afghanistan-Public-Private-Partnership-PAD-06082018.txt,200,144273,1bb6c0df04d83c06fe28aaab5eb3bbaa0767dd8fd058552616d3c204111a8bd0,ok,True
P158713,http://documents.worldbank.org/curated/en/214731528515166741/text/China-Safe-Water-PAD-05172018.txt,200,229344,241b9fe6eeb3c2858cecb1b8d7c14be341b9b01e16eb7561714bd19e30c6cbfa,ok,True
P158760,http://documents.worldbank.org/curated/en/148361660076807789/text/China-Jiangxi-Integrated-Rural-and-Urban-Water-Supply-and-Wastewater-Management-Project.txt,200,232485,8edfb0b3d64b025566e54e9210c4b5f1426ede56ee54505efb001a012f307619,ok,True
P158769,http://documents.worldbank.org/curated/en/919951617390691041/text/Pakistan-Multi-Sectoral-Action-for-Nutrition-MSAN-Project.txt,200,162222,0b40201f269bf2f7dbfe1f75cadeaad2c2563026e838cc48877e40e769cd4368,ok,True
P158791,http://documents.worldbank.org/curated/en/233791467813473643/text/PAD1853-PAD-P158791-Box396267B-OUO-9-R2016-0114-1.txt,200,240708,b42e1d55fd615b5cd37b51c588418fd54f443ab549dc00702526c6411afba57d,ok,True
P158798,http://documents.worldbank.org/curated/en/303211498576866109/text/INDIA-JOHAR-PAD-05092017.txt,200,357839,564852ff5b8c282e03c3ad87c706d072bfee47eed969dfd4c7bb6093aef381de,ok,True
P158805,http://documents.worldbank.org/curated/en/379081508551260039/text/Malawi-Project-Appraisal-Document-PAD-09282017.txt,200,503842,11e848322654d805e68ebe823b0fe60537a15fc0613000077e3792b8e49c78ec,ok,True
P158810,http://documents.worldbank.org/curated/en/132801523584857502/text/Project-Appraisal-Document-P158810-FINAL-Board-03212018.txt,200,519805,31227dd91810caa8de5cde1526092af1691aab55662cdcd909c0b2d1b2c00d64,ok,True
P158958,http://documents.worldbank.org/curated/en/278371495936843350/text/project-appraisal-document-pad-P158958-2017-05-03-11-53am-05082017.txt,200,346254,4bc2b993093c0fea493819a4db426f678160189ebc7b61b3651abe87644c5422,ok,True
P158982,http://documents.worldbank.org/curated/en/693501494122438189/text/Togo-PAD-04172017.txt,200,212743,a35a587d6bbb28521cfaf209c246ec9eb5aa0a9e68b5342e77db8e5f57de378e,ok,True
P159053,http://documents.worldbank.org/curated/en/276821468242019652/text/PAD1797-PAD-P159053-IDA-R2016-0183-1-Box396273B-OUO-9.txt,200,198572,d0789c0faae7c69d380463508152682e33357a3eb2162c3863110b7f230c10a8,ok,True
P159040,http://documents.worldbank.org/curated/en/418701488682867914/text/PAD-REDISSE-II-02092017.txt,200,744485,9a697c3a0467e6a2310bc4f4f0205fc5e9e9dd3fd3ee011ce06cc878a22273ab,ok,True
P159238,http://documents.worldbank.org/curated/en/212621502738205073/text/Vietnam-Central-Highlands-Connectivity-Project-PAD2239-PAD-06052017.txt,200,138701,cb2b08b3f6a25cca3b886b6e80deae6e7dfee47e67fa9f832a7f2f694405b675,ok,True
P159215,http://documents.worldbank.org/curated/en/178041493517728165/text/Mongolia-Employment-PAD-FINAL-04102017.txt,200,307981,fec2814cd785650b1be5e7e54791b507f88a58639fabd2f8cf783774bd6a1b6f,ok,True
P159217,http://documents.worldbank.org/curated/en/289901488209393335/text/DRC-GEF-PAD-02222017.txt,200,370645,f512f7d01fd0393d782f35e6ec258a22a88c9e082b6f415b8b395983558f4fc4,ok,True
P159258,http://documents.worldbank.org/curated/en/989731500861633233/text/WBG-MDP3-PAD-final-edits-elh-clean-06302017.txt,200,259729,6bd6fcb40cd2bca648c6194c024c293f1648fa102684ae4e7b23f236533ab032,ok,True
P159297,http://documents.worldbank.org/curated/en/551611480734099685/text/FINAL-101116-RVPApproved-PAD-11092016.txt,200,174345,8835478c8a481a366e0d146fb2c70c635f956e24bd38ec4d3aa620c8134c6c10,ok,True
P159303,http://documents.worldbank.org/curated/en/968821491616986434/text/SRILANKA-PAD-03172017.txt,200,313904,32696934c3309991c05ab026295fb6409fc450ae30d008ead6e2352c7241d91b,ok,True
P159378,http://documents.worldbank.org/curated/en/835181538364643803/text/Afghanistan-Eqra-project-appraisal-document-pad-P159378-09112018.txt,200,521850,ab1f1c4cb55b54d765eaf9768333f2722b9f817dc38495108f62834015290c63,ok,True
P159397,http://documents.worldbank.org/curated/en/847891496368946420/text/VIETNAM-SCALINGUP-PAD-05102017.txt,200,402461,03db30abf01792f96786a5c7faf10891f7e2423829dbaf29b9327236472857e2,ok,True
P159429,http://documents.worldbank.org/curated/en/409841491616912802/text/Project-Appraisal-Document-PAD-P159429-BD-IPFF-II-MARCH-18-2017-003-03172017.txt,200,297839,441090f9887b10c2c233a884bc41004deca581ad453f34cfcb46ef5c82e2f84f,ok,True
P159434,http://documents.worldbank.org/curated/en/132121491444055343/text/CHAD-PAD-03152017.txt,200,193450,71643019d431a90a9b41a7e055e7477d0d140915352b6946a50c569efcef2951,ok,True
P159437,http://documents.worldbank.org/curated/en/978411484190051572/text/Comoros-PAD-12192016.txt,200,183594,b3f03ba948171681cf31369b1a1deea40dd6e038f8b44dd723e9788ac5f46705,ok,True
P159476,http://documents.worldbank.org/curated/en/586031500775296653/text/BF-PAD-06292017.txt,200,381409,649ebd5363e198dfcc9f7e6cbf375209c980133cbf19f71e5753a22f49fe1534,ok,True
P159512,http://documents.worldbank.org/curated/en/915001491184879368/text/Project-Appraisal-Document-PAD-P159512-031617-03162017.txt,200,115950,b64265acebecf5b8d8ae2f6b552252dd8fb78e564bc19858c8f9c3a161be6d14,ok,True
P159515,http://documents.worldbank.org/curated/en/504471479697238041/text/R2016-0211-1-m-11012016.txt,200,235467,c99190909adafcd12d485a9790d852b29862bba559a270fc5935f908a9b6fdb3,ok,True
P159519,http://documents.worldbank.org/curated/en/753631493604120227/text/GUYANA-PAD-04112017.txt,200,161348,385e067aba4576a5cf00dae19a1bfa790721d8013aa0723c5ee9c70f51af084f,ok,True
P159517,http://documents.worldbank.org/curated/en/870081497232816711/text/project-appraisal-document-pad-P159517-ver0514-003-05222017.txt,200,284182,a32e10e5dba8a92dd9a4ee694a3f65dc8160d8d54fa54a7b67ca95a2567d287b,ok,True
P159576,http://documents.worldbank.org/curated/en/595731467305650771/text/PAD1892-PAD-P159576-OUO-9-IDA-R2016-0145-1-Box396265B.txt,200,279606,ee075f3327ea45274bf73bcf1b3e774d378cdf396351b83327a01e6c2c336bd3,ok,True
P159655,http://documents.worldbank.org/curated/en/427941513911675673/text/Afghanistan-FSP-PAD2479-PAD-11302017.txt,200,266587,cf8aecc2537a6e2daaad98df7d4ed9460effd54f1762f2e2e5c5ab7062d13b15,ok,True
P159653,http://documents.worldbank.org/curated/en/624081505229928094/text/OECS-PAD-09062017.txt,200,212637,120240202d46747566bbf803041ddcf1165c158845d83961e17535f961102dbb,ok,True
P159683,http://documents.worldbank.org/curated/en/484991486090876084/text/Project-Appraisal-Document-PAD-P159683-2017-01-10-01102017.txt,200,181607,f7778c891f93a4433f8bf4f8cec040dee8b854cdbc7116a554cba9b966fac088,ok,True
P159771,http://documents.worldbank.org/curated/en/828891480949552502/text/Uruguay-PAD-11292016.txt,200,196005,6f6fade1c05e1d13de295fb3381b9bae374049e94508a528651d41a76f4bfebf,ok,True
P159761,http://documents.worldbank.org/curated/en/188861492394485048/text/Project-Appraisal-Document-PAD-P159761-March-27-2017-03282017.txt,200,382339,3788d8bed0291adda3b862ea851cddf1da41feeaa582624148637f51f0af5f62,ok,True
P159870,http://documents.worldbank.org/curated/en/907641528515098050/text/China-Lake-and-River-PAD-05172018.txt,200,179045,2c71513e9eefc8ed9741ee5e195d8f2a437b8c50053941e0df8bce2ce07b19f4,ok,True
P159807,http://documents.worldbank.org/curated/en/729941493431246838/text/PAD-Power-System-Reliability-and-Efficiency-Improvement-Project-P159807-04072017.txt,200,285378,a2f4a4abfcdaf30e9235a442d1b069789b2657e44ed38112275373e1b48eb7af,ok,True
P159883,http://documents.worldbank.org/curated/en/311581545447736964/text/project-appraisal-document-pad-P159883-2018-12-03-12042018-636810265312041576.txt,200,213514,523e69eb0d9024dc96f5327d61c9965b14012fb8dfcd3792cabd0bfec3b756ec,ok,True
P159961,http://documents.worldbank.org/curated/en/427791558670776104/text/Liberia-Cheesemanburg-Landfill-And-Urban-Sanitation-Project.txt,200,200033,ee0a8bdc3ef723c92638d388db7f49d20a8c374f8ad949feb2f4f521642c967d,ok,True
P159929,http://documents.worldbank.org/curated/en/785341488423723724/text/Project-Appraisal-Document-PAD-P159929-RVP-rev-02072017.txt,200,310173,8e022ba1cee664b83f79a64192736456205c531eac87e24cbdaa747d350a63e4,ok,True
P159979,http://documents.worldbank.org/curated/en/626301500170447810/text/Congo-PAD-06212017.txt,200,380655,8d2711a8779556dbf029fa33041cf39dc7afb3485e74e72138172054ee9461f6,ok,True
P160071,http://documents.worldbank.org/curated/en/588541491012056044/text/MADAGASCAR-STATISTICAL-CAPACITY-PAD-03132017.txt,200,167112,8e5889267f7658198a3cf0709fc85a4290b73a6e2564279f782fde65427fe45c,ok,True
P160033,http://documents.worldbank.org/curated/en/374901487522968695/text/Mozambique-Forest-Investment-Project-PAD-02152017.txt,200,419162,21c7269acf9818c98788e7564faeaea78d56c613d23b06d22a18662bc0ad1a5e,ok,True
P160162,http://documents.worldbank.org/curated/en/886841529897487325/text/Vietnam-Dynamic-PAD-06052018.txt,200,219155,13ae4a4b82128cc5e9ca8aa042eecb8e091f5a3d59b006eefb3b237b7bf5f7b6,ok,True
P160083,http://documents.worldbank.org/curated/en/801651505700060126/text/Kenya-PAD-08282017.txt,200,509218,c65e8c39c120dfab55f14b8c721b3e5e6967678fd33e7746afa6435d41d2ba47,ok,True
P160223,http://documents.worldbank.org/curated/en/210611486651815142/text/Lebanon-Roads-Employment-PAD-P160223-01262017.txt,200,375589,f73977d5ab0c6169cd22ffa10f6bb6cbccb16c6a605f11c4c26e6d099ee75cda,ok,True
P160224,http://documents.worldbank.org/curated/en/471241521338566907/text/PAD-final-02262018.txt,200,231228,88d6734203119453d1ab5b991946ae817391693c0e6020b014a7e962e895ad24,ok,True
P160359,http://documents.worldbank.org/curated/en/556961489074487201/text/Project-Appraisal-Document-PAD-P160359-2017-02-13-10-54-002-02142017.txt,200,210312,0cb5dc3657087ef26e708514e88846dd2f682a953b6cb43a450fa3d8bee5aca8,ok,True
P160295,http://documents.worldbank.org/curated/en/447591531366236291/text/SL-project-appraisal-document-pad-P160295-19Jun18-06192018.txt,200,346084,0ddf7447c477968deed5e14cfd63837139e8a87683b7b5be7a90502cd45a987c,ok,True
P160279,http://documents.worldbank.org/curated/en/356301491184824880/text/Ethiopia-PAD-03142017.txt,200,399794,68209cef43acd64d36fb1be60a206c52089d4f4ef28b9ff7d96e9c60c31b1e43,ok,True
P160418,http://documents.worldbank.org/curated/en/900251527478271533/text/COTE-DIVOIRE-PADnew-05082018.txt,200,416660,c36dda66fc0ac1e2b44aa49ddcea01cfab9c0e29180aaee29ac83ed5ffcf7d09,ok,True
P160408,http://documents.worldbank.org/curated/en/704731519959668277/text/India-Maharashtra-PAD2483-PAD-02072018.txt,200,474358,1ecc2f6ecfc01236bd4f379c5838435c206945f91eb7e5ddc5998801eee89ea9,ok,True
P160377,http://documents.worldbank.org/curated/en/944651513998136523/text/TOGO-PAD-ENERGY-NEW-12012017.txt,200,341655,d474845a87f973d9de0b433bc6a0da219b6a0966813bd9aaf3723ec61f5366a2,ok,True
P160442,http://documents.worldbank.org/curated/en/517281522548048451/text/Madagascar-PAD-P160442-2018-03-12-638pm-03122018.txt,200,357210,c6779eb2f5115bd8128f7fff0b9908f76a6d0f8a8a4f57bf0a527ab9234e4640,ok,True
P160500,http://documents.worldbank.org/curated/en/408671499047375085/text/CAR-PAD-P160500-06212017.txt,200,129809,9a2000c5223773755b205425c32aace4bb78b4582265ea557124597955b0d9ff,ok,True
P160505,http://documents.worldbank.org/curated/en/886201498737629484/text/Mali-PAD-06262017.txt,200,151927,47d09765ec23fb392d81130211b2982c95e39c9ace96280db8e88186501a6977,ok,True
P160570,http://documents.worldbank.org/curated/en/263681490714537272/text/Mexico-PAD-main-03072017.txt,200,216051,b61ceb550656e4d406d7ef304b824e1a983952dbd23276f91f19e811aed46c90,ok,True
P160567,http://documents.worldbank.org/curated/en/257391477792873512/text/PAD-Citizens-Charter-Afghanistan-P160567-Oct-7-Board-version-10072016.txt,200,489778,970d52c669063868839893fd1fc4e5db8779cd5e48842461372a185666a8a85b,ok,True
P160613,http://documents.worldbank.org/curated/en/946311523671259769/text/BURUNDI-PADrev-03232018.txt,200,505428,acc123045417d4a63a7a5ae5bcc4f155813d3e8cc1f169236b6687e0ebe0fc8f,ok,True
P160615,http://documents.worldbank.org/curated/en/619701522461635967/text/Afghanistan-PAD-PAD2580-March-16-final-for-submission-3-17-18-03192018.txt,200,135167,36a105ea7a06655bfaa392151290043c63a41436d878c0a4ead45b3c84a69515,ok,True
P160619,http://documents.worldbank.org/curated/en/810621545534062536/text/1543432369820-000112554-Project-Appraisal-Document-PAD-002-11302018-636811128465500975.txt,200,237929,cf754d42b7c8081cced4e819b2bdb93dd6887ac4ed955f107ddf72d8648204c8,ok,True
P160641,http://documents.worldbank.org/curated/en/831531520046040417/text/MALI-PAD-02082018.txt,200,431964,ad185bd5cf4ca986fd48da0a6c4d2f6ddf06ccc5e4edac8adb62555a78e6be5b,ok,True
P160642,http://documents.worldbank.org/curated/en/915091553558343307/text/Cote-d-Ivoire-Higher-Education-Development-Support-Project.txt,200,298607,acdfcf5e603ffef51611371697a4104570992200ed909554a0d32248f79fb15c,ok,True
P160652,http://documents.worldbank.org/curated/en/156261506960949248/text/Project-Appraisal-Document-04252017.txt,200,336016,37e55ef26e23cb5ff90794ec570c287444a03ca88206abd33f0c7727a4f91a91,ok,True
P160661,http://documents.worldbank.org/curated/en/393931532143851037/text/Indonesia-One-Map-PAD-06262018.txt,200,311530,fff8929488a26e0f52ecaf9c92b59ca4cfb258416475ad5bbeb11b059d479a7b,ok,True
P160658,http://documents.worldbank.org/curated/en/565971496664964804/text/Vanuatu-Second-Rural-Electrification-Project-Stage-Project.txt,200,286487,cf67ecae03fde2423e0df02e4bec74e21bbedae7001b3c59f6421920d2663736,ok,True
P160674,http://documents.worldbank.org/curated/en/903881499956074884/text/SPEP-PAD-SECPO-July-7-Social-Protection-Enhancement-Project-P160674-07102017.txt,200,255677,91d67ea8ae80bd19256f1663ea5ad0f39cf7c12ee965823c1806e9cfbd57f61f,ok,True
P160680,http://documents.worldbank.org/curated/en/148661531805140629/text/PAD2298-PAD-P160680-PUBLIC.txt,200,337124,45539e0fcd90ab0954ad314892eae7186627695367dd3e7c2a51cce4a2a1f59c,ok,True
P160696,http://documents.worldbank.org/curated/en/301681568599263430/text/Nepal-Youth-Employment-Transformation-Initiative-Project.txt,200,176817,dacc4dbbc42270028e6306ad2d92f4633fbe9bd3ccacf2ad209fa258bd56c0bd,ok,True
P160678,http://documents.worldbank.org/curated/en/752911533267062349/text/GUINEA-BISSAU-PAD-07122018.txt,200,371119,3a7d0a9bf88849581d036e5a86cd34d12b6c7e283678f23c7951a60f437069c1,ok,True
P160719,http://documents.worldbank.org/curated/en/272761511578835426/text/SIERRA-LEONE-PAD-11032017.txt,200,364597,a690d842ac607e771a40867b6be5d56d40c266913e046b181b7649c4dfbd95a0,ok,True
P160717,http://documents.worldbank.org/curated/en/794381491184904362/text/CAR-PAD-03152017.txt,200,224907,28b9ab85b81972a3eec64097164b3ddf8644350c04bc93849d6ed52961cd433b,ok,True
P160758,http://documents.worldbank.org/curated/en/682051501466439748/text/PAD-final-sent-to-SECPO-June29-07112017.txt,200,278947,f8371c155c2940188b371dc88d6d232ff5912986a3fe3e0833f1014f1d8c0a39,ok,True
P160796,http://documents.worldbank.org/curated/en/288831528342274274/text/Cabo-Verde-PAD-SECPO-Edit-vF-05152018.txt,200,211507,7d7cfd33d56c255fcdbb501a1aba04f384fcbe17a26c5dfea158bb5566425122,ok,True
P160801,http://documents.worldbank.org/curated/en/955061494122480891/text/Congo-PAD-04172017.txt,200,272613,6c5cea61b9be22cdda3c55e8b070c467d075f4663e9a99b9dc187eeeefa6c64f,ok,True
P160846,http://documents.worldbank.org/curated/en/509301501466454241/text/BANGLADESH-HSSP-PAD-07112017.txt,200,405374,5ab56386b2944024ec0aee051352ca30a44fe161b5e55b9486c4f882c095370e,ok,True
P160806,http://documents.worldbank.org/curated/en/741111531107037545/text/DRC-SME-PAD-06122018.txt,200,409589,0db2fa685dc6c8c2bf85b5f4ea91758905e4c606713d2fcc8e5b918b0552b135,ok,True
P160819,http://documents.worldbank.org/curated/en/258451517626830719/text/BANGLADESH-PAD-01112018.txt,200,215707,94908eb610b9315b399b5357da516cefaee064c489a4e13efd0b29f2da7da710,ok,True
P160931,http://documents.worldbank.org/curated/en/710311497751243981/text/Myanmar-SEA-DRM-Project-PAD-PAD2197-05262017.txt,200,133761,c2622df1e973b68f15138cd1c253ffe67e462341d2c80bb447bf07f8b655b67d,ok,True
P160929,http://documents.worldbank.org/curated/en/382901492394433366/text/Cambodia-Cambodia-SEA-Disaster-Mgt-PAD2014-PAD-03282017.txt,200,279100,28fd79d01bdaedc62376fe3756c216ee6e2c83113cbdfd61af5b4881df8f70eb,ok,True
P160947,http://documents.worldbank.org/curated/en/505941496664893549/text/Papua-New-Guinea-Emergency-Tubercolosis-Project-PAD-05192017.txt,200,255977,5a155258bd47e9e28b264ca0d8122b0ae2f13e259de3421dd86eb116811aba1b,ok,True
P160948,http://documents.worldbank.org/curated/en/993611521943236640/text/ANGOLA-PAD-03022018.txt,200,276031,a30d28cadb28fc2e3d68afd9130b3a52ef8cac32e6a27ac87661370bb37344de,ok,True
P161015,http://documents.worldbank.org/curated/en/155861504722004394/text/Benin-PAD-06062017.txt,200,320528,6a0f9a8351808b2bc5b90194311a8021b4c0b8a836e9b9f634951733ce33fb26,ok,True
P160977,http://documents.worldbank.org/curated/en/356051497884937922/text/Mali-PAD-06162017.txt,200,190264,ad557112db4ef01f49290768d2694a261842513f986a8dc18301b30e3d3e2be0,ok,True
P161029,http://documents.worldbank.org/curated/en/225281492308020968/text/Nicaragua-PAD-P161029-PAD2208-03272017.txt,200,316448,0f6e853f0758eab885e17b91867962f62cd6f641174847ff78cf144c6ece51e1,ok,True
P161048,http://documents.worldbank.org/curated/en/996871495728315670/text/PAD2269-REVISED-PUBLIC-Mongolia-Strengthening-Fiscal-PAD-PAD2269-07272017.txt,200,156766,2205e4412606f31a2a19732164802e37e5709c3597327b352607289f7e5ca027,ok,True
P161122,http://documents.worldbank.org/curated/en/761621512874841581/text/Bosnia-Republika-PAD-11162017.txt,200,320909,788f73ebebece55c8a5299e720f6a9cb5caa05d55f4db5b4f4ef88e431af7045,ok,True
P161283,http://documents.worldbank.org/curated/en/104811561255248757/text/Vietnam-Investing-and-Innovating-for-Grassroots-Health-Service-Delivery-Project.txt,200,269338,a36bcaf4f3a44921f0ca737b0294115c90bd80e4515e4a78e8f40272a13f5efd,ok,True
P161163,http://documents.worldbank.org/curated/en/380191524492655455/text/MALI-NIGER-MAURITANIA-PAD-04182018.txt,200,563450,4c434a51c890d333d6638cab5d722a3a08dc3434fdcdae92342bdbfaf0ff55ed,ok,True
P161067,http://documents.worldbank.org/curated/en/598591493431258373/text/Kenya-Hon-Africa-PAD-04072017.txt,200,507191,7eec595d435654c4997cf441a9b160ef96ad4a8b8ab9ee3e19481daa88149d09,ok,True
P161320,http://documents.worldbank.org/curated/en/295701521469818907/text/Solomon-Islands-PAD-03142018.txt,200,307679,29a18f46e6cad4fb2ac788133cbbf7b3e659dea5eac04d6bb25081da04376a01,ok,True
P161317,http://documents.worldbank.org/curated/en/763241529292640506/text/FINAL-20180529-Project-Appraisal-Document-PAD-05292018.txt,200,261376,7ccb6094635602749d1ec4598f536069495704c88d578392bfd0ed81d30fa25d,ok,True
P161348,http://documents.worldbank.org/curated/en/644081522461645615/text/Afghanistan-Afghan-State-Owned-Banks-PAD-PAD2481-03142018.txt,200,212586,a8a86d353df3ed9eb52a6e50589747eff72fa42827390c8f75eff94ba07257d8,ok,True
P161364,http://documents.worldbank.org/curated/en/207671530329469779/text/NIGERIA-PAD-05252018.txt,200,377625,d5c86b682d861080c4a6c520cd5f1182e50a8b3008e0c3f335100c700a8bfc37,ok,True
P161368,http://documents.worldbank.org/curated/en/321341524231758456/text/BEAC-CEMAC-PAD-PAD2558-04092018.txt,200,364608,f5d120b3b16903571c8d2261fd01ac465e2726287c2232e04e90364829893d6b,ok,True
P161382,http://documents.worldbank.org/curated/en/817051556639882607/text/Marshall-Islands-Maritime-Investment-Project.txt,200,250425,bbc6f888d5a839a448bc03e2e3d81ede9ece1a622efe01700c8b0168ba88396c,ok,True
P161386,http://documents.worldbank.org/curated/en/705151559613734813/text/Pakistan-Higher-Education-Development-Project.txt,200,290630,823549562e0b90f75df4bcab1dec1ab87f06d291800f03a267a2473d485d1851,ok,True
P161406,http://documents.worldbank.org/curated/en/676221558922529960/text/Mali-Strengthening-Climate-Resilience-Project.txt,200,255348,5c03ac5ec5acfb44f38c3b950764eb9a7d7a1bafbd3b185169eb5c0176ba0e33,ok,True
P161473,http://documents.worldbank.org/curated/en/188921524967241299/text/Lao-Agriculture-PAD-04092018.txt,200,335571,ff1cad60bb03bc5d80b22f1bf59076a54de851dd23422fe77c21c3a16b9c02e7,ok,True
P161392,http://documents.worldbank.org/curated/en/264961478833260419/text/1478833256326-000A10458-Project-Appraisal-Document-10282016.txt,200,375924,dcd4ef9055dea13d54fbcc9204c03e19036e53d9d5c6853ec4a6c3ed637d0701,ok,True
P161490,http://documents.worldbank.org/curated/en/951451492698919112/text/Zambia-Forest-PAD-04182017.txt,200,470215,ad8e010b6a78194295dc5c6cfc2d829e522558cba76eceba60379361de3ecf7c,ok,True
P161539,http://documents.worldbank.org/curated/en/591421543806167605/text/Tonga-Project-Appraisal-Document-PAD-Tonga-2-11062018-636793849632241996.txt,200,253092,3af129443831ba9dfbb71a4e1d787a99e8e54b4b67a944ae221615b936ff7fe6,ok,True
P161491,http://documents.worldbank.org/curated/en/526901520046068044/text/MADAGASCAR-PAD1-02082018.txt,200,345880,7d6531af69a7503d974a916846197da38bb5b5f1e70f7a61a36c96e1a5256966,ok,True
P161540,http://documents.worldbank.org/curated/en/761911545447717736/text/project-appraisal-document-pad-P161540-28-11-18-Final-11292018-636810265127510369.txt,200,244536,2cb71a34f0b31c0c0c20cfb34fbe324e4451801f70b208494ae72dff4d1ced82,ok,True
P161541,http://documents.worldbank.org/curated/en/236711535686242840/text/PAD-SET-P161541-dated-Aug-9-002-08092018.txt,200,338791,379729d35965b225a10e1de5077b81300c3f981adc25795a9af14b456ae272df,ok,True
P161591,http://documents.worldbank.org/curated/en/990491495159302402/text/CAR-PAD-05092017.txt,200,353607,c0ef4068c197524173b6fe0e8a4548758cab804083ec2dfc5cd545c6b934e1fe,ok,True
P161600,http://documents.worldbank.org/curated/en/478261527391831585/text/BURUNDI-PAD-05072018.txt,200,420667,068705429b3e20b111cd3b726403090b883870d78a33dbeb1a8760461cba29e0,ok,True
P161590,http://documents.worldbank.org/curated/en/460441527910256027/text/CONGO-PAD-05102018.txt,200,409507,b0e8d24d854bbec7e556074c1c972c583f501a26cdde3825dbbe3aed1f70e49d,ok,True
P161624,http://documents.worldbank.org/curated/en/808061546545053035/text/Sindh-ERR-Stunting-Project-PAD-for-SECBO-May-5-002-05092017.txt,200,186502,88bf718d3004c7f5e6ec107cb948d476702ceddf99048e9f2c4b871aeb6d8f80,ok,True
P161658,http://documents.worldbank.org/curated/en/347671506823313370/text/WA-PAD-09112017.txt,200,231335,f262d9f2d344c87b4bca520b0d8a92399851c11dde3366d4d2521d2d6397ffed,ok,True
P161730,http://documents.worldbank.org/curated/en/523711498096989898/text/CAR-PAD-06082017.txt,200,392085,6270cd0da47479b82122817b7d6f24d02ba7cde9d2038b44efccde2ea76843dc,ok,True
P161770,http://documents.worldbank.org/curated/en/492301516590023819/text/Cote-dIvoire-Multisectoral-Nutrition-PAD2490-PAD-01022018.txt,200,344361,53418124d906aa208c9a2cf9e961ad7abbe993dbce17a5fdfc0d08ed4b6fd9dd,ok,True
P161787,http://documents.worldbank.org/curated/en/768071536096255699/text/Revised-PAD-P161787-002-08312018.txt,200,307350,09783e32e06b09875b3f0a5665ec7c3db9e5e5a93c81adc31f649a54876809f7,ok,True
P161809,http://documents.worldbank.org/curated/en/670741484967670280/text/PAD-YemenEmergencyHealth-12302016.txt,200,261856,645fffa2a1f4d7145967d874e574a5c75153ccb5d8d20e012ac0a9aec637b176,ok,True
P161772,http://documents.worldbank.org/curated/en/253501532057449870/text/Togo-Infrastructure-PAD-06252018.txt,200,244183,2f00b21ed47b83a1e846145630f4d5f37b547c7b881ffe1663dd65abfc7a2319,ok,True
P161781,http://documents.worldbank.org/curated/en/380541494208832823/text/Burundi-PAD-04182017.txt,200,445501,fbfdd60dc0d69550c7c87748eb75fd66b3e7ba6b034c837059d62c76162741f8,ok,True
P161923,http://documents.worldbank.org/curated/en/372241560788765587/text/Guinea-Bissau-Rural-Transport-Project.txt,200,216937,dd832199458a865e0487d354dcad554a0e18cfeed3ab1217e01c8d3795cb006d,ok,True
P161989,http://documents.worldbank.org/curated/en/669461500561422719/text/Uruguay-PAD-07132017.txt,200,211586,5377d38901596a44d6065c2ac2bc0d4cf158215c61443a5075c47756eac413fc,ok,True
P161969,http://documents.worldbank.org/curated/en/182571526306707865/text/Micronesia-PAD-05102018.txt,200,223249,a491832ef18cbc35696d113902fce1db2e87ae0b8e501fb64df6085186df33c1,ok,True
P161885,http://documents.worldbank.org/curated/en/367411530329645409/text/Nigeria-Electrification-PAD2524-06052018.txt,200,409659,feeeed854eccd257779b45664f2da6f203711753b902992d4fc963c5b5c4bd63,ok,True
P162004,http://documents.worldbank.org/curated/en/926851507911156465/text/PAD2161-PUBLIC-P162004.txt,200,296802,d8426991f55f8eca696026df9f73036dfafb3ee5acb1e72e5ca3b6043c5a5efe,ok,True
P161996,http://documents.worldbank.org/curated/en/395741538969430897/text/P161996-PAD-post-rvp-147pm-09182018.txt,200,251319,5217693bc1ff27acc8e6cf2bdfa4d7979315a05d0b774d6d563196647f6a5719,ok,True
P162022,http://documents.worldbank.org/curated/en/634711497578490082/text/AFGHANISTAN-HEART-PAD-06022017.txt,200,235027,a3f61d841e9339f041fa1897da2699299b5f57a5b9cec5bd6eda6ebc8e588263,ok,True
P162033,http://documents.worldbank.org/curated/en/117291513911652500/text/Brazil-Salvador-PAD-11302017.txt,200,337968,688e4f6f7679ce2a60b25f5fe4e9232b05cd7094c1abcbf014ba885106186e05,ok,True
P162245,http://documents.worldbank.org/curated/en/537671516417243128/text/CAR-Water-Electricity-PAD-12272017.txt,200,427825,b97aa699de6efcd1d2ec696adfb2a26ce78eb310a77c084012c4d32a3f95b725,ok,True
P162069,http://documents.worldbank.org/curated/en/910491530329489994/text/NIGERIA-NUTRITION-PAD-05252018.txt,200,395106,a5a05ecb49cfa5a36ba08513c3f35061f9dfe4fdc50a7653544998495a86d4b2,ok,True
P162246,http://documents.worldbank.org/curated/en/725641537068613217/text/Macedonia-former-Yugoslav-Republic-of-Social-Services-Improvement-Project.txt,200,238955,ba40ad7fca479e022f545b083e1bd726be2a5f0cb8be44ea686dd99ae1c4ff74,ok,True
P162089,http://documents.worldbank.org/curated/en/688361537293112347/text/PAD2333-PAD-P162089-PUBLIC.txt,200,361871,a12074bcf59117426dc30ec7aaad01f5d8d44322c89e4857e61a929fea0ccf6c,ok,True
P162580,http://documents.worldbank.org/curated/en/889851529345476097/text/WAPP-Solar-PAD2810-06142018.txt,200,195908,73e3a57859fd1124d34622f574e47976560b871633d2d68868b276e23a8de4d5,ok,True
P162599,http://documents.worldbank.org/curated/en/237141562292095592/text/Benin-Digital-Rural-Transformation-Project.txt,200,417612,61f77db1f7d2781b665a9970d178da707f6f93ae8b6c1f4f8badd932cea2b205,ok,True
P162621,http://documents.worldbank.org/curated/en/490281497885196031/text/Project-Appraisal-Document-PAD-P162621-SEPCO-June15-06162017.txt,200,267291,30d0f977f43f161e63a422a47f15791b9d482e5d54e518ddb0d9a7f195d99e2b,ok,True
P162646,http://documents.worldbank.org/curated/en/761071513825243134/text/RWANDA-PAD-11292017.txt,200,365089,25eb1a73657f7acab7dbe240315d9d19f412e6860e1826a1d416f9b723909c59,ok,True
P162659,http://documents.worldbank.org/curated/en/173291503381695317/text/PAD2319-PAD-P162659-PUBLIC-for-RVP-FINAL-CL.txt,200,230015,3e88db45b14f6b4969f705dcf1484560449e79f33596f557ab0f1d6cfcbc496a,ok,True
P162789,http://documents.worldbank.org/curated/en/424621517194823945/text/COTEDIVOIRE-FIP-PAD-01082018.txt,200,274686,131b1575eba75c5f49c3e79eb769d6aa4c7d1714ec58c277aed1394e43e91699,ok,True
P162850,http://documents.worldbank.org/curated/en/236331528083018186/text/PAD-PUBLIC-FINANCE-05142018.txt,200,177268,bca732239a2812be5f839b083141345db425438e1715b01b4ecfeac0b9a627a8,ok,True
P162760,http://documents.worldbank.org/curated/en/556221498788150527/text/Zambia-PAD-06082017.txt,200,436484,e97676464fdf2d0757f1bef3f6b3e0f58fc01c390f8808f06816b9bc42aaf4a0,ok,True
P162890,http://documents.worldbank.org/curated/en/710131522702161197/text/The-Gambia-PAD-P162890-corrected-9-Mar-2018-03092018.txt,200,326676,075e9c4f8f691f4ea0d27c130e0a1b37aed11418731f9d403f7d6e44d42640b0,ok,True
P162908,http://documents.worldbank.org/curated/en/468931518469626680/text/Haiti-PAD-02092018.txt,200,322777,dfd77941191c6d1717f310f74330691f30b9a06049fa95ba24d7a7e2937a99fb,ok,True
P162893,http://documents.worldbank.org/curated/en/233931506823363595/text/Liberia-PAD-09112017.txt,200,253214,494115818f00606f449314dc37d75eb2d20f102fd666e2164d10719718ad47b7,ok,True
P162904,http://documents.worldbank.org/curated/en/826531523301322820/text/Djibouti-Public-Admin-PAD-PAD2604-04062018.txt,200,841752,cf91eda610e74d53915622044cb99266bc9ce9f95f6c4446f7e85dccd34858ca,ok,True
P163018,http://documents.worldbank.org/curated/en/387251506909647717/text/NEPAL-EVENT-PAD-09122017.txt,200,266451,cf0110549b740e9913e0143d1190a235202b7026ab3f2518c1160af0bfc39824,ok,True
P163015,http://documents.worldbank.org/curated/en/528571518922818764/text/P163015-Approved-PAD-Final-3-01292018.txt,200,246131,6f9043c921a331310fa9474db5a742e3c0c3dc64d4b36fdaad9f4858aea19998,ok,True
P163088,http://documents.worldbank.org/curated/en/473581538278252143/text/Sao-Tome-PAD-09102018.txt,200,240215,f16870e9b11d96d9b48059b146daab1010978d0528fc723de052e6ca7ea7432b,ok,True
P162956,http://documents.worldbank.org/curated/en/667641525312840930/text/CHAD-PADrev-04112018.txt,200,612933,0e9c694777336cd449c3e79cf343e2e98d2df2feceeb01a42664e0238125aa97,ok,True
P163140,http://documents.worldbank.org/curated/en/784191524880922883/text/GUINEA-REVISED-PAD-04062018.txt,200,364121,d0f18608d058f3df0103f3f852c82202a90247b8384abbd21a47ca5545d11ae8,ok,True
P163239,http://documents.worldbank.org/curated/en/133741523301183905/text/Albania-Roads-Project-Appraisal-Document-PAD-Revised-04052018.txt,200,212593,74f0b8c1abc3d248bf9239f549523b4121f83cdde45aa92cd95b6fed3476ffac,ok,True
P163115,http://documents.worldbank.org/curated/en/762731513479758469/text/Argentina-PAD-11272017.txt,200,358262,e53de4a9365f97fc0f92caaec566afe3950237ef880f9f75ed8b2d05a7aa4e2d,ok,True
P163157,http://documents.worldbank.org/curated/en/280831527617623893/text/NIGER-PAD-05252018.txt,200,192084,e694fc96c94cb858fd0a174694bc30b00a718b7de4d4c42fce52f70aac7e94cb,ok,True
P163255,http://documents.worldbank.org/curated/en/471951549249341333/text/final-pad-01112019-636848281330287239.txt,200,327195,ff2ca1dbbe8e0b910a489040db76c08d657709676b5da25365033eae807371a1,ok,True
P163305,http://documents.worldbank.org/curated/en/303921552874430412/text/project-appraisal-document-pad-LDSP-24-Feb-02252019-636884568159507143.txt,200,217940,c34adcbad5acdf97d0b9284df096acf4e81e5302429986f1d5a75ca39ae9d18c,ok,True
P163250,http://documents.worldbank.org/curated/en/589341522548029968/text/Bangladesh-Sustainable-Enterprise-PAD2543-vF-03122018.txt,200,207076,271faf4a6a323d9ac8ccb492e2deb3aa919c39f3760b5c550b50fabebc059f5c,ok,True
P163383,http://documents.worldbank.org/curated/en/671621533180654816/text/ETHIOPIA-PAD-07112018.txt,200,415550,7b49fd7ae6279d2f273f2595005e0684a4f93dd0dbad85a16bafd4fdbb8f4dac,ok,True
P163437,http://documents.worldbank.org/curated/en/146121508724024129/text/Chile-PAD-10022017.txt,200,183969,3b3f80f2914902e90ecf78c97d03326829153e24f378769dc28d5dbb7479612c,ok,True
P163490,http://documents.worldbank.org/curated/en/999811526304945905/text/project-appraisal-document-pad-P163490-05112018.txt,200,236885,09847672617dfb66ce3d5cd25cbfd96f44d6fe8fdcfe22f854564376bc841dc3,ok,True
P163438,http://documents.worldbank.org/curated/en/830381505613638420/text/project-appraisal-document-pad-P163438-EU-edits-for-Board-version-08252017.txt,200,457559,37f3d0bfa9a702bf57bd68dbeb5f3b13b0bd7df34c2dba759f51f952da2c6318,ok,True
P163531,http://documents.worldbank.org/curated/en/895431521338507774/text/PAD2598-clean-02262018.txt,200,263800,f9b7e770aa61d0d056fe34203770a8b77082a7903209a06574c460a82d03e8f0,ok,True
P163540,http://documents.worldbank.org/curated/en/888571530329670279/text/P163540-Nigeria-FGIP-PAD-06052018.txt,200,370780,e97ef2e5030bd85925b1cbff567b8fc1bd1f172e82b18fe2f3c9ebfb9c173c8c,ok,True
P163559,http://documents.worldbank.org/curated/en/713081494122547885/text/South-Sudan-PAD-04282017.txt,200,344204,351864ba9d9185db0764878f7c6d7c4e740abddb7e195afb79093cb655afc65e,ok,True
P163563,http://documents.worldbank.org/curated/en/644381521424858088/text/MAURITANIA-PAD-02272018.txt,200,349664,f93b5bdd1eeb675c30a79a8c6cb83834d164d88010a3246e6d14ae3d863590cc,ok,True
P163560,http://documents.worldbank.org/curated/en/265441531107076097/text/Project-Appraisal-Document-PAD-Community-and-Local-Government-Basic-Social-Services-Project-P163560-SECPO-e-06182018.txt,200,224672,4f5463b68eba521ab9c460554b1a9e415ccc1de350f440551015574f2eaeb2ef,ok,True
P163592,http://documents.worldbank.org/curated/en/878901523584951785/text/PAD-FINAL-Kyrgyz-Republic-P163592-03262018.txt,200,247837,c75e63a3b36080a036f8c43521597795300400789029ea9537d5c34ba3432485,ok,True
P163608,http://documents.worldbank.org/curated/en/121281501573513677/text/PAD2429-PAD-PUBLIC-Project-Appraisal-Document-PAD-P163608-2017-06-29-14-44.txt,200,226579,66e61d480df66fac68bde30f261fea63b9cf351856763f01ef89987a0ecfb755,ok,True
P163723,http://documents.worldbank.org/curated/en/121121538105464838/text/Sierra-Leone-PAD-P163723-Sept-4-09062018.txt,200,274215,68574a078757a58384be65562964c4fd15114ba2fbbb653c3b37ed2ea3f7d73a,ok,True
P163777,http://documents.worldbank.org/curated/en/845691523844015143/text/PAD-04042018.txt,200,184217,6770f1a4e809eb6fef467d3cd5689ae040325b58aba945843f2bd7f2fb2d03e4,ok,True
P163721,http://documents.worldbank.org/curated/en/306851530329751047/text/Project-Appraisal-Document-PAD-Sri-Lanka-Primary-Health-Care-System-Strengthening-Project-P163721-002-06082018.txt,200,337332,1d718221a3d7eeb72f341617b421f5661036f2672954e474276529cc7f78d76e,ok,True
P163794,http://documents.worldbank.org/curated/en/419171513998119839/text/MALAWI-PAD-12012017.txt,200,511159,d1eae85a926e862de613d0f1606eca279f6d36a381fad8d6af788fc3f80ce815,ok,True
P163924,http://documents.worldbank.org/curated/en/917341527478256052/text/PAKISTAN-HYDROMET-PAD-05082018.txt,200,199691,6a35e9ec7fcda28a71eb42300546d960a9d9dc49a3dd1edb26968371e080b33c,ok,True
P163830,http://documents.worldbank.org/curated/en/683581495802767249/text/Project-Appraisal-Document-PAD-P163830-2017-05-22-CLEAN-05232017.txt,200,397262,f21a6cf4cac475634c5a4b8dc62d1f84ebbd73d652bfc839d95b7e271e1bbf3a,ok,True
P163922,http://documents.worldbank.org/curated/en/164231557713145805/text/Micronesia-Maritime-Investment-Project.txt,200,260037,966515b42545e9ca6b11ab5812383a87420f45d552bd7e5d21ebac4a1fe65265,ok,True
P163857,http://documents.worldbank.org/curated/en/368691542180152925/text/PAD2435-PAD-PUBLIC-Project-Appraisal-Document-PAD-P163857.txt,200,257037,abc45da711a728c14022d54458d1a11c7a9f12d778f7a0f3c1af9c6963e552d4,ok,True
P164078,http://documents.worldbank.org/curated/en/141021538191842318/text/BURKINA-FASO-PAD-09072018.txt,200,236791,7090b3956a7fa4df2d20cda82fa72c7c4e0059104ce94bbb31248af1e31f1821,ok,True
P163984,http://documents.worldbank.org/curated/en/293271531711852754/text/GHANA-ENERGY-PAD-06252018.txt,200,175230,de4bdf18db0aff2728c9c19735e6a75ec2a6b77c0f9cfea94daee2c50250be6d,ok,True
P164129,http://documents.worldbank.org/curated/en/359401569808879957/text/Myanmar-Maternal-and-Child-Cash-Transfers-for-Improved-Nutrition-Project.txt,200,331340,6c0f9de4f6d7fb7fb55880592e930d0e2c0c3688cb3deecb65564ab1bcffa424,ok,True
P164164,http://documents.worldbank.org/curated/en/507061529679800327/text/PAD-P164164-June-19-2018-06192018.txt,200,254450,4b2d31d5b14a96292d195a34c33d6667cf737d0bd8fa17044de568b9efcd12dc,ok,True
P164190,http://documents.worldbank.org/curated/en/108561509847237071/text/Yemen-Integrated-Urban-PAD2487-PAD-P164190-3-10242017.txt,200,205317,072d7b260814299444152c5e3685f1320b39346a7ae8449832b881a06656f287,ok,True
P164188,http://documents.worldbank.org/curated/en/249951531020771941/text/Kosovo-KODE-PAD-06132018.txt,200,518054,9ba63cd3e366aaeb1e1002af98c04ca23942f99954ce0ef1489c61610fd2fb2b,ok,True
P164211,http://documents.worldbank.org/curated/en/161661531711822807/text/Ghana-Tourism-project-appraisal-document-pad-P164211-25Jun18-06252018.txt,200,223874,b495b0826859cb4c6b43533829700e6025d15c522e7c8bb72f008507049ee097,ok,True
P164242,http://documents.worldbank.org/curated/en/827251561428094594/text/Mali-Governance-of-Mining-Sector-Project.txt,200,236457,18d87f2626892e63a730f61f9fd243a3d3e0d13219a8e133bcade501f9e0552d,ok,True
P164262,http://documents.worldbank.org/curated/en/268081529897452035/text/Project-Appraisal-Document-PAD-Senegal-Rural-Water-Supply-and-Sanitation-Project-P164262-002-06052018.txt,200,311773,fe62307227a7091103ccad64864337e06814e1fc8c8f8e632045d4309529c3bc,ok,True
P164243,http://documents.worldbank.org/curated/en/694841532921429637/text/EAC-PAD-07102018.txt,200,401496,4f9e31cc8177f66f94a0345dd7744c4f8fefdb05703a4c6223f315c47eedc0d2,ok,True
P164271,http://documents.worldbank.org/curated/en/346441596765970286/text/Niger-Governance-of-Extractives-for-Local-Development-and-COVID-19-Project.txt,200,390061,445831912c7bddcc092033578ab5933aea460bb6f9a7e5d72433d3a4db9bbb0b,ok,True
P164260,http://documents.worldbank.org/curated/en/167851560823385771/text/Belarus-Utility-Efficiency-and-Quality-Improvement-Project.txt,200,364140,4157bc1d2682d150fc77519642386b019c533cc1cf97ec6e63a8f70ac072b0e1,ok,True
P164283,http://documents.worldbank.org/curated/en/296841560218558485/text/Guinea-Support-to-MSME-Growth-Competitiveness-and-Access-to-Finance-Project.txt,200,218970,8dde23db09c1c1153c859c0f694df4d6bdae3e8497c0e69cda335cb30cd1b122,ok,True
P164294,http://documents.worldbank.org/curated/en/114741541437342338/text/cabo-verde-pad-10122018-636768792730538954.txt,200,310518,c0b37700f22e9e71cdba3347577e4acdf743b5197a8d89450b23c379820b8795,ok,True
P164295,http://documents.worldbank.org/curated/en/719581528515202632/text/CAR-NEW-PAD-05252018.txt,200,367057,9c4f747fc8ca84c90d2068814ede1af89b3d9ea5f03a18ccf4bcdb33f41160af,ok,True
P164293,http://documents.worldbank.org/curated/en/277421531452640797/text/BURKINA-FASO-EDUCATION-PAD-06202018.txt,200,359027,8363685b6fcd2755e5ec8e8d2abdeb65215f82566814c00d184fb69fecd6bec6,ok,True
P164326,http://documents.worldbank.org/curated/en/275561531366228735/text/GUINEA-PAD-06192018.txt,200,344367,aa799a1174205acfcd56a33cd309072edb2b8748d0e11be5ddc30bb668d78141,ok,True
P164389,http://documents.worldbank.org/curated/en/170161583118056961/text/Mexico-Water-Security-and-Resilience-for-the-Valley-of-Mexico-Project.txt,200,219596,b161b9300978d54e0f68e8248b0affbfa04ae26f1d7fc77c6efee3b8c5f99396,ok,True
P164431,http://documents.worldbank.org/curated/en/233151531491356410/text/PAD2792-PUBLIC-IDA-R2018-0176-1new-002.txt,200,367865,e70a38b9db55c0aaeb3a506c894f0fed25a2b2792d7dfde286ccd8d7bfd20f42,ok,True
P164353,http://documents.worldbank.org/curated/en/199511560736915766/text/Sierra-Leone-Integrated-and-Resilient-Urban-Mobility-Project.txt,200,358415,522b3b1ad337b6d4b3d64fd3209f8edeac06294e79ad5325a94b5e6ed523ad10,ok,True
P164443,http://documents.worldbank.org/curated/en/235601538364654826/text/Afghanistan-Womens-Economic-PAD-09112018.txt,200,329698,6487917d1469b69945812373b310fecb448a6c86288db25a0e85c048d8f3f006,ok,True
P164453,http://documents.worldbank.org/curated/en/299691529206266540/text/Boliva-PAD-05252018.txt,200,177539,c6605e216d26fa6e55bd0d5bc4c0b4b6c1c7da57cd9dd4142dd1f425fae0c5ac,ok,True
P164486,http://documents.worldbank.org/curated/en/365131545447708445/text/ANGOLA-LESOTHO-PADf-11292018-636810265029229101.txt,200,422809,dfc42f3638eeffa63f5bfa14668e125c16587c13cd44e001d012cd44010a29f0,ok,True
P164509,http://documents.worldbank.org/curated/en/682971561341777240/text/Niger-Agricultural-and-Livestock-Transformation-Project.txt,200,443013,f14916aea19284d98a4c7391df65f450bdf5fcb3bc58a96b13ba56b857c69813,ok,True
P164529,http://documents.worldbank.org/curated/en/332321531107020355/text/CHAD-PAD-06142018.txt,200,348994,aeeedee1afed08e344025237375f48e816792ad6c996bcc91db6e47d78dcab47,ok,True
P164536,http://documents.worldbank.org/curated/en/348081537500634040/text/Madagascar-Integrated-PAD-08292018.txt,200,334034,5f29b1e0ce0da1c08ff0bdd2f4c77442f53c0fdd9b78e560660ca260f38a7895,ok,True
P164543,http://documents.worldbank.org/curated/en/821391660078895095/text/Guinea-Rural-Mobility-and-Connectivity-Project.txt,200,218776,aa69d79cdf347a0e36c21641522a69a7771224d94ec4c1f840be9dab0e245cbe,ok,True
P164546,http://documents.worldbank.org/curated/en/113951553997663855/text/Burkina-Faso-Djibouti-Ghana-Guinea-Senegal-and-the-Association-of-African-Universities-First-Africa-Higher-Education-Centers-of-Excellence-for-Development-Impact-Project.txt,200,509537,05b5194ac0c3862f05f05f2347c3a9e752b5bf79f01432782b579be3ffef6f56,ok,True
P164551,http://documents.worldbank.org/curated/en/690511544238091029/text/Mozambique-PAD-P164551-for-Board-11132018-636798168819424015.txt,200,367423,875f936ad1510946c969b90a026a3f8990f482aef2a337b2674c4d92e08a7f31,ok,True
P164561,http://documents.worldbank.org/curated/en/214081558922577300/text/Mali-Deployment-of-State-Resources-for-Better-Service-Delivery-Project.txt,200,268020,7bb8349a34c1be72bf57c68c48c785fdc78919aea8d709ed279c3304ce2a1fc1,ok,True
P164563,http://documents.worldbank.org/curated/en/504891536982246418/text/NIGER-PAD-08232018.txt,200,452715,cad84ca83f9b7fa17ca998e0d3b31c45d743ad5f5d2bdd9e68bda79996c94f77,ok,True
P164584,http://documents.worldbank.org/curated/en/281071558663293548/text/Comoros-Integrated-Development-and-Competitiveness-Project.txt,200,337539,0d1beb5e8b070ccb1e9910bdb47045b3547ce8d5e9f03e9261e58a32edf83bc1,ok,True
P164603,http://documents.worldbank.org/curated/en/658391551735994200/text/project-appraisal-document-pad-p164603-secbo-10122018-636768792775382631.txt,200,245088,5ea3025f85b77ea076ac7aecb4cf5251314e543e207a93a52a3de78bd2a9ef38,ok,True
P164654,http://documents.worldbank.org/curated/en/442271543719657009/text/KENYA-SOCIAL-PAD-11062018-636792984505888118.txt,200,321940,e7949a992b7085e12d8b8d3a3bf18ed5af449a64dc5799cfb07f3dce889c8f62,ok,True
P164665,http://documents.worldbank.org/curated/en/758341540692513115/text/ghana-pad-10032018-636762749065203646.txt,200,333895,b6a65e9b5b55d341a9ae920c8271ce6bd33f997e103740016a65dbbe50fc828f,ok,True
P164661,http://documents.worldbank.org/curated/en/670141517454051085/text/Mexico-PAD-01092018.txt,200,330302,f6061a3385e04f6b918e1923ecb764ccb16f11b7fc18649210e626d97098b1cc,ok,True
P164771,http://documents.worldbank.org/curated/en/172701545534083794/text/MALAWI-PADf-11302018-636811128679250963.txt,200,269892,fb1a528732828e5c5c5f0aa6d7aa5436734d4a2f102cc585fd60859d66d7d0ed,ok,True
P164696,http://documents.worldbank.org/curated/en/570511531107056406/text/BURKINA-FASO-PAD-1-06182018.txt,200,262919,4a12a6f4d70cd3641cef6c132c1d707d203a1daeb347d3ef3f30a2edf2966453,ok,True
P164813,http://documents.worldbank.org/curated/en/979911538278223022/text/LAO-PDR-PAD-09102018.txt,200,280175,c60bc53d514ccda9e5f8f64695de07b3dcb2d9d80583468c7daf332fa001beb4,ok,True
P164807,http://documents.worldbank.org/curated/en/697381540692465766/text/rwanda-pad-10032018-636762748488016124.txt,200,200752,d45cd98bd67c1cae33f23500777f1657274368ce45926de0d98e2dd4ef2e5b37,ok,True
P164906,http://documents.worldbank.org/curated/en/466181641925880285/text/Tanzania-Land-Tenure-Improvement-Project.txt,200,224820,d88669b5ceb26fc41ae7312f3747b54592e1f5f87ddc86d75c0e1b3a29330667,ok,True
P164885,http://documents.worldbank.org/curated/en/307711551668592488/text/SIERRA-LEONE-PAD-02192019-636872473755315841.txt,200,340371,d29825f5a0993cd297a91695b692a16c563dae8aa7c0626d6ec9221afdde61ea,ok,True
P164953,http://documents.worldbank.org/curated/en/447171538278262488/text/CAR-PAD-09102018.txt,200,251650,ad0587659762e75f626ca3a7cef5a5b6fa3ac3a690c4e9bafa01fcfdace03ea5,ok,True
P164941,http://documents.worldbank.org/curated/en/309511555812077778/text/Tonga-Pathway-to-Sustainable-Oceans-Project.txt,200,315562,14830c8b1e1f4c7eb1d8b8ed1d86cde7264250703266cbd876788f5b06249384,ok,True
P165062,http://documents.worldbank.org/curated/en/567991529344825238/text/NIGER-PAD-06142018.txt,200,147964,8bc98d8edd9da107222ee24f6402814c553b60259de0a59781bfe3d289962b37,ok,True
P165000,http://documents.worldbank.org/curated/en/818891563588205526/text/Liberia-Public-Financial-Management-Reforms-for-Institutional-Strengthening-Project.txt,200,413656,b678f0a4878b5afb5546d0841aae1f1ffae2d5f2a50b2f7ddae4129ce3b8a027,ok,True
P165147,http://documents.worldbank.org/curated/en/760711558144961259/text/Kosovo-Financial-Sector-Strengthening-Project.txt,200,200588,3467bd9e192d1c218dcd70c4c24ecebbe3d96393d3e6e17f5c5ed53a2d0da57b,ok,True
P165253,http://documents.worldbank.org/curated/en/614131567994477403/text/Burundi-Investing-in-Early-Years-and-Fertility-in-Burundi-Project.txt,200,238372,d4bd9aa4405116a070a83377427c09e1d5bbc94f518d026bd5dd31b85c2a95a6,ok,True
P165313,http://documents.worldbank.org/curated/en/669111553479248975/text/Tajikistan-CASA1000-Community-Support-Project.txt,200,264415,24e0e8b5293b465ce948e62cade473e203bc6c35866d97f3df5d06b36fdd625b,ok,True
P165267,http://documents.worldbank.org/curated/en/102181545015798577/text/CABO-VERDE-PAD-11262018-636805945700219570.txt,200,229882,255db0113da74e9b2a37a19c0c3634675ded3c8e44f0dc630dc389a0346b1315,ok,True
P165534,http://documents.worldbank.org/curated/en/382171551732681185/text/mali-pad-02282019-636871609042094203.txt,200,343706,9aae8dac99731d3c73b09b37f3be6057eb5c1d0d3961a6c8c7499d07b0815154,ok,True
P165651,http://documents.worldbank.org/curated/en/630331572746428465/text/Belarus-Sustainable-Energy-Scale-Up-Project.txt,200,266396,fdb6e11921b4a274104572049c838047d175ddd92c255284dc3fd9524efdd3bb,ok,True
P165453,http://documents.worldbank.org/curated/en/594061554084119829/text/Mozambique-Energy-for-All-ProEnergia-Project.txt,200,285523,c9f22ab742bedaeb052553fc296cb41a24accc142d1118ffaf0863f9141c33f3,ok,True
P165543,http://documents.worldbank.org/curated/en/335851561860047999/text/Indonesia-Institutional-Strengthening-for-Improved-Village-Service-Delivery-Project.txt,200,354463,63d926624f7fad86f1843f49a9390ddc415a52f4039efaeff7470f69785499c1,ok,True
P165742,http://documents.worldbank.org/curated/en/505131590458466771/text/Indonesia-Strengthening-of-Social-Forestry-in-Indonesia-Project.txt,200,289513,5043fde8335840f63b8ee50259310fe53f2260d74733e432473c69fab30cd707,ok,True
P165737,http://documents.worldbank.org/curated/en/472601559440909823/text/Uzbekistan-Promoting-Early-Childhood-Development-Project.txt,200,348830,481223516c9af0b18ca11fcfff9c31e2117ae4f07daf408266520115be0d63c2,ok,True
P166075,http://documents.worldbank.org/curated/en/796841519527638944/text/SIERRA-LEONE-PAD-02122018.txt,200,226424,013c9a94c30e7b2efda6673141473619e049ad1097f02c73cc7fcadfc426e01f,ok,True
P166100,http://documents.worldbank.org/curated/en/676801581994864496/text/Mozambique-Harnessing-the-Demographic-Dividend-Project.txt,200,279588,5eb6213ca1939c58a1c27729922e06142616f81a74e8f267825ecace0811218c,ok,True
P166107,http://documents.worldbank.org/curated/en/986901551713827331/text/project-appraisal-document-pad-p166107-11262018-636805944190375925.txt,200,207788,a122ed90f3d4243736cc14585fae622cf2db9de2de182dce545cd4e22845b215,ok,True
P166127,http://documents.worldbank.org/curated/en/714251547070785057/text/Afghanistan-Eshteghal-Zaiee-Karmondena-EZ-Kar-Project.txt,200,379866,2b6947469f39332a2ac3db010f170414fb4f207db824cd1a653c3d55617a002d,ok,True
P166211,http://documents.worldbank.org/curated/en/722701551063666913/text/Benin-Early-Years-Nutrition-and-Child-Development-Project.txt,200,364527,eb761c18fb6de00ee2bb6aedcdeb9d76e5502e52783c684dd1acbe6ea24c9995,ok,True
P166165,http://documents.worldbank.org/curated/en/298581584324067365/text/Lao-Peoples-Democratic-Republic-Health-and-Nutrition-Services-Access-Project.txt,200,653681,b4a8a0af4afd1d4837ff65ef9342a8617cf4d2fd5286067e056d91af40e7557c,ok,True
P166220,http://documents.worldbank.org/curated/en/893891558231269265/text/Djibouti-Integrated-Cash-Transfer-and-Human-Capital-Project.txt,200,159409,b8db90191665575ca0eeb4afcb14e1bc95c9047f4293fabf406a88a8428f646c,ok,True
P166308,http://documents.worldbank.org/curated/en/519111593223468766/text/Pakistan-Balochistan-Human-Capital-Investment-Project.txt,200,231919,5d3c5f64ce4b85ceea0c6c24567e5ae5e080f13f705e1eb8159b009af66d4d55,ok,True
P166447,http://documents.worldbank.org/curated/en/895931562292157182/text/Uzbekistan-Strengthening-Social-Protection-System-Project.txt,200,325102,8525d88df70f56055e15f5f6f12a12c846364135bfd7395ad922e3d1af480747,ok,True
P166526,http://documents.worldbank.org/curated/en/810821574132477851/text/Madagascar-Connectivity-for-Rural-Livelihood-Improvement-Project.txt,200,224602,94830a5e3299cada86ecedac7a2693e9df4ab84e6eb0afbc89e9feb00f66e481,ok,True
P166601,http://documents.worldbank.org/curated/en/902181548039624564/text/Project-Appraisal-Document-PAD-Sierra-Leone-Financial-Inclusion-Project-P166601-12212018-636836184164440328.txt,200,193559,bbd73e2e4716707e17141d157dd58e217ffac4e7f7dd164cc66f7b7760f737d1,ok,True
P166537,http://documents.worldbank.org/curated/en/799351523844037096/text/Dominica-Housing-project-appraisal-document-pad-P166537-04042018-04042018.txt,200,284045,1c9787045cb6262f240d86c2fc68f26e68fa21a3153ea50cf5aebc6250641f51,ok,True
P166622,http://documents.worldbank.org/curated/en/621001554084042298/text/Solomon-Islands-Roads-and-Aviation-Project.txt,200,349817,12a0c80fcc0f1227e7567b991fb4c371f03801aa0aec1c629b1efd05841bd389,ok,True
P166695,http://documents.worldbank.org/curated/en/958351591581626384/text/The-Gambia-Fiscal-Management-Development-Project.txt,200,242643,e8a49c368fda69985c8af861c6cf9fe5d45b5aebcfd3f63f041ea10ca28f03a7,ok,True
P166744,http://documents.worldbank.org/curated/en/840111587866456259/text/Timor-Leste-Basic-Education-Strengthening-and-Transformation-Project.txt,200,319931,27b20ce358f170b47e3aa8dd7a5785d278a3277d1032195fc02b2ae7042dee15,ok,True
P166783,http://documents.worldbank.org/curated/en/675171538364617142/text/St-Lucia-PAD-09072018.txt,200,220508,07f37cd12f96197808dcf340cab0daf12e0de116ea1f66bb3aedfcfb68b5dc6c,ok,True
P166763,http://documents.worldbank.org/curated/en/431561535859045136/text/DRC-Gender-Based-PAD-06192018.txt,200,309249,e1ffacf9ee160b5c708aa5abd7b075c3a18ff4da8ffa83da2e34a2ae7f178538,ok,True
P166923,http://documents.worldbank.org/curated/en/421121552269865410/text/India-project-appraisal-document-pad-P166923-dated-11219-02152019-636878522486568458.txt,200,326709,92778d944cfd6aa5717bc7d4f98e78d4a3c3dc0a036aca3f8e57ebe62f93a62e,ok,True
P166800,http://documents.worldbank.org/curated/en/547721549918010477/text/project-appraisal-document-pad-p166800-02082019-636854328649882377.txt,200,294529,d73f951f3de674b80a920d241e18f3c59ba93294c25d6a8091c873e2d6b03a29,ok,True
P166978,http://documents.worldbank.org/curated/en/542361547566412383/text/afghanistan-taghir-pad-secpo-edit-01112019-636831000229465639.txt,200,204546,8f77a17e5cf5845326f0eee6067d5394692fd1dfb763a0889c2ef712cfeaec7e,ok,True
P166802,http://documents.worldbank.org/curated/en/183911537673432887/text/MOZAMBIQUE-08312018.txt,200,278761,27d442818174d298d260d9233afee7338a413a4aea58c54b15e438bcc9141243,ok,True
P167064,https://documents.worldbank.org/curated/en/099139107192417541/text/IDU-1573d504-f6d2-434c-9267-ad572d7fc1eb.txt,200,126843,4bf3f6fd67e29ce73e0a3569933433ada6fd2778dc012a655c68eb1bc5dc721d,ok,True
P167368,http://documents.worldbank.org/curated/en/132261546980531248/text/PAD2908-PAD-PUBLIC-Disclosable-Project-Appraisal-Document-PAD.txt,200,208671,c7fb1c38550dc0ef6a7e0de415419487c7d5e284643f5c44774bc391f8b79c18,ok,True
P167169,http://documents.worldbank.org/curated/en/460231604339832869/text/Sudan-Basic-Education-Support-Project.txt,200,285415,28397b8a17e45b53541eb6d496fbacfc2933ede5627c9dfe96e26cb8e91fb7ec,ok,True
P167432,http://documents.worldbank.org/curated/en/199801617387948956/text/Benin-Third-Phase-of-the-Global-Partnership-For-Education-Project.txt,200,386449,9989f8946584927b72a68c4e49e37e7b514479ffe70ca296371c310eaa89f5fb,ok,True
P167478,http://documents.worldbank.org/curated/en/490581562983276735/text/Guinea-Project-for-Results-in-Early-Childhood-and-Basic-Education.txt,200,360922,cd29e202643fe7ed0c3ab5a988c3e11fd4c0dd4e36b56b17dbf4c37643801d45,ok,True
P167681,http://documents.worldbank.org/curated/en/301241543114830608/text/SENEGAL-PAD-REV-11022018-636786936147418467.txt,200,208852,b6da66932768fb3b3b87b837b7e06ad0be0ceecf5fa69d8047b976f7bed41b5f,ok,True
P167581,http://documents.worldbank.org/curated/en/621091558231230277/text/India-Andhra-Pradesh-Health-Systems-Strengthening-Project.txt,200,323438,2c64be38b1ab6e31dea2582ee20105bee76e2228acc973a78d04af624e24db7f,ok,True
P167726,http://documents.worldbank.org/curated/en/339391534131064726/text/Project-Appraisal-Document-PAD-003-08012018.txt,200,202320,e3330d1500765eaa8e11bef2ea519fd2fa4806e714536a740b9cddb71ceb4531,ok,True
P167884,http://documents.worldbank.org/curated/en/233781553565643951/text/Guinea-Support-to-Local-Governance-Project.txt,200,251929,bef4cab277f4b88570d158111457d28287a6b441f2ed7d0830ec65ed6b668475,ok,True
P167817,http://documents.worldbank.org/curated/en/487971570240865860/text/Africa-Fourth-Phase-of-Regional-Disease-Surveillance-Systems-Enhancement-REDISSE-Project.txt,200,505305,7fa93556c216fd7dc3e509605e3da9f5c6a4e1c4467b28ef6f8cc153a0a7bf9c,ok,True
P167826,http://documents.worldbank.org/curated/en/614911560789014315/text/Somalia-Water-for-Agro-Pastoral-Productivity-and-Resilience-Project.txt,200,307863,bee03522f1710dedee5fc9360ad855bef7de655f1dd0e4471c72c5f7c6d09f3f,ok,True
P167959,http://documents.worldbank.org/curated/en/242801553565658750/text/Côte-d-Ivoire-Strategic-Purchasing-and-Alignment-of-Resources-and-Knowledge-in-Health-Project.txt,200,362457,750ee2136082cc8069385f73aa24316a1e4c57f214ba80de979a2db7374c6e5e,ok,True
P168590,http://documents.worldbank.org/curated/en/671411590112928230/text/India-Tamil-Nadu-Housing-and-Habitat-Development-Project.txt,200,278724,9d9efbd5d58738c6ea1943ea0d2fe8a34cc4f3a4b1d2ede000010aec3c7834e1,ok,True
P168076,http://documents.worldbank.org/curated/en/253961561860072917/text/Indonesia-Realizing-Educations-Promise-Support-to-Indonesias-Ministry-of-Religious-Affairs-for-Improved-Quality-of-Education-Project.txt,200,287303,ff6d6ebe5c637453f9e8a35acdfa965c760563ceed27a8ea989e27cdb49d803b,ok,True
P168266,http://documents.worldbank.org/curated/en/903431556503441520/text/Afghanistan-Payments-Automation-and-Integration-of-Salaries-in-Afghanistan-PAISA-Project.txt,200,252460,88e8ecc5f59fdf70e910218a2a6e805a2194eefc5b90bb1304f8a80d819f64e5,ok,True
P168926,http://documents.worldbank.org/curated/en/885611551582069381/text/Project-Appraisal-Document-PAD-South-Sudan-Provision-of-Essential-Health-Services-Project-P168926-02142019-636871608268813026.txt,200,384156,a2195de1c98d64a3589014611116131ac0142dbee71bdbdab01ae6f5261975b2,ok,True
P169403,http://documents.worldbank.org/curated/en/290171561255279818/text/Indonesia-Central-Sulawesi-Rehabilitation-and-Reconstruction-Project.txt,200,274386,9d581819bf0629521a440a6592cd59b3feec417420bddaa2cac91ebf786a5070,ok,True
P169274,http://documents.worldbank.org/curated/en/108181587397967837/text/South-Sudan-Safety-Net-Project.txt,200,301989,d4d704e6280269af5dda54ddd1701644e3aaaa3ca6b1802c5d5113c1f8ad52a4,ok,True
P169486,http://documents.worldbank.org/curated/en/208161543806026673/text/Burkina-Faso-project-appraisal-document-pad-Final-002-MIRIAM-SECPO-page-edit-11162018-636793848138638730.txt,200,230637,e639f1ae9c930ca328a83326ba5ee2bcaf16f23e2d4e8bf87eb703a092514867,ok,True
P169064,http://documents.worldbank.org/curated/en/803471575082860585/text/Benin-Niger-Nigeria-The-Gambia-Togo-and-Association-of-African-Universities-Second-Africa-Higher-Education-Centers-of-Excellence-for-Development-Impact-Project.txt,200,598851,c17b8b41b8392c115a64f11515b337b827663d69ee21989b202275644e8c6c38,ok,True
P169779,http://documents.worldbank.org/curated/en/609711563588128020/text/Angola-Strengthening-the-National-Social-Protection-System-Project.txt,200,247417,41ea1a7fb887f3e1c9bdb948d4daf7c0c009b52574692da51d0c7953fe26f721,ok,True
P170445,http://documents.worldbank.org/curated/en/203251584151657541/text/Saint-Lucia-Human-Capital-Resilience-Project.txt,200,348915,29a8fa1f7dc527f63fbc72a51281fb7947ed58b45ee23531b22455e289dd4dd2,ok,True
P169538,http://documents.worldbank.org/curated/en/610991584928704839/text/Lao-People-s-Democratic-Republic-Clean-Cook-Stove-Initiative-Project.txt,200,235561,45c5b9bd9e6443df82ddba0ece0b2b4b0954b4d830e330ce3e20a1ad45748287,ok,True
P169949,http://documents.worldbank.org/curated/en/824121596765983121/text/South-Sudan-Enhancing-Community-Resilience-and-Local-Governance-Project.txt,200,352499,5467894ccd6afdc56c5f188438d9f5a4b35c6c52b6d09be34ceede22645194f4,ok,True
P170913,http://documents.worldbank.org/curated/en/448271609883644172/text/East-Asia-and-Pacific-Southeast-Asia-Disaster-Risk-Insurance-Facility-Strengthening-Financial-Resilience-in-Southeast-Asia-Project.txt,200,178925,cba0f3af300d1902bd0ff2863d4408154eab59dd1e860820f7721a790ac5bf19,ok,True
P170595,http://documents.worldbank.org/curated/en/462741580698900411/text/Peru-Lima-Metropolitano-North-Extension-Project.txt,200,374693,16af0a990f5a9e7b0b3aac137e11eb9b1fa6095c5b10e390f6d2b6e3eed37872,ok,True
P170704,http://documents.worldbank.org/curated/en/877261617301235745/text/Iraq-Strengthening-Public-Financial-Management-Oversight-and-Accountability-Institutions-in-Iraq-Project.txt,200,239870,94bcb1c1afdb499cc69922db814eb023d97ec7315fae38cfaa94cd2e38b2d510,ok,True
P171054,http://documents.worldbank.org/curated/en/546561589594553555/text/South-Asia-Climate-Adaptation-and-Resilience-for-South-Asia-CARE-Project.txt,200,312030,dc38c1c9423871e4bd6f01cd46deb55ca8fb8d6d73513d75481c0255083269a9,ok,True
P171114,http://documents.worldbank.org/curated/en/882841563588185132/text/Zimbabwe-Idai-Recovery-Project.txt,200,231744,78656a1efc12576b964821ebe725fd0ab5bcc67396705c70c602361c6224de2c,ok,True
P171648,http://documents.worldbank.org/curated/en/845421585965856204/text/Bangladesh-Health-and-Gender-Support-Project-for-Coxs-Bazar-District.txt,200,195380,0dbe21d3fccf073dfbf18499d6edd9b9aaaf5a81b822058ea54685b41ecd06b9,ok,True
P171886,http://documents.worldbank.org/curated/en/208811601927123057/text/Afghanistan-Strengthening-Afghanistan-s-Financial-Intermediation-Project.txt,200,271183,d369509d0381e564a6ddbdeb03d7113badcfc8b6c380bdf294545eb2313be749,ok,True
P171543,http://documents.worldbank.org/curated/en/671481617301015363/text/Turkey-Agricultural-Employment-Support-for-Refugees-and-Turkish-Citizens-through-Enhanced-Market-Linkages-Project.txt,200,344879,cb666122610c0b6e47019b12305eba5127cc0546677ffdf0f66d59e9664329e7,ok,True
P172024,http://documents.worldbank.org/curated/en/260551621908151885/text/Croatia-Helping-Enterprises-Access-Liquidity-Project.txt,200,288126,304042e8680660828f6e303761ef60b7eb1227a8ddbd0b056fa976e1a22ff2f4,ok,True
P172339,http://documents.worldbank.org/curated/en/972651600896180051/text/Sint-Maarten-Civil-Society-Partnership-Facility-for-Resilience-Project.txt,200,149335,eee3afc1f108a34e9de90619ebfcd85be28120900592f1c9930b7093237a3259,ok,True
P172109,http://documents.worldbank.org/curated/en/766121575082832250/text/Afghanistan-Gas-Project.txt,200,289557,479819e367b062b70576b2805f736a50a62dc1d4c084516538d7934860a9e43e,ok,True
P172348,http://documents.worldbank.org/curated/en/298791604977274272/text/Ukraine-Eastern-Ukraine-Reconnect-Recover-Revitalize-3R-Project.txt,200,302132,8a73ecd2ddd2aae99be2c179a8d864053cc7819dafb643666305886b7948249d,ok,True
P172705,http://documents.worldbank.org/curated/en/578301628583151428/text/Liberia-Learning-Foundations-Project.txt,200,306380,35915960002ae0a7d4dd7b631c22521264bdd859cd85b8e8bc900dba39d8025b,ok,True
P172812,http://documents.worldbank.org/curated/en/208261588781212409/text/Sudan-Basic-Education-Emergency-Support-Project.txt,200,134147,07c8c3fce9f6fd145ae65a12ee5553eb11e80eedda77d0106b7ca9f7e91884f4,ok,True
P172951,http://documents.worldbank.org/curated/en/500581590976881415/text/Grenada-Caribbean-Air-Transport-Connectivity-Project.txt,200,205589,87a2b15cae6d9873997b438afeefd5eba090aef347b06d854214f078a6d92090,ok,True
P173012,http://documents.worldbank.org/curated/en/293781631545195488/text/Jamaica-Catastrophe-Bond-for-Increased-Financial-Resilience-to-Natural-Disasters-and-Climate-Shocks-Project.txt,200,131555,b4f41bb7fbf789238e127d5757ca620b0f6963e7ce62aed3390ba9b0d6ca05a8,ok,True
P173775,http://documents.worldbank.org/curated/en/964531585951138972/text/Afghanistan-COVID-19-Emergency-Response-and-Health-Systems-Preparedness-Project.txt,200,119162,40bd4d9bcea92185c0b42247fb06fbc0edda8223655b1761ed36ac1027546684,ok,True
P173521,http://documents.worldbank.org/curated/en/410701602468022759/text/Sudan-Sudan-Family-Support-Project.txt,200,412298,6d6d1115b188adcbd6434e6ee11780cc8e8c16edda5a550eec930b86cf728986,ok,True
P173800,http://documents.worldbank.org/curated/en/349031585603100464/text/West-Bank-and-Gaza-COVID-19-Emergency-Response-Project.txt,200,99800,ed44f225f7fccedbb84034f5c7c98ae841b35d582e5fbcb032b8ff7ff89439f2,ok,True
P173984,http://documents.worldbank.org/curated/en/404211589767237532/text/Bolivia-COVID-19-Crisis-Emergency-Social-Safety-Nets-Project.txt,200,195116,a80479afc717e8f53d3a4c652bae47ffea8c52e507bb390424c26e007d0156de,ok,True
P174014,http://documents.worldbank.org/curated/en/371121592013774544/text/Maldives-COVID-19-Emergency-Income-Support-Project.txt,200,191102,ae401804d872b4c22be1e22dae365c4c0deff20302948a48017eb67d643b8b0d,ok,True
P174033,http://documents.worldbank.org/curated/en/645041598936002560/text/Uganda-COVID-19-Emergency-Education-Response-Project.txt,200,149518,e82b0f3fdf48b62012cf4e42a61a74e8e891d7217c91786afabed652d4c569aa,ok,True
P174059,http://documents.worldbank.org/curated/en/136241617300233433/text/Kenya-GPE-COVID-19-Learning-Continuity-in-Basic-Education-Project.txt,200,261544,6c37fa2a244b27e9ee0bdb381fb50af8f6a8faf9adc2892e84569c358693b1a9,ok,True
P174112,http://documents.worldbank.org/curated/en/123821598925756490/text/Turkey-Emergency-Firm-Support-Project.txt,200,288418,4708e9b34d55d301d1790b0c1ba1385a33d1597c6fcd33987105b978fa4d6c03,ok,True
P174119,http://documents.worldbank.org/curated/en/573321602262690625/text/Afghanistan-COVID-19-Relief-Effort-for-Afghan-Communities-and-Households-REACH-Project.txt,200,357255,2129fb28db807e7b88e4305c2ffa839794159ca13f649e4f6fad66f41942434a,ok,True
P174144,http://documents.worldbank.org/curated/en/910331608606148675/text/Turkey-Rapid-Support-for-Micro-and-Small-Enterprises-Project.txt,200,238233,7f8e899b597c4b2001393b615ec172e16cb383dadb5fe0a9464e5c44e66fd875,ok,True
P174170,http://documents.worldbank.org/curated/en/611351591729664920/text/Yemen-Desert-Locust-Response-Project.txt,200,257876,6b218598b1e878188ff5d98cf2122441603a01113b9c1193915b5bea5df11dee,ok,True
P174166,http://documents.worldbank.org/curated/en/528491617299836761/text/Togo-COVID-19-Education-Response-Project.txt,200,249608,2913898efbd31a3da28da6c7168d47801ef3e10e0e17a2d9110a270e65aa5a66,ok,True
P174186,http://documents.worldbank.org/curated/en/571571617299766966/text/Benin-COVID-19-Education-Response-GPE-Project.txt,200,298892,fdf1ff7177dafb170ef2e4f5da197108bcb40e9ee141233438155978eb34e0ea,ok,True
P174206,http://documents.worldbank.org/curated/en/559941617295228500/text/Ethiopia-Covid-19-Education-Response-Project.txt,200,158205,91ca4eee7b624ff7216a7d0610f2a25bf7a10d14df5706feb5d6648d172fdbf1,ok,True
P174214,http://documents.worldbank.org/curated/en/589881617295022807/text/Chad-COVID-19-Education-Response-Project.txt,200,186807,a4cec349841cf8470fb98486f584c29943a7b0b9de4f056a90e8005390bf0e0a,ok,True
P174197,http://documents.worldbank.org/curated/en/534371604286024650/text/Brazil-Income-Support-for-the-Poor-affected-by-COVID-19-Project.txt,200,377791,61b4c31d47febc5c53d8d589932a256aae690ec3b14be74259644ec46dace094,ok,True
P174220,http://documents.worldbank.org/curated/en/359181595606976253/text/Sudan-Education-COVID-19-Response-Project.txt,200,149043,d1c116b5070f49b9f12fb8eace12d0635d7a834be4240d2d7905835d4327c455,ok,True
P174223,http://documents.worldbank.org/curated/en/308441617294970712/text/Pakistan-COVID-19-Response-Recovery-and-Resilience-in-Education-Project.txt,200,150398,05dc76716e31da37ff5c693f961391488a71165635c30d70b13ecdd12c9cfab0,ok,True
P174244,http://documents.worldbank.org/curated/en/487521631549455802/text/Guyana-Education-Sector-Program-Project.txt,200,187139,7ea66be34597ccef07514554ad0a711f60eac8f876478550b25467c88ae7229a,ok,True
P174273,http://documents.worldbank.org/curated/en/378921631544450846/text/Iraq-COVID-19-Adaptation-and-Recovery-Pilot-Supporting-Firms-Resilience-Access-to-Finance-and-Growth.txt,200,281388,25f7387439872fc217477a94124cdaca1ff471edef3ca9a004a4098b1780531a,ok,True
P174268,http://documents.worldbank.org/curated/en/719751617293970721/text/Bangladesh-COVID-19-School-Sector-Response-Project.txt,200,252674,63e53e35c190e91755e8323aea0a447393c1b0f4b432ec9dbe7664fd41bd1544,ok,True
P174352,http://documents.worldbank.org/curated/en/779081617293823841/text/Sudan-COVID-19-Emergency-Response-Project.txt,200,133734,0704e6e03d63d08d04255625da6a7d1570420666bd5b76089a5d98ec0672d995,ok,True
P174322,http://documents.worldbank.org/curated/en/099213002152311969/text/BOSIB0a174245f01209bc004f8b1fe86732.txt,200,347833,0521d46a2a2f94b7495cf1993f03b167ca9e2de1fb1f0bb25c25dd42ae810f18,ok,True
P174389,http://documents.worldbank.org/curated/en/513461617293602428/text/Vietnam-COVID-19-Emergency-Response-Project.txt,200,98216,2c6efc19ce08b9f0d0ca832e4e69de75e62d6ff507b13d5ce3d3c9999eea1b51,ok,True
P174336,http://documents.worldbank.org/curated/en/946941600956813364/text/Guinea-Bissau-Emergency-Food-Security-Project.txt,200,208495,8bf95b899002b56d861150861bdecb939bd45b58e97b8ff3453ce77ba0093612,ok,True
P174677,http://documents.worldbank.org/curated/en/593891612224683734/text/Nicaragua-COVID-19-Education-Sector-Response-Project.txt,200,189955,cd6be5a90f64ed964b3ecbd1858c52f4f33f995cb71c9b4b23cabc30360a2b4a,ok,True
P175065,http://documents.worldbank.org/curated/en/099820006132241843/text/P17506506a4bc50f0bc1c059169ca5a06a.txt,200,257330,03deb647d62494d58b6b3c9aa70370f5a155e5d18a32f33188831022f160f71d,ok,True
P174604,http://documents.worldbank.org/curated/en/746421608001638858/text/Bosnia-and-Herzegovina-Firm-Recovery-and-Support-Project.txt,200,305987,9c69b8e96aaf51dfde7fde3c8b17ea02c2dc6e9ce048e135dd247b9db0ab8282,ok,True
P175206,http://documents.worldbank.org/curated/en/468641613484248351/text/Fiji-Social-Protection-COVID-19-Response-and-System-Development-Project.txt,200,321310,f038258b49ecc464818a1279ba1f2777682507a4b02821b5237c9e2193374ab8,ok,True
P175616,http://documents.worldbank.org/curated/en/798481631544628341/text/Latin-America-Second-Central-America-And-Caribbean-Catastrophe-Risk-Insurance-Project.txt,200,207289,86818a1a26ad5523e74c061d188aff69238cd161b1209bc69899a87388cf3fb9,ok,True
P176214,http://documents.worldbank.org/curated/en/853711639155092912/text/Zambia-Emergency-Health-Service-Delivery-Project.txt,200,188519,fd4371c24ce3791ecd055dc1924a9191ac016772da84b2269d10026b0ccc2736,ok,True
P176622,http://documents.worldbank.org/curated/en/099620002112219754/text/Project0Apprai0in0Beirut000P176622.txt,200,268804,de2f8a39abae33b90fb73f8b1d565e268dd075b11da43d0bdac109724140aaae,ok,True
P176141,https://documents.worldbank.org/curated/en/252481646427453020/text/IBArchive-586dd66a-3480-46fc-bda0-3ee39a226ab7.txt,200,283770,183f171355a60177229acdbc08c932dc4495094ac4c34319f19a5a07ee5656e4,ok,True
P178866,http://documents.worldbank.org/curated/en/408131653327258940/text/Lebanon-Wheat-Supply-Emergency-Response-Project.txt,200,175005,732b250123014c625dd9ba4d2191d00bbf4d142515a0f34e3e79af5e282820fa,ok,True
P178989,http://documents.worldbank.org/curated/en/099720007152213945/text/P1789890224971000b3ce02845ddee0093.txt,200,256023,34fab64d06d3b4658d2d413ab439c7a5a624e8b193d27bb72a4007a676dd668a,ok,True
P178992,http://documents.worldbank.org/curated/en/578981656370686367/text/Djibouti-Social-Protection-Emergency-Crisis-Response-Project.txt,200,150431,3b5ce22293bf68192758fd18ad3f1c18fa43bd4331b81e9f40e61a7ffbb40143,ok,True
P179066,https://documents.worldbank.org/curated/en/099061323000026271/text/P179066-1cbf6f38-51be-4103-9565-c1d42ce12655.txt,200,266024,39dda8e2b9bd84407a3c5aa1f7cce248ec91255f8ead4883b3c0f83b81d20dd3,ok,True
P180231,http://documents.worldbank.org/curated/en/099955012122225090/text/BOSIB0176e13220ba0a8ec095c44141fdc2.txt,200,275288,7a3474837f4499841f72726ef70547ad902aa57f53091126c8ca10d7a198fc40,ok,True
P181068,http://documents.worldbank.org/curated/en/099061523062516981/text/BOSIB0fe4436d10fd0bc2708beddd2c69a5.txt,200,171215,2222add18b79434d7a2794dd476993a315c57299ae9f290ca670f01d2c27db00,ok,True
