projectid,txturl
P000304,http://documents.worldbank.org/curated/en/918701468743737845/text/multi-page.txt
P000306,http://documents.worldbank.org/curated/en/805061468770375790/text/multi-page.txt
P000309,http://documents.worldbank.org/curated/en/897661468769899771/text/multi0page.txt
P000432,http://documents.worldbank.org/curated/en/470141468769475153/text/multi-page.txt
P000527,http://documents.worldbank.org/curated/en/822101468743102731/text/multi0page.txt
P000732,http://documents.worldbank.org/curated/en/621451468749078565/text/multi-page.txt
P000733,http://documents.worldbank.org/curated/en/598481468770506116/text/multi-page.txt
P000756,http://documents.worldbank.org/curated/en/621431468770505812/text/multi0page.txt
P000825,http://documents.worldbank.org/curated/en/266271468771029498/text/multi0page.txt
P000946,http://documents.worldbank.org/curated/en/813781468771068989/text/multi-page.txt
P000968,http://documents.worldbank.org/curated/en/995481468771085346/text/multi-page.txt
P000970,http://documents.worldbank.org/curated/en/329571468749776196/text/multi0page.txt
P000974,http://documents.worldbank.org/curated/en/638381468771622789/text/multi-page.txt
P001001,http://documents.worldbank.org/curated/en/611541468771074425/text/multi0page.txt
P001015,http://documents.worldbank.org/curated/en/359001468749075408/text/multi-page.txt
P001074,http://documents.worldbank.org/curated/en/997701468749964833/text/multi-page.txt
P001402,http://documents.worldbank.org/curated/en/628391468756998992/text/multi0page.txt
P001409,http://documents.worldbank.org/curated/en/623071468772458459/text/multi0page.txt
P001559,http://documents.worldbank.org/curated/en/561121468777012858/text/multi-page.txt
P001564,http://documents.worldbank.org/curated/en/334031468757231648/text/multi-page.txt
P001568,http://documents.worldbank.org/curated/en/639541468757193393/text/multi0page.txt
P001666,http://documents.worldbank.org/curated/en/502901468773387580/text/multi-page.txt
P001670,http://documents.worldbank.org/curated/en/312091468758684378/text/multi-page.txt
P001748,http://documents.worldbank.org/curated/en/270751468756312439/text/multi-page.txt
P001785,http://documents.worldbank.org/curated/en/126651468779683355/text/multi0page.txt
P001786,http://documents.worldbank.org/curated/en/795871468757005080/text/multi-page.txt
P001799,http://documents.worldbank.org/curated/en/523851468758086701/text/multi-page.txt
P001806,http://documents.worldbank.org/curated/en/614621468775149734/text/multi0page.txt
P001807,http://documents.worldbank.org/curated/en/389181468758089933/text/263650MOZ0idar20031020511.txt
P001808,http://documents.worldbank.org/curated/en/279851468775176962/text/multi0page.txt
P001921,http://documents.worldbank.org/curated/en/463711468757476377/text/multi0page.txt
P002366,http://documents.worldbank.org/curated/en/227251468777942949/text/multi-page.txt
P002367,http://documents.worldbank.org/curated/en/971361468777555429/text/multi-page.txt
P002797,http://documents.worldbank.org/curated/en/418391468761059141/text/multi0page.txt
P002804,http://documents.worldbank.org/curated/en/664171468778228204/text/multi-page.txt
P002952,http://documents.worldbank.org/curated/en/717151468765311304/text/multi0page.txt
P002970,http://documents.worldbank.org/curated/en/798851468778170365/text/multi-page.txt
P002984,http://documents.worldbank.org/curated/en/589591468760240369/text/multi0page.txt
P002992,http://documents.worldbank.org/curated/en/247361468765562390/text/multi-page.txt
P003227,http://documents.worldbank.org/curated/en/589541468782080213/text/multi-page.txt
P003248,http://documents.worldbank.org/curated/en/153531468763820140/text/multi0page.txt
P003249,http://documents.worldbank.org/curated/en/418231468781484352/text/multi-page.txt
P003318,http://documents.worldbank.org/curated/en/424651468764085072/text/multi-page.txt
P003331,http://documents.worldbank.org/curated/en/685011468781170641/text/multi-page.txt
P003539,http://documents.worldbank.org/curated/en/589921468769154903/text/multi-page.txt
P003566,http://documents.worldbank.org/curated/en/406281468769778128/text/multi0page.txt
P003606,http://documents.worldbank.org/curated/en/463211468743764158/text/multi-page.txt
P003614,http://documents.worldbank.org/curated/en/333391468743673744/text/multi-page.txt
P003619,http://documents.worldbank.org/curated/en/343461468746663601/text/multi-page.txt
P003653,http://documents.worldbank.org/curated/en/539611468770426752/text/multi-page.txt
P003967,http://documents.worldbank.org/curated/en/948141468771685490/text/multi0page.txt
P003993,http://documents.worldbank.org/curated/en/640981468772804886/text/multi-page.txt
P004030,http://documents.worldbank.org/curated/en/249021468744080506/text/multi-page.txt
P004397,http://documents.worldbank.org/curated/en/262651468775145760/text/multi0page.txt
P004398,http://documents.worldbank.org/curated/en/472151468780905814/text/R200100203.txt
P004566,http://documents.worldbank.org/curated/en/520711468776046682/text/multi0page.txt
P004595,http://documents.worldbank.org/curated/en/174961468758970529/text/multi-page.txt
P004823,http://documents.worldbank.org/curated/en/725171468761427229/text/multi0page.txt
P004828,http://documents.worldbank.org/curated/en/153751468761976081/text/multi-page.txt
P004833,http://documents.worldbank.org/curated/en/599501468764395009/text/multi-page.txt
P004844,http://documents.worldbank.org/curated/en/756941468780600639/text/multi-page.txt
P004845,http://documents.worldbank.org/curated/en/303321468761710236/text/multi-page.txt
P005519,http://documents.worldbank.org/curated/en/928811468758130219/text/multi-page.txt
P005523,http://documents.worldbank.org/curated/en/216261468756968650/text/multi-page.txt
P005524,http://documents.worldbank.org/curated/en/710131468758124444/text/multi-page.txt
P005525,http://documents.worldbank.org/curated/en/433661468756949072/text/multi-page.txt
P005736,http://documents.worldbank.org/curated/en/179201468760571354/text/multi-page.txt
P005741,http://documents.worldbank.org/curated/en/454481468311360839/text/multi-page.txt
P005746,http://documents.worldbank.org/curated/en/173441468777570726/text/multi0page.txt
P005750,http://documents.worldbank.org/curated/en/773011468778167522/text/multi0page.txt
P005906,http://documents.worldbank.org/curated/en/969301468764101772/text/multi-page.txt
P005907,http://documents.worldbank.org/curated/en/312711468782165600/text/multi-page.txt
P006041,http://documents.worldbank.org/curated/en/324291468741669308/text/multi-page.txt
P006043,http://documents.worldbank.org/curated/en/271841468768697115/text/multi-page.txt
P006046,http://documents.worldbank.org/curated/en/146641468741389757/text/multi-page.txt
P006050,http://documents.worldbank.org/curated/en/173171468767393073/text/multi-page.txt
P006058,http://documents.worldbank.org/curated/en/475641468742820285/text/multi-page.txt
P006059,http://documents.worldbank.org/curated/en/413141468742833963/text/multi0page.txt
P006204,http://documents.worldbank.org/curated/en/604181468769751133/text/multi-page.txt
P006449,http://documents.worldbank.org/curated/en/343171468769763405/text/multi-page.txt
P006475,http://documents.worldbank.org/curated/en/343591468769762775/text/multi0page.txt
P006549,http://documents.worldbank.org/curated/en/229381468743798142/text/multi-page.txt
P006553,http://documents.worldbank.org/curated/en/469521468016230708/text/474930PAD0P0061B01Official0Use0Only.txt
P006559,http://documents.worldbank.org/curated/en/697091468769465915/text/multi-page.txt
P006861,http://documents.worldbank.org/curated/en/256521468746390643/text/multi-page.txt
P006891,http://documents.worldbank.org/curated/en/638121468744029682/text/multi0page.txt
P007015,http://documents.worldbank.org/curated/en/485631468746720409/text/multi0page.txt
P007223,http://documents.worldbank.org/curated/en/369661468749083495/text/multi0page.txt
P007397,http://documents.worldbank.org/curated/en/268431468774876424/text/multi0page.txt
P007610,http://documents.worldbank.org/curated/en/691011468753263442/text/multi-page.txt
P007711,http://documents.worldbank.org/curated/en/331191468774660723/text/multi0page.txt
P007837,http://documents.worldbank.org/curated/en/352171468757503511/text/multi0page.txt
P008276,http://documents.worldbank.org/curated/en/687711468742875560/text/multi-page.txt
P008284,http://documents.worldbank.org/curated/en/705381468741625903/text/multi-page.txt
P008286,http://documents.worldbank.org/curated/en/239061468742855442/text/25755.txt
P008314,http://documents.worldbank.org/curated/en/282191468770113556/text/231510fixed.txt
P008416,http://documents.worldbank.org/curated/en/701521468771549450/text/multi-page.txt
P008497,http://documents.worldbank.org/curated/en/876291468771123950/text/multi-page.txt
P008499,http://documents.worldbank.org/curated/en/505531468773750475/text/multi-page.txt
P008500,http://documents.worldbank.org/curated/en/440831468775806854/text/multi-page.txt
P008503,http://documents.worldbank.org/curated/en/814721468752136372/text/multi-page.txt
P008530,http://documents.worldbank.org/curated/en/673331468772443462/text/multi-page.txt
P008615,http://documents.worldbank.org/curated/en/141131468776734717/text/multi-page.txt
P008616,http://documents.worldbank.org/curated/en/867691468759293134/text/multi-page.txt
P008783,http://documents.worldbank.org/curated/en/132281468780947660/text/multi0page.txt
P008797,http://documents.worldbank.org/curated/en/166201468758984711/text/multi-page.txt
P008832,http://documents.worldbank.org/curated/en/155491468759873204/text/multi-page.txt
P008860,http://documents.worldbank.org/curated/en/890301468782071765/text/multi0page.txt
P009073,http://documents.worldbank.org/curated/en/577271468760489728/text/multi-page.txt
P009089,http://documents.worldbank.org/curated/en/885841468760493837/text/multi0page.txt
P009125,http://documents.worldbank.org/curated/en/875551468779137187/text/multi-page.txt
P009127,http://documents.worldbank.org/curated/en/419551468779118141/text/255421UZ1Drain1Improve1R20031011111.txt
P009131,http://documents.worldbank.org/curated/en/271531468761431098/text/multi-page.txt
P009468,http://documents.worldbank.org/curated/en/239061468742545356/text/multi-page.txt
P009524,http://documents.worldbank.org/curated/en/345721468768585506/text/multi-page.txt
P009550,http://documents.worldbank.org/curated/en/858091468743409663/text/multi-page.txt
P009574,http://documents.worldbank.org/curated/en/534941468768593094/text/multi-page.txt
P009972,http://documents.worldbank.org/curated/en/124131468756597853/text/multi-page.txt
P009995,http://documents.worldbank.org/curated/en/617341468771641163/text/multi-page.txt
P010496,http://documents.worldbank.org/curated/en/223181468774894023/text/multi0page.txt
P010498,http://documents.worldbank.org/curated/en/112601468777039297/text/multi-page.txt
P010505,http://documents.worldbank.org/curated/en/680591468775824645/text/multi-page.txt
P010509,http://documents.worldbank.org/curated/en/868721468756966773/text/multi-page.txt
P010511,http://documents.worldbank.org/curated/en/941531468750030165/text/multi0page.txt
P010525,http://documents.worldbank.org/curated/en/387281468759868625/text/multi-page.txt
P010530,http://documents.worldbank.org/curated/en/665191468779688119/text/multi-page.txt
P010531,http://documents.worldbank.org/curated/en/672681468772474128/text/multi0page.txt
P010556,http://documents.worldbank.org/curated/en/637571468780970318/text/272810PK.txt
P010561,http://documents.worldbank.org/curated/en/100691468772758467/text/multi-page.txt
P010566,http://documents.worldbank.org/curated/en/276131468772744316/text/multi-page.txt
P033965,http://documents.worldbank.org/curated/en/527091468769914275/text/multi-page.txt
P034038,http://documents.worldbank.org/curated/en/756301468772197635/text/multi0page.txt
P034081,http://documents.worldbank.org/curated/en/879701468769148976/text/multi-page.txt
P034212,http://documents.worldbank.org/curated/en/419901468777264672/text/multi-page.txt
P034213,http://documents.worldbank.org/curated/en/318511468780942160/text/multi-page.txt
P034609,http://documents.worldbank.org/curated/en/294621468773072222/text/multi0page.txt
P035076,http://documents.worldbank.org/curated/en/884001468764096110/text/multi0page.txt
P035160,http://documents.worldbank.org/curated/en/543321468752699577/text/multi-page.txt
P035169,http://documents.worldbank.org/curated/en/824901468752410003/text/multi-page.txt
P035172,http://documents.worldbank.org/curated/en/149071468771360294/text/multi-page.txt
P035173,http://documents.worldbank.org/curated/en/478321468782109550/text/multi-page.txt
P035626,http://documents.worldbank.org/curated/en/789241468749088708/text/multi-page.txt
P035630,http://documents.worldbank.org/curated/en/251021468756573864/text/multi0page.txt
P035643,http://documents.worldbank.org/curated/en/924931468770678556/text/multi-page.txt
P035645,http://documents.worldbank.org/curated/en/128201468743813215/text/multi-page.txt
P035648,http://documents.worldbank.org/curated/en/424141468767962329/text/multi-page.txt
P035655,http://documents.worldbank.org/curated/en/308471468027282736/text/177700Replacem1erA1998100101PUBLIC1.txt
P035672,http://documents.worldbank.org/curated/en/862301468768844770/text/multi-page.txt
P035673,http://documents.worldbank.org/curated/en/718091468769798335/text/multi-page.txt
P035688,http://documents.worldbank.org/curated/en/349841468771563642/text/multi0page.txt
P035689,http://documents.worldbank.org/curated/en/482211468775496517/text/multi0page.txt
P035698,http://documents.worldbank.org/curated/en/699531468769262352/text/multi-page.txt
P035707,http://documents.worldbank.org/curated/en/797771468760510334/text/multi-page.txt
P035728,http://documents.worldbank.org/curated/en/753561468770405889/text/multi-page.txt
P035730,http://documents.worldbank.org/curated/en/663981468758370772/text/multi0page.txt
P035733,http://documents.worldbank.org/curated/en/109751468770934962/text/multi0page.txt
P035737,http://documents.worldbank.org/curated/en/622541468771079848/text/multi0page.txt
P035740,http://documents.worldbank.org/curated/en/310721468780010210/text/272530PE.txt
P035741,http://documents.worldbank.org/curated/en/561721468743787027/text/multi-page.txt
P035751,http://documents.worldbank.org/curated/en/433201468774564355/text/266440MX.txt
P035752,http://documents.worldbank.org/curated/en/480871468774622429/text/271740MX.txt
P035753,http://documents.worldbank.org/curated/en/428541468775815116/text/multi0page.txt
P035770,http://documents.worldbank.org/curated/en/122111468768674538/text/multi0page.txt
P035775,http://documents.worldbank.org/curated/en/703211468746353081/text/multi-page.txt
P035776,http://documents.worldbank.org/curated/en/386651468757207053/text/multi-page.txt
P035777,http://documents.worldbank.org/curated/en/286051468779357257/text/259201UA1Rural1tre0Dev1r20031011611.txt
P035780,http://documents.worldbank.org/curated/en/968301468757200405/text/multi-page.txt
P035781,http://documents.worldbank.org/curated/en/350151468774544101/text/multi-page.txt
P035786,http://documents.worldbank.org/curated/en/543201468779356487/text/multi0page.txt
P035802,http://documents.worldbank.org/curated/en/274291468757200745/text/multi-page.txt
P035805,http://documents.worldbank.org/curated/en/503111468740424539/text/multi-page.txt
P035807,http://documents.worldbank.org/curated/en/202811468772215633/text/multi0page.txt
P035813,http://documents.worldbank.org/curated/en/741811468742153103/text/multi-page.txt
P035823,http://documents.worldbank.org/curated/en/874021468774971447/text/multi0page.txt
P035824,http://documents.worldbank.org/curated/en/105961468772766058/text/multi-page.txt
P035827,http://documents.worldbank.org/curated/en/205461468752711385/text/multi0page.txt
P035828,http://documents.worldbank.org/curated/en/247891468759866832/text/multi-page.txt
P035917,http://documents.worldbank.org/curated/en/994641468278962596/text/multi0page.txt
P035997,http://documents.worldbank.org/curated/en/867791468752361147/text/multi0page.txt
P036037,http://documents.worldbank.org/curated/en/683871468767433172/text/multi-page.txt
P036038,http://documents.worldbank.org/curated/en/799861468776981137/text/multi0page.txt
P036047,http://documents.worldbank.org/curated/en/106191468774925756/text/multi-page.txt
P036048,http://documents.worldbank.org/curated/en/198261468752343411/text/multi-page.txt
P036049,http://documents.worldbank.org/curated/en/598591468752384772/text/multi0page.txt
P036953,http://documents.worldbank.org/curated/en/303301468769240122/text/multi-page.txt
P036956,http://documents.worldbank.org/curated/en/964411468752384422/text/multi0page.txt
P036977,http://documents.worldbank.org/curated/en/261571468774253536/text/multi0page.txt
P037095,http://documents.worldbank.org/curated/en/716891468756333078/text/multi-page.txt
P037294,http://documents.worldbank.org/curated/en/146261468768701847/text/multi-page.txt
P037339,http://documents.worldbank.org/curated/en/731691468763220932/text/multi-page.txt
P037580,http://documents.worldbank.org/curated/en/629261468769752798/text/multi-page.txt
P037588,http://documents.worldbank.org/curated/en/885541468770515567/text/multi0page.txt
P037835,http://documents.worldbank.org/curated/en/792911468775507792/text/multi-page.txt
P037857,http://documents.worldbank.org/curated/en/275371468743409024/text/multi0page.txt
P038021,http://documents.worldbank.org/curated/en/741511468752769970/text/multi-page.txt
P038090,http://documents.worldbank.org/curated/en/999501468760762244/text/multi0page.txt
P038334,http://documents.worldbank.org/curated/en/290151468752402493/text/multi-page.txt
P038395,http://documents.worldbank.org/curated/en/722791468773691304/text/multi0page.txt
P038551,http://documents.worldbank.org/curated/en/767181468763190714/text/multi0page.txt
P038687,http://documents.worldbank.org/curated/en/610581468757188510/text/multi-page.txt
P038895,http://documents.worldbank.org/curated/en/387971468743396129/text/multi-page.txt
P038947,http://documents.worldbank.org/curated/en/100271468743713169/text/multi-page.txt
P039015,http://documents.worldbank.org/curated/en/608891468779948149/text/multi0page.txt
P039019,http://documents.worldbank.org/curated/en/373621468763225917/text/multi-page.txt
P039022,http://documents.worldbank.org/curated/en/129491468780927187/text/multi-page.txt
P039082,http://documents.worldbank.org/curated/en/353791468770418633/text/multi-page.txt
P039084,http://documents.worldbank.org/curated/en/568901468770929573/text/multi0page.txt
P039086,http://documents.worldbank.org/curated/en/527241468776379830/text/multi-page.txt
P039161,http://documents.worldbank.org/curated/en/747261468770684181/text/multi-page.txt
P039171,http://documents.worldbank.org/curated/en/244851468782359416/text/multi-page.txt
P039199,http://documents.worldbank.org/curated/en/252311468770138440/text/multi-page.txt
P039200,http://documents.worldbank.org/curated/en/507461468769769798/text/multi-page.txt
P039203,http://documents.worldbank.org/curated/en/773951468781742084/text/multi-page.txt
P039251,http://documents.worldbank.org/curated/en/711001468758987797/text/multi-page.txt
P039292,http://documents.worldbank.org/curated/en/663571468768616264/text/multi0page.txt
P039437,http://documents.worldbank.org/curated/en/260511468746684165/text/multi0page.txt
P039644,http://documents.worldbank.org/curated/en/202121468752344435/text/multi-page.txt
P039749,http://documents.worldbank.org/curated/en/466121468773744158/text/multi-page.txt
P039882,http://documents.worldbank.org/curated/en/259061468743355428/text/multi-page.txt
P039929,http://documents.worldbank.org/curated/en/566501468771082073/text/multi-page.txt
P039983,http://documents.worldbank.org/curated/en/833321468757773168/text/multi-page.txt
P040061,http://documents.worldbank.org/curated/en/257861468771714956/text/multi-page.txt
P040085,http://documents.worldbank.org/curated/en/864121468768630769/text/multi0page.txt
P040086,http://documents.worldbank.org/curated/en/144631468746757346/text/multi0page.txt
P040102,http://documents.worldbank.org/curated/en/892101468746392337/text/multi0page.txt
P040106,http://documents.worldbank.org/curated/en/209791468751789138/text/multi0page.txt
P040108,http://documents.worldbank.org/curated/en/168951468760229089/text/multi-page.txt
P040109,http://documents.worldbank.org/curated/en/450041468770457585/text/multi0page.txt
P040110,http://documents.worldbank.org/curated/en/399481468743363497/text/multi-page.txt
P040139,http://documents.worldbank.org/curated/en/873151468746728189/text/multi-page.txt
P040150,http://documents.worldbank.org/curated/en/971601468743930018/text/multi-page.txt
P040174,http://documents.worldbank.org/curated/en/280721468779128231/text/multi-page.txt
P040177,http://documents.worldbank.org/curated/en/436401468771553325/text/267800PAD1P04017701public1.txt
P040179,http://documents.worldbank.org/curated/en/954551468757803327/text/multi0page.txt
P040195,http://documents.worldbank.org/curated/en/873971468771707250/text/multi-page.txt
P040196,http://documents.worldbank.org/curated/en/558101468752104347/text/multi-page.txt
P040197,http://documents.worldbank.org/curated/en/820821468760231572/text/multi-page.txt
P040198,http://documents.worldbank.org/curated/en/377121468774872676/text/multi0page.txt
P040199,http://documents.worldbank.org/curated/en/419061468761379650/text/multi0page.txt
P040503,http://documents.worldbank.org/curated/en/162801468762310492/text/multi-page.txt
P040506,http://documents.worldbank.org/curated/en/688721468762309757/text/multi-page.txt
P040528,http://documents.worldbank.org/curated/en/980191468756283582/text/multi0page.txt
P040551,http://documents.worldbank.org/curated/en/793391468765310666/text/multi0page.txt
P040555,http://documents.worldbank.org/curated/en/991441468770695872/text/multi0page.txt
P040556,http://documents.worldbank.org/curated/en/942411468749732039/text/multi-page.txt
P040558,http://documents.worldbank.org/curated/en/276431468774294399/text/242020rev.txt
P040566,http://documents.worldbank.org/curated/en/225371468773759337/text/multi-page.txt
P040578,http://documents.worldbank.org/curated/en/153141468771376086/text/multi0page.txt
P040599,https://documents.worldbank.org/curated/en/854031468743975422/text/IBArchive-7838b510-0a9d-4e10-b876-a86a802a7006.txt
P040610,http://documents.worldbank.org/curated/en/661181468771673975/text/multi0page.txt
P040612,http://documents.worldbank.org/curated/en/273221468779978360/text/multi-page.txt
P040613,http://documents.worldbank.org/curated/en/591851468775534240/text/296510NP.txt
P040650,http://documents.worldbank.org/curated/en/273491468760234690/text/multi-page.txt
P040652,http://documents.worldbank.org/curated/en/122341468776969402/text/multi-page.txt
P040653,http://documents.worldbank.org/curated/en/199581468280730417/text/312050MALI0corrigendum0Box10901PUBLIC1.txt
P040659,http://documents.worldbank.org/curated/en/848471468770983289/text/multi-page.txt
P040712,http://documents.worldbank.org/curated/en/492541468206346512/text/28924.txt
P040713,http://documents.worldbank.org/curated/en/892661468743384296/text/multi0page.txt
P040716,http://documents.worldbank.org/curated/en/622281468742839155/text/multi0page.txt
P040795,http://documents.worldbank.org/curated/en/923881468760158043/text/multi0page.txt
P040858,http://documents.worldbank.org/curated/en/960861468744289085/text/multi-page.txt
P040907,http://documents.worldbank.org/curated/en/244541468756954277/text/multi0page.txt
P040975,http://documents.worldbank.org/curated/en/914521468768336907/text/multi-page.txt
P040990,http://documents.worldbank.org/curated/en/686831468742461406/text/multi-page.txt
P041199,http://documents.worldbank.org/curated/en/794331468766461804/text/multi-page.txt
P041264,http://documents.worldbank.org/curated/en/484141468771697873/text/multi-page.txt
P041268,http://documents.worldbank.org/curated/en/356571468746381213/text/multi-page.txt
P041280,http://documents.worldbank.org/curated/en/108351468761108223/text/multi0page.txt
P041396,http://documents.worldbank.org/curated/en/349641468323669725/text/36485.txt
P041410,http://documents.worldbank.org/curated/en/216751468773401292/text/multi-page.txt
P041442,http://documents.worldbank.org/curated/en/283451468768669635/text/multi0page.txt
P041528,http://documents.worldbank.org/curated/en/203031468763827831/text/multi-page.txt
P041566,http://documents.worldbank.org/curated/en/414711468781476229/text/multi-page.txt
P041568,http://documents.worldbank.org/curated/en/944381468771060136/text/multi-page.txt
P041642,http://documents.worldbank.org/curated/en/302761468770432588/text/multi0page.txt
P041680,http://documents.worldbank.org/curated/en/597881468744298443/text/multi0page.txt
P041723,http://documents.worldbank.org/curated/en/261341468774675880/text/multi-page.txt
P041807,http://documents.worldbank.org/curated/en/467301468761950027/text/multi0page.txt
P041887,http://documents.worldbank.org/curated/en/825851468743382535/text/multi-page.txt
P041890,http://documents.worldbank.org/curated/en/256111468744043966/text/multi-page.txt
P041895,http://documents.worldbank.org/curated/en/133141468755950582/text/multi-page.txt
P041994,http://documents.worldbank.org/curated/en/336461468779161575/text/multi0page.txt
P042014,http://documents.worldbank.org/curated/en/544661468746750095/text/multi0page.txt
P042039,http://documents.worldbank.org/curated/en/924061468773962703/text/multi-page.txt
P042109,http://documents.worldbank.org/curated/en/421971468746371234/text/multi-page.txt
P042237,http://documents.worldbank.org/curated/en/176911468753299536/text/multi-page.txt
P042299,http://documents.worldbank.org/curated/en/628901468770498983/text/multi-page.txt
P042568,http://documents.worldbank.org/curated/en/633501468779402279/text/multi-page.txt
P042722,http://documents.worldbank.org/curated/en/867391468762943753/text/multi-page.txt
P042927,http://documents.worldbank.org/curated/en/212451468780327164/text/multi-page.txt
P042940,http://documents.worldbank.org/curated/en/355161468741586205/text/multi-page.txt
P043124,http://documents.worldbank.org/curated/en/798941468770065161/text/multi0page.txt
P043178,http://documents.worldbank.org/curated/en/122541468768314223/text/multi-page.txt
P043195,http://documents.worldbank.org/curated/en/225421468746815100/text/253711Croatia01ateway01r20031012711.txt
P043254,http://documents.worldbank.org/curated/en/608341468764124012/text/multi0page.txt
P043255,http://documents.worldbank.org/curated/en/825581468766492804/text/multi-page.txt
P043311,http://documents.worldbank.org/curated/en/302681468758093246/text/236311NP1Power0Dev10Project01PAD.txt
P043412,http://documents.worldbank.org/curated/en/213971468280459864/text/30721A.txt
P043418,http://documents.worldbank.org/curated/en/713091468767402890/text/multi0page.txt
P043420,http://documents.worldbank.org/curated/en/841441468743772422/text/multi-page.txt
P043444,http://documents.worldbank.org/curated/en/367181468770702078/text/multi0page.txt
P043700,http://documents.worldbank.org/curated/en/879181468778502279/text/multi-page.txt
P043724,http://documents.worldbank.org/curated/en/543581468768694290/text/multi-page.txt
P043736,http://documents.worldbank.org/curated/en/105461468770690571/text/multi-page.txt
P043868,http://documents.worldbank.org/curated/en/127661468743683235/text/multi0page.txt
P043869,http://documents.worldbank.org/curated/en/988291468769492388/text/multi0page.txt
P043873,http://documents.worldbank.org/curated/en/972191468769727746/text/multi0page.txt
P043874,http://documents.worldbank.org/curated/en/165871468743369557/text/multi0page.txt
P043881,http://documents.worldbank.org/curated/en/318751468759295696/text/262730RO0PAD.txt
P043882,http://documents.worldbank.org/curated/en/269021468759025283/text/multi-page.txt
P043933,http://documents.worldbank.org/curated/en/615651468746348686/text/multi-page.txt
P044140,http://documents.worldbank.org/curated/en/171881468744028762/text/multi-page.txt
P044213,http://documents.worldbank.org/curated/en/339211468760214943/text/multi-page.txt
P044305,https://documents.worldbank.org/curated/en/234181468743694143/text/IBArchive-c568f59e-dd2a-480f-8157-cf747605158a.txt
P044325,http://documents.worldbank.org/curated/en/363211468765555734/text/multi-page.txt
P044343,http://documents.worldbank.org/curated/en/700281468750532098/text/multi0page.txt
P044523,http://documents.worldbank.org/curated/en/245571468743173386/text/multi-page.txt
P044531,http://documents.worldbank.org/curated/en/331451468774669073/text/multi0page.txt
P044584,http://documents.worldbank.org/curated/en/265211468749726440/text/multi-page.txt
P044585,http://documents.worldbank.org/curated/en/417461468770692422/text/multi-page.txt
P044601,http://documents.worldbank.org/curated/en/655511468776370151/text/multi0page.txt
P044613,http://documents.worldbank.org/curated/en/693901468770964529/text/259420ET02nd0Road0Sector0Dev0Project0PAD.txt
P044679,http://documents.worldbank.org/curated/en/588481468779155929/text/multi-page.txt
P044695,http://documents.worldbank.org/curated/en/414251468760231906/text/multi-page.txt
P044711,http://documents.worldbank.org/curated/en/393851468774662018/text/multi0page.txt
P044748,http://documents.worldbank.org/curated/en/392831468768598958/text/multi0page.txt
P044789,http://documents.worldbank.org/curated/en/568241468743378284/text/multi-page.txt
P044800,http://documents.worldbank.org/curated/en/220211468749762082/text/multi0page.txt
P044803,http://documents.worldbank.org/curated/en/610221468764706731/text/multi0page.txt
P044804,http://documents.worldbank.org/curated/en/598551468772470021/text/multi-page.txt
P044809,http://documents.worldbank.org/curated/en/834711468777975177/text/multi-page.txt
P044810,http://documents.worldbank.org/curated/en/217041468768667449/text/multi0page.txt
P044811,http://documents.worldbank.org/curated/en/811101468742545031/text/multi-page.txt
P044824,http://documents.worldbank.org/curated/en/598391468771712088/text/multi0page.txt
P044829,http://documents.worldbank.org/curated/en/926141468742816355/text/multi-page.txt
P044840,http://documents.worldbank.org/curated/en/987281468779678423/text/multi-page.txt
P044852,http://documents.worldbank.org/curated/en/821931468768591417/text/multi0page.txt
P044876,http://documents.worldbank.org/curated/en/543221468742526737/text/multi0page.txt
P044973,http://documents.worldbank.org/curated/en/556621468774291767/text/multi-page.txt
P045031,http://documents.worldbank.org/curated/en/538831468765908736/text/multi-page.txt
P045049,http://documents.worldbank.org/curated/en/200211468775824282/text/multi-page.txt
P045050,http://documents.worldbank.org/curated/en/642801468756299450/text/multi-page.txt
P045051,http://documents.worldbank.org/curated/en/217701468772799369/text/multi-page.txt
P045052,http://documents.worldbank.org/curated/en/586691468775768764/text/multi-page.txt
P045053,http://documents.worldbank.org/curated/en/653881468758084652/text/multi-page.txt
P045091,http://documents.worldbank.org/curated/en/837731468759911848/text/multi-page.txt
P045174,http://documents.worldbank.org/curated/en/228571468757172943/text/multi-page.txt
P045175,http://documents.worldbank.org/curated/en/411581468770945652/text/multi0page.txt
P045182,http://documents.worldbank.org/curated/en/894871468759892828/text/multi-page.txt
P045264,http://documents.worldbank.org/curated/en/510861468743123533/text/multi-page.txt
P045337,http://documents.worldbank.org/curated/en/182801468774924408/text/Indonesia-Kecamatan-Development-Project.txt
P045348,http://documents.worldbank.org/curated/en/458441468768848167/text/multi-page.txt
P045483,http://documents.worldbank.org/curated/en/583901468768013967/text/multi-page.txt
P045499,http://documents.worldbank.org/curated/en/104911468770713531/text/multi-page.txt
P045628,http://documents.worldbank.org/curated/en/982631468779138602/text/multi-page.txt
P045644,http://documents.worldbank.org/curated/en/518511468768544075/text/multi-page.txt
P045788,http://documents.worldbank.org/curated/en/135261468744008037/text/multi-page.txt
P045864,http://documents.worldbank.org/curated/en/165011468770682918/text/multi-page.txt
P045910,http://documents.worldbank.org/curated/en/353221468768868318/text/multi-page.txt
P045915,http://documents.worldbank.org/curated/en/720801468768838258/text/multi-page.txt
P046031,http://documents.worldbank.org/curated/en/904751468770418312/text/multi-page.txt
P046042,http://documents.worldbank.org/curated/en/530751468753278773/text/multi-page.txt
P046043,http://documents.worldbank.org/curated/en/315731468761958772/text/multi0page.txt
P046045,http://documents.worldbank.org/curated/en/617961468752125207/text/multi0page.txt
P046046,http://documents.worldbank.org/curated/en/561921468773395834/text/multi-page.txt
P046051,http://documents.worldbank.org/curated/en/961491468746383927/text/multi-page.txt
P046052,http://documents.worldbank.org/curated/en/268271468743396797/text/multi0page.txt
P046061,http://documents.worldbank.org/curated/en/304751468759262051/text/multi-page.txt
P046112,http://documents.worldbank.org/curated/en/444991468744060160/text/multi0page.txt
P046497,http://documents.worldbank.org/curated/en/165011468763166805/text/multi0page.txt
P046499,http://documents.worldbank.org/curated/en/614801468773395498/text/multi-page.txt
P046563,http://documents.worldbank.org/curated/en/185611468769290436/text/multi-page.txt
P046564,http://documents.worldbank.org/curated/en/698191468746386510/text/multi-page.txt
P046832,http://documents.worldbank.org/curated/en/339841468765303246/text/multi-page.txt
P046952,http://documents.worldbank.org/curated/en/576221468770424230/text/multi-page.txt
P047067,http://documents.worldbank.org/curated/en/842091468780570606/text/multi-page.txt
P047110,http://documents.worldbank.org/curated/en/390141468765560618/text/multi-page.txt
P047250,http://documents.worldbank.org/curated/en/245861468744292409/text/multi-page.txt
P047319,http://documents.worldbank.org/curated/en/648531468759908020/text/multi-page.txt
P047345,http://documents.worldbank.org/curated/en/556461468743985855/text/multi0page.txt
P047690,http://documents.worldbank.org/curated/en/752761468757526472/text/multi-page.txt
P047761,http://documents.worldbank.org/curated/en/513981468760827487/text/multi-page.txt
P047762,http://documents.worldbank.org/curated/en/785871468760800091/text/multi0page.txt
P048026,http://documents.worldbank.org/curated/en/354581468761368889/text/multi-page.txt
P048202,https://documents.worldbank.org/curated/en/626141468770126475/text/IBArchive-48d72a43-c037-4466-a67d-d46221702c4b.txt
P048204,http://documents.worldbank.org/curated/en/719251468770394993/text/multi-page.txt
P048315,http://documents.worldbank.org/curated/en/618471468760551061/text/multi0page.txt
P048357,http://documents.worldbank.org/curated/en/234431468743395109/text/multi-page.txt
P048505,http://documents.worldbank.org/curated/en/322951468761407500/text/multi-page.txt
P048521,http://documents.worldbank.org/curated/en/176321468773733620/text/multi-page.txt
P048588,http://documents.worldbank.org/curated/en/346301468780912355/text/multi-page.txt
P048651,http://documents.worldbank.org/curated/en/626401468771630738/text/multi0page.txt
P048652,http://documents.worldbank.org/curated/en/839491468749749860/text/multi0page.txt
P048654,http://documents.worldbank.org/curated/en/394601468771114785/text/multi0page.txt
P048657,http://documents.worldbank.org/curated/en/151491468752062393/text/multi-page.txt
P048697,http://documents.worldbank.org/curated/en/952781468757231339/text/multi-page.txt
P048715,http://documents.worldbank.org/curated/en/468991468752140323/text/multi-page.txt
P048756,http://documents.worldbank.org/curated/en/531671468749365559/text/multi0page.txt
P048790,http://documents.worldbank.org/curated/en/304931468760199647/text/multi0page.txt
P048791,http://documents.worldbank.org/curated/en/244501468773998573/text/multi0page.txt
P048795,http://documents.worldbank.org/curated/en/485101468749378851/text/multi0page.txt
P048825,http://documents.worldbank.org/curated/en/549421468312322853/text/204130PAD0REVI1480IDASecM2009104101.txt
P048851,http://documents.worldbank.org/curated/en/716631468779364606/text/multi-page.txt
P048852,http://documents.worldbank.org/curated/en/650431468764690732/text/multi-page.txt
P048869,http://documents.worldbank.org/curated/en/762551468769761641/text/multi-page.txt
P048983,http://documents.worldbank.org/curated/en/347691468746725804/text/multi-page.txt
P049012,http://documents.worldbank.org/curated/en/611421468211465425/text/multi0page.txt
P049051,http://documents.worldbank.org/curated/en/876531468752122606/text/multi-page.txt
P049172,http://documents.worldbank.org/curated/en/742041468753006002/text/multi-page.txt
P049200,http://documents.worldbank.org/curated/en/614631468776099046/text/multi-page.txt
P049265,http://documents.worldbank.org/curated/en/458211468769319667/text/multi0page.txt
P049267,http://documents.worldbank.org/curated/en/523911468761436240/text/multi-page.txt
P049268,http://documents.worldbank.org/curated/en/664131468767394046/text/multi-page.txt
P049269,http://documents.worldbank.org/curated/en/881161468742174579/text/multi0page.txt
P049290,http://documents.worldbank.org/curated/en/250731468277466031/text/317640corr.txt
P049296,http://documents.worldbank.org/curated/en/431241468775538277/text/multi-page.txt
P049385,http://documents.worldbank.org/curated/en/865491468772781649/text/multi0page.txt
P049386,http://documents.worldbank.org/curated/en/735571468771079523/text/multi-page.txt
P049395,http://documents.worldbank.org/curated/en/875481468749772262/text/multi0page.txt
P049436,http://documents.worldbank.org/curated/en/478191468768870548/text/multi-page.txt
P049477,http://documents.worldbank.org/curated/en/608731468750029082/text/multi0page.txt
P049537,http://documents.worldbank.org/curated/en/337261468771642769/text/multi-page.txt
P049539,http://documents.worldbank.org/curated/en/934011468752346541/text/multi0page.txt
P049545,http://documents.worldbank.org/curated/en/254781468771711084/text/multi-page.txt
P049581,http://documents.worldbank.org/curated/en/294581468773394111/text/multi-page.txt
P049582,http://documents.worldbank.org/curated/en/431911468761430772/text/multi-page.txt
P049599,http://documents.worldbank.org/curated/en/767351468752969271/text/multi-page.txt
P049616,http://documents.worldbank.org/curated/en/923521468749358293/text/multi-page.txt
P049618,http://documents.worldbank.org/curated/en/645421468774534904/text/28825.txt
P049621,http://documents.worldbank.org/curated/en/467141468761691064/text/multi0page.txt
P049665,http://documents.worldbank.org/curated/en/331181468743971962/text/multi-page.txt
P049700,http://documents.worldbank.org/curated/en/314601468771881312/text/multi-page.txt
P049702,http://documents.worldbank.org/curated/en/305161468770114184/text/257560EG0PAD.txt
P049716,http://documents.worldbank.org/curated/en/840261468771250131/text/multi-page.txt
P049718,http://documents.worldbank.org/curated/en/285441468761050547/text/multi-page.txt
P049719,http://documents.worldbank.org/curated/en/839061468758687030/text/multi-page.txt
P049721,http://documents.worldbank.org/curated/en/338901468272068563/text/31939.txt
P049723,http://documents.worldbank.org/curated/en/675441468772460409/text/multi-page.txt
P049724,http://documents.worldbank.org/curated/en/922371468772487066/text/307030KG.txt
P049735,http://documents.worldbank.org/curated/en/173291468767062502/text/multi-page.txt
P049770,http://documents.worldbank.org/curated/en/808141468771673328/text/multi-page.txt
P049789,http://documents.worldbank.org/curated/en/956021468757827104/text/multi-page.txt
P049790,http://documents.worldbank.org/curated/en/732891468768721225/text/multi-page.txt
P049791,http://documents.worldbank.org/curated/en/569921468775828655/text/multi-page.txt
P049838,http://documents.worldbank.org/curated/en/675651468761369235/text/multi-page.txt
P049874,http://documents.worldbank.org/curated/en/957861468758089224/text/multi-page.txt
P049892,http://documents.worldbank.org/curated/en/332731468768651814/text/287760IDA0R20040012001.txt
P049894,http://documents.worldbank.org/curated/en/203901468765295678/text/multi-page.txt
P049895,http://documents.worldbank.org/curated/en/544671468774602801/text/multi0page.txt
P049924,http://documents.worldbank.org/curated/en/308331468751788751/text/multi-page.txt
P050036,http://documents.worldbank.org/curated/en/810721468769183651/text/multi-page.txt
P050046,http://documents.worldbank.org/curated/en/135541468771250491/text/multi0page.txt
P050272,http://documents.worldbank.org/curated/en/612391468774685881/text/30758.txt
P050342,http://documents.worldbank.org/curated/en/864311468749088394/text/multi-page.txt
P050354,http://documents.worldbank.org/curated/en/686181468770706216/text/multi-page.txt
P050383,http://documents.worldbank.org/curated/en/961051468035488068/text/241110PAD00REP00020006310BOX358358B.txt
P050400,http://documents.worldbank.org/curated/en/716351468764097563/text/multi-page.txt
P050418,http://documents.worldbank.org/curated/en/513331468778166163/text/multi-page.txt
P050439,http://documents.worldbank.org/curated/en/745271468760537072/text/multi-page.txt
P050440,http://documents.worldbank.org/curated/en/916231468308933815/text/35616.txt
P050441,http://documents.worldbank.org/curated/en/965381468765031484/text/multi-page.txt
P050474,http://documents.worldbank.org/curated/en/743531468759300039/text/multi0page.txt
P050483,http://documents.worldbank.org/curated/en/841241468764089167/text/multi-page.txt
P050484,http://documents.worldbank.org/curated/en/519221468773401964/text/multi-page.txt
P050487,http://documents.worldbank.org/curated/en/896041468759002835/text/multi-page.txt
P050495,http://documents.worldbank.org/curated/en/253821468778218074/text/multi0page.txt
P050508,http://documents.worldbank.org/curated/en/569371468779116640/text/multi-page.txt
P050529,http://documents.worldbank.org/curated/en/618271468757483917/text/multi0page.txt
P050530,http://documents.worldbank.org/curated/en/410591468764086814/text/multi-page.txt
P050544,http://documents.worldbank.org/curated/en/277131468772489688/text/multi-page.txt
P050567,http://documents.worldbank.org/curated/en/801491468025762818/text/376870EG.txt
P050576,http://documents.worldbank.org/curated/en/659301468770953135/text/multi0page.txt
P050578,http://documents.worldbank.org/curated/en/337641468770421159/text/multi-page.txt
P050589,http://documents.worldbank.org/curated/en/827781468756939086/text/multi-page.txt
P050595,http://documents.worldbank.org/curated/en/300171468775146791/text/multi-page.txt
P050601,http://documents.worldbank.org/curated/en/932001468769834027/text/multi-page.txt
P050612,http://documents.worldbank.org/curated/en/484591468751773277/text/multi0page.txt
P050613,http://documents.worldbank.org/curated/en/209511468775815823/text/multi-page.txt
P050615,http://documents.worldbank.org/curated/en/848451468771579060/text/multi-page.txt
P050616,http://documents.worldbank.org/curated/en/302111468771068673/text/multi-page.txt
P050620,http://documents.worldbank.org/curated/en/144341468751787623/text/260900GH.txt
P050623,http://documents.worldbank.org/curated/en/104941468749980928/text/multi0page.txt
P050624,http://documents.worldbank.org/curated/en/172291468749980148/text/multi-page.txt
P050637,http://documents.worldbank.org/curated/en/296551468752770595/text/multi-page.txt
P050638,http://documents.worldbank.org/curated/en/180381468772766730/text/multi-page.txt
P050646,http://documents.worldbank.org/curated/en/445461468756336237/text/multi-page.txt
P050647,http://documents.worldbank.org/curated/en/956151468772764016/text/multi0page.txt
P050649,http://documents.worldbank.org/curated/en/485581468756597539/text/25056.txt
P050651,http://documents.worldbank.org/curated/en/361341468774926400/text/multi-page.txt
P050653,http://documents.worldbank.org/curated/en/831601468771674312/text/multi0page.txt
P050655,http://documents.worldbank.org/curated/en/303201468750256862/text/268230IN.txt
P050657,http://documents.worldbank.org/curated/en/378911468772739039/text/multi-page.txt
P050658,http://documents.worldbank.org/curated/en/354771468772739447/text/multi-page.txt
P050660,http://documents.worldbank.org/curated/en/780931468776040902/text/multi-page.txt
P050667,http://documents.worldbank.org/curated/en/630021468750265112/text/multi-page.txt
P050668,http://documents.worldbank.org/curated/en/611341468266452381/text/240040IB0multi0page.txt
P050671,http://documents.worldbank.org/curated/en/444471468775542700/text/multi0page.txt
P050706,http://documents.worldbank.org/curated/en/998961468781474055/text/multi-page.txt
P050713,http://documents.worldbank.org/curated/en/916041468741873696/text/multi-page.txt
P050714,http://documents.worldbank.org/curated/en/481051468741668967/text/multi-page.txt
P050716,http://documents.worldbank.org/curated/en/561931468125373364/text/403820Uruguay0PAD0R20071017011.txt
P050719,http://documents.worldbank.org/curated/en/357771468772454007/text/multi0page.txt
P050731,http://documents.worldbank.org/curated/en/853271468751794455/text/multi-page.txt
P050732,http://documents.worldbank.org/curated/en/901881468770631347/text/multi-page.txt
P050738,http://documents.worldbank.org/curated/en/418081468781158319/text/multi0page.txt
P050740,http://documents.worldbank.org/curated/en/440651468760786826/text/28915.txt
P050741,http://documents.worldbank.org/curated/en/815441468777043559/text/25386.txt
P050745,http://documents.worldbank.org/curated/en/914981468768636950/text/multi-page.txt
P050751,http://documents.worldbank.org/curated/en/842531468767994902/text/multi-page.txt
P050752,http://documents.worldbank.org/curated/en/127591468767997175/text/multi-page.txt
P050761,http://documents.worldbank.org/curated/en/980261468020975540/text/31691a0.txt
P050762,http://documents.worldbank.org/curated/en/849721468741907543/text/multi0page.txt
P050763,http://documents.worldbank.org/curated/en/516821468769865297/text/multi-page.txt
P050772,http://documents.worldbank.org/curated/en/945511468769318714/text/multi-page.txt
P050776,http://documents.worldbank.org/curated/en/913451468770128981/text/multi-page.txt
P050875,http://documents.worldbank.org/curated/en/676331468743712861/text/multi0page.txt
P050880,http://documents.worldbank.org/curated/en/614961468742504429/text/multi0page.txt
P050881,http://documents.worldbank.org/curated/en/638471468743759829/text/multi0page.txt
P050886,http://documents.worldbank.org/curated/en/251461468742508091/text/multi-page.txt
P050892,http://documents.worldbank.org/curated/en/905051468740694226/text/multi0page.txt
P050911,http://documents.worldbank.org/curated/en/722571468749062532/text/multi-page.txt
P050938,http://documents.worldbank.org/curated/en/787201468750311018/text/multi0page.txt
P050945,http://documents.worldbank.org/curated/en/794141468761375158/text/multi-page.txt
P051124,http://documents.worldbank.org/curated/en/153121468757802917/text/multi-page.txt
P051173,http://documents.worldbank.org/curated/en/912971468756611602/text/multi-page.txt
P051174,http://documents.worldbank.org/curated/en/415541468779961565/text/multi-page.txt
P051272,http://documents.worldbank.org/curated/en/823041468775585827/text/multi0page.txt
P051273,http://documents.worldbank.org/curated/en/176191468770948403/text/multi-page.txt
P051306,http://documents.worldbank.org/curated/en/878591468770447015/text/28656.txt
P051309,http://documents.worldbank.org/curated/en/644281468767684276/text/multi-page.txt
P051310,http://documents.worldbank.org/curated/en/192291468767658763/text/multi-page.txt
P051370,http://documents.worldbank.org/curated/en/839621468761959487/text/284850UZ.txt
P051372,http://documents.worldbank.org/curated/en/208181468776986817/text/multi0page.txt
P051386,http://documents.worldbank.org/curated/en/833991468776741806/text/multi0page.txt
P051418,http://documents.worldbank.org/curated/en/737961468781509862/text/multi-page.txt
P051553,http://documents.worldbank.org/curated/en/997841468765282525/text/multi-page.txt
P051564,http://documents.worldbank.org/curated/en/361281468779384866/text/multi-page.txt
P051602,http://documents.worldbank.org/curated/en/327171468768317080/text/multi0page.txt
P051609,http://documents.worldbank.org/curated/en/713351468760176765/text/multi0page.txt
P051610,http://documents.worldbank.org/curated/en/816121468764075152/text/multi-page.txt
P051696,http://documents.worldbank.org/curated/en/504331468769492725/text/multi0page.txt
P051705,http://documents.worldbank.org/curated/en/727671468746655868/text/multi-page.txt
P051736,http://documents.worldbank.org/curated/en/481481468769158827/text/multi-page.txt
P051741,http://documents.worldbank.org/curated/en/645331468773059454/text/multi-page.txt
P051838,http://documents.worldbank.org/curated/en/828591468782352998/text/multi0page.txt
P051855,http://documents.worldbank.org/curated/en/727091468773760580/text/multi-page.txt
P051856,http://documents.worldbank.org/curated/en/115411468770442899/text/multi-page.txt
P051859,http://documents.worldbank.org/curated/en/491881468743144356/text/multi0page.txt
P051888,http://documents.worldbank.org/curated/en/891181468743707719/text/multi-page.txt
P051922,http://documents.worldbank.org/curated/en/518131468773383107/text/multi0page.txt
P051931,http://documents.worldbank.org/curated/en/848391468777982563/text/multi-page.txt
P052021,http://documents.worldbank.org/curated/en/624541468775151432/text/multi-page.txt
P052037,http://documents.worldbank.org/curated/en/879831468779660957/text/multi0page.txt
P052080,http://documents.worldbank.org/curated/en/827591468775536962/text/multi-page.txt
P052154,http://documents.worldbank.org/curated/en/802491468771549108/text/multi-page.txt
P052186,http://documents.worldbank.org/curated/en/459871468776993462/text/multi-page.txt
P052208,http://documents.worldbank.org/curated/en/313111468773117249/text/multi-page.txt
P052240,http://documents.worldbank.org/curated/en/657721468758087935/text/multi-page.txt
P052247,http://documents.worldbank.org/curated/en/535051468758127882/text/multi-page.txt
P052256,http://documents.worldbank.org/curated/en/610771468236358557/text/331650BR.txt
P052263,http://documents.worldbank.org/curated/en/568251468765015019/text/multi-page.txt
P052293,http://documents.worldbank.org/curated/en/757391468777014459/text/multi-page.txt
P052297,http://documents.worldbank.org/curated/en/989981468774267355/text/multi-page.txt
P052315,http://documents.worldbank.org/curated/en/150521468751756638/text/multi-page.txt
P052368,http://documents.worldbank.org/curated/en/647641468763788663/text/multi0page.txt
P052400,http://documents.worldbank.org/curated/en/904551468769816132/text/multi0page.txt
P052402,http://documents.worldbank.org/curated/en/335391468774853249/text/289190MLI.txt
P052590,http://documents.worldbank.org/curated/en/410511468741670325/text/multi0page.txt
P052608,http://documents.worldbank.org/curated/en/547181468031562188/text/39088.txt
P052705,http://documents.worldbank.org/curated/en/975061468770927553/text/multi-page.txt
P052736,http://documents.worldbank.org/curated/en/522711468770737657/text/multi-page.txt
P052887,http://documents.worldbank.org/curated/en/309071468749954120/text/multi0page.txt
P053200,http://documents.worldbank.org/curated/en/576931468756999598/text/multi-page.txt
P053243,http://documents.worldbank.org/curated/en/448071468771878774/text/multi0page.txt
P053349,http://documents.worldbank.org/curated/en/811071468770408948/text/multi0page.txt
P053575,http://documents.worldbank.org/curated/en/461461468752084088/text/multi0page.txt
P053578,http://documents.worldbank.org/curated/en/203291468742526374/text/multi0page.txt
P053616,http://documents.worldbank.org/curated/en/860921468764961726/text/multi0page.txt
P053705,http://documents.worldbank.org/curated/en/950941468760196525/text/multi-page.txt
P053706,http://documents.worldbank.org/curated/en/686311468775151765/text/multi-page.txt
P053796,http://documents.worldbank.org/curated/en/116181468759285898/text/multi-page.txt
P053830,http://documents.worldbank.org/curated/en/789491468759017193/text/multi-page.txt
P053832,http://documents.worldbank.org/curated/en/211431468751799298/text/multi-page.txt
P053892,http://documents.worldbank.org/curated/en/221361468779450522/text/multi-page.txt
P053985,http://documents.worldbank.org/curated/en/761471468780353844/text/multi-page.txt
P054051,http://documents.worldbank.org/curated/en/267821468765317790/text/multi-page.txt
P054119,http://documents.worldbank.org/curated/en/194221468769839977/text/258661BR1Bahia0Health0R20031009311.txt
P054120,http://documents.worldbank.org/curated/en/535021468743761352/text/multi-page.txt
P054217,http://documents.worldbank.org/curated/en/826261468767419539/text/multi0page.txt
P054221,http://documents.worldbank.org/curated/en/768371468028756968/text/410380PAD0DO0P101Official0Use0Only1.txt
P054238,http://documents.worldbank.org/curated/en/364311468758373190/text/multi-page.txt
P054384,http://documents.worldbank.org/curated/en/551801468767701954/text/multi0page.txt
P054462,http://documents.worldbank.org/curated/en/401511468752143712/text/multi-page.txt
P054736,http://documents.worldbank.org/curated/en/313411468741902312/text/multi0page.txt
P054786,http://documents.worldbank.org/curated/en/452631468743108314/text/multi0page.txt
P054799,http://documents.worldbank.org/curated/en/284881468778490152/text/multi0page.txt
P054884,http://documents.worldbank.org/curated/en/394311468779408394/text/multi-page.txt
P054886,http://documents.worldbank.org/curated/en/126031468275346194/text/multi0page.txt
P054937,http://documents.worldbank.org/curated/en/935561468746805753/text/multi0page.txt
P054939,http://documents.worldbank.org/curated/en/903451468777260391/text/multi-page.txt
P054966,http://documents.worldbank.org/curated/en/367561468778815729/text/multi0page.txt
P055003,http://documents.worldbank.org/curated/en/761991468760204656/text/multi-page.txt
P055021,http://documents.worldbank.org/curated/en/585981468770385832/text/multi0page.txt
P055022,http://documents.worldbank.org/curated/en/920471468740999201/text/multi0page.txt
P055068,http://documents.worldbank.org/curated/en/921221468773990053/text/multi0page.txt
P055073,http://documents.worldbank.org/curated/en/510911468749752351/text/multi-page.txt
P055084,http://documents.worldbank.org/curated/en/449661468771093033/text/multi-page.txt
P055120,http://documents.worldbank.org/curated/en/650791468303278375/text/531520PAD0P0551ly10IDA1R20101013311.txt
P055122,http://documents.worldbank.org/curated/en/304501468768845794/text/multi-page.txt
P055155,http://documents.worldbank.org/curated/en/435631468769272398/text/multi-page.txt
P055156,http://documents.worldbank.org/curated/en/406831468744248725/text/multi-page.txt
P055157,http://documents.worldbank.org/curated/en/537391468770096991/text/multi-page.txt
P055158,http://documents.worldbank.org/curated/en/649531468768839910/text/multi-page.txt
P055159,http://documents.worldbank.org/curated/en/770191468761680225/text/multi0page.txt
P055166,http://documents.worldbank.org/curated/en/714251468758692981/text/multi0page.txt
P055173,http://documents.worldbank.org/curated/en/106801468749087426/text/multi0page.txt
P055230,http://documents.worldbank.org/curated/en/773291468769750114/text/multi-page.txt
P055232,http://documents.worldbank.org/curated/en/567681468758737628/text/23843.txt
P055292,http://documents.worldbank.org/curated/en/401631468780957458/text/multi0page.txt
P055304,http://documents.worldbank.org/curated/en/121791468776774382/text/19327-replacement.txt
P055383,http://documents.worldbank.org/curated/en/357561468742548905/text/multi0page.txt
P055388,http://documents.worldbank.org/curated/en/761061468769317790/text/multi-page.txt
P055434,http://documents.worldbank.org/curated/en/899901468769461013/text/multi0page.txt
P055454,http://documents.worldbank.org/curated/en/180251468750027365/text/multi-page.txt
P055455,http://documents.worldbank.org/curated/en/916061468772800010/text/multi0page.txt
P055456,http://documents.worldbank.org/curated/en/674211468752703205/text/multi-page.txt
P055459,http://documents.worldbank.org/curated/en/442471468752418802/text/27703.txt
P055461,http://documents.worldbank.org/curated/en/895551468741603125/text/multi-page.txt
P055467,http://documents.worldbank.org/curated/en/495321468743952915/text/multi0page.txt
P055468,http://documents.worldbank.org/curated/en/822821468744075050/text/multi-page.txt
P055472,http://documents.worldbank.org/curated/en/523781468759612742/text/multi-page.txt
P055477,http://documents.worldbank.org/curated/en/661831468741391621/text/multi0page.txt
P055480,http://documents.worldbank.org/curated/en/481361468743104713/text/multi-page.txt
P055481,http://documents.worldbank.org/curated/en/436391468743669004/text/multi-page.txt
P055482,http://documents.worldbank.org/curated/en/264301468769301250/text/multi-page.txt
P055483,http://documents.worldbank.org/curated/en/158991468221697798/text/32463.txt
P055495,http://documents.worldbank.org/curated/en/903971468776429226/text/multi0page.txt
P055573,http://documents.worldbank.org/curated/en/716591468770989280/text/multi-page.txt
P055585,http://documents.worldbank.org/curated/en/849231468774260036/text/multi-page.txt
P055684,http://documents.worldbank.org/curated/en/310011468743765349/text/multi-page.txt
P055738,http://documents.worldbank.org/curated/en/721841468760205649/text/multi0page.txt
P055739,http://documents.worldbank.org/curated/en/959701468765283436/text/multi-page.txt
P055755,http://documents.worldbank.org/curated/en/943031468752385474/text/multi-page.txt
P055814,http://documents.worldbank.org/curated/en/488131468782374768/text/multi-page.txt
P055821,http://documents.worldbank.org/curated/en/123151468772772324/text/multi-page.txt
P055823,http://documents.worldbank.org/curated/en/446061468756956814/text/multi0page.txt
P055844,http://documents.worldbank.org/curated/en/850601468780969000/text/multi0page.txt
P055853,http://documents.worldbank.org/curated/en/438231468775765195/text/multi-page.txt
P055944,http://documents.worldbank.org/curated/en/878041468761130646/text/multi-page.txt
P055954,http://documents.worldbank.org/curated/en/195771468770340783/text/multi0page.txt
P055974,http://documents.worldbank.org/curated/en/130431468743783678/text/multi-page.txt
P055988,http://documents.worldbank.org/curated/en/338321468776384471/text/multi-page.txt
P055991,http://documents.worldbank.org/curated/en/550521468749992724/text/276020HN.txt
P056018,http://documents.worldbank.org/curated/en/813061468775538947/text/multi0page.txt
P056074,http://documents.worldbank.org/curated/en/350511468752400780/text/multi-page.txt
P056087,http://documents.worldbank.org/curated/en/443841468758102368/text/multi-page.txt
P056192,http://documents.worldbank.org/curated/en/326391468743778198/text/multi-page.txt
P056199,http://documents.worldbank.org/curated/en/172891468768726776/text/multi0page.txt
P056200,http://documents.worldbank.org/curated/en/594721468773987016/text/multi0page.txt
P056213,http://documents.worldbank.org/curated/en/727611468758746811/text/multi0page.txt
P056216,http://documents.worldbank.org/curated/en/125751468769147670/text/multi-page.txt
P056236,http://documents.worldbank.org/curated/en/601731468770099540/text/multi0page.txt
P056256,http://documents.worldbank.org/curated/en/721441468749348146/text/285570GH.txt
P056269,http://documents.worldbank.org/curated/en/178531468761732634/text/multi-page.txt
P056337,http://documents.worldbank.org/curated/en/113601468776743913/text/multi-page.txt
P056393,http://documents.worldbank.org/curated/en/818431468767401086/text/multi-page.txt
P056416,http://documents.worldbank.org/curated/en/219651468772446349/text/multi-page.txt
P056418,http://documents.worldbank.org/curated/en/180321468757191595/text/286590LES.txt
P056419,http://documents.worldbank.org/curated/en/220751468770678241/text/multi-page.txt
P056424,http://documents.worldbank.org/curated/en/936081468743707409/text/multi-page.txt
P056452,http://documents.worldbank.org/curated/en/155161468761710565/text/multi-page.txt
P056487,http://documents.worldbank.org/curated/en/723731468773690896/text/multi-page.txt
P056514,http://documents.worldbank.org/curated/en/265261468770967721/text/multi-page.txt
P056516,http://documents.worldbank.org/curated/en/815201468770430409/text/multi-page.txt
P056596,http://documents.worldbank.org/curated/en/145691468768727417/text/multi0page.txt
P056796,http://documents.worldbank.org/curated/en/523361468753031778/text/multi-page.txt
P056891,http://documents.worldbank.org/curated/en/197651468759904610/text/multi0page.txt
P056978,http://documents.worldbank.org/curated/en/689531468758123739/text/multi0page.txt
P057007,http://documents.worldbank.org/curated/en/519721468760234014/text/multi0page.txt
P057167,http://documents.worldbank.org/curated/en/919651468781198984/text/multi0page.txt
P057182,http://documents.worldbank.org/curated/en/129781468741889559/text/multi-page.txt
P057187,http://documents.worldbank.org/curated/en/371031468761370682/text/multi-page.txt
P057188,http://documents.worldbank.org/curated/en/616571468751768760/text/multi-page.txt
P057234,http://documents.worldbank.org/curated/en/124701468778751565/text/239010TZ0PAD0GEF0R20030001201.txt
P057271,http://documents.worldbank.org/curated/en/832561468751549759/text/multi-page.txt
P057272,http://documents.worldbank.org/curated/en/297381468771028530/text/multi-page.txt
P057295,http://documents.worldbank.org/curated/en/141851468777926895/text/multi0page.txt
P057326,http://documents.worldbank.org/curated/en/595501468772180963/text/multi-page.txt
P057345,http://documents.worldbank.org/curated/en/733591468743356494/text/multi0page.txt
P057350,http://documents.worldbank.org/curated/en/194421468771631353/text/multi-page.txt
P057352,http://documents.worldbank.org/curated/en/929021468746703340/text/multi-page.txt
P057369,http://documents.worldbank.org/curated/en/673611468746646410/text/multi0page.txt
P057394,http://documents.worldbank.org/curated/en/263711468751499846/text/multi0page.txt
P057396,http://documents.worldbank.org/curated/en/359611468769747807/text/multi-page.txt
P057416,http://documents.worldbank.org/curated/en/164991468743381772/text/multi0page.txt
P057449,http://documents.worldbank.org/curated/en/696181468741663307/text/multi-page.txt
P057459,http://documents.worldbank.org/curated/en/625331468741898201/text/multi-page.txt
P057473,http://documents.worldbank.org/curated/en/492381468740396172/text/multi-page.txt
P057481,http://documents.worldbank.org/curated/en/842471468319538210/text/30980.txt
P057530,http://documents.worldbank.org/curated/en/501371468776963355/text/multi-page.txt
P057531,http://documents.worldbank.org/curated/en/843911468752958910/text/multi0page.txt
P057538,http://documents.worldbank.org/curated/en/582681468752084735/text/multi-page.txt
P057570,http://documents.worldbank.org/curated/en/235681468768567751/text/multi-page.txt
P057578,http://documents.worldbank.org/curated/en/602191468764350634/text/multi-page.txt
P057598,http://documents.worldbank.org/curated/en/627011468776699293/text/multi-page.txt
P057601,http://documents.worldbank.org/curated/en/477731468781806803/text/multi-page.txt
P057602,http://documents.worldbank.org/curated/en/265051468183253761/text/244780PAD0REVI1480IDASecM2009104101.txt
P057649,http://documents.worldbank.org/curated/en/254791468769486821/text/multi0page.txt
P057653,http://documents.worldbank.org/curated/en/971681468770491736/text/multi0page.txt
P057665,http://documents.worldbank.org/curated/en/306841468770140432/text/multi0page.txt
P057692,http://documents.worldbank.org/curated/en/207441468748778968/text/multi0page.txt
P057704,http://documents.worldbank.org/curated/en/621901468770077505/text/multi-page.txt
P057731,http://documents.worldbank.org/curated/en/483201468759027136/text/multi0page.txt
P057761,http://documents.worldbank.org/curated/en/852071468272371658/text/36298.txt
P057767,http://documents.worldbank.org/curated/en/742731468770949410/text/multi-page.txt
P057770,http://documents.worldbank.org/curated/en/625061468771066109/text/multi0page.txt
P057813,http://documents.worldbank.org/curated/en/396641468773998239/text/multi-page.txt
P057815,http://documents.worldbank.org/curated/en/516251468781765580/text/25875.txt
P057833,http://documents.worldbank.org/curated/en/477731468740689808/text/multi-page.txt
P057838,http://documents.worldbank.org/curated/en/426021468768587816/text/multi-page.txt
P057847,http://documents.worldbank.org/curated/en/558151468768589127/text/multi0page.txt
P057857,http://documents.worldbank.org/curated/en/771201468770513171/text/28326.txt
P057859,http://documents.worldbank.org/curated/en/494651468771608935/text/multi0page.txt
P057875,http://documents.worldbank.org/curated/en/953331468774865584/text/multi-page.txt
P057880,http://documents.worldbank.org/curated/en/488871468008998105/text/31552a.txt
P057883,http://documents.worldbank.org/curated/en/502921468761075944/text/multi0page.txt
P057910,https://documents.worldbank.org/curated/en/533121468769921003/text/IBArchive-c2137bd3-f723-4c6d-920a-06a43b12bd13.txt
P057915,http://documents.worldbank.org/curated/en/113951468767062854/text/multi-page.txt
P057929,http://documents.worldbank.org/curated/en/839401468746344036/text/291490ER.txt
P057933,http://documents.worldbank.org/curated/en/849191468746694710/text/27173.txt
P057950,http://documents.worldbank.org/curated/en/247421468740695495/text/multi0page.txt
P057951,http://documents.worldbank.org/curated/en/259771468768012722/text/multi-page.txt
P057952,http://documents.worldbank.org/curated/en/925281468768560491/text/multi-page.txt
P057953,http://documents.worldbank.org/curated/en/555901468777299385/text/multi-page.txt
P057959,http://documents.worldbank.org/curated/en/116651468768603812/text/multi-page.txt
P057960,http://documents.worldbank.org/curated/en/479581468780965699/text/multi0page.txt
P057995,http://documents.worldbank.org/curated/en/817851468751544465/text/multi0page.txt
P057996,http://documents.worldbank.org/curated/en/265491468759900781/text/multi-page.txt
P057997,http://documents.worldbank.org/curated/en/822471468771370353/text/multi-page.txt
P057998,http://documents.worldbank.org/curated/en/672711468744074754/text/multi-page.txt
P058015,http://documents.worldbank.org/curated/en/327491468773698632/text/30707.txt
P058038,http://documents.worldbank.org/curated/en/300001468760173545/text/multi-page.txt
P058050,http://documents.worldbank.org/curated/en/795591468757174717/text/multi-page.txt
P058056,http://documents.worldbank.org/curated/en/741411468758385720/text/multi0page.txt
P058067,http://documents.worldbank.org/curated/en/710601468760786494/text/multi0page.txt
P058070,http://documents.worldbank.org/curated/en/821791468781177914/text/multi-page.txt
P058129,http://documents.worldbank.org/curated/en/738081468744098064/text/multi-page.txt
P058202,http://documents.worldbank.org/curated/en/285881468776076694/text/multi-page.txt
P058284,http://documents.worldbank.org/curated/en/181571468776051063/text/multi-page.txt
P058308,http://documents.worldbank.org/curated/en/490961468769241394/text/multi-page.txt
P058358,http://documents.worldbank.org/curated/en/919501468759601777/text/multi-page.txt
P058468,http://documents.worldbank.org/curated/en/747151468742543647/text/multi-page.txt
P058476,http://documents.worldbank.org/curated/en/342391468772475807/text/multi-page.txt
P058503,http://documents.worldbank.org/curated/en/456731468743799662/text/multi0page.txt
P058512,http://documents.worldbank.org/curated/en/311701468743173075/text/multi-page.txt
P058520,http://documents.worldbank.org/curated/en/859301468772216611/text/multi0page.txt
P058521,http://documents.worldbank.org/curated/en/873371468767980151/text/multi0page.txt
P058526,http://documents.worldbank.org/curated/en/131241468741885005/text/multi-page.txt
P058627,http://documents.worldbank.org/curated/en/659281468761952620/text/multi-page.txt
P058681,http://documents.worldbank.org/curated/en/391071468756325472/text/multi-page.txt
P058683,http://documents.worldbank.org/curated/en/587811468780609549/text/multi-page.txt
P058684,http://documents.worldbank.org/curated/en/573471468763473544/text/multi-page.txt
P058706,http://documents.worldbank.org/curated/en/921601468778211730/text/multi0page.txt
P058724,http://documents.worldbank.org/curated/en/576381468744339198/text/multi0page.txt
P058730,http://documents.worldbank.org/curated/en/284131468761111997/text/multi-page.txt
P058770,http://documents.worldbank.org/curated/en/807611468774562384/text/multi-page.txt
P058841,http://documents.worldbank.org/curated/en/467751468769854636/text/multi-page.txt
P058842,http://documents.worldbank.org/curated/en/783811468776053756/text/multi-page.txt
P058843,http://documents.worldbank.org/curated/en/768041468743121101/text/multi-page.txt
P058844,http://documents.worldbank.org/curated/en/482471468744042094/text/multi-page.txt
P058845,http://documents.worldbank.org/curated/en/885291468746679602/text/multi0page.txt
P058846,http://documents.worldbank.org/curated/en/406991468769215538/text/multi0page.txt
P058847,http://documents.worldbank.org/curated/en/962101468746670423/text/multi0page.txt
P058877,http://documents.worldbank.org/curated/en/226861468764394627/text/multi0page.txt
P058898,http://documents.worldbank.org/curated/en/320351468761049832/text/multi-page.txt
P058969,http://documents.worldbank.org/curated/en/600271468742873324/text/multi-page.txt
P059073,http://documents.worldbank.org/curated/en/968621468778762476/text/25249.txt
P059127,http://documents.worldbank.org/curated/en/200721468760809063/text/multi-page.txt
P059143,http://documents.worldbank.org/curated/en/991281468740965699/text/multi-page.txt
P059161,http://documents.worldbank.org/curated/en/428161468756308988/text/multi0page.txt
P059223,http://documents.worldbank.org/curated/en/461061468765563476/text/multi-page.txt
P059242,http://documents.worldbank.org/curated/en/769551468752699039/text/multi-page.txt
P059305,http://documents.worldbank.org/curated/en/567571468752968908/text/multi-page.txt
P059477,http://documents.worldbank.org/curated/en/330751468771710113/text/multi-page.txt
P059481,http://documents.worldbank.org/curated/en/407621468768018135/text/multi-page.txt
P059501,http://documents.worldbank.org/curated/en/273781468756598149/text/multi-page.txt
P059510,http://documents.worldbank.org/curated/en/573821468770709799/text/multi-page.txt
P059565,http://documents.worldbank.org/curated/en/325191468743809270/text/multi-page.txt
P059566,http://documents.worldbank.org/curated/en/905301468769471551/text/multi-page.txt
P059663,http://documents.worldbank.org/curated/en/693451468761678633/text/27368.txt
P059755,http://documents.worldbank.org/curated/en/757771468782071422/text/multi-page.txt
P059763,http://documents.worldbank.org/curated/en/943081468740692365/text/multi-page.txt
P059803,http://documents.worldbank.org/curated/en/823791468752137325/text/257160rev.txt
P059864,http://documents.worldbank.org/curated/en/838101468779143587/text/multi-page.txt
P059872,http://documents.worldbank.org/curated/en/844161468760515362/text/multi0page.txt
P059930,http://documents.worldbank.org/curated/en/324531468774931684/text/multi-page.txt
P059931,http://documents.worldbank.org/curated/en/583021468774930673/text/259411ID1Water1Irriga11r20031011011.txt
P059936,http://documents.worldbank.org/curated/en/913081468764708516/text/multi0page.txt
P059971,http://documents.worldbank.org/curated/en/889101468742494818/text/multi-page.txt
P060003,http://documents.worldbank.org/curated/en/121021468769448072/text/multi-page.txt
P060005,http://documents.worldbank.org/curated/en/431681468106469791/text/324980rev0pdf.txt
P060132,http://documents.worldbank.org/curated/en/951691468764071702/text/multi-page.txt
P060221,http://documents.worldbank.org/curated/en/154161468769465580/text/multi0page.txt
P060270,http://documents.worldbank.org/curated/en/281701468770445351/text/multi-page.txt
P060329,http://documents.worldbank.org/curated/en/175601468771108549/text/multi-page.txt
P060330,http://documents.worldbank.org/curated/en/504821468758373916/text/multi-page.txt
P060392,http://documents.worldbank.org/curated/en/266331468768283556/text/multi-page.txt
P060434,http://documents.worldbank.org/curated/en/542671468760191939/text/multi0page.txt
P060474,http://documents.worldbank.org/curated/en/321351468743658642/text/multi-page.txt
P060484,http://documents.worldbank.org/curated/en/670681467998521868/text/34675.txt
P060499,http://documents.worldbank.org/curated/en/177401468776073205/text/multi-page.txt
P060573,http://documents.worldbank.org/curated/en/744381468769520164/text/25473.txt
P060577,http://documents.worldbank.org/curated/en/405351468756360478/text/multi0page.txt
P060686,http://documents.worldbank.org/curated/en/584481468776773205/text/multi0page.txt
P060718,http://documents.worldbank.org/curated/en/516081468752989304/text/multi-page.txt
P060785,http://documents.worldbank.org/curated/en/603271468752085052/text/multi-page.txt
P060786,http://documents.worldbank.org/curated/en/379411468221362025/text/275630PAD0Box8601PUBLIC1.txt
P060833,http://documents.worldbank.org/curated/en/812141468778512600/text/multi-page.txt
P060908,http://documents.worldbank.org/curated/en/674191468774634551/text/multi-page.txt
P060943,http://documents.worldbank.org/curated/en/601221468756308399/text/multi-page.txt
P061209,http://documents.worldbank.org/curated/en/435971468761111287/text/256880NIR0basic0Ed0Program.txt
P061558,http://documents.worldbank.org/curated/en/207861468776735428/text/multi0page.txt
P062619,http://documents.worldbank.org/curated/en/319771468769170774/text/multi-page.txt
P062628,http://documents.worldbank.org/curated/en/633701468773376420/text/multi-page.txt
P062668,http://documents.worldbank.org/curated/en/294471468760760897/text/multi-page.txt
P062682,http://documents.worldbank.org/curated/en/548031468774561367/text/multi-page.txt
P062714,http://documents.worldbank.org/curated/en/414281468763486684/text/multi-page.txt
P062748,http://documents.worldbank.org/curated/en/778191468781771785/text/multi0page.txt
P062790,http://documents.worldbank.org/curated/en/504401468743785188/text/multi-page.txt
P062840,http://documents.worldbank.org/curated/en/855211468743349626/text/multi-page.txt
P062916,http://documents.worldbank.org/curated/en/860531468742546388/text/256361BD1Centr1th11IDA1R20031010411.txt
P062932,http://documents.worldbank.org/curated/en/188791468763235681/text/multi-page.txt
P062936,http://documents.worldbank.org/curated/en/643771468769459675/text/multi-page.txt
P063081,http://documents.worldbank.org/curated/en/977881468032092715/text/349770REV0pdf.txt
P063095,http://documents.worldbank.org/curated/en/261431468758685077/text/multi-page.txt
P063096,http://documents.worldbank.org/curated/en/614071468782151814/text/multi-page.txt
P063201,http://documents.worldbank.org/curated/en/650361468746802912/text/multi-page.txt
P063317,http://documents.worldbank.org/curated/en/489851468770719168/text/multi0page.txt
P063383,http://documents.worldbank.org/curated/en/637981468779177111/text/multi-page.txt
P063386,http://documents.worldbank.org/curated/en/335481468769895943/text/multi-page.txt
P063388,http://documents.worldbank.org/curated/en/672021468767403883/text/multi-page.txt
P063398,http://documents.worldbank.org/curated/en/491121468769264647/text/27707.txt
P063463,http://documents.worldbank.org/curated/en/996281468774581878/text/multi0page.txt
P063472,http://documents.worldbank.org/curated/en/144981468777286071/text/multi-page.txt
P063501,http://documents.worldbank.org/curated/en/149621468774679636/text/multi-page.txt
P063546,http://documents.worldbank.org/curated/en/951001468746754409/text/multi0page.txt
P063577,http://documents.worldbank.org/curated/en/449401468773096867/text/multi0page.txt
P063584,http://documents.worldbank.org/curated/en/592071468782128789/text/multi-page.txt
P063622,http://documents.worldbank.org/curated/en/723041468775777998/text/26133.txt
P063644,http://documents.worldbank.org/curated/en/133611468770358510/text/multi0page.txt
P063656,http://documents.worldbank.org/curated/en/785701468757001491/text/multi0page.txt
P063683,http://documents.worldbank.org/curated/en/326161468741676990/text/multi0page.txt
P063717,http://documents.worldbank.org/curated/en/828061468776423025/text/multi-page.txt
P063732,http://documents.worldbank.org/curated/en/928701468771706912/text/multi-page.txt
P063791,http://documents.worldbank.org/curated/en/639341468756607283/text/multi-page.txt
P063913,http://documents.worldbank.org/curated/en/316271468756303995/text/254140ID0Java1Bali0Power0revised.txt
P063918,http://documents.worldbank.org/curated/en/299631468774631459/text/multi-page.txt
P064008,http://documents.worldbank.org/curated/en/276721468759320609/text/multi-page.txt
P064045,http://documents.worldbank.org/curated/en/660631468771720363/text/multi-page.txt
P064064,http://documents.worldbank.org/curated/en/391221468781535937/text/multi-page.txt
P064082,http://documents.worldbank.org/curated/en/614741468778528993/text/multi0page.txt
P064149,http://documents.worldbank.org/curated/en/503631468742890481/text/multi-page.txt
P064237,http://documents.worldbank.org/curated/en/300501468759013095/text/multi0page.txt
P064238,http://documents.worldbank.org/curated/en/625681468777987899/text/multi0page.txt
P064305,http://documents.worldbank.org/curated/en/685941468758751337/text/multi-page.txt
P064438,http://documents.worldbank.org/curated/en/373991468759573484/text/25655.txt
P064508,http://documents.worldbank.org/curated/en/858881468758773099/text/multi0page.txt
P064510,http://documents.worldbank.org/curated/en/590301468744270104/text/multi-page.txt
P064536,http://documents.worldbank.org/curated/en/511221468742208336/text/multi-page.txt
P064557,http://documents.worldbank.org/curated/en/541361468228541423/text/38438.txt
P064558,http://documents.worldbank.org/curated/en/926151468744107717/text/29604.txt
P064570,http://documents.worldbank.org/curated/en/348551468757234304/text/multi-page.txt
P064573,http://documents.worldbank.org/curated/en/559701468742794631/text/266320CORR.txt
P064585,http://documents.worldbank.org/curated/en/495521468753277070/text/multi-page.txt
P064614,http://documents.worldbank.org/curated/en/941131468742863562/text/multi-page.txt
P064728,http://documents.worldbank.org/curated/en/616251468771663000/text/281780ID.txt
P064729,http://documents.worldbank.org/curated/en/701151468768727100/text/multi0page.txt
P064730,http://documents.worldbank.org/curated/en/254571468770376718/text/multi-page.txt
P064821,http://documents.worldbank.org/curated/en/819501468758741256/text/multi0page.txt
P064836,http://documents.worldbank.org/curated/en/572471468113358621/text/33397.txt
P064844,http://documents.worldbank.org/curated/en/908861468742209296/text/270150KH.txt
P064876,http://documents.worldbank.org/curated/en/853921468015065365/text/27594.txt
P064879,http://documents.worldbank.org/curated/en/167221468768656996/text/multi-page.txt
P064883,http://documents.worldbank.org/curated/en/723661468752063807/text/multi0page.txt
P064886,http://documents.worldbank.org/curated/en/763821468774269191/text/253111LA1Susta1Dev1IDA1R20031014011.txt
P064887,http://documents.worldbank.org/curated/en/815501468774640910/text/multi-page.txt
P064895,http://documents.worldbank.org/curated/en/266961468750244345/text/multi-page.txt
P064906,http://documents.worldbank.org/curated/en/899651468759552634/text/multi0page.txt
P064913,http://documents.worldbank.org/curated/en/397401468750305928/text/multi-page.txt
P064914,http://documents.worldbank.org/curated/en/407781468749993125/text/27943.txt
P064915,http://documents.worldbank.org/curated/en/624231468775557961/text/multi-page.txt
P064916,http://documents.worldbank.org/curated/en/920111468775770207/text/multi0page.txt
P064918,http://documents.worldbank.org/curated/en/731851468284386043/text/357950rev0pdf.txt
P064919,http://documents.worldbank.org/curated/en/203061468023457480/text/multi0page.txt
P064921,http://documents.worldbank.org/curated/en/674331468741851352/text/multi-page.txt
P064925,http://documents.worldbank.org/curated/en/810201468298755077/text/36317.txt
P064926,http://documents.worldbank.org/curated/en/739381468777013809/text/multi-page.txt
P064961,http://documents.worldbank.org/curated/en/775271468769202384/text/multi-page.txt
P064965,http://documents.worldbank.org/curated/en/379761468759912492/text/multi0page.txt
P064981,http://documents.worldbank.org/curated/en/823721468782091767/text/254601RY1Sana11mt01IDAR200310091111.txt
P064983,http://documents.worldbank.org/curated/en/533931468742871997/text/multi0page.txt
P065035,http://documents.worldbank.org/curated/en/270051468746659697/text/257030CN0PAD.txt
P065041,http://documents.worldbank.org/curated/en/576001468780964992/text/multi-page.txt
P065059,http://documents.worldbank.org/curated/en/199211468776382745/text/multi0page.txt
P065111,http://documents.worldbank.org/curated/en/410411468168259671/text/252260PAD0REVI1480IDASecM2009104101.txt
P065113,http://documents.worldbank.org/curated/en/424771468780910986/text/multi-page.txt
P065126,http://documents.worldbank.org/curated/en/551731468037482453/text/28046.txt
P065127,http://documents.worldbank.org/curated/en/844811468749973398/text/29306.txt
P065129,http://documents.worldbank.org/curated/en/394061468033659245/text/38444.txt
P065188,http://documents.worldbank.org/curated/en/405171468760496574/text/multi-page.txt
P065200,http://documents.worldbank.org/curated/en/225791468758385095/text/multi-page.txt
P065256,http://documents.worldbank.org/curated/en/344021468758736875/text/multi0page.txt
P065263,http://documents.worldbank.org/curated/en/450131468749792955/text/multi-page.txt
P065270,http://documents.worldbank.org/curated/en/362941468106437469/text/32446.txt
P065301,http://documents.worldbank.org/curated/en/772271468780963675/text/multi-page.txt
P065372,http://documents.worldbank.org/curated/en/720971468778464807/text/multi-page.txt
P065414,http://documents.worldbank.org/curated/en/109121468752125532/text/multi-page.txt
P065416,http://documents.worldbank.org/curated/en/359061468771873526/text/27759.txt
P065436,http://documents.worldbank.org/curated/en/349701468779174292/text/multi0page.txt
P065437,http://documents.worldbank.org/curated/en/525121468778177363/text/multi0page.txt
P065463,http://documents.worldbank.org/curated/en/161411468771892916/text/257020CN.txt
P065466,http://documents.worldbank.org/curated/en/310031468746815731/text/multi0page.txt
P065593,http://documents.worldbank.org/curated/en/137371468765334508/text/multi0page.txt
P065713,http://documents.worldbank.org/curated/en/935961468744335400/text/multi-page.txt
P065715,http://documents.worldbank.org/curated/en/498641468770993575/text/multi-page.txt
P065757,http://documents.worldbank.org/curated/en/445301468774254737/text/multi-page.txt
P065779,http://documents.worldbank.org/curated/en/114621468753003475/text/multi-page.txt
P065798,http://documents.worldbank.org/curated/en/640741468743686907/text/multi-page.txt
P065898,http://documents.worldbank.org/curated/en/993281468782356304/text/273950VN.txt
P065902,http://documents.worldbank.org/curated/en/733501468741012055/text/multi-page.txt
P065927,http://documents.worldbank.org/curated/en/209951468743666002/text/multi-page.txt
P065937,http://documents.worldbank.org/curated/en/419561468770431325/text/multi0page.txt
P065973,http://documents.worldbank.org/curated/en/909631468772498702/text/multi0page.txt
P065988,http://documents.worldbank.org/curated/en/352891468761376644/text/multi0page.txt
P065991,http://documents.worldbank.org/curated/en/624411468759311769/text/multi0page.txt
P066051,http://documents.worldbank.org/curated/en/289351468779083720/text/26767.txt
P066065,http://documents.worldbank.org/curated/en/453911468776709503/text/multi0page.txt
P066069,http://documents.worldbank.org/curated/en/288761468776754685/text/multi-page.txt
P066076,http://documents.worldbank.org/curated/en/840951468776109202/text/255040PH0PAD.txt
P066100,http://documents.worldbank.org/curated/en/326831468742152376/text/multi0page.txt
P066149,http://documents.worldbank.org/curated/en/824871468760502083/text/27983.txt
P066155,http://documents.worldbank.org/curated/en/468981468758975965/text/multi0page.txt
P066157,http://documents.worldbank.org/curated/en/511121468773101487/text/26267.txt
P066169,http://documents.worldbank.org/curated/en/432111468769457746/text/multi0page.txt
P066170,http://documents.worldbank.org/curated/en/107451468743772104/text/multi0page.txt
P066175,http://documents.worldbank.org/curated/en/917201468749084584/text/multi0page.txt
P066198,http://documents.worldbank.org/curated/en/839451468756595032/text/multi-page.txt
P066199,http://documents.worldbank.org/curated/en/322411468206973219/text/31975.txt
P066221,http://documents.worldbank.org/curated/en/949911468758706941/text/multi-page.txt
P066260,http://documents.worldbank.org/curated/en/617921468768541746/text/multi0page.txt
P066321,http://documents.worldbank.org/curated/en/398291468761376295/text/multi0page.txt
P066336,http://documents.worldbank.org/curated/en/165751468773401633/text/multi-page.txt
P066345,http://documents.worldbank.org/curated/en/752021468757488238/text/multi-page.txt
P066353,http://documents.worldbank.org/curated/en/736711468770691182/text/multi-page.txt
P066386,http://documents.worldbank.org/curated/en/373441468777889230/text/27857.txt
P066396,http://documents.worldbank.org/curated/en/266301468780591925/text/multi0page.txt
P066397,http://documents.worldbank.org/curated/en/463601468760151834/text/24284.txt
P066426,http://documents.worldbank.org/curated/en/127791468278947574/text/36794.txt
P066486,http://documents.worldbank.org/curated/en/260241468773423492/text/multi-page.txt
P066488,http://documents.worldbank.org/curated/en/207281468273657157/text/532840PAD0P066101Official0Use0Only1.txt
P066490,http://documents.worldbank.org/curated/en/938781468773756479/text/multi0page.txt
P066491,http://documents.worldbank.org/curated/en/949361468742522118/text/multi-page.txt
P066512,http://documents.worldbank.org/curated/en/231781468776410585/text/280610PL.txt
P066532,http://documents.worldbank.org/curated/en/317991468776746130/text/26517.txt
P066535,http://documents.worldbank.org/curated/en/402031468006925230/text/36172.txt
P066571,http://documents.worldbank.org/curated/en/334211468775589200/text/multi-page.txt
P066674,http://documents.worldbank.org/curated/en/250691468279342437/text/multi-page.txt
P066749,http://documents.worldbank.org/curated/en/876971468779082040/text/multi-page.txt
P066752,http://documents.worldbank.org/curated/en/756131468746732000/text/multi0page.txt
P066938,http://documents.worldbank.org/curated/en/635381468752987243/text/multi-page.txt
P066954,http://documents.worldbank.org/curated/en/781341468758388121/text/multi-page.txt
P066955,http://documents.worldbank.org/curated/en/369981468770428273/text/263590CN.txt
P066998,http://documents.worldbank.org/curated/en/424061468743942923/text/24101.txt
P067103,http://documents.worldbank.org/curated/en/385131468778744119/text/257921TZ1Parti1p11IDA1R200310086111.txt
P067216,http://documents.worldbank.org/curated/en/790821468752770919/text/multi0page.txt
P067329,http://documents.worldbank.org/curated/en/858561468767979415/text/multi-page.txt
P067330,http://documents.worldbank.org/curated/en/740441468772738667/text/multi-page.txt
P067337,http://documents.worldbank.org/curated/en/698561468771891929/text/multi0page.txt
P067367,http://documents.worldbank.org/curated/en/716921468776052436/text/multi0page.txt
P067498,http://documents.worldbank.org/curated/en/772881468760540637/text/multi-page.txt
P067543,http://documents.worldbank.org/curated/en/894271468774894671/text/multi0page.txt
P067567,http://documents.worldbank.org/curated/en/222661468767659832/text/multi-page.txt
P067606,http://documents.worldbank.org/curated/en/746371468752707558/text/multi0page.txt
P067610,http://documents.worldbank.org/curated/en/900431468778506744/text/multi-page.txt
P067625,http://documents.worldbank.org/curated/en/110161468019252771/text/30698.txt
P067685,http://documents.worldbank.org/curated/en/287781468751143394/text/multi0page.txt
P067770,http://documents.worldbank.org/curated/en/463311468757844764/text/multi0page.txt
P067774,http://documents.worldbank.org/curated/en/413761468772153846/text/multi0page.txt
P067828,http://documents.worldbank.org/curated/en/110161468019252771/text/30698.txt
P067986,http://documents.worldbank.org/curated/en/169021468746745828/text/multi0page.txt
P068058,http://documents.worldbank.org/curated/en/438351468768727736/text/multi0page.txt
P068062,http://documents.worldbank.org/curated/en/466271468758985753/text/multi0page.txt
P068121,http://documents.worldbank.org/curated/en/328891468772451568/text/multi0page.txt
P068124,http://documents.worldbank.org/curated/en/547251468781795659/text/285250UY.txt
P068133,http://documents.worldbank.org/curated/en/578031468247265023/text/34042.txt
P068250,http://documents.worldbank.org/curated/en/396521468763199713/text/multi0page.txt
P068271,http://documents.worldbank.org/curated/en/275461468769919343/text/multi0page.txt
P068290,http://documents.worldbank.org/curated/en/536811468774571429/text/259590ME0PAD.txt
P068368,http://documents.worldbank.org/curated/en/735031468779115589/text/multi-page.txt
P068463,http://documents.worldbank.org/curated/en/657931468746356497/text/multi-page.txt
P068673,http://documents.worldbank.org/curated/en/805661468758101927/text/multi-page.txt
P068752,http://documents.worldbank.org/curated/en/254341468016237003/text/30004ACHA.txt
P068753,http://documents.worldbank.org/curated/en/233731468746801637/text/multi-page.txt
P068762,http://documents.worldbank.org/curated/en/913311468744017337/text/multi-page.txt
P068808,http://documents.worldbank.org/curated/en/504041468776052762/text/multi0page.txt
P068830,http://documents.worldbank.org/curated/en/175161468766462161/text/multi-page.txt
P068853,http://documents.worldbank.org/curated/en/543691468740389779/text/multi-page.txt
P068858,http://documents.worldbank.org/curated/en/637061468769521737/text/multi0page.txt
P068949,http://documents.worldbank.org/curated/en/627981468752778622/text/multi0page.txt
P068968,http://documents.worldbank.org/curated/en/420641468743387628/text/multi0page.txt
P069055,http://documents.worldbank.org/curated/en/499831468782072860/text/25806.txt
P069063,http://documents.worldbank.org/curated/en/369721468777951838/text/multi0page.txt
P069079,http://documents.worldbank.org/curated/en/406461468742496380/text/multi-page.txt
P069083,http://documents.worldbank.org/curated/en/215651468771586623/text/multi0page.txt
P069086,http://documents.worldbank.org/curated/en/618501468775602187/text/multi-page.txt
P069095,http://documents.worldbank.org/curated/en/489181468760225694/text/multi0page.txt
P069120,http://documents.worldbank.org/curated/en/639921468742815341/text/multi-page.txt
P069124,http://documents.worldbank.org/curated/en/707541468774251073/text/259160MA1Rainfed0Ag0Dev0Project.txt
P069126,http://documents.worldbank.org/curated/en/225541468769486122/text/302350BF.txt
P069198,http://documents.worldbank.org/curated/en/354541468759899208/text/multi-page.txt
P069258,http://documents.worldbank.org/curated/en/243361468759606798/text/268060ZA.txt
P069259,http://documents.worldbank.org/curated/en/733791468769920265/text/multi0page.txt
P069269,http://documents.worldbank.org/curated/en/287861468775139064/text/multi0page.txt
P069293,http://documents.worldbank.org/curated/en/424741468768552934/text/multi0page.txt
P069325,http://documents.worldbank.org/curated/en/417801468753008908/text/multi-page.txt
P069326,http://documents.worldbank.org/curated/en/384751468758401806/text/multi-page.txt
P069374,http://documents.worldbank.org/curated/en/822461468759592510/text/25657.txt
P069460,http://documents.worldbank.org/curated/en/232981468778496996/text/27479.txt
P069465,http://documents.worldbank.org/curated/en/834491468771579683/text/multi-page.txt
P069479,http://documents.worldbank.org/curated/en/577781468741901383/text/multi0page.txt
P069491,http://documents.worldbank.org/curated/en/819011468758990702/text/multi0page.txt
P069516,http://documents.worldbank.org/curated/en/684831468753009232/text/multi-page.txt
P069532,http://documents.worldbank.org/curated/en/646911468769130527/text/multi0page.txt
P069629,http://documents.worldbank.org/curated/en/290801468772214221/text/multi-page.txt
P069679,http://documents.worldbank.org/curated/en/433401468776068107/text/multi0page.txt
P069784,http://documents.worldbank.org/curated/en/486431468759862186/text/multi-page.txt
P069814,http://documents.worldbank.org/curated/en/983971468753345292/text/multi-page.txt
P069824,http://documents.worldbank.org/curated/en/811881468775148432/text/multi0page.txt
P069847,http://documents.worldbank.org/curated/en/714231468752107993/text/multi0page.txt
P069852,http://documents.worldbank.org/curated/en/269361468744286984/text/255900CHA.txt
P069857,http://documents.worldbank.org/curated/en/605551468760525984/text/multi0page.txt
P069858,http://documents.worldbank.org/curated/en/157921468781770379/text/multi0page.txt
P069862,http://documents.worldbank.org/curated/en/554311468025461653/text/29785.txt
P069864,http://documents.worldbank.org/curated/en/989271468781507385/text/25810.txt
P069886,http://documents.worldbank.org/curated/en/287591468768313907/text/multi-page.txt
P069889,http://documents.worldbank.org/curated/en/645401468774927724/text/multi0page.txt
P069892,http://documents.worldbank.org/curated/en/959281468759336989/text/245070NG0PAD.txt
P069894,http://documents.worldbank.org/curated/en/319381468765033650/text/multi-page.txt
P069896,http://documents.worldbank.org/curated/en/971001468017459658/text/35200.txt
P069901,http://documents.worldbank.org/curated/en/222531468758378642/text/multi0page.txt
P069916,http://documents.worldbank.org/curated/en/900481468780908927/text/multi0page.txt
P069922,http://documents.worldbank.org/curated/en/228851468749708198/text/multi-page.txt
P069923,http://documents.worldbank.org/curated/en/695121468777021725/text/multi0page.txt
P069930,http://documents.worldbank.org/curated/en/562621468746758291/text/multi-page.txt
P069933,http://documents.worldbank.org/curated/en/262601468740691106/text/multi-page.txt
P069934,http://documents.worldbank.org/curated/en/566411468742504836/text/299350BR.txt
P069937,http://documents.worldbank.org/curated/en/289991468025813790/text/31724.txt
P069939,http://documents.worldbank.org/curated/en/974831468742813639/text/multi-page.txt
P069943,http://documents.worldbank.org/curated/en/433221468756568439/text/multi-page.txt
P069946,http://documents.worldbank.org/curated/en/556381468752791522/text/multi-page.txt
P069947,http://documents.worldbank.org/curated/en/961911468742560729/text/multi-page.txt
P069964,http://documents.worldbank.org/curated/en/112631468770951771/text/multi0page.txt
P069986,http://documents.worldbank.org/curated/en/158081468762622780/text/multi0page.txt
P069996,http://documents.worldbank.org/curated/en/687871468779158031/text/multi0page.txt
P070016,http://documents.worldbank.org/curated/en/463821468775766965/text/multi-page.txt
P070038,http://documents.worldbank.org/curated/en/247661468751546683/text/265540HN0PAD.txt
P070046,http://documents.worldbank.org/curated/en/636151468047400937/text/multi0page.txt
P070058,http://documents.worldbank.org/curated/en/509311468779127518/text/multi0page.txt
P070063,http://documents.worldbank.org/curated/en/560401468337233923/text/35804.txt
P070073,https://documents.worldbank.org/curated/en/851201468742855789/text/IBArchive-50c51e75-6a75-4ca3-891b-2fae423babfb.txt
P070078,http://documents.worldbank.org/curated/en/426841468742548526/text/multi-page.txt
P070079,http://documents.worldbank.org/curated/en/530701468740957097/text/multi-page.txt
P070086,http://documents.worldbank.org/curated/en/144281468770392557/text/multi-page.txt
P070088,http://documents.worldbank.org/curated/en/911181468746725490/text/multi-page.txt
P070089,http://documents.worldbank.org/curated/en/726231468773695579/text/multi-page.txt
P070092,http://documents.worldbank.org/curated/en/824501468764122887/text/multi0page.txt
P070108,http://documents.worldbank.org/curated/en/805401468752995191/text/multi0page.txt
P070112,http://documents.worldbank.org/curated/en/530971468773352194/text/multi0page.txt
P070123,http://documents.worldbank.org/curated/en/567691468768693974/text/multi-page.txt
P070146,http://documents.worldbank.org/curated/en/306531468743934804/text/multi-page.txt
P070191,http://documents.worldbank.org/curated/en/522441468746357967/text/23567.txt
P070197,http://documents.worldbank.org/curated/en/105001468762926749/text/275260VN.txt
P070204,http://documents.worldbank.org/curated/en/417881468768615599/text/multi-page.txt
P070232,http://documents.worldbank.org/curated/en/712831468253860531/text/347140GABON0co10Box303514B01Public1.txt
P070243,http://documents.worldbank.org/curated/en/603481468740695176/text/multi0page.txt
P070244,http://documents.worldbank.org/curated/en/953211468777263857/text/multi0page.txt
P070246,http://documents.worldbank.org/curated/en/102151468780958088/text/270060PL.txt
P070252,http://documents.worldbank.org/curated/en/208551468768276031/text/multi0page.txt
P070256,http://documents.worldbank.org/curated/en/147791468768698962/text/266750NR.txt
P070268,http://documents.worldbank.org/curated/en/540821468120244635/text/multi-page.txt
P070272,http://documents.worldbank.org/curated/en/475591468770076240/text/259091ER1Ed0Se1ent1IDA1R20031012311.txt
P070283,http://documents.worldbank.org/curated/en/688391468311991705/text/multi-page.txt
P070286,http://documents.worldbank.org/curated/en/928461468760194786/text/multi0page.txt
P070290,http://documents.worldbank.org/curated/en/549251468759341343/text/multi0page.txt
P070291,http://documents.worldbank.org/curated/en/957191468761130294/text/multi0page.txt
P070293,http://documents.worldbank.org/curated/en/191771468759310071/text/multi0page.txt
P070294,http://documents.worldbank.org/curated/en/604241468340813111/text/multi-page.txt
P070295,http://documents.worldbank.org/curated/en/807291468772213246/text/multi-page.txt
P070305,http://documents.worldbank.org/curated/en/911821468775173010/text/multi-page.txt
P070308,http://documents.worldbank.org/curated/en/758101468767699154/text/multi-page.txt
P070365,http://documents.worldbank.org/curated/en/846101468753033598/text/multi-page.txt
P070374,http://documents.worldbank.org/curated/en/299691468741885337/text/multi0page.txt
P070391,http://documents.worldbank.org/curated/en/750391468766217379/text/multi0page.txt
P070421,http://documents.worldbank.org/curated/en/634251468772799692/text/multi0page.txt
P070441,http://documents.worldbank.org/curated/en/299531468769263336/text/multi0page.txt
P070448,http://documents.worldbank.org/curated/en/374251468202774423/text/337820revised0with02nd0Corrig.txt
P070459,http://documents.worldbank.org/curated/en/764361468769215880/text/multi0page.txt
P070517,http://documents.worldbank.org/curated/en/191111468782098883/text/multi-page.txt
P070519,http://documents.worldbank.org/curated/en/239161468242665408/text/31449.txt
P070533,http://documents.worldbank.org/curated/en/589911468131979911/text/multi-page.txt
P070541,http://documents.worldbank.org/curated/en/498661468777612564/text/multi0page.txt
P070542,http://documents.worldbank.org/curated/en/769641468744267534/text/multi0page.txt
P070544,http://documents.worldbank.org/curated/en/132661468132895761/text/356150rev0pdf.txt
P070547,http://documents.worldbank.org/curated/en/519101467990302550/text/32076.txt
P070552,http://documents.worldbank.org/curated/en/895231468770371978/text/multi0page.txt
P070628,http://documents.worldbank.org/curated/en/755561468201586535/text/320190rev.txt
P070650,http://documents.worldbank.org/curated/en/784251468742528804/text/multi-page.txt
P070653,http://documents.worldbank.org/curated/en/304931468129003837/text/32236.txt
P070668,http://documents.worldbank.org/curated/en/610961468020720689/text/29921.txt
P070673,http://documents.worldbank.org/curated/en/807921468776996515/text/multi0page.txt
P070700,http://documents.worldbank.org/curated/en/895531468105551794/text/30513a.txt
P070736,http://documents.worldbank.org/curated/en/377601468781165096/text/297510TA.txt
P070823,http://documents.worldbank.org/curated/en/194441468089371907/text/30006.txt
P070827,http://documents.worldbank.org/curated/en/402011468769797107/text/261181BR1Bahia0Ed1secm200310290.txt
P070867,http://documents.worldbank.org/curated/en/414871468227646531/text/38663.txt
P070871,http://documents.worldbank.org/curated/en/199931468769745460/text/287960BF.txt
P070875,http://documents.worldbank.org/curated/en/643811468770346842/text/multi0page.txt
P070878,http://documents.worldbank.org/curated/en/573611468281390971/text/33214.txt
P070885,http://documents.worldbank.org/curated/en/743021468054592667/text/31307.txt
P070899,http://documents.worldbank.org/curated/en/871791468758972285/text/27190.txt
P070917,http://documents.worldbank.org/curated/en/306561468740993231/text/multi0page.txt
P070920,http://documents.worldbank.org/curated/en/287591468768313907/text/multi-page.txt
P070937,http://documents.worldbank.org/curated/en/604521468761736118/text/multi0page.txt
P070950,http://documents.worldbank.org/curated/en/686651468778493784/text/28592.txt
P070958,http://documents.worldbank.org/curated/en/953791468283527552/text/36526.txt
P070962,http://documents.worldbank.org/curated/en/133781468781554158/text/multi0page.txt
P070963,http://documents.worldbank.org/curated/en/272171468002124795/text/33215.txt
P070973,http://documents.worldbank.org/curated/en/159361468741680039/text/multi0page.txt
P070989,http://documents.worldbank.org/curated/en/400441468769276305/text/252841Azerbaij1t01IDA1R200310083111.txt
P070995,http://documents.worldbank.org/curated/en/941761468768008234/text/multi0page.txt
P071004,http://documents.worldbank.org/curated/en/974361468768003540/text/multi0page.txt
P071007,http://documents.worldbank.org/curated/en/905711468763172870/text/multi0page.txt
P071014,http://documents.worldbank.org/curated/en/225841468764970763/text/25761.txt
P071019,http://documents.worldbank.org/curated/en/950381468764707453/text/248081VN1Deman1Eff1GEF1R20031001111.txt
P071023,http://documents.worldbank.org/curated/en/829201468773950080/text/multi0page.txt
P071025,http://documents.worldbank.org/curated/en/153901468768273371/text/27892.txt
P071033,http://documents.worldbank.org/curated/en/970521468771667712/text/multi0page.txt
P071040,http://documents.worldbank.org/curated/en/957421468762579355/text/multi0page.txt
P071062,http://documents.worldbank.org/curated/en/463351468770677936/text/multi0page.txt
P071063,http://documents.worldbank.org/curated/en/901851468045077057/text/257870PAD0REVI1470IDASecM2009104091.txt
P071075,http://documents.worldbank.org/curated/en/671971468775546701/text/27776.txt
P071092,http://documents.worldbank.org/curated/en/294201468775163491/text/multi0page.txt
P071094,http://documents.worldbank.org/curated/en/491721468212998070/text/314470rev.txt
P071113,http://documents.worldbank.org/curated/en/552641468758699778/text/multi0page.txt
P071115,http://documents.worldbank.org/curated/en/714571468778763118/text/291780TN.txt
P071131,http://documents.worldbank.org/curated/en/929441468101374160/text/multi0page.txt
P071144,http://documents.worldbank.org/curated/en/539871468032409049/text/257070ZR0PAD.txt
P071146,http://documents.worldbank.org/curated/en/360071468743671484/text/multi0page.txt
P071147,http://documents.worldbank.org/curated/en/123701468769217141/text/multi0page.txt
P071157,http://documents.worldbank.org/curated/en/179631468771630433/text/259130GH0PAD.txt
P071160,http://documents.worldbank.org/curated/en/936421468050678577/text/31142.txt
P071170,http://documents.worldbank.org/curated/en/334001468044362960/text/30233.txt
P071191,http://documents.worldbank.org/curated/en/422221468774911329/text/272230IRN.txt
P071207,http://documents.worldbank.org/curated/en/528381468744081161/text/25594.txt
P071244,http://documents.worldbank.org/curated/en/367161468752421515/text/multi0page.txt
P071247,http://documents.worldbank.org/curated/en/494461468769494419/text/multi0page.txt
P071250,http://documents.worldbank.org/curated/en/515421468266142619/text/313920PAD0P071101Official0Use0Only1.txt
P071259,http://documents.worldbank.org/curated/en/304421468340264204/text/37166.txt
P071265,http://documents.worldbank.org/curated/en/482401468753310963/text/multi0page.txt
P071272,http://documents.worldbank.org/curated/en/606121468774928694/text/multi0page.txt
P071285,http://documents.worldbank.org/curated/en/109721468053641136/text/281240PAD0REVI1490IDASecM2009104111.txt
P071291,http://documents.worldbank.org/curated/en/206711468757820424/text/multi0page.txt
P071296,http://documents.worldbank.org/curated/en/179161468258863821/text/28393.txt
P071308,http://documents.worldbank.org/curated/en/440131468760204269/text/multi0page.txt
P071316,http://documents.worldbank.org/curated/en/888291468772759866/text/28836.txt
P071340,http://documents.worldbank.org/curated/en/142611468096552955/text/36433.txt
P071347,http://documents.worldbank.org/curated/en/489541468742484341/text/multi0page.txt
P071371,http://documents.worldbank.org/curated/en/805311468769526269/text/multi0page.txt
P071374,http://documents.worldbank.org/curated/en/907851468760179236/text/multi0page.txt
P071391,http://documents.worldbank.org/curated/en/597301468290687025/text/31475.txt
P071399,http://documents.worldbank.org/curated/en/850481468749713932/text/multi0page.txt
P071407,http://documents.worldbank.org/curated/en/729471468764094627/text/29528.txt
P071433,http://documents.worldbank.org/curated/en/982141468742547102/text/multi0page.txt
P071435,http://documents.worldbank.org/curated/en/807541468743412861/text/258531BD1Rural1prov1IDAR20031011511.txt
P071443,http://documents.worldbank.org/curated/en/901131468743807511/text/multi0page.txt
P071445,http://documents.worldbank.org/curated/en/753121468769494084/text/multi0page.txt
P071454,http://documents.worldbank.org/curated/en/633451468758335634/text/multi0page.txt
P071464,http://documents.worldbank.org/curated/en/750531468027667197/text/31466a.txt
P071465,http://documents.worldbank.org/curated/en/618681468278031808/text/3214800rev0corr0pdf.txt
P071494,http://documents.worldbank.org/curated/en/487661468758391969/text/multi0page.txt
P071505,http://documents.worldbank.org/curated/en/573671468746721020/text/multi0page.txt
P071525,http://documents.worldbank.org/curated/en/612031468753314243/text/259291KZ1Dryla1ect1GEF1R20031001011.txt
P071579,http://documents.worldbank.org/curated/en/474921468211476387/text/410530PAD0P071166B0GEF1R20081000211.txt
P071589,http://documents.worldbank.org/curated/en/109211468752130893/text/multi0page.txt
P071612,http://documents.worldbank.org/curated/en/845961468779976462/text/multi0page.txt
P071617,http://documents.worldbank.org/curated/en/263511468771260122/text/multi-page.txt
P071794,http://documents.worldbank.org/curated/en/226581468741678811/text/multi0page.txt
P071881,http://documents.worldbank.org/curated/en/616651468774591657/text/multi0page.txt
P071985,http://documents.worldbank.org/curated/en/787261468781199683/text/278910ZM.txt
P072018,http://documents.worldbank.org/curated/en/895581468776705588/text/multi0page.txt
P072030,http://documents.worldbank.org/curated/en/149591468214211494/text/335340TD0IDA1R20071000611.txt
P072080,http://documents.worldbank.org/curated/en/439451468756963661/text/multi0page.txt
P072123,http://documents.worldbank.org/curated/en/343131468771688967/text/multi0page.txt
P072160,http://documents.worldbank.org/curated/en/629951468758749628/text/multi0page.txt
P072202,http://documents.worldbank.org/curated/en/874671468203950052/text/39343.txt
P072205,http://documents.worldbank.org/curated/en/780871468768267181/text/multi0page.txt
P072226,http://documents.worldbank.org/curated/en/985311468770100811/text/multi0page.txt
P072317,http://documents.worldbank.org/curated/en/134351468782117158/text/multi0page.txt
P072356,http://documents.worldbank.org/curated/en/351101468311992259/text/multi0page.txt
P072394,http://documents.worldbank.org/curated/en/926931468771081760/text/multi0page.txt
P072405,http://documents.worldbank.org/curated/en/934781468772459727/text/multi0page.txt
P072458,http://documents.worldbank.org/curated/en/799951468768713812/text/multi0page.txt
P072461,http://documents.worldbank.org/curated/en/879571468778507469/text/multi0page.txt
P072480,http://documents.worldbank.org/curated/en/165601468781784770/text/254970TR.txt
P072482,http://documents.worldbank.org/curated/en/375791468760228731/text/multi-page.txt
P072503,http://documents.worldbank.org/curated/en/948411468743156802/text/multi0page.txt
P072539,http://documents.worldbank.org/curated/en/123571468771670430/text/multi0page.txt
P072601,http://documents.worldbank.org/curated/en/283851468761664147/text/multi0page.txt
P072644,http://documents.worldbank.org/curated/en/540471468087543797/text/424550PAD0P0721nly10IDAR20081004611.txt
P072647,http://documents.worldbank.org/curated/en/597541468309559446/text/multi0page.txt
P072648,http://documents.worldbank.org/curated/en/143681468340812310/text/multi0page.txt
P072654,http://documents.worldbank.org/curated/en/893341468117254806/text/multi0page.txt
P072721,http://documents.worldbank.org/curated/en/458551468770148424/text/30747.txt
P072814,http://documents.worldbank.org/curated/en/442931468263681831/text/multi-page.txt
P072852,http://documents.worldbank.org/curated/en/139111468772751481/text/multi0page.txt
P072881,http://documents.worldbank.org/curated/en/785661468742180494/text/multi0page.txt
P072960,http://documents.worldbank.org/curated/en/838711468777586829/text/multi0page.txt
P072979,http://documents.worldbank.org/curated/en/348101468752993377/text/multi0page.txt
P072981,http://documents.worldbank.org/curated/en/300151468773420134/text/31413.txt
P072987,http://documents.worldbank.org/curated/en/530661468773118557/text/multi0page.txt
P072996,http://documents.worldbank.org/curated/en/938391468759312818/text/multi0page.txt
P073002,http://documents.worldbank.org/curated/en/301121468746810418/text/251720CN.txt
P073011,http://documents.worldbank.org/curated/en/624411468759311769/text/multi0page.txt
P073025,http://documents.worldbank.org/curated/en/925991468752346213/text/multi0page.txt
P073035,http://documents.worldbank.org/curated/en/317261468771049550/text/multi-page.txt
P073065,http://documents.worldbank.org/curated/en/885551468769540064/text/multi-page.txt
P073089,http://documents.worldbank.org/curated/en/174581468761053327/text/multi-page.txt
P073094,http://documents.worldbank.org/curated/en/227551468772754821/text/multi0page.txt
P073118,http://documents.worldbank.org/curated/en/975071468742895841/text/multi0page.txt
P073135,http://documents.worldbank.org/curated/en/328771468757014535/text/25376.txt
P073192,http://documents.worldbank.org/curated/en/926351468744090518/text/multi0page.txt
P073206,http://documents.worldbank.org/curated/en/273431468298742960/text/28273.txt
P073242,http://documents.worldbank.org/curated/en/785701468757001491/text/multi0page.txt
P073246,http://documents.worldbank.org/curated/en/400111468775764854/text/251141NI1Off0Grid0Rural0Electrification.txt
P073267,http://documents.worldbank.org/curated/en/102821468759308595/text/286210LCR.txt
P073294,http://documents.worldbank.org/curated/en/269461468741862619/text/multi0page.txt
P073305,http://documents.worldbank.org/curated/en/330721468782350649/text/multi0page.txt
P073311,http://documents.worldbank.org/curated/en/604271468743781184/text/multi0page.txt
P073322,http://documents.worldbank.org/curated/en/182291468101975063/text/39789.txt
P073361,http://documents.worldbank.org/curated/en/665671468124183495/text/309351rev0pdf.txt
P073367,http://documents.worldbank.org/curated/en/716971468742193537/text/25934.txt
P073369,http://documents.worldbank.org/curated/en/298821468771275109/text/262470IN.txt
P073370,http://documents.worldbank.org/curated/en/215601468750033604/text/28560.txt
P073378,http://documents.worldbank.org/curated/en/570211468749964429/text/multi0page.txt
P073389,http://documents.worldbank.org/curated/en/396281468743116092/text/multi0page.txt
P073427,http://documents.worldbank.org/curated/en/114181468742208011/text/25010.txt
P073433,http://documents.worldbank.org/curated/en/940191468774903749/text/28218.txt
P073438,http://documents.worldbank.org/curated/en/441321468758346724/text/278610PE.txt
P073442,http://documents.worldbank.org/curated/en/652191468750275995/text/288310GUB.txt
P073458,http://documents.worldbank.org/curated/en/569041468013488714/text/38945.txt
P073477,http://documents.worldbank.org/curated/en/371191468105872879/text/30320.txt
P073479,http://documents.worldbank.org/curated/en/705131468775176300/text/multi0page.txt
P073483,http://documents.worldbank.org/curated/en/312521468756957820/text/multi0page.txt
P073488,http://documents.worldbank.org/curated/en/730541468780940486/text/multi0page.txt
P073525,http://documents.worldbank.org/curated/en/804541468769878924/text/multi0page.txt
P073526,http://documents.worldbank.org/curated/en/846541468286312038/text/256300Replacem1erA2003100101PUBLIC1.txt
P073531,http://documents.worldbank.org/curated/en/637201468756982600/text/multi0page.txt
P073578,http://documents.worldbank.org/curated/en/993831468741634839/text/multi0page.txt
P073594,http://documents.worldbank.org/curated/en/302461468775523962/text/multi0page.txt
P073603,http://documents.worldbank.org/curated/en/902971468746744560/text/252640updated0version.txt
P073626,http://documents.worldbank.org/curated/en/724961468774281897/text/25801.txt
P073629,http://documents.worldbank.org/curated/en/840451468769452362/text/27975.txt
P073649,http://documents.worldbank.org/curated/en/692491468751551183/text/multi0page.txt
P073651,http://documents.worldbank.org/curated/en/143491468771011331/text/25765.txt
P073686,http://documents.worldbank.org/curated/en/391241468290437702/text/34232.txt
P073689,http://documents.worldbank.org/curated/en/354821468773363698/text/multi0page.txt
P073763,http://documents.worldbank.org/curated/en/362091468761729045/text/29128.txt
P073772,http://documents.worldbank.org/curated/en/746361468752422201/text/25294.txt
P073776,http://documents.worldbank.org/curated/en/100841468750257948/text/267530IN0PAD.txt
P073821,http://documents.worldbank.org/curated/en/307971468774597745/text/261420MAI0PAD.txt
P073883,http://documents.worldbank.org/curated/en/710911468776784140/text/multi0page.txt
P073886,http://documents.worldbank.org/curated/en/321661468013800181/text/533050PAD0P073101Official0Use0Only1.txt
P073892,http://documents.worldbank.org/curated/en/196461468744338318/text/multi0page.txt
P073911,http://documents.worldbank.org/curated/en/685861468309560270/text/multi0page.txt
P073967,http://documents.worldbank.org/curated/en/927971468776068456/text/multi0page.txt
P073970,http://documents.worldbank.org/curated/en/675331468752956553/text/multi0page.txt
P073973,http://documents.worldbank.org/curated/en/767091468753287071/text/26206.txt
P073974,http://documents.worldbank.org/curated/en/399941468740433969/text/27708.txt
P073977,http://documents.worldbank.org/curated/en/433561468022144134/text/31571.txt
P073985,http://documents.worldbank.org/curated/en/866141468770386434/text/26848.txt
P074001,http://documents.worldbank.org/curated/en/257621468779956517/text/multi0page.txt
P074011,http://documents.worldbank.org/curated/en/372861468281708815/text/414250ET.txt
P074015,http://documents.worldbank.org/curated/en/852941468029971978/text/35121.txt
P074020,http://documents.worldbank.org/curated/en/829571468771571305/text/28191.txt
P074027,http://documents.worldbank.org/curated/en/360961468300854170/text/eBo029314.txt
P074030,http://documents.worldbank.org/curated/en/867901468769801955/text/multi0page.txt
P074042,http://documents.worldbank.org/curated/en/977211468758407332/text/multi0page.txt
P074053,http://documents.worldbank.org/curated/en/632361468764374671/text/27717.txt
P074055,http://documents.worldbank.org/curated/en/687961468769863167/text/multi0page.txt
P074059,http://documents.worldbank.org/curated/en/719891468777929512/text/multi0page.txt
P074075,http://documents.worldbank.org/curated/en/134021468770078807/text/multi0page.txt
P074078,http://documents.worldbank.org/curated/en/238091468778184356/text/multi0page.txt
P074079,http://documents.worldbank.org/curated/en/626751468779170647/text/275850UG.txt
P074085,http://documents.worldbank.org/curated/en/708901468769186593/text/multi0page.txt
P074090,http://documents.worldbank.org/curated/en/918981468778151316/text/multi0page.txt
P074091,http://documents.worldbank.org/curated/en/691781468044994343/text/539880PAD0P074101Official0Use0Only1.txt
P074102,http://documents.worldbank.org/curated/en/950971468106483380/text/27632.txt
P074106,http://documents.worldbank.org/curated/en/630451468271849009/text/37981.txt
P074114,http://documents.worldbank.org/curated/en/873201468743945619/text/258020PAD.txt
P074122,http://documents.worldbank.org/curated/en/702281468773992051/text/25344.txt
P074127,http://documents.worldbank.org/curated/en/247411468104066375/text/multi0page.txt
P074128,http://documents.worldbank.org/curated/en/943841468760548291/text/multi0page.txt
P074132,http://documents.worldbank.org/curated/en/894761468288365311/text/38496main.txt
P074136,http://documents.worldbank.org/curated/en/205711468777898326/text/multi0page.txt
P074138,http://documents.worldbank.org/curated/en/596641468744291178/text/multi0page.txt
P074139,http://documents.worldbank.org/curated/en/374071468051845775/text/38586.txt
P074145,http://documents.worldbank.org/curated/en/237541468308356383/text/multi0page.txt
P074191,http://documents.worldbank.org/curated/en/247561468035970644/text/39713.txt
P074212,http://documents.worldbank.org/curated/en/757921468743967511/text/multi0page.txt
P074218,http://documents.worldbank.org/curated/en/586051468770928575/text/multi0page.txt
P074235,http://documents.worldbank.org/curated/en/207781468757474580/text/273530MG.txt
P074249,http://documents.worldbank.org/curated/en/801541468230688880/text/multi0page.txt
P074266,http://documents.worldbank.org/curated/en/754421468746806387/text/241040CD.txt
P074288,http://documents.worldbank.org/curated/en/765681468751769487/text/multi0page.txt
P074290,http://documents.worldbank.org/curated/en/850651468752370923/text/280710ID.txt
P074316,http://documents.worldbank.org/curated/en/151761468775572884/text/276610NR.txt
P074320,http://documents.worldbank.org/curated/en/680761468763817221/text/multi0page.txt
P074358,http://documents.worldbank.org/curated/en/923501468776990444/text/278800MK.txt
P074361,http://documents.worldbank.org/curated/en/846031468770994213/text/multi0page.txt
P074398,http://documents.worldbank.org/curated/en/924551468778755498/text/multi0page.txt
P074408,http://documents.worldbank.org/curated/en/163921468761360817/text/multi0page.txt
P074410,http://documents.worldbank.org/curated/en/776701468777289945/text/multi0page.txt
P074413,http://documents.worldbank.org/curated/en/692431468767063561/text/27168.txt
P074447,http://documents.worldbank.org/curated/en/737781468290435714/text/322550rev.txt
P074448,http://documents.worldbank.org/curated/en/112761468757189778/text/260340MG.txt
P074469,http://documents.worldbank.org/curated/en/861951468758136244/text/24557.txt
P074484,http://documents.worldbank.org/curated/en/447421468777900557/text/multi0page.txt
P074490,http://documents.worldbank.org/curated/en/498581468743765992/text/multi0page.txt
P074499,http://documents.worldbank.org/curated/en/947761468771311187/text/multi0page.txt
P074503,http://documents.worldbank.org/curated/en/759801468768588477/text/262660AM.txt
P074525,http://documents.worldbank.org/curated/en/410861468008709472/text/275181W10Afr.txt
P074591,http://documents.worldbank.org/curated/en/654601468757837606/text/27578.txt
P074618,http://documents.worldbank.org/curated/en/857761468304789472/text/multi0page.txt
P074633,http://documents.worldbank.org/curated/en/265931468775555585/text/27890.txt
P074641,http://documents.worldbank.org/curated/en/965081468752114407/text/multi0page.txt
P074688,http://documents.worldbank.org/curated/en/597631468761664968/text/29860.txt
P074726,http://documents.worldbank.org/curated/en/607991468770485005/text/multi0page.txt
P074730,http://documents.worldbank.org/curated/en/756981468777039932/text/multi0page.txt
P074731,http://documents.worldbank.org/curated/en/417391468767944809/text/multi0page.txt
P074755,http://documents.worldbank.org/curated/en/958641468756287267/text/279460MX.txt
P074762,http://documents.worldbank.org/curated/en/691401468750845922/text/multi0page.txt
P074777,http://documents.worldbank.org/curated/en/208811468769824999/text/multi0page.txt
P074797,http://documents.worldbank.org/curated/en/557591468757763531/text/multi0page.txt
P074841,http://documents.worldbank.org/curated/en/991771468208776172/text/31144.txt
P074850,http://documents.worldbank.org/curated/en/182121468762882259/text/26939.txt
P074856,http://documents.worldbank.org/curated/en/576261468758384442/text/25109.txt
P074872,http://documents.worldbank.org/curated/en/613601468777040568/text/276420CE.txt
P074881,http://documents.worldbank.org/curated/en/324331468774561691/text/279620KG.txt
P074885,http://documents.worldbank.org/curated/en/564751468760527495/text/multi0page.txt
P074905,http://documents.worldbank.org/curated/en/392831468741888047/text/multi0page.txt
P074963,http://documents.worldbank.org/curated/en/585781468775788717/text/multi0page.txt
P074966,http://documents.worldbank.org/curated/en/334831468742517467/text/27630.txt
P074971,http://documents.worldbank.org/curated/en/371121468282542535/text/32411.txt
P075006,http://documents.worldbank.org/curated/en/922251468753021445/text/259211LA12nd0Land0Titl1idar20031014111.txt
P075016,http://documents.worldbank.org/curated/en/949261468768656384/text/multi0page.txt
P075035,http://documents.worldbank.org/curated/en/269831468746651026/text/26636.txt
P075046,http://documents.worldbank.org/curated/en/338081468251377205/text/37317.txt
P075056,http://documents.worldbank.org/curated/en/993681468752394107/text/25876.txt
P075058,http://documents.worldbank.org/curated/en/147111468752429327/text/30276.txt
P075060,http://documents.worldbank.org/curated/en/342521468034788988/text/28237.txt
P075156,http://documents.worldbank.org/curated/en/826831468742828895/text/279570CORR.txt
P075163,http://documents.worldbank.org/curated/en/518681468776757521/text/28217.txt
P075173,http://documents.worldbank.org/curated/en/756801468777593399/text/245250TH.txt
P075184,http://documents.worldbank.org/curated/en/544341468759288771/text/276620PH.txt
P075189,http://documents.worldbank.org/curated/en/151961468759580842/text/multi0page.txt
P075207,http://documents.worldbank.org/curated/en/546651468759856342/text/287920YF.txt
P075219,http://documents.worldbank.org/curated/en/974561468743790457/text/30213.txt
P075220,http://documents.worldbank.org/curated/en/573671468746721020/text/multi0page.txt
P075230,http://documents.worldbank.org/curated/en/567531468777308053/text/255011Tonga10Health0Sector0Support0PAD.txt
P075231,http://documents.worldbank.org/curated/en/536871468308654102/text/32719.txt
P075247,http://documents.worldbank.org/curated/en/529621468777027966/text/281880MAI0with0corrigendum.txt
P075256,http://documents.worldbank.org/curated/en/159891468777585513/text/multi0page.txt
P075342,http://documents.worldbank.org/curated/en/426191468761365305/text/multi0page.txt
P075343,http://documents.worldbank.org/curated/en/427791468781183690/text/279210YU.txt
P075379,http://documents.worldbank.org/curated/en/577281468236360126/text/32150.txt
P075387,http://documents.worldbank.org/curated/en/603841468760158792/text/276500RU.txt
P075399,http://documents.worldbank.org/curated/en/942081468780601741/text/IDA1R200310082101VN1public0fin0mgmt.txt
P075407,http://documents.worldbank.org/curated/en/651011468125075367/text/34009.txt
P075464,http://documents.worldbank.org/curated/en/711311468294307392/text/35405.txt
P075523,http://documents.worldbank.org/curated/en/111231468776779710/text/26698.txt
P075528,http://documents.worldbank.org/curated/en/890171468781496354/text/TT0SecM200300285.txt
P075531,http://documents.worldbank.org/curated/en/730991468047754522/text/309610corrected0GEF1R20061001211.txt
P075534,http://documents.worldbank.org/curated/en/923821468040483602/text/38076main0JO0GEFR20071000511.txt
P075566,http://documents.worldbank.org/curated/en/101881468265805909/text/36319.txt
P075602,http://documents.worldbank.org/curated/en/670081468770377646/text/29067.txt
P075613,http://documents.worldbank.org/curated/en/297461468221964532/text/36328.txt
P075728,http://documents.worldbank.org/curated/en/740201468743742226/text/271650CN.txt
P075732,http://documents.worldbank.org/curated/en/567701468227939413/text/29775a.txt
P075739,http://documents.worldbank.org/curated/en/925771468763154615/text/multi0page.txt
P075776,http://documents.worldbank.org/curated/en/566221468163156576/text/322320mna.txt
P075808,http://documents.worldbank.org/curated/en/780891468757835334/text/multi0page.txt
P075809,http://documents.worldbank.org/curated/en/551411468116360731/text/35575.txt
P075829,http://documents.worldbank.org/curated/en/239641468774926089/text/multi0page.txt
P075911,http://documents.worldbank.org/curated/en/947431468755950949/text/25562.txt
P075915,http://documents.worldbank.org/curated/en/374171468749774825/text/25227.txt
P075941,http://documents.worldbank.org/curated/en/563281468204538380/text/761100AFR0PAD000Box377382B00PUBLIC0.txt
P075964,http://documents.worldbank.org/curated/en/875771468012025180/text/28272.txt
P075978,http://documents.worldbank.org/curated/en/491271468763839800/text/241590EBoard.txt
P075979,http://documents.worldbank.org/curated/en/952451468777612252/text/28319.txt
P075984,http://documents.worldbank.org/curated/en/950551468779385638/text/multi0page.txt
P075994,http://documents.worldbank.org/curated/en/413281468329997758/text/32276a.txt
P075995,http://documents.worldbank.org/curated/en/937661468753004698/text/277460MD.txt
P075997,http://documents.worldbank.org/curated/en/573461468781173504/text/28483.txt
P076159,http://documents.worldbank.org/curated/en/591621468743710447/text/multi0page.txt
P076174,http://documents.worldbank.org/curated/en/983091468258305752/text/274240rev.txt
P076183,http://documents.worldbank.org/curated/en/983941468781538676/text/multi0page.txt
P076185,http://documents.worldbank.org/curated/en/806561468763779345/text/290430IDA1R20041023011Yem.txt
P076234,http://documents.worldbank.org/curated/en/797701468740662519/text/269130AZ.txt
P076245,http://documents.worldbank.org/curated/en/221801468757237312/text/multi0page.txt
P076271,http://documents.worldbank.org/curated/en/629291468752718022/text/Indonesia-Private-Provision-of-Infrastructure-Technical-Assistance-Loan-Project.txt
P076338,http://documents.worldbank.org/curated/en/396301468742530936/text/280261BF10UA.txt
P076445,http://documents.worldbank.org/curated/en/250731468277466031/text/317640corr.txt
P076467,http://documents.worldbank.org/curated/en/280301468771689288/text/multi0page.txt
P076543,http://documents.worldbank.org/curated/en/590971468769244313/text/multi0page.txt
P076553,http://documents.worldbank.org/curated/en/440351468309267650/text/36281.txt
P076658,http://documents.worldbank.org/curated/en/254721468263758213/text/32003.txt
P076702,http://documents.worldbank.org/curated/en/411881468760553625/text/multi0page.txt
P076712,http://documents.worldbank.org/curated/en/781081468756553057/text/multi0page.txt
P076714,http://documents.worldbank.org/curated/en/696991468748765652/text/253351CN12nd0Anhui0Hgwy1R20031011511.txt
P076715,http://documents.worldbank.org/curated/en/299101468749091947/text/multi0page.txt
P076722,http://documents.worldbank.org/curated/en/219661468750303597/text/273940GY.txt
P076730,http://documents.worldbank.org/curated/en/716751468770748946/text/30334rev.txt
P076735,http://documents.worldbank.org/curated/en/719791468751523283/text/286040ET.txt
P076784,http://documents.worldbank.org/curated/en/475211468768324951/text/multi0page.txt
P076795,http://documents.worldbank.org/curated/en/956271468763843250/text/291290SL.txt
P076798,http://documents.worldbank.org/curated/en/836421468781201088/text/multi0page.txt
P076799,http://documents.worldbank.org/curated/en/416991468781467296/text/282361St0V.txt
P076802,http://documents.worldbank.org/curated/en/326561468770709150/text/258091DR1Health0Reform1r20031011811.txt
P076807,http://documents.worldbank.org/curated/en/585481468769917115/text/30463.txt
P076837,http://documents.worldbank.org/curated/en/849071468752722258/text/multi0page.txt
P076853,http://documents.worldbank.org/curated/en/148581468771062992/text/multi0page.txt
P076872,http://documents.worldbank.org/curated/en/868621468090277767/text/331210PAK.txt
P076884,http://documents.worldbank.org/curated/en/546481468050961308/text/31984.txt
P076901,http://documents.worldbank.org/curated/en/619861468759594272/text/multi0page.txt
P076924,http://documents.worldbank.org/curated/en/886631468769825299/text/257680BR.txt
P076961,http://documents.worldbank.org/curated/en/501171468775793025/text/multi0page.txt
P076977,http://documents.worldbank.org/curated/en/103981468769320302/text/259991BR1Energy0Sect0TA1R20031011711.txt
P077012,http://documents.worldbank.org/curated/en/901691468759260347/text/multi0page.txt
P077137,http://documents.worldbank.org/curated/en/902201468770501135/text/279840CN.txt
P077175,http://documents.worldbank.org/curated/en/718281468043483275/text/299050rev0pdf.txt
P077187,http://documents.worldbank.org/curated/en/256171468777006487/text/28936.txt
P077240,http://documents.worldbank.org/curated/en/483171468769864609/text/multi0page.txt
P077257,http://documents.worldbank.org/curated/en/534781468770752939/text/28968.txt
P077282,http://documents.worldbank.org/curated/en/831621468743351397/text/253241CL1Sci0Know10Ec11R200310068111.txt
P077287,http://documents.worldbank.org/curated/en/864471468308688693/text/31492a.txt
P077288,http://documents.worldbank.org/curated/en/243011468774929344/text/258561PK1Natl01nt01IDAR200310089111.txt
P077297,http://documents.worldbank.org/curated/en/398371468768548056/text/257961ALB12nd01rks1IDA1R20031013411.txt
P077306,http://documents.worldbank.org/curated/en/591891468775583473/text/303740PK.txt
P077317,http://documents.worldbank.org/curated/en/491541468281390650/text/36362.txt
P077326,http://documents.worldbank.org/curated/en/725021468752983974/text/multi0page.txt
P077328,http://documents.worldbank.org/curated/en/517441468311432609/text/28049.txt
P077368,http://documents.worldbank.org/curated/en/285631468774000577/text/multi0page.txt
P077452,http://documents.worldbank.org/curated/en/172931468334888480/text/413080PAD0GEFR20081000611.txt
P077454,http://documents.worldbank.org/curated/en/375311468760815286/text/28913.txt
P077473,http://documents.worldbank.org/curated/en/554181468777557230/text/multi0page.txt
P077477,http://documents.worldbank.org/curated/en/401101468760778004/text/254741UG12nd0l1ev01idar200310090111.txt
P077513,http://documents.worldbank.org/curated/en/803641468770957860/text/27448.txt
P077526,http://documents.worldbank.org/curated/en/272991468768335947/text/270490ALB.txt
P077586,http://documents.worldbank.org/curated/en/487891468760545253/text/multi0page.txt
P077602,http://documents.worldbank.org/curated/en/130411468753003777/text/multi0page.txt
P077620,http://documents.worldbank.org/curated/en/543271468758710107/text/multi0page.txt
P077675,http://documents.worldbank.org/curated/en/285761468777609155/text/256561YF1Serbia0Health0Project.txt
P077712,http://documents.worldbank.org/curated/en/491271468763839800/text/241590EBoard.txt
P077717,http://documents.worldbank.org/curated/en/689011468120538942/text/35075.txt
P077732,http://documents.worldbank.org/curated/en/404361468763797482/text/multi0page.txt
P077738,http://documents.worldbank.org/curated/en/334131468316160160/text/32175.txt
P077752,http://documents.worldbank.org/curated/en/405371468024636246/text/36316.txt
P077756,http://documents.worldbank.org/curated/en/490241468031166072/text/34315.txt
P077757,http://documents.worldbank.org/curated/en/382671468744070237/text/259330CO0PAD.txt
P077759,http://documents.worldbank.org/curated/en/254161468771343571/text/260421Grenada1OECS0Ed0Dev01SecM200310270.txt
P077761,http://documents.worldbank.org/curated/en/411881468760553625/text/multi0page.txt
P077778,http://documents.worldbank.org/curated/en/320551468773979620/text/258191MG1Econ010TA1IDA1R20031013911.txt
P077788,http://documents.worldbank.org/curated/en/175851468780012964/text/25891.txt
P077826,http://documents.worldbank.org/curated/en/464741468779660243/text/286030init.txt
P077856,http://documents.worldbank.org/curated/en/701741468772746131/text/30085.txt
P077903,http://documents.worldbank.org/curated/en/245751468032131961/text/35797.txt
P077977,http://documents.worldbank.org/curated/en/681851468750033962/text/297420IN.txt
P078034,http://documents.worldbank.org/curated/en/786811468763481181/text/298840EAP.txt
P078053,http://documents.worldbank.org/curated/en/250381468775148105/text/multi0page.txt
P078058,http://documents.worldbank.org/curated/en/519841468774283550/text/KE12nd0Arid0La1gmtI1DA1R20031012611.txt
P078070,http://documents.worldbank.org/curated/en/471161468285600103/text/28244.txt
P078091,http://documents.worldbank.org/curated/en/494281468230350284/text/39709main.txt
P078113,http://documents.worldbank.org/curated/en/856051468777015482/text/254770LA.txt
P078131,http://documents.worldbank.org/curated/en/713521468760755470/text/28045.txt
P078138,http://documents.worldbank.org/curated/en/876371468011108584/text/325120rev.txt
P078143,http://documents.worldbank.org/curated/en/315031468768698636/text/25350.txt
P078170,http://documents.worldbank.org/curated/en/990561468759023243/text/275770PL.txt
P078209,http://documents.worldbank.org/curated/en/136581468774917583/text/245130KE.txt
P078284,http://documents.worldbank.org/curated/en/555341468767717186/text/multi0page.txt
P078301,http://documents.worldbank.org/curated/en/954781468277177849/text/330290rev0pdf.txt
P078311,http://documents.worldbank.org/curated/en/535561468759597191/text/284840YF.txt
P078342,http://documents.worldbank.org/curated/en/649311468292846147/text/383250KZ0R20071000811ok.txt
P078359,http://documents.worldbank.org/curated/en/415551468121763183/text/32173.txt
P078368,http://documents.worldbank.org/curated/en/226921468776789160/text/26025.txt
P078382,http://documents.worldbank.org/curated/en/333761468317672896/text/35847main.txt
P078383,http://documents.worldbank.org/curated/en/575891468776788840/text/259611Mauritan1ldg1IDA1R20031014911.txt
P078387,http://documents.worldbank.org/curated/en/809611468778779985/text/28409.txt
P078389,http://documents.worldbank.org/curated/en/247561468101932409/text/342140rev0pdf.txt
P078408,http://documents.worldbank.org/curated/en/176561468753255338/text/multi0page.txt
P078420,http://documents.worldbank.org/curated/en/809841468107679967/text/32100a.txt
P078458,http://documents.worldbank.org/curated/en/862531468774685556/text/29747.txt
P078523,http://documents.worldbank.org/curated/en/436181468774670935/text/277100Mald.txt
P078538,http://documents.worldbank.org/curated/en/177231468267920611/text/36413.txt
P078539,http://documents.worldbank.org/curated/en/200971468267573703/text/32214.txt
P078544,http://documents.worldbank.org/curated/en/777441468246411265/text/30746.txt
P078550,http://documents.worldbank.org/curated/en/753151468750554267/text/27697.txt
P078596,http://documents.worldbank.org/curated/en/407111468769826467/text/29909.txt
P078613,http://documents.worldbank.org/curated/en/962241468759854264/text/283150SL.txt
P078627,http://documents.worldbank.org/curated/en/480091468744241687/text/275670BU.txt
P078643,http://documents.worldbank.org/curated/en/447011468193476223/text/39209.txt
P078674,http://documents.worldbank.org/curated/en/842171468047109046/text/31658.txt
P078692,http://documents.worldbank.org/curated/en/996771468749349825/text/28169.txt
P078707,http://documents.worldbank.org/curated/en/455281468768602205/text/288480BD.txt
P078813,http://documents.worldbank.org/curated/en/215321468090555783/text/32223a.txt
P078832,http://documents.worldbank.org/curated/en/841761468258541241/text/34014.txt
P078838,http://documents.worldbank.org/curated/en/914961468770071367/text/274760DO.txt
P078891,http://documents.worldbank.org/curated/en/792361468775605076/text/279670NI.txt
P078894,http://documents.worldbank.org/curated/en/348941468090300377/text/349880REV0pdf.txt
P078933,http://documents.worldbank.org/curated/en/995171468004248373/text/34919.txt
P078949,http://documents.worldbank.org/curated/en/198241468202430435/text/36188.txt
P078953,http://documents.worldbank.org/curated/en/296581468758398759/text/27924.txt
P078971,http://documents.worldbank.org/curated/en/860821468763216002/text/28395.txt
P078976,http://documents.worldbank.org/curated/en/747171468777022055/text/299540KG.txt
P078978,http://documents.worldbank.org/curated/en/298781468132260257/text/34080.txt
P078990,http://documents.worldbank.org/curated/en/734181468760196841/text/290420IDA1R20041020911.txt
P078991,http://documents.worldbank.org/curated/en/148751468760213001/text/31740.txt
P078993,http://documents.worldbank.org/curated/en/911331468236352420/text/32955.txt
P078997,http://documents.worldbank.org/curated/en/766631468774935937/text/27982.txt
P079019,http://documents.worldbank.org/curated/en/407021468773106681/text/256901XK1Secon1r0TA1idar20031011811.txt
P079027,http://documents.worldbank.org/curated/en/422051468133515678/text/32920.txt
P079032,http://documents.worldbank.org/curated/en/813451468095070837/text/377740PAD0P0791321466B0R20081002111.txt
P079116,http://documents.worldbank.org/curated/en/467751468759562034/text/26116.txt
P079140,http://documents.worldbank.org/curated/en/900421468086340674/text/38558optmzd0.txt
P079156,http://documents.worldbank.org/curated/en/117011468771375367/text/255381ID13rd0Kecamatan0Dev1r20031011911.txt
P079161,http://documents.worldbank.org/curated/en/801441468769462082/text/25881.txt
P079165,http://documents.worldbank.org/curated/en/348881468145458511/text/377330PE0R20071005711.txt
P079226,http://documents.worldbank.org/curated/en/692461468199747569/text/31840.txt
P079259,http://documents.worldbank.org/curated/en/180341468753312788/text/26268.txt
P079260,http://documents.worldbank.org/curated/en/304701468772213588/text/multi0page.txt
P079275,http://documents.worldbank.org/curated/en/373011468030351123/text/35457.txt
P079314,http://documents.worldbank.org/curated/en/333791468287404440/text/28139.txt
P079335,http://documents.worldbank.org/curated/en/976421468759851028/text/multi0page.txt
P079344,http://documents.worldbank.org/curated/en/662961468309859328/text/329191rev0pdf.txt
P079351,http://documents.worldbank.org/curated/en/835351468774701152/text/276680ML.txt
P079414,http://documents.worldbank.org/curated/en/381771468106471149/text/38893.txt
P079552,http://documents.worldbank.org/curated/en/450061468272451061/text/29652.txt
P079610,http://documents.worldbank.org/curated/en/583921468246370200/text/323670GEFR20061000311.txt
P079628,http://documents.worldbank.org/curated/en/117711468093854977/text/31456.txt
P079633,http://documents.worldbank.org/curated/en/426191468767946976/text/290920BJ.txt
P079657,http://documents.worldbank.org/curated/en/998151468340292758/text/322130Replacem1erA2005100101PUBLIC1.txt
P079661,http://documents.worldbank.org/curated/en/236961468298740825/text/315780r.txt
P079663,http://documents.worldbank.org/curated/en/667881468317343232/text/324960VN.txt
P079665,http://documents.worldbank.org/curated/en/711301468129606069/text/38399.txt
P079675,http://documents.worldbank.org/curated/en/566041468042047538/text/312820PAD0REVI1490IDASecM2009104111.txt
P079708,http://documents.worldbank.org/curated/en/623241468251720405/text/31806a.txt
P079734,http://documents.worldbank.org/curated/en/373451468009299854/text/341780AFRICA0c10Box303481B01PUBLIC1.txt
P079736,http://documents.worldbank.org/curated/en/622731468194327747/text/38463.txt
P079749,http://documents.worldbank.org/curated/en/773581468212388202/text/414610PAD0P0791ly10IDA1R20081018511.txt
P079906,http://documents.worldbank.org/curated/en/241511468039243751/text/36122.txt
P079925,http://documents.worldbank.org/curated/en/676271468778186734/text/268680UG.txt
P079935,http://documents.worldbank.org/curated/en/663371468294105234/text/407640PAD0REVI17362B01off0use0only1.txt
P079978,http://documents.worldbank.org/curated/en/495201468748757848/text/255920HR0PAD.txt
P080149,http://documents.worldbank.org/curated/en/607861468777001750/text/285990MX0rev.txt
P080228,http://documents.worldbank.org/curated/en/434071468038109023/text/509220PAD0P080101Official0Use0Only1.txt
P080258,http://documents.worldbank.org/curated/en/957951468032390068/text/25748a0R20050016301.txt
P080295,http://documents.worldbank.org/curated/en/760981468775601539/text/multi0page.txt
P080400,http://documents.worldbank.org/curated/en/797031468743970363/text/257591BR13rd0A1Control1R20031012111.txt
P080406,http://documents.worldbank.org/curated/en/904161468741849165/text/298460TA.txt
P080413,http://documents.worldbank.org/curated/en/188651468741666540/text/30267.txt
P080721,http://documents.worldbank.org/curated/en/976651468743119652/text/272670LCR.txt
P080830,http://documents.worldbank.org/curated/en/326261468744243981/text/28647.txt
P080892,http://documents.worldbank.org/curated/en/549601468762919208/text/30406.txt
P080935,http://documents.worldbank.org/curated/en/350671468756910586/text/31388.txt
P081161,http://documents.worldbank.org/curated/en/674561468242663723/text/32336a.txt
P081172,http://documents.worldbank.org/curated/en/824231468771069309/text/multi0page.txt
P081255,http://documents.worldbank.org/curated/en/723521468010881038/text/309821CN0Changjiang010Pearl0River0PAD.txt
P081269,http://documents.worldbank.org/curated/en/143761468772479074/text/25520.txt
P081297,http://documents.worldbank.org/curated/en/872101468252267052/text/35574.txt
P081346,http://documents.worldbank.org/curated/en/974051468018594036/text/30699.txt
P081348,http://documents.worldbank.org/curated/en/360681468215691522/text/33668.txt
P081368,http://documents.worldbank.org/curated/en/705241468760226034/text/28240.txt
P081406,http://documents.worldbank.org/curated/en/780191468758977556/text/25689.txt
P081436,http://documents.worldbank.org/curated/en/185371468020089606/text/318560rev0pdf.txt
P081477,http://documents.worldbank.org/curated/en/326701468762010863/text/27761.txt
P081482,http://documents.worldbank.org/curated/en/954871468771003947/text/285390GH.txt
P081484,http://documents.worldbank.org/curated/en/850331468743770545/text/291650BJ.txt
P081505,http://documents.worldbank.org/curated/en/203801468773392320/text/28251.txt
P081516,http://documents.worldbank.org/curated/en/305631468252615058/text/32128a.txt
P081558,http://documents.worldbank.org/curated/en/618271468767662901/text/256710AO0PAD.txt
P081567,http://documents.worldbank.org/curated/en/355671468017055857/text/353890rev0pdf.txt
P081616,http://documents.worldbank.org/curated/en/964591468741653720/text/30497.txt
P081704,http://documents.worldbank.org/curated/en/860451468052826450/text/30326a.txt
P081712,http://documents.worldbank.org/curated/en/825411468273043451/text/34002.txt
P081749,http://documents.worldbank.org/curated/en/602311468743689451/text/27681.txt
P081771,http://documents.worldbank.org/curated/en/960831468776074259/text/28979a.txt
P081776,http://documents.worldbank.org/curated/en/496851468213922395/text/36171.txt
P081823,http://documents.worldbank.org/curated/en/655381468088745132/text/381620JO0R20071000511.txt
P081849,http://documents.worldbank.org/curated/en/582111468742546049/text/255611BD1Telecom10TA1IDAR20031011011.txt
P081880,http://documents.worldbank.org/curated/en/608891468110970641/text/324510rev.txt
P081909,http://documents.worldbank.org/curated/en/174841468774919507/text/25461.txt
P081968,http://documents.worldbank.org/curated/en/790961468775794375/text/28606.txt
P081969,http://documents.worldbank.org/curated/en/637421468768601884/text/279790BD.txt
P082026,http://documents.worldbank.org/curated/en/976861468286304557/text/36421.txt
P082037,http://documents.worldbank.org/curated/en/738751468743753641/text/27247.txt
P082128,http://documents.worldbank.org/curated/en/430981468742521515/text/289200AL.txt
P082142,http://documents.worldbank.org/curated/en/499281468229452604/text/32487a.txt
P082144,http://documents.worldbank.org/curated/en/609901468296446607/text/471750PAD0P082101Official0Use0Only1.txt
P082167,http://documents.worldbank.org/curated/en/191291468022474300/text/31994.txt
P082187,http://documents.worldbank.org/curated/en/551701468776999594/text/28960.txt
P082223,http://documents.worldbank.org/curated/en/170491468777971130/text/279810YF.txt
P082239,http://documents.worldbank.org/curated/en/273311468776414524/text/31465.txt
P082242,http://documents.worldbank.org/curated/en/675661468034171814/text/31828a.txt
P082243,http://documents.worldbank.org/curated/en/249221468743752715/text/30428.txt
P082295,http://documents.worldbank.org/curated/en/258421468129621476/text/345070IDA1R20061023111.txt
P082308,http://documents.worldbank.org/curated/en/926821468756985799/text/267570MOZ0r20031018711.txt
P082328,http://documents.worldbank.org/curated/en/705921468769830908/text/287930BR.txt
P082335,http://documents.worldbank.org/curated/en/936501468765012081/text/272400TA.txt
P082337,http://documents.worldbank.org/curated/en/576611468086049488/text/34613.txt
P082373,http://documents.worldbank.org/curated/en/430081468774858089/text/27884.txt
P082375,http://documents.worldbank.org/curated/en/514731467992471399/text/32231.txt
P082378,http://documents.worldbank.org/curated/en/529421468752372875/text/256511KE1Free010Supp1idar2003101241.txt
P082392,http://documents.worldbank.org/curated/en/687691468030331142/text/34333.txt
P082396,http://documents.worldbank.org/curated/en/430531468773421431/text/28261.txt
P082419,http://documents.worldbank.org/curated/en/663771468083337854/text/39865.txt
P082429,http://documents.worldbank.org/curated/en/183571468262788693/text/301230REVISED0R20051008811.txt
P082452,http://documents.worldbank.org/curated/en/785551468350152825/text/325020rev0pdf.txt
P082466,http://documents.worldbank.org/curated/en/503831468770447332/text/28926.txt
P082492,http://documents.worldbank.org/curated/en/716551468311465234/text/32500a.txt
P082498,http://documents.worldbank.org/curated/en/172531468764066682/text/26885.txt
P082502,http://documents.worldbank.org/curated/en/353691468767744635/text/303350AFR.txt
P082510,http://documents.worldbank.org/curated/en/917301468772801336/text/271800IN.txt
P082516,http://documents.worldbank.org/curated/en/196761468244526313/text/28029.txt
P082520,http://documents.worldbank.org/curated/en/497111468243574134/text/33635.txt
P082523,http://documents.worldbank.org/curated/en/232751468015864599/text/28392a.txt
P082588,http://documents.worldbank.org/curated/en/841461468757757763/text/31389.txt
P082604,http://documents.worldbank.org/curated/en/610911468779083330/text/30319rev.txt
P082613,http://documents.worldbank.org/curated/en/346441468767413147/text/29049.txt
P082615,http://documents.worldbank.org/curated/en/587181468753296033/text/28826.txt
P082618,http://documents.worldbank.org/curated/en/150301468756984873/text/299920final.txt
P082621,http://documents.worldbank.org/curated/en/798581468775172043/text/28119.txt
P082625,http://documents.worldbank.org/curated/en/429551468776114768/text/287770PE.txt
P082627,http://documents.worldbank.org/curated/en/787891468779130172/text/31023.txt
P082646,http://documents.worldbank.org/curated/en/635591468761389701/text/25789.txt
P082651,http://documents.worldbank.org/curated/en/619591468231894390/text/37717.txt
P082672,http://documents.worldbank.org/curated/en/799751468129591599/text/395180PAD0P0821ly10IDA1R20081003211.txt
P082715,http://documents.worldbank.org/curated/en/988381468771725557/text/261860DR.txt
P082725,http://documents.worldbank.org/curated/en/482221468013849285/text/33375.txt
P082754,http://documents.worldbank.org/curated/en/621491468758129141/text/288340.txt
P082801,http://documents.worldbank.org/curated/en/805781468112153401/text/26937.txt
P082806,http://documents.worldbank.org/curated/en/156351468757473423/text/271400MG.txt
P082812,http://documents.worldbank.org/curated/en/791181468029693139/text/31843.txt
P082814,http://documents.worldbank.org/curated/en/170811468191362036/text/33415.txt
P082822,http://documents.worldbank.org/curated/en/410341468123544176/text/36238.txt
P082878,http://documents.worldbank.org/curated/en/676561468760227017/text/27336.txt
P082879,http://documents.worldbank.org/curated/en/423411468763769857/text/260370SLO.txt
P082888,http://documents.worldbank.org/curated/en/802971468279876061/text/35541.txt
P082908,http://documents.worldbank.org/curated/en/172751468031567510/text/409770PAD0rev.txt
P082914,http://documents.worldbank.org/curated/en/229091468771895233/text/271090EG.txt
P082927,http://documents.worldbank.org/curated/en/191201468010911564/text/441320PAD0REPL1e0only10R20081014611.txt
P082942,http://documents.worldbank.org/curated/en/925421468761364272/text/262410TP0PAD.txt
P082952,http://documents.worldbank.org/curated/en/294331468744319926/text/311820EG.txt
P082957,http://documents.worldbank.org/curated/en/712221468756312785/text/285540orig.txt
P082969,http://documents.worldbank.org/curated/en/954211468254680310/text/36786.txt
P082973,http://documents.worldbank.org/curated/en/609601468746698341/text/29601.txt
P082976,http://documents.worldbank.org/curated/en/174891468782358758/text/272660RY.txt
P082977,http://documents.worldbank.org/curated/en/390691468775142542/text/271760PK.txt
P082992,http://documents.worldbank.org/curated/en/882281468023935324/text/35961.txt
P082993,http://documents.worldbank.org/curated/en/393271468216281591/text/31548.txt
P082998,http://documents.worldbank.org/curated/en/347691468749737844/text/29877.txt
P082999,http://documents.worldbank.org/curated/en/969081468761121368/text/268690TUN.txt
P083013,http://documents.worldbank.org/curated/en/110461468743810729/text/285430BR.txt
P083045,http://documents.worldbank.org/curated/en/731851468284386043/text/357950rev0pdf.txt
P083051,http://documents.worldbank.org/curated/en/444461468207271146/text/32080.txt
P083075,http://documents.worldbank.org/curated/en/937491468023694415/text/34058.txt
P083082,http://documents.worldbank.org/curated/en/993341468775754403/text/272130NG.txt
P083093,http://documents.worldbank.org/curated/en/299031468763193315/text/290700PL.txt
P083108,http://documents.worldbank.org/curated/en/130301468209663033/text/417550PAD0P08310only100R20081004111.txt
P083110,http://documents.worldbank.org/curated/en/407401468037732601/text/35948.txt
P083126,http://documents.worldbank.org/curated/en/756371468757020749/text/31206.txt
P083131,http://documents.worldbank.org/curated/en/231491468753301505/text/28314.txt
P083169,http://documents.worldbank.org/curated/en/740881468740704598/text/28851.txt
P083180,http://documents.worldbank.org/curated/en/329321468742819073/text/289940init.txt
P083187,http://documents.worldbank.org/curated/en/470011468267353466/text/35464.txt
P083235,http://documents.worldbank.org/curated/en/134981468772460768/text/28967.txt
P083244,http://documents.worldbank.org/curated/en/964171468770991563/text/27771.txt
P083250,http://documents.worldbank.org/curated/en/576471468753297995/text/300220KE.txt
P083322,http://documents.worldbank.org/curated/en/990291468259759063/text/34134.txt
P083325,http://documents.worldbank.org/curated/en/608641468061748359/text/39679.txt
P083341,http://documents.worldbank.org/curated/en/335251468002660209/text/31485.txt
P083350,http://documents.worldbank.org/curated/en/863951468288327940/text/31111.txt
P083351,http://documents.worldbank.org/curated/en/112101468054872025/text/31760a.txt
P083352,http://documents.worldbank.org/curated/en/150251468205445460/text/35352.txt
P083353,http://documents.worldbank.org/curated/en/134431468767971622/text/28531.txt
P083370,http://documents.worldbank.org/curated/en/325621468758752001/text/28391.txt
P083377,http://documents.worldbank.org/curated/en/560471468774304940/text/301240KG.txt
P083400,http://documents.worldbank.org/curated/en/907831468777611949/text/299220STP.txt
P083401,http://documents.worldbank.org/curated/en/681701468757244792/text/289920MW.txt
P083453,http://documents.worldbank.org/curated/en/635921468752065144/text/281660GUB.txt
P083499,http://documents.worldbank.org/curated/en/913931468054536810/text/282710MK.txt
P083533,http://documents.worldbank.org/curated/en/396271468770133842/text/27987.txt
P083543,http://documents.worldbank.org/curated/en/958171468774557824/text/29024.txt
P083581,http://documents.worldbank.org/curated/en/793231468317335699/text/39434.txt
P083588,http://documents.worldbank.org/curated/en/918401468311078585/text/39432.txt
P083609,http://documents.worldbank.org/curated/en/105051468303662991/text/343140Senegal010Box303501B01PUBLIC1.txt
P083620,http://documents.worldbank.org/curated/en/175501468776759128/text/279200RO0R20041020211.txt
P083702,http://documents.worldbank.org/curated/en/187891468112459816/text/324280rev.txt
P083704,http://documents.worldbank.org/curated/en/872531468755951709/text/278170.txt
P083742,http://documents.worldbank.org/curated/en/808121468052745566/text/35224core.txt
P083751,http://documents.worldbank.org/curated/en/402041468203976468/text/35554.txt
P083767,http://documents.worldbank.org/curated/en/539181468338527869/text/31744.txt
P083780,http://documents.worldbank.org/curated/en/521631468033574527/text/31839a.txt
P083809,http://documents.worldbank.org/curated/en/264431468779365334/text/296390UG.txt
P083813,http://documents.worldbank.org/curated/en/587181468247844261/text/476350PAD0ZR0P101Official0Use0Only1.txt
P083851,http://documents.worldbank.org/curated/en/387501468033714142/text/290650PAD0REPL101use0same0box0info1.txt
P083890,http://documents.worldbank.org/curated/en/833121468741010620/text/289930BD.txt
P083904,http://documents.worldbank.org/curated/en/359501468243261096/text/473380PAD0P083101Official0Use0only1.txt
P083923,http://documents.worldbank.org/curated/en/623451468289235649/text/316240rev.txt
P083929,http://documents.worldbank.org/curated/en/736551468286768403/text/32156.txt
P083932,http://documents.worldbank.org/curated/en/672131468763807868/text/304360LK.txt
P083952,http://documents.worldbank.org/curated/en/140501468061746346/text/35050.txt
P083965,http://documents.worldbank.org/curated/en/699371468199759199/text/320650Replacement0Box321402B01PUBLIC1.txt
P083979,http://documents.worldbank.org/curated/en/879171468016758181/text/36796.txt
P083997,http://documents.worldbank.org/curated/en/733351468015034561/text/353730PAD0P0831321466B0R20081001911.txt
P084002,http://documents.worldbank.org/curated/en/204681468012627097/text/37979main.txt
P084015,http://documents.worldbank.org/curated/en/819811468749382039/text/29318.txt
P084022,http://documents.worldbank.org/curated/en/337291468104339062/text/34941.txt
P084027,http://documents.worldbank.org/curated/en/854481468021262405/text/39597.txt
P084035,http://documents.worldbank.org/curated/en/228351468310170942/text/32313a.txt
P084078,http://documents.worldbank.org/curated/en/631351468206955112/text/406750PAD0P084164B0IDA1R20081001111.txt
P084148,http://documents.worldbank.org/curated/en/768281468271205122/text/339570rev0pdf.txt
P084160,http://documents.worldbank.org/curated/en/830551468012068244/text/433690PAD0P0841LY10IDA1R20081019311.txt
P084219,http://documents.worldbank.org/curated/en/754261468758133757/text/27417.txt
P084302,http://documents.worldbank.org/curated/en/844541468146966055/text/37923.txt
P084315,http://documents.worldbank.org/curated/en/183431468770668309/text/272250KM.txt
P084317,http://documents.worldbank.org/curated/en/459991468770958851/text/299080COG.txt
P084404,http://documents.worldbank.org/curated/en/603251468191674194/text/39788.txt
P084437,http://documents.worldbank.org/curated/en/873881468214816301/text/398250PAD0P0841e0only10R20081012511.txt
P084461,http://documents.worldbank.org/curated/en/378411468143390680/text/432980PAD0P08417365B01off0use0only1.txt
P084580,http://documents.worldbank.org/curated/en/941771468116073568/text/334810rev0pdf.txt
P084583,http://documents.worldbank.org/curated/en/293011468049829331/text/27628.txt
P084596,http://documents.worldbank.org/curated/en/200781468201538834/text/28835.txt
P084597,http://documents.worldbank.org/curated/en/584981468781161267/text/31450.txt
P084604,http://documents.worldbank.org/curated/en/842541468115754433/text/32042.txt
P084605,http://documents.worldbank.org/curated/en/767551468302989382/text/376300PAD0P0841ly10GEF1R20081001011.txt
P084608,http://documents.worldbank.org/curated/en/508831468282883927/text/435870PAD0P08410810013110Box327374B.txt
P084632,http://documents.worldbank.org/curated/en/115541468774704233/text/28140.txt
P084742,http://documents.worldbank.org/curated/en/806431468024250094/text/31817.txt
P084773,http://documents.worldbank.org/curated/en/104781468134093713/text/579100PAD0P0841OFFICIAL0USE0ONLY191.txt
P084787,http://documents.worldbank.org/curated/en/537011468006045329/text/429310PAD0P08417365B01off0use0only1.txt
P084790,http://documents.worldbank.org/curated/en/139521468050066488/text/319970rev.txt
P084792,http://documents.worldbank.org/curated/en/810011468771538345/text/295800IN.txt
P084831,http://documents.worldbank.org/curated/en/975381468770090858/text/27545.txt
P084871,http://documents.worldbank.org/curated/en/523511468346744205/text/31608a.txt
P084874,http://documents.worldbank.org/curated/en/630521468214508629/text/386410PAD0P08417369B01off0use0only1.txt
P084967,http://documents.worldbank.org/curated/en/461151468143992650/text/37006.txt
P084977,http://documents.worldbank.org/curated/en/631651468302070188/text/34079.txt
P085006,http://documents.worldbank.org/curated/en/304071468252579163/text/31985.txt
P085007,http://documents.worldbank.org/curated/en/820901468773735144/text/29354.txt
P085009,http://documents.worldbank.org/curated/en/465421468117836654/text/34082.txt
P085071,http://documents.worldbank.org/curated/en/799121468125973950/text/31753.txt
P085080,http://documents.worldbank.org/curated/en/919371468127784844/text/323370rev.txt
P085112,http://documents.worldbank.org/curated/en/342181468199782892/text/298320.txt
P085124,http://documents.worldbank.org/curated/en/742801468011445283/text/34573.txt
P085133,http://documents.worldbank.org/curated/en/885011468774896029/text/29910.txt
P085230,http://documents.worldbank.org/curated/en/396301468742530936/text/280261BF10UA.txt
P085260,http://documents.worldbank.org/curated/en/552301468133798676/text/317350rev.txt
P085302,http://documents.worldbank.org/curated/en/801051468746766357/text/2853200EC.txt
P085333,http://documents.worldbank.org/curated/en/151971468023450600/text/313220rev.txt
P085374,http://documents.worldbank.org/curated/en/397131468260378454/text/31644.txt
P085375,http://documents.worldbank.org/curated/en/261581468259740807/text/35503.txt
P085376,http://documents.worldbank.org/curated/en/682261468015551934/text/414330PAD0P0851e0only10R20081012211.txt
P085414,http://documents.worldbank.org/curated/en/114981468047701884/text/32453.txt
P085488,http://documents.worldbank.org/curated/en/289261468016794134/text/36072.txt
P085539,http://documents.worldbank.org/curated/en/352201468023661235/text/414140CR.txt
P085561,http://documents.worldbank.org/curated/en/676191468317042517/text/357470R20061007711.txt
P085593,http://documents.worldbank.org/curated/en/916751468049745830/text/317270rev0pdf.txt
P085621,http://documents.worldbank.org/curated/en/358821468023422634/text/634300PAD0P0850isclosed0502301300SD.txt
P085708,http://documents.worldbank.org/curated/en/894131468764089916/text/29769SN.txt
P085727,http://documents.worldbank.org/curated/en/380971468243545175/text/344720CO.txt
P085752,http://documents.worldbank.org/curated/en/554921468311445208/text/360730IDA1R200110disclosed0June0161.txt
P085786,http://documents.worldbank.org/curated/en/875291468778511505/text/296640TA.txt
P085851,http://documents.worldbank.org/curated/en/480081468774594547/text/290910MX.txt
P086169,http://documents.worldbank.org/curated/en/435491468288304283/text/33574.txt
P086277,http://documents.worldbank.org/curated/en/956651468771054998/text/27919.txt
P086294,http://documents.worldbank.org/curated/en/484071468234297628/text/39704.txt
P086308,http://documents.worldbank.org/curated/en/527681468347333252/text/385000Replacement0Box317466B01PUBLIC1.txt
P086313,http://documents.worldbank.org/curated/en/161151468303591241/text/411300PAD0P0861ly10IDA1R20081017911.txt
P086341,http://documents.worldbank.org/curated/en/852451468230345451/text/489940PAD0P086101Official0Use0Only1.txt
P086379,http://documents.worldbank.org/curated/en/907291468245381693/text/319740revised.txt
P086411,http://documents.worldbank.org/curated/en/436651468116074032/text/32342.txt
P086414,http://documents.worldbank.org/curated/en/488411468268833855/text/31884.txt
P086446,http://documents.worldbank.org/curated/en/789601468019237107/text/479950PAD0P086101Official0Use0Only1.txt
P086469,http://documents.worldbank.org/curated/en/640771468760529904/text/279520SL.txt
P086480,http://documents.worldbank.org/curated/en/969001468759876683/text/302910SN.txt
P086505,http://documents.worldbank.org/curated/en/626861468746715717/text/31446.txt
P086508,http://documents.worldbank.org/curated/en/845281468329997432/text/414230PAD0P08617369B01off0use0only1.txt
P086513,http://documents.worldbank.org/curated/en/670481468350143350/text/33265.txt
P086515,http://documents.worldbank.org/curated/en/411621468019258204/text/33496.txt
P086518,http://documents.worldbank.org/curated/en/859171468752419800/text/30400.txt
P086528,http://documents.worldbank.org/curated/en/160701468115162840/text/511760PAD0P086101Official0Use0Only1.txt
P086629,http://documents.worldbank.org/curated/en/202081468239087419/text/30314.txt
P086660,http://documents.worldbank.org/curated/en/927541468108838147/text/529650PAD0P086101Official0use0only1.txt
P086661,http://documents.worldbank.org/curated/en/773171468743407429/text/28559.txt
P086664,http://documents.worldbank.org/curated/en/845361468761715271/text/290470OECS.txt
P086669,http://documents.worldbank.org/curated/en/458011468026400278/text/447520PAD0P0861E0ONLY10R20081019511.txt
P086670,http://documents.worldbank.org/curated/en/269581468773695259/text/277600MK.txt
P086671,http://documents.worldbank.org/curated/en/932921468026371576/text/29914a.txt
P086689,http://documents.worldbank.org/curated/en/347411468012294471/text/285210rev.txt
P086694,http://documents.worldbank.org/curated/en/744671468770992197/text/29993.txt
P086716,http://documents.worldbank.org/curated/en/587301468780905454/text/30697.txt
P086747,http://documents.worldbank.org/curated/en/490701468759574790/text/285420LK.txt
P086768,http://documents.worldbank.org/curated/en/552201468145748680/text/31771.txt
P086775,http://documents.worldbank.org/curated/en/537921468040161738/text/32464.txt
P086791,http://documents.worldbank.org/curated/en/484081468742544727/text/29019.txt
P086801,http://documents.worldbank.org/curated/en/964961468334857145/text/31844.txt
P086807,http://documents.worldbank.org/curated/en/929911468007851360/text/322400REVISED010810IDASecM200810559.txt
P086865,http://documents.worldbank.org/curated/en/281161468345853788/text/350300rev0pdf.txt
P086877,http://documents.worldbank.org/curated/en/545611468277153005/text/33881.txt
P086886,http://documents.worldbank.org/curated/en/163711468169460076/text/33015.txt
P086949,http://documents.worldbank.org/curated/en/456381468763216380/text/302741RO0CORR.txt
P086953,http://documents.worldbank.org/curated/en/656501468744278090/text/31581.txt
P086994,http://documents.worldbank.org/curated/en/766031468258549138/text/302390rev0pdf.txt
P087003,http://documents.worldbank.org/curated/en/669691468768730180/text/31429.txt
P087004,http://documents.worldbank.org/curated/en/368811468236642262/text/32170aIDA0R20050008301.txt
P087011,http://documents.worldbank.org/curated/en/491561468206363954/text/32351a.txt
P087036,http://documents.worldbank.org/curated/en/969941468758340273/text/31493.txt
P087038,http://documents.worldbank.org/curated/en/734611468286250120/text/33228.txt
P087039,http://documents.worldbank.org/curated/en/136261468006911117/text/34479.txt
P087046,http://documents.worldbank.org/curated/en/366951468288942084/text/33009.txt
P087094,http://documents.worldbank.org/curated/en/344691468006652463/text/399520PAD0P07917374B01off0use0only1.txt
P087106,http://documents.worldbank.org/curated/en/169031468255267744/text/37995.txt
P087140,http://documents.worldbank.org/curated/en/243521468297313818/text/483460PAD0P08710Box338913B01PUBLIC1.txt
P087145,http://documents.worldbank.org/curated/en/372281468303098319/text/470600PAD0P0871ly10IDA1R20091023611.txt
P087150,http://documents.worldbank.org/curated/en/949651468768573099/text/30208.txt
P087152,http://documents.worldbank.org/curated/en/588721468774595184/text/289290MX.txt
P087154,http://documents.worldbank.org/curated/en/620051468312031816/text/37385.txt
P087180,http://documents.worldbank.org/curated/en/877021468774568537/text/28176.txt
P087203,http://documents.worldbank.org/curated/en/159371468759591558/text/285490SL.txt
P087224,http://documents.worldbank.org/curated/en/433671468025136391/text/404230PAD0P087101official0use0only1.txt
P087304,http://documents.worldbank.org/curated/en/114331468334916903/text/434410PAD0P087101Official0Use0Only1.txt
P087347,http://documents.worldbank.org/curated/en/279391468285928046/text/33174.txt
P087470,http://documents.worldbank.org/curated/en/199061468777310964/text/287860YF.txt
P087479,http://documents.worldbank.org/curated/en/929701468272076582/text/326290IDA1R20061019811.txt
P087620,http://documents.worldbank.org/curated/en/472911468742876199/text/28562.txt
P087641,http://documents.worldbank.org/curated/en/432551468768578586/text/30251.txt
P087707,http://documents.worldbank.org/curated/en/107231468749774069/text/297670ET.txt
P087713,http://documents.worldbank.org/curated/en/792901468770374532/text/285440orig.txt
P087716,http://documents.worldbank.org/curated/en/820901468265783579/text/432020PAD0P0871ly10IDA1R20081017311.txt
P087801,http://documents.worldbank.org/curated/en/177621468761965624/text/29562.txt
P087807,http://documents.worldbank.org/curated/en/588651468776718485/text/30517.txt
P087811,http://documents.worldbank.org/curated/en/904551468277512125/text/34155.txt
P087843,http://documents.worldbank.org/curated/en/835171468772503563/text/290460LS.txt
P087925,http://documents.worldbank.org/curated/en/931101468205771486/text/32210a.txt
P087945,http://documents.worldbank.org/curated/en/444881468225280913/text/35966.txt
P087964,http://documents.worldbank.org/curated/en/494451468101968872/text/32379a.txt
P087970,http://documents.worldbank.org/curated/en/466861468234309352/text/32393.txt
P088009,http://documents.worldbank.org/curated/en/149951468016807403/text/321510rev.txt
P088030,http://documents.worldbank.org/curated/en/296151468250487123/text/32454a.txt
P088032,http://documents.worldbank.org/curated/en/491721468768032077/text/294320AR.txt
P088045,http://documents.worldbank.org/curated/en/999711468047095920/text/32171.txt
P088080,http://documents.worldbank.org/curated/en/248891468752988948/text/276570ME.txt
P088150,http://documents.worldbank.org/curated/en/857951468288365938/text/30383.txt
P088153,http://documents.worldbank.org/curated/en/615511468768294612/text/28649.txt
P088165,http://documents.worldbank.org/curated/en/210551468145762615/text/339240rev0Pdf.txt
P088220,http://documents.worldbank.org/curated/en/618341468742562373/text/30888.txt
P088252,http://documents.worldbank.org/curated/en/247481468093573741/text/35843.txt
P088319,http://documents.worldbank.org/curated/en/860281468033238619/text/31238a.txt
P088435,http://documents.worldbank.org/curated/en/698821468350100049/text/539190PAD0Box31ly10IDA1R20101012211.txt
P088448,http://documents.worldbank.org/curated/en/955501468288344853/text/31395.txt
P088498,http://documents.worldbank.org/curated/en/364601468012941817/text/313360rev.txt
P088499,http://documents.worldbank.org/curated/en/796271468741869532/text/29000.txt
P088520,http://documents.worldbank.org/curated/en/885471468260140391/text/434220PAD0P0881OFFICIAL0USE0ONLY191.txt
P088544,http://documents.worldbank.org/curated/en/800451468265772459/text/377560IDA1R20071004111.txt
P088575,http://documents.worldbank.org/curated/en/219591468037753350/text/34488.txt
P088600,http://documents.worldbank.org/curated/en/675841468273620112/text/402960PAD0P0881Official0use0Only191.txt
P088642,http://documents.worldbank.org/curated/en/334061468037135144/text/32648.txt
P088656,http://documents.worldbank.org/curated/en/441261468305076285/text/35459.txt
P088663,http://documents.worldbank.org/curated/en/134811468769512708/text/31108.txt
P088671,http://documents.worldbank.org/curated/en/766731468278088904/text/35042.txt
P088716,http://documents.worldbank.org/curated/en/566961468225310105/text/423590PAD0P0881E0ONLY10R20091000211.txt
P088728,http://documents.worldbank.org/curated/en/780271468123887331/text/33894.txt
P088732,http://documents.worldbank.org/curated/en/303191468300671817/text/32666.txt
P088751,http://documents.worldbank.org/curated/en/271101468027645891/text/30855.txt
P088759,http://documents.worldbank.org/curated/en/706231468314065171/text/451480PAD0P0881LY10IDA1R20081028911.txt
P088797,http://documents.worldbank.org/curated/en/915241468033231186/text/33917.txt
P088799,http://documents.worldbank.org/curated/en/996231468287096942/text/41419optmzd0PY.txt
P088809,http://documents.worldbank.org/curated/en/951681468776741086/text/29175.txt
P088816,http://documents.worldbank.org/curated/en/994981468287710098/text/32220.txt
P088824,http://documents.worldbank.org/curated/en/318421468776354871/text/31324.txt
P088828,http://documents.worldbank.org/curated/en/368431468757479562/text/31638.txt
P088857,http://documents.worldbank.org/curated/en/786101468772155944/text/29332CO.txt
P088865,http://documents.worldbank.org/curated/en/746501468753290631/text/31430.txt
P088867,http://documents.worldbank.org/curated/en/617281468165582712/text/32522a.txt
P088876,http://documents.worldbank.org/curated/en/718661468263061718/text/429990PAD0REVI1480IDASecM2009104101.txt
P088926,http://documents.worldbank.org/curated/en/693951468146719055/text/466660PAD0P088101Official0Use0Only1.txt
P088929,http://documents.worldbank.org/curated/en/569361468778498043/text/292920TN.txt
P088966,http://documents.worldbank.org/curated/en/457731468019778469/text/426680PAD0P08810only10SecM200810095.txt
P088992,http://documents.worldbank.org/curated/en/594341468124166651/text/32067a.txt
P088996,http://documents.worldbank.org/curated/en/712841468056346275/text/39196.txt
P089011,http://documents.worldbank.org/curated/en/528681468017951303/text/32315.txt
P089013,http://documents.worldbank.org/curated/en/254371468238777067/text/350630BR.txt
P089124,http://documents.worldbank.org/curated/en/485881468062647304/text/33629.txt
P089196,http://documents.worldbank.org/curated/en/376001468016742089/text/32050.txt
P089244,http://documents.worldbank.org/curated/en/141351468175445669/text/323700rev.txt
P089254,http://documents.worldbank.org/curated/en/484671468113083687/text/357980SN0Revised.txt
P089259,http://documents.worldbank.org/curated/en/703521468170664710/text/34744.txt
P089289,http://documents.worldbank.org/curated/en/296841468224689790/text/359520rev0pdf.txt
P089297,http://documents.worldbank.org/curated/en/826321468116035283/text/397180idar20071023011.txt
P089326,http://documents.worldbank.org/curated/en/896761468273635389/text/35969.txt
P089378,http://documents.worldbank.org/curated/en/364141468289828127/text/417610PAD0IDA1R200810019110Box321452B.txt
P089382,http://documents.worldbank.org/curated/en/902801468199764216/text/34231.txt
P089440,http://documents.worldbank.org/curated/en/241791468005391791/text/32941.txt
P089443,http://documents.worldbank.org/curated/en/717841468247469037/text/31880.txt
P089479,http://documents.worldbank.org/curated/en/128861468283753678/text/35326.txt
P089566,http://documents.worldbank.org/curated/en/677371468310170024/text/30512.txt
P089656,http://documents.worldbank.org/curated/en/334671468054537542/text/32562.txt
P089672,http://documents.worldbank.org/curated/en/594781468056675864/text/422590PAD0P0891ver0IDA1R20081024711.txt
P089733,http://documents.worldbank.org/curated/en/411431468143681808/text/36104.txt
P089751,http://documents.worldbank.org/curated/en/441501468742841526/text/30874A0AZ.txt
P089761,http://documents.worldbank.org/curated/en/161821468163761893/text/417730PAD0P0891ly10IDA1R20081003611.txt
P089793,http://documents.worldbank.org/curated/en/491471468227647218/text/34616.txt
P089839,http://documents.worldbank.org/curated/en/173391468037772734/text/38080.txt
P089859,http://documents.worldbank.org/curated/en/797681468054539895/text/35506.txt
P089865,http://documents.worldbank.org/curated/en/260001468300550716/text/31146.txt
P089866,http://documents.worldbank.org/curated/en/365561468233351122/text/418990PAD0P08917365B01off0use0only1.txt
P089898,http://documents.worldbank.org/curated/en/112401468282869375/text/367120Replacement0Box311201B01PUBLIC1.txt
P089926,http://documents.worldbank.org/curated/en/617781468005672819/text/34514.txt
P089929,http://documents.worldbank.org/curated/en/764101468016806480/text/35454.txt
P089985,http://documents.worldbank.org/curated/en/475031468041939277/text/510610PAD0P089101Official0Use0Only1.txt
P090010,http://documents.worldbank.org/curated/en/742791468248989032/text/362990CORRIGENDUM0R20071015712.txt
P090037,http://documents.worldbank.org/curated/en/628241468279327583/text/33862.txt
P090041,http://documents.worldbank.org/curated/en/866711468021549114/text/30884a.txt
P090073,http://documents.worldbank.org/curated/en/967581468247799882/text/R20060002902.txt
P090075,http://documents.worldbank.org/curated/en/766581468052446600/text/39308.txt
P090104,http://documents.worldbank.org/curated/en/330031468290436413/text/321640rev.txt
P090116,http://documents.worldbank.org/curated/en/136281468145167904/text/32686010PE.txt
P090119,http://documents.worldbank.org/curated/en/371131468217807365/text/438400PAD0P09010161101OFF0USE0ONLY1.txt
P090135,http://documents.worldbank.org/curated/en/941931468333927745/text/421340PAD0P0901nly10IDAR20081004911.txt
P090157,http://documents.worldbank.org/curated/en/789041468205493325/text/508880PAD0P090101Official0Use0Only1.txt
P090194,http://documents.worldbank.org/curated/en/371651468781534561/text/30253.txt
P090265,http://documents.worldbank.org/curated/en/835291468236642913/text/33002.txt
P090309,http://documents.worldbank.org/curated/en/744301468294625461/text/33987.txt
P090335,http://documents.worldbank.org/curated/en/912551468015277187/text/432490PAD0REVI17391B01OFF0USE0ONLY1.txt
P090336,http://documents.worldbank.org/curated/en/595351468239659759/text/36424.txt
P090340,http://documents.worldbank.org/curated/en/537231468277190773/text/334240REV0pdf.txt
P090376,http://documents.worldbank.org/curated/en/970281468216942240/text/495650PAD0P090101Official0Use0Only1.txt
P090389,http://documents.worldbank.org/curated/en/223371468315551647/text/40503optmzd0UA.txt
P090418,http://documents.worldbank.org/curated/en/230731468334320355/text/31655.txt
P090501,http://documents.worldbank.org/curated/en/280181468289824118/text/36450.txt
P090567,http://documents.worldbank.org/curated/en/169141468089666698/text/31028.txt
P090585,http://documents.worldbank.org/curated/en/938441468267343027/text/37561.txt
P090592,http://documents.worldbank.org/curated/en/512231468253187392/text/37377.txt
P090615,http://documents.worldbank.org/curated/en/895411468056083484/text/32319a.txt
P090644,http://documents.worldbank.org/curated/en/367081468333932605/text/416340PAD0P0901y100IDA1R20081022011.txt
P090656,http://documents.worldbank.org/curated/en/241581468203362559/text/31321a.txt
P090666,http://documents.worldbank.org/curated/en/354191468199778252/text/35510.txt
P090673,http://documents.worldbank.org/curated/en/814291468277190477/text/35377.txt
P090675,http://documents.worldbank.org/curated/en/941421468201578282/text/479060PAD0P090101Official0use0only1.txt
P090693,http://documents.worldbank.org/curated/en/398981468047748698/text/32485a.txt
P090695,http://documents.worldbank.org/curated/en/113881468273285810/text/41821.txt
P090712,http://documents.worldbank.org/curated/en/344941468033599487/text/495570PAD0Box31ly10IDA1R20091025011.txt
P090723,http://documents.worldbank.org/curated/en/276741468328186419/text/501610PAD0P0901ly10IDA1R20091024411.txt
P090731,http://documents.worldbank.org/curated/en/625681468011433898/text/34152.txt
P090764,http://documents.worldbank.org/curated/en/675101468269084791/text/39039.txt
P090768,http://documents.worldbank.org/curated/en/570481468035338407/text/37877.txt
P090807,http://documents.worldbank.org/curated/en/795911467998484082/text/535490PAD0P090101Official0Use0Only1.txt
P090867,http://documents.worldbank.org/curated/en/884741468311072080/text/392200UG.txt
P090884,http://documents.worldbank.org/curated/en/655081468299078045/text/348690REV0pdf.txt
P090887,http://documents.worldbank.org/curated/en/481311468002972503/text/36335.txt
P090967,http://documents.worldbank.org/curated/en/118371468053933886/text/34916core.txt
P090990,http://documents.worldbank.org/curated/en/851221468040552531/text/555930PAD0P0901e0only1910BOX358351B.txt
P090991,http://documents.worldbank.org/curated/en/527751468257955594/text/388600PAD0P090101Official0use0only1.txt
P090993,http://documents.worldbank.org/curated/en/997191468194073921/text/37292.txt
P091020,http://documents.worldbank.org/curated/en/675161468242380961/text/35201.txt
P091031,http://documents.worldbank.org/curated/en/385481468042543462/text/543640PAD0P091101Official0Use0Only1.txt
P091077,http://documents.worldbank.org/curated/en/221281468256198802/text/39696.txt
P091092,http://documents.worldbank.org/curated/en/552721468243903043/text/465450PAD0Repl120080IDAR20081031113.txt
P091297,http://documents.worldbank.org/curated/en/417301468252294279/text/37695.txt
P091299,http://documents.worldbank.org/curated/en/168321468285879410/text/34741.txt
P091695,http://documents.worldbank.org/curated/en/377331468280739096/text/32795a.txt
P091715,http://documents.worldbank.org/curated/en/508471468246028983/text/34939.txt
P091723,http://documents.worldbank.org/curated/en/590961468086050853/text/37971main.txt
P091747,http://documents.worldbank.org/curated/en/223441468129275280/text/475220PAD0P091101Official0Use0Only1.txt
P091787,http://documents.worldbank.org/curated/en/384621468758401045/text/31334.txt
P091827,http://documents.worldbank.org/curated/en/314541468223198332/text/327800PAD0P091101Official0Use0Only1.txt
P091828,http://documents.worldbank.org/curated/en/880481468122955774/text/470650PAD0Box31e0only10R20091022611.txt
P091932,http://documents.worldbank.org/curated/en/814951468021881522/text/35125.txt
P091945,http://documents.worldbank.org/curated/en/939991468247489394/text/34779.txt
P091949,http://documents.worldbank.org/curated/en/482331468220790745/text/408660PAD0P0911e0only10R20081003311.txt
P091950,http://documents.worldbank.org/curated/en/910331468219289181/text/449130PAD0P091101Official0Use0Only1.txt
P092055,http://documents.worldbank.org/curated/en/139251468304247155/text/381230PAD0P092101official0use0only1.txt
P092202,http://documents.worldbank.org/curated/en/152551468233953972/text/33759.txt
P092218,http://documents.worldbank.org/curated/en/556321468044654689/text/486390PAD0P092101Official0Use0Only1.txt
P092353,http://documents.worldbank.org/curated/en/454731468256452428/text/39866.txt
P092429,http://documents.worldbank.org/curated/en/181761468325255796/text/39971main.txt
P092484,http://documents.worldbank.org/curated/en/399831468121485764/text/338030REV0TP0IDA1R20061003011.txt
P092537,http://documents.worldbank.org/curated/en/751691468244522905/text/530530PAD0P092101Official0Use0Only1.txt
P092618,http://documents.worldbank.org/curated/en/455061468023929754/text/38378.txt
P092631,http://documents.worldbank.org/curated/en/542961468024849981/text/400330PAD0P092101Official0Use0Only1.txt
P092724,http://documents.worldbank.org/curated/en/877291468247289958/text/491690PAD0P092101Official0Use0Only1.txt
P092735,http://documents.worldbank.org/curated/en/483851468051265487/text/34908.txt
P092786,http://documents.worldbank.org/curated/en/792961468299076293/text/R20050000201.txt
P092836,http://documents.worldbank.org/curated/en/981571468191935346/text/319700rev.txt
P092837,http://documents.worldbank.org/curated/en/695801468175737916/text/509770PAD0P092101Official0Use0only1.txt
P092898,http://documents.worldbank.org/curated/en/712121468311399177/text/40743.txt
P092965,http://documents.worldbank.org/curated/en/567181468287710819/text/35066.txt
P092986,http://documents.worldbank.org/curated/en/604841468254348722/text/33791.txt
P092990,http://documents.worldbank.org/curated/en/429331468226767189/text/32005.txt
P092999,http://documents.worldbank.org/curated/en/737971468115755448/text/39894.txt
P093050,http://documents.worldbank.org/curated/en/851241468096244609/text/36055.txt
P093096,http://documents.worldbank.org/curated/en/310991468093588020/text/361810rev0pdf.txt
P093132,http://documents.worldbank.org/curated/en/654631468302954614/text/397080REPLACEM101Official0Use0ONLY1.txt
P093165,http://documents.worldbank.org/curated/en/530291468054276234/text/35466.txt
P093201,http://documents.worldbank.org/curated/en/802831468283736915/text/435930REPLACME12008100171201PUBLIC1.txt
P093294,http://documents.worldbank.org/curated/en/205081468059677392/text/31928.txt
P093384,http://documents.worldbank.org/curated/en/553001468018606751/text/36084.txt
P093461,http://documents.worldbank.org/curated/en/924131468053960826/text/34253.txt
P093470,http://documents.worldbank.org/curated/en/644981468037491868/text/36379.txt
P093478,http://documents.worldbank.org/curated/en/741531468051855319/text/411980PAD0P0931ly10IDA1R20081023711.txt
P093491,http://documents.worldbank.org/curated/en/552301468004233484/text/34001.txt
P093568,http://documents.worldbank.org/curated/en/318771468121762634/text/31440.txt
P093610,http://documents.worldbank.org/curated/en/232551468029685847/text/366720rev0pdf.txt
P093622,http://documents.worldbank.org/curated/en/957511468303834541/text/35493.txt
P093640,http://documents.worldbank.org/curated/en/526431468033639896/text/32634a.txt
P093699,http://documents.worldbank.org/curated/en/161401468010214191/text/393590PAD0P0931y100IDA1R20081023611.txt
P093719,http://documents.worldbank.org/curated/en/410951468274294088/text/449160PAD0P0931e0only10R20101010911.txt
P093720,http://documents.worldbank.org/curated/en/781111468260343791/text/33434.txt
P093765,http://documents.worldbank.org/curated/en/328541468111258147/text/34140.txt
P093767,http://documents.worldbank.org/curated/en/816551468032384495/text/37320.txt
P093775,http://documents.worldbank.org/curated/en/711521468093583902/text/41094main.txt
P093787,http://documents.worldbank.org/curated/en/354011468238507970/text/33150.txt
P093806,http://documents.worldbank.org/curated/en/116281468203037442/text/39490.txt
P093812,http://documents.worldbank.org/curated/en/183111468092674919/text/35702.txt
P093826,http://documents.worldbank.org/curated/en/247011468204863378/text/34945.txt
P093882,http://documents.worldbank.org/curated/en/308771468018859464/text/380670PAD0P09317369B01off0use0only1.txt
P093906,http://documents.worldbank.org/curated/en/852071468217789813/text/34673.txt
P093936,http://documents.worldbank.org/curated/en/127331468035031335/text/32147.txt
P093963,http://documents.worldbank.org/curated/en/841101468011446079/text/408650REPLACEMENT0FILE0R20071024411.txt
P093987,http://documents.worldbank.org/curated/en/228011468223770045/text/35738.txt
P093988,http://documents.worldbank.org/curated/en/571241468014343118/text/449350PAD0P0931LY10IDA1R20081029911.txt
P093991,http://documents.worldbank.org/curated/en/771651468299142446/text/36189.txt
P094007,http://documents.worldbank.org/curated/en/733151468062953110/text/351180rev0pdf.txt
P094018,http://documents.worldbank.org/curated/en/503251468235150919/text/37164.txt
P094042,http://documents.worldbank.org/curated/en/955251468317973714/text/33484.txt
P094044,http://documents.worldbank.org/curated/en/451921468032946081/text/399460GE.txt
P094055,http://documents.worldbank.org/curated/en/581311468132585387/text/482980PAD0P094101Official0Use0Only1.txt
P094063,http://documents.worldbank.org/curated/en/788731468145775421/text/35445.txt
P094084,http://documents.worldbank.org/curated/en/936641468004456685/text/38692.txt
P094086,http://documents.worldbank.org/curated/en/850691468146692876/text/34999.txt
P094103,http://documents.worldbank.org/curated/en/179231468194359699/text/388900v10IDA1R20071005511.txt
P094167,http://documents.worldbank.org/curated/en/793731468122074596/text/31738.txt
P094176,http://documents.worldbank.org/curated/en/151311468760499034/text/31703.txt
P094183,http://documents.worldbank.org/curated/en/204411467992765070/text/741380PAD0P0940Official0Use0Only090.txt
P094199,http://documents.worldbank.org/curated/en/914681468226447406/text/39931.txt
P094212,http://documents.worldbank.org/curated/en/358981468116047219/text/39846.txt
P094220,http://documents.worldbank.org/curated/en/874061468221395996/text/35360.txt
P094225,http://documents.worldbank.org/curated/en/957051468212080837/text/36381.txt
P094233,http://documents.worldbank.org/curated/en/974551468229501272/text/405470PAD0REVI1ORD0GEF1R20081002113.txt
P094278,http://documents.worldbank.org/curated/en/845041468056334610/text/358490corr.txt
P094307,http://documents.worldbank.org/curated/en/425381468300853535/text/515580PAD0P094101Official0Use0Only1.txt
P094311,http://documents.worldbank.org/curated/en/321771468233680957/text/421930PAD0P0941e0only10R20081003811.txt
P094315,http://documents.worldbank.org/curated/en/375991468020653264/text/443280PAD0P09410cover0SecM200810296.txt
P094321,http://documents.worldbank.org/curated/en/547611468031753296/text/34978.txt
P094335,http://documents.worldbank.org/curated/en/733161468147015098/text/544870PAD0P094101Official0Use0Only1.txt
P094360,http://documents.worldbank.org/curated/en/718261468281398379/text/435720Revised01over0DA1R20081024011.txt
P094416,http://documents.worldbank.org/curated/en/812241468101370644/text/31878.txt
P094488,http://documents.worldbank.org/curated/en/969041468010270401/text/34016.txt
P094539,http://documents.worldbank.org/curated/en/507341468298481367/text/38539.txt
P094692,http://documents.worldbank.org/curated/en/174951468046751667/text/544860PAD0P094101Official0Use0Only1.txt
P094694,http://documents.worldbank.org/curated/en/133511468248691150/text/31853a.txt
P094704,http://documents.worldbank.org/curated/en/500631468246366412/text/36272.txt
P094715,http://documents.worldbank.org/curated/en/875111468020704813/text/390110PAD0Box01ber0GEF1R20081000111.txt
P094755,http://documents.worldbank.org/curated/en/283341468340753068/text/537660PAD0Revi1rd10IDA1R20111001011.txt
P094784,http://documents.worldbank.org/curated/en/590961468234291990/text/412380EC.txt
P094869,http://documents.worldbank.org/curated/en/644741468027597915/text/378190DM0IDA1R20071002411.txt
P094916,http://documents.worldbank.org/curated/en/917951468008413108/text/36360.txt
P094917,http://documents.worldbank.org/curated/en/521621468008716086/text/36361.txt
P094919,http://documents.worldbank.org/curated/en/326761468192866533/text/607890PAD0P0940e0only0900BOX361489B.txt
P095003,http://documents.worldbank.org/curated/en/307981468078231546/text/655860PAD0P095090601200SIMULT0DISCL.txt
P095012,http://documents.worldbank.org/curated/en/814331468122345508/text/356110TN0R20071003011.txt
P095050,http://documents.worldbank.org/curated/en/584531468285619738/text/37982.txt
P095091,http://documents.worldbank.org/curated/en/530501468110658020/text/543320PAD0P095101Official0Use0Only1.txt
P095114,http://documents.worldbank.org/curated/en/577371468260067755/text/38178main0PAD0.txt
P095115,http://documents.worldbank.org/curated/en/115471468201595392/text/34398.txt
P095129,http://documents.worldbank.org/curated/en/659291468134078679/text/434110PAD0P0951nly10IDAR20081019811.txt
P095155,http://documents.worldbank.org/curated/en/493141468047412318/text/32560.txt
P095169,http://documents.worldbank.org/curated/en/199731468265797610/text/377160REPLACEM1IC10GEF1R20081000311.txt
P095171,http://documents.worldbank.org/curated/en/961411468223800150/text/515810PAD0P0951Official0use0Only191.txt
P095203,http://documents.worldbank.org/curated/en/617811468318347802/text/365400rev0pdf.txt
P095210,http://documents.worldbank.org/curated/en/732361468098664337/text/470320PAD0P095101Official0Use0Only1.txt
P095211,http://documents.worldbank.org/curated/en/780931468230933339/text/38738.txt
P095232,http://documents.worldbank.org/curated/en/406211468309278226/text/586440PAD0P0952320R20101031111.txt
P095235,http://documents.worldbank.org/curated/en/646061468286851093/text/470280PAD0PY0P101Official0Use0Only1.txt
P095240,http://documents.worldbank.org/curated/en/200871468269983158/text/36474.txt
P095250,http://documents.worldbank.org/curated/en/525291468062676478/text/38277.txt
P095251,http://documents.worldbank.org/curated/en/853711468247241772/text/39425main.txt
P095275,http://documents.worldbank.org/curated/en/805201468338948350/text/495990PAD0P095101Official0Use0Only1.txt
P095314,http://documents.worldbank.org/curated/en/645741468247211433/text/508690PAD0P095101Official0Use0Only1.txt
P095315,http://documents.worldbank.org/curated/en/567901468218093023/text/38066.txt
P095337,http://documents.worldbank.org/curated/en/760931468318346085/text/337240Ukraine0PAD0R20071017311.txt
P095371,http://documents.worldbank.org/curated/en/359401468035398620/text/35909.txt
P095389,http://documents.worldbank.org/curated/en/543121468026397392/text/354600rev0pdf.txt
P095392,http://documents.worldbank.org/curated/en/266071468038110294/text/411150EG.txt
P095460,http://documents.worldbank.org/curated/en/110481468235466326/text/33956.txt
P095485,http://documents.worldbank.org/curated/en/678941467999106021/text/504670PAD0Box342008B01PUBLIC1.txt
P095514,http://documents.worldbank.org/curated/en/594041468005462021/text/38924.txt
P095515,http://documents.worldbank.org/curated/en/658591468003286594/text/37702.txt
P095520,http://documents.worldbank.org/curated/en/510281468131717540/text/36600.txt
P095523,http://documents.worldbank.org/curated/en/933921468034477392/text/34938.txt
P095555,http://documents.worldbank.org/curated/en/611011468037761017/text/365790rev0pdf.txt
P095563,http://documents.worldbank.org/curated/en/256741468091462244/text/359010PAD0PE0R200910013110Box0334118B.txt
P095569,http://documents.worldbank.org/curated/en/584081468204552818/text/39716.txt
P095570,http://documents.worldbank.org/curated/en/246011468070131301/text/36484.txt
P095617,http://documents.worldbank.org/curated/en/140361468200945356/text/499530PAD0P095101Official0Use0Only1.txt
P095626,http://documents.worldbank.org/curated/en/691901468020953369/text/388540PAD0buff101official0use0only1.txt
P095673,http://documents.worldbank.org/curated/en/970381468038930751/text/421920PAD0P0951e0only10R20081007811.txt
P095759,http://documents.worldbank.org/curated/en/710961468281061625/text/419810PAD0P09517362B01off0use0only1.txt
P095847,http://documents.worldbank.org/curated/en/722681468334878314/text/463960PAD0P095101Official0Use0Only1.txt
P095863,http://documents.worldbank.org/curated/en/295871468025740679/text/521390PAD0P095101Official0Use0only1.txt
P095873,http://documents.worldbank.org/curated/en/693251468121487198/text/384740Replacement0Box317519B01PUBLIC1.txt
P095883,http://documents.worldbank.org/curated/en/471081468050634900/text/32716.txt
P095925,http://documents.worldbank.org/curated/en/585041468024580829/text/536610PAD0P095101Official0Use0Only1.txt
P095949,http://documents.worldbank.org/curated/en/372261468323664123/text/409860PAD0P09517369B01off0use0only1.txt
P095965,http://documents.worldbank.org/curated/en/574001467997861308/text/418860PAD0P0951LY10IDA1R20081029011.txt
P095977,http://documents.worldbank.org/curated/en/151851468062636427/text/406980NP.txt
P095982,http://documents.worldbank.org/curated/en/347301468067733234/text/413280Replacement0R20081010414.txt
P096018,http://documents.worldbank.org/curated/en/365391468042295443/text/638710PAD0P0960Official0Use0Only090.txt
P096019,http://documents.worldbank.org/curated/en/238081468292888056/text/39322main.txt
P096021,http://documents.worldbank.org/curated/en/784371468041359965/text/482350PAD0P096101Official0use0only1.txt
P096023,http://documents.worldbank.org/curated/en/549041468042559390/text/407250PAD0P0961E0ONLY10R20081018011.txt
P096056,http://documents.worldbank.org/curated/en/354281468013495956/text/38718.txt
P096058,http://documents.worldbank.org/curated/en/783711468204246596/text/36383main0GEF1R20071002311.txt
P096105,http://documents.worldbank.org/curated/en/841141468334484642/text/39571.txt
P096131,http://documents.worldbank.org/curated/en/242281468350152380/text/33861.txt
P096151,http://documents.worldbank.org/curated/en/417621468110347639/text/38436.txt
P096158,http://documents.worldbank.org/curated/en/422321468215691223/text/33018.txt
P096174,http://documents.worldbank.org/curated/en/582921468107361525/text/38670main.txt
P096181,http://documents.worldbank.org/curated/en/477621468277481000/text/35870.txt
P096198,http://documents.worldbank.org/curated/en/366111468291625367/text/39344main0NE0idar20071015511.txt
P096200,http://documents.worldbank.org/curated/en/100261468199776713/text/356300rev0pdf.txt
P096207,http://documents.worldbank.org/curated/en/924551468309269514/text/38713.txt
P096213,http://documents.worldbank.org/curated/en/675291468209666279/text/37805.txt
P096214,http://documents.worldbank.org/curated/en/761201468106436439/text/35324.txt
P096248,http://documents.worldbank.org/curated/en/848501468051238474/text/335850rev0pdf.txt
P096262,http://documents.worldbank.org/curated/en/270731468317086497/text/35720.txt
P096263,http://documents.worldbank.org/curated/en/473171468202742737/text/38354.txt
P096285,http://documents.worldbank.org/curated/en/296171468023936396/text/36170main0CN0R20071010411.txt
P096302,http://documents.worldbank.org/curated/en/533771468312619886/text/479260PAD0P096101Official0Use0Only1.txt
P096323,http://documents.worldbank.org/curated/en/324471468255277358/text/434000PAD0P09617372B01off0use0only1.txt
P096328,http://documents.worldbank.org/curated/en/716621468059945120/text/35058.txt
P096332,http://documents.worldbank.org/curated/en/909551468059080025/text/375350IDA1R20071000411.txt
P096336,http://documents.worldbank.org/curated/en/838711468045015559/text/38457.txt
P096360,http://documents.worldbank.org/curated/en/548141468203944505/text/428640PAD0P0961nly10IDAR20081023811.txt
P096367,http://documents.worldbank.org/curated/en/483581468272446062/text/407760KE.txt
P096400,http://documents.worldbank.org/curated/en/516991468108880786/text/34909.txt
P096407,http://documents.worldbank.org/curated/en/420311468008746849/text/493680PAD0P096101Official0Use0only1.txt
P096409,http://documents.worldbank.org/curated/en/574881468278086245/text/39107.txt
P096418,http://documents.worldbank.org/curated/en/678831468173395718/text/398670PAD0P0961ly10IDA1R20081004311.txt
P096439,http://documents.worldbank.org/curated/en/474301468060538934/text/383530IDA1SecM200710430.txt
P096481,http://documents.worldbank.org/curated/en/831321468270016226/text/462160PAD0P096101Official0Use0Only1.txt
P096482,http://documents.worldbank.org/curated/en/506271468017459217/text/35555.txt
P096532,http://documents.worldbank.org/curated/en/474941468040545996/text/467410PAD0P096101Official0Use0Only1.txt
P096556,http://documents.worldbank.org/curated/en/275171468024534000/text/397810PAD0P0961E0ONLY10R20081023211.txt
P096572,http://documents.worldbank.org/curated/en/268821468110347872/text/394890PAD0P0961nly10IDAR20081022111.txt
P096586,http://documents.worldbank.org/curated/en/154071468173974130/text/586250PAD0P0961only1910BOX0358346B0.txt
P096605,http://documents.worldbank.org/curated/en/538071468027543379/text/34235.txt
P096643,http://documents.worldbank.org/curated/en/246941468007501204/text/35480.txt
P096647,http://documents.worldbank.org/curated/en/456971468258864133/text/33893.txt
P096648,http://documents.worldbank.org/curated/en/236521468096577432/text/468300PAD0P0961ly10IDA1R20081032611.txt
P096707,http://documents.worldbank.org/curated/en/965181468011427421/text/464880PAD0P096101Official0Use0Only1.txt
P096745,http://documents.worldbank.org/curated/en/928841468283496526/text/510160PJPR0P09101Official0Use0Only1.txt
P096777,http://documents.worldbank.org/curated/en/384831468328199904/text/37855.txt
P096801,http://documents.worldbank.org/curated/en/400131468109440049/text/36341.txt
P096812,http://documents.worldbank.org/curated/en/248391468011418750/text/411990PAD0P096101Official0Use0Only1.txt
P096823,http://documents.worldbank.org/curated/en/860331468307514017/text/389210PAD0P0961e0only10R20081003211.txt
P096858,http://documents.worldbank.org/curated/en/286211468309840911/text/428000PAD0P09617369B01off0use0only1.txt
P096861,http://documents.worldbank.org/curated/en/845041468132589927/text/34924.txt
P096920,http://documents.worldbank.org/curated/en/293921468263106443/text/509760PAD0P09611Offficial0Use0Only1.txt
P096921,http://documents.worldbank.org/curated/en/257511468043168300/text/421090PAD0P09610and0IDAR20081010811.txt
P096923,http://documents.worldbank.org/curated/en/982261468261891456/text/468720PAD0P096101Official0Use0Only1.txt
P096925,http://documents.worldbank.org/curated/en/669221469672178995/text/rep0no041326R20081003011.txt
P096926,http://documents.worldbank.org/curated/en/224621468221970375/text/450320PAD0P096101Official0Use0Only1.txt
P096931,http://documents.worldbank.org/curated/en/549661468176342190/text/428890PAD0P0961ly10IDA1R20081020811.txt
P096965,http://documents.worldbank.org/curated/en/889641468260939127/text/38508.txt
P096993,http://documents.worldbank.org/curated/en/133151468266649659/text/431070PAD0P096101official0use0only1.txt
P096998,http://documents.worldbank.org/curated/en/132161468040173223/text/40504010KZ.txt
P097104,http://documents.worldbank.org/curated/en/516191468267341891/text/39299.txt
P097141,http://documents.worldbank.org/curated/en/208311468301517298/text/382600Replacement0Box317492B01PUBLIC1.txt
P097181,http://documents.worldbank.org/curated/en/582281468104945635/text/36860.txt
P097201,http://documents.worldbank.org/curated/en/482781468211481560/text/39645.txt
P097271,http://documents.worldbank.org/curated/en/485081468256148712/text/34321.txt
P097329,http://documents.worldbank.org/curated/en/627981468334825477/text/390120PAD0P09717374B01off0use0only1.txt
P097402,http://documents.worldbank.org/curated/en/185531468067730523/text/33876.txt
P097535,http://documents.worldbank.org/curated/en/909291468258865353/text/332030rev.txt
P097604,http://documents.worldbank.org/curated/en/924271468125379291/text/39027optmzd.txt
P097605,http://documents.worldbank.org/curated/en/489261468041945402/text/38148core.txt
P097635,http://documents.worldbank.org/curated/en/102001468047683592/text/35430.txt
P097671,http://documents.worldbank.org/curated/en/313491468301136380/text/409930PAD0P0971ly10IDA1R20081003711.txt
P097818,http://documents.worldbank.org/curated/en/991351468106465934/text/483470Revised01ly10GEF1R20091002011.txt
P097921,http://documents.worldbank.org/curated/en/804331468099266392/text/37299.txt
P097974,http://documents.worldbank.org/curated/en/952311468215381642/text/432110PAD0P09717632B01off0use0only1.txt
P097975,http://documents.worldbank.org/curated/en/315501468030529802/text/35784.txt
P097985,http://documents.worldbank.org/curated/en/836041468284094842/text/546120PAD0P097101Official0use0only1.txt
P098031,http://documents.worldbank.org/curated/en/390151468256451634/text/37790.txt
P098052,http://documents.worldbank.org/curated/en/948371468049447298/text/34610.txt
P098078,http://documents.worldbank.org/curated/en/231161468017381564/text/454370PAD0P098101Official0use0only1.txt
P098093,http://documents.worldbank.org/curated/en/860441468037148293/text/37224.txt
P098132,http://documents.worldbank.org/curated/en/776861468256511314/text/476130PAD0P098101Official0Use0Only1.txt
P098146,http://documents.worldbank.org/curated/en/555281468013775549/text/398310BD0IDA1R20071015911.txt
P098151,http://documents.worldbank.org/curated/en/625231468014448553/text/450550PAD0P098101Official0Use0Only1.txt
P098217,http://documents.worldbank.org/curated/en/653781468037730670/text/365130GE0IDA1SecM200610548.txt
P098248,http://documents.worldbank.org/curated/en/794071468000607361/text/391720PAD0P09810810009110Box372374B.txt
P098273,http://documents.worldbank.org/curated/en/194341468199794100/text/354940IDA1R200110disclosed0June0161.txt
P098328,http://documents.worldbank.org/curated/en/829611468284666588/text/39193.txt
P098378,http://documents.worldbank.org/curated/en/890271468017049609/text/37871.txt
P098410,http://documents.worldbank.org/curated/en/559651468132588776/text/35957.txt
P098423,http://documents.worldbank.org/curated/en/524761468288338567/text/38120.txt
P098426,http://documents.worldbank.org/curated/en/659331468053107758/text/35212.txt
P098459,http://documents.worldbank.org/curated/en/465391468052846159/text/493320PAD0P098101Official0Use0Only1.txt
P098496,http://documents.worldbank.org/curated/en/724241468175492425/text/407750PAD0P09817369B01off0use0only1.txt
P098531,http://documents.worldbank.org/curated/en/380871468250826325/text/363640HT.txt
P098538,http://documents.worldbank.org/curated/en/534141468030626664/text/546010PAD0P0981OFFICIAL0USE0ONLY191.txt
P098654,http://documents.worldbank.org/curated/en/693111468023328662/text/479070PAD0P098101Official0Use0Only1.txt
P098850,http://documents.worldbank.org/curated/en/312451468032092427/text/341790rev0pdf.txt
P098889,http://documents.worldbank.org/curated/en/920011468304526077/text/39494.txt
P098915,http://documents.worldbank.org/curated/en/381981468220148045/text/550160PAD0P098101Official0Use0Only1.txt
P098926,http://documents.worldbank.org/curated/en/639341468105533300/text/35446.txt
P098948,http://documents.worldbank.org/curated/en/565101468248376167/text/38157.txt
P098949,http://documents.worldbank.org/curated/en/245461468276858941/text/366110init0rev0pdf.txt
P098956,http://documents.worldbank.org/curated/en/634011468007844238/text/360960rev0pdf.txt
P099047,http://documents.worldbank.org/curated/en/219101468268193752/text/39697.txt
P099051,http://documents.worldbank.org/curated/en/843421468198548669/text/38464.txt
P099062,http://documents.worldbank.org/curated/en/922831468236961033/text/408420PAD0P0991e0only10R20081012711.txt
P099112,http://documents.worldbank.org/curated/en/994771468218978379/text/426420PAD0P0991e0only10R20081005911.txt
P099126,http://documents.worldbank.org/curated/en/181381468017437099/text/437280PAD0P09917379B01OFF0USE0ONLY1.txt
P099139,http://documents.worldbank.org/curated/en/412611468240884044/text/383340PAD0P09910ONLY10SecM200810534.txt
P099185,http://documents.worldbank.org/curated/en/712471468044130440/text/35248.txt
P099201,http://documents.worldbank.org/curated/en/988391468209664488/text/354471AZ0judicial0mod.txt
P099211,http://documents.worldbank.org/curated/en/567671468125070311/text/413450PAD0P09917369B01off0use0only1.txt
P099224,http://documents.worldbank.org/curated/en/766341468011447021/text/423930PAD0P09917369B01off0use0only1.txt
P099231,http://documents.worldbank.org/curated/en/154781468131959528/text/36222.txt
P099270,http://documents.worldbank.org/curated/en/486231468273029850/text/440680PAD0P099101Official0Use0Only1.txt
P099296,http://documents.worldbank.org/curated/en/500641468323052350/text/41409optmzd0NP.txt
P099321,http://documents.worldbank.org/curated/en/815791468277155697/text/37153.txt
P099357,http://documents.worldbank.org/curated/en/136331468104057221/text/432330PAD0P099101Official0Use0Only1.txt
P099369,http://documents.worldbank.org/curated/en/187921468231566534/text/443290PAD0BR0R10910014120Box334128B.txt
P099453,http://documents.worldbank.org/curated/en/800201468048308741/text/34623.txt
P099460,http://documents.worldbank.org/curated/en/152991468174270860/text/471120PAD0P099101Official0Use0Only1.txt
P099469,http://documents.worldbank.org/curated/en/896241468225276170/text/420620PAD0Box310only10SecM200910446.txt
P099542,http://documents.worldbank.org/curated/en/644371468066527796/text/377120PK0SecM200710255.txt
P099585,http://documents.worldbank.org/curated/en/395741468204557701/text/36334.txt
P099626,http://documents.worldbank.org/curated/en/405911468270272068/text/620700PAD0P0990e0only0900BOX361483B.txt
P099630,http://documents.worldbank.org/curated/en/790531468212079223/text/383610IDA1R20071003411.txt
P099751,http://documents.worldbank.org/curated/en/635681468219912790/text/532830PAD0P099101Official0Use0Only1.txt
P099757,http://documents.worldbank.org/curated/en/605371468038950629/text/414200PAD0P09910810011110Box327374B.txt
P099808,http://documents.worldbank.org/curated/en/339381468031148520/text/35653.txt
P099811,http://documents.worldbank.org/curated/en/649031468335388500/text/36182.txt
P099832,http://documents.worldbank.org/curated/en/997131468002978844/text/353920rev0pdf.txt
P099833,http://documents.worldbank.org/curated/en/443871468230125647/text/463530PAD0P0991LY10IDA1R20081030711.txt
P099840,http://documents.worldbank.org/curated/en/212421468303858181/text/482320PAD0P099101Official0Use0Only1.txt
P099841,http://documents.worldbank.org/curated/en/747681468275367614/text/36158.txt
P099894,http://documents.worldbank.org/curated/en/664341468241792845/text/37378.txt
P099895,http://documents.worldbank.org/curated/en/279951468235155928/text/421220PAD0P099101Official0Use0Only1.txt
P099918,http://documents.worldbank.org/curated/en/979391468249254002/text/38600.txt
P099924,http://documents.worldbank.org/curated/en/689701468221370750/text/423140PAD0P0991nly10IDAR20081004411.txt
P099930,http://documents.worldbank.org/curated/en/141111468062955070/text/466760PAD0MZ0P101Official0Use0Only1.txt
P099979,http://documents.worldbank.org/curated/en/627431468260101901/text/568370PAD0P0990e0only0900BOX361497B.txt
P099992,http://documents.worldbank.org/curated/en/341451468010911364/text/35588.txt
P100026,http://documents.worldbank.org/curated/en/619841468277486039/text/36973.txt
P100047,http://documents.worldbank.org/curated/en/513261468246919419/text/466950PAD0R200101OFFICIAL0USE0ONLY1.txt
P100101,http://documents.worldbank.org/curated/en/397381468258579811/text/433780PAD0P100101Official0Use0Only1.txt
P100198,http://documents.worldbank.org/curated/en/468421468141271605/text/395920GLB.txt
P100218,http://documents.worldbank.org/curated/en/876761468044076819/text/36649.txt
P100273,http://documents.worldbank.org/curated/en/667531468002655224/text/t7677.txt
P100304,http://documents.worldbank.org/curated/en/707841468259747921/text/644250PAD0P1000Official0Use0Only090.txt
P100311,http://documents.worldbank.org/curated/en/114901468303005819/text/431200PAD0P1001ly10IDA1R20081022311.txt
P100314,http://documents.worldbank.org/curated/en/361321468340792065/text/362210public06116.txt
P100332,http://documents.worldbank.org/curated/en/732231468205762761/text/38312.txt
P100383,http://documents.worldbank.org/curated/en/405561468311438557/text/38764.txt
P100390,http://documents.worldbank.org/curated/en/194731468104646411/text/38147core.txt
P100406,http://documents.worldbank.org/curated/en/489161468023652726/text/453130PAD0P10310910002110Box334133B.txt
P100438,http://documents.worldbank.org/curated/en/426741468045052662/text/481140PAD0P1001OFFICIAL0USE0ONLY191.txt
P100455,http://documents.worldbank.org/curated/en/423691468218097570/text/502810PAD0Box31e0only10R20101011111.txt
P100530,http://documents.worldbank.org/curated/en/905651468051855846/text/543430PAD0P100101Official0Use0Only1.txt
P100534,http://documents.worldbank.org/curated/en/295811468273309685/text/412180PAD0P100101official0use0only1.txt
P100546,http://documents.worldbank.org/curated/en/860341468040539844/text/415780PAD0P10010810102110Box327374B.txt
P100580,http://documents.worldbank.org/curated/en/728031468128995399/text/409840PAD0UA0P101Official0Use0Only1.txt
P100582,http://documents.worldbank.org/curated/en/797851468207849455/text/38763.txt
P100584,http://documents.worldbank.org/curated/en/438741468041655041/text/486800PAD0P1001B1Official0Use0Only1.txt
P100619,http://documents.worldbank.org/curated/en/186371468036343928/text/39750.txt
P100620,http://documents.worldbank.org/curated/en/827841468025803662/text/476340PAD0ZR0P101Official0Use0Only1.txt
P100635,http://documents.worldbank.org/curated/en/520631468098683026/text/433450PAD0P10017369B01off0use0only1.txt
P100638,http://documents.worldbank.org/curated/en/230101468143706005/text/40998010RO.txt
P100639,http://documents.worldbank.org/curated/en/230571468025814517/text/41212.txt
P100657,http://documents.worldbank.org/curated/en/426541468021257878/text/386040REVISED0110200810R20081022112.txt
P100735,http://documents.worldbank.org/curated/en/213841468034444712/text/409990PAD0P1001and0IDA1R20081025511.txt
P100766,http://documents.worldbank.org/curated/en/977691468038357317/text/37724.txt
P100785,http://documents.worldbank.org/curated/en/472281468204838204/text/39383.txt
P100789,http://documents.worldbank.org/curated/en/390121468253190927/text/38128.txt
P100792,http://documents.worldbank.org/curated/en/766231468199142400/text/403810BA.txt
P100806,http://documents.worldbank.org/curated/en/924471468212375840/text/414040PAD0P1001e0only10R20081003511.txt
P100916,http://documents.worldbank.org/curated/en/748861468172173399/text/388610PAD0P10017369B01off0use0only1.txt
P100929,http://documents.worldbank.org/curated/en/583031468760192313/text/382590IDA1R20071004711.txt
P100954,http://documents.worldbank.org/curated/en/440031468284093654/text/520700PAD0Box31e0only10R20101009411.txt
P100968,http://documents.worldbank.org/curated/en/699871468023959538/text/421000PAD0P100101Official0Use0Only1.txt
P101076,http://documents.worldbank.org/curated/en/114381468093838016/text/527920PAD0P101101Official0Use0Only1.txt
P101084,http://documents.worldbank.org/curated/en/799231468006307955/text/418670PAD0P1011ly10IDA1R20081002611.txt
P101103,http://documents.worldbank.org/curated/en/592481468248083573/text/466940PAD0Egyp101Official0Use0Only1.txt
P101156,http://documents.worldbank.org/curated/en/854641468216605838/text/423660PAD0P1011LY10IDA1R20081029711.txt
P101160,http://documents.worldbank.org/curated/en/733371468223475347/text/472600PAD0P101101Official0Use0Only1.txt
P101170,http://documents.worldbank.org/curated/en/481781468005461184/text/39656.txt
P101171,http://documents.worldbank.org/curated/en/710691467999098109/text/441500PAD0P1011e0only10R20081014211.txt
P101190,http://documents.worldbank.org/curated/en/884171468004775369/text/416520PAD0P1011E0ONLY10R20081019911.txt
P101201,http://documents.worldbank.org/curated/en/921871468248665474/text/520520PAD0P101101Official0Use0Only1.txt
P101206,http://documents.worldbank.org/curated/en/859371468006307106/text/41498optmzd01BO.txt
P101209,http://documents.worldbank.org/curated/en/650931468274218421/text/435390PAD0P10117376B01OFF0USE0ONLY1.txt
P101211,http://documents.worldbank.org/curated/en/601961468024628902/text/453770PAD0P1011E0ONLY10R20081025411.txt
P101213,http://documents.worldbank.org/curated/en/421131467997629032/text/39384main0BA0IDA1R20071015111.txt
P101214,http://documents.worldbank.org/curated/en/647821468292494625/text/523920PAD0P101101Official0Use0only1.txt
P101216,http://documents.worldbank.org/curated/en/957211468089129146/text/39665.txt
P101218,http://documents.worldbank.org/curated/en/518531468255853662/text/405140HN.txt
P101258,http://documents.worldbank.org/curated/en/869841468027534520/text/451640PAD0P101101Official0Use0Only1.txt
P101279,http://documents.worldbank.org/curated/en/105071468022429608/text/485920PAD0P101101Official0Use0Only1.txt
P101289,http://documents.worldbank.org/curated/en/167621468320931667/text/723780PAD0P1010Official0Use0Only090.txt
P101298,http://documents.worldbank.org/curated/en/103021468006913048/text/412020BO.txt
P101322,http://documents.worldbank.org/curated/en/541081468037573868/text/418660PAD0P1011ly10IDA1R20081003311.txt
P101324,http://documents.worldbank.org/curated/en/157921468227649523/text/432320PAD0P101101official0use0only1.txt
P101336,http://documents.worldbank.org/curated/en/316771468229474850/text/549710PAD01off1ly10IDA1R20101038411.txt
P101369,http://documents.worldbank.org/curated/en/994381468122378702/text/519250PAD0P101101Official0Use0Only1.txt
P101414,http://documents.worldbank.org/curated/en/717871468288667153/text/515760PAD0P1010e0only0900BOX358362B.txt
P101415,http://documents.worldbank.org/curated/en/825191468305338767/text/537740PAD0P1011y100IDA1R20101014511.txt
P101426,http://documents.worldbank.org/curated/en/304801468228888817/text/412510BO.txt
P101432,http://documents.worldbank.org/curated/en/370671468319159969/text/39864.txt
P101434,http://documents.worldbank.org/curated/en/483321468098381917/text/431620PAD0P101101official0use0only1.txt
P101446,http://documents.worldbank.org/curated/en/451021468273915117/text/440590PAD0P10117391B01OFF0USE0ONLY1.txt
P101456,http://documents.worldbank.org/curated/en/487921468263672661/text/36778-LR.txt
P101473,http://documents.worldbank.org/curated/en/218751468023442647/text/391190ET0IDA1R20071006911.txt
P101474,http://documents.worldbank.org/curated/en/682931468031583456/text/433790PAD0P1011ly10IDA1R20081012711.txt
P101504,http://documents.worldbank.org/curated/en/660981468229500356/text/511850PAD0P1011Official0Use0Only191.txt
P101508,http://documents.worldbank.org/curated/en/282661468017376207/text/463970PAD0P101101Official0Use0Only1.txt
P101525,http://documents.worldbank.org/curated/en/268631468018632481/text/PAD6170P101525010Box385199B00OUO090.txt
P101578,http://documents.worldbank.org/curated/en/188501468081535306/text/744450PAD0P1010official0use0only090.txt
P101614,http://documents.worldbank.org/curated/en/783481468266083961/text/510600PAD0P101101Official0Use0Only1.txt
P101645,http://documents.worldbank.org/curated/en/401371468313491911/text/40771.txt
P101650,http://documents.worldbank.org/curated/en/358181468260107377/text/475720PAD0P1011ly10IDA1R20091024011.txt
P101653,http://documents.worldbank.org/curated/en/263021468035342136/text/419680PAD0P1011e0only10R20081003411.txt
P101684,http://documents.worldbank.org/curated/en/945571468087852096/text/480940PAD0P101101Official0Use0Only1.txt
P101716,http://documents.worldbank.org/curated/en/215141468028810268/text/490180PAD0P101101Official0Use0Only1.txt
P101745,http://documents.worldbank.org/curated/en/426821468018032153/text/400280PAD0P1011nly10IDAR20081003411.txt
P101750,http://documents.worldbank.org/curated/en/523511468265780351/text/433510PAD0P1011ly10IDA1R20081017111.txt
P101829,http://documents.worldbank.org/curated/en/311451468220782318/text/462910PAD0P101101Official0Use0Only1.txt
P101852,http://documents.worldbank.org/curated/en/389591468030671343/text/39198.txt
P101928,http://documents.worldbank.org/curated/en/296201468273026880/text/41457optmzd0P1019280R20071024611.txt
P101964,http://documents.worldbank.org/curated/en/540461468298451538/text/37772.txt
P101988,http://documents.worldbank.org/curated/en/854231468025141515/text/421240PAD0P1011E0ONLY10R20081018811.txt
P102000,http://documents.worldbank.org/curated/en/514181468254355062/text/473240PAD0CORR10BOX338916B01PUBLIC1.txt
P102031,http://documents.worldbank.org/curated/en/201931468279875705/text/420420PAD0P10217365B01off0use0only1.txt
P102117,http://documents.worldbank.org/curated/en/771551468207852302/text/409730PAD0P1021ly10IDASecM200810177.txt
P102119,http://documents.worldbank.org/curated/en/945101468334144163/text/463430PAD0P102101Official0Use0Only1.txt
P102172,http://documents.worldbank.org/curated/en/373041468122338761/text/461150PAD0P102101Official0Use0Only1.txt
P102174,http://documents.worldbank.org/curated/en/356181468264528568/text/41307.txt
P102177,http://documents.worldbank.org/curated/en/984331468038349333/text/507680PAD0P102101Official0Use0Only1.txt
P102262,http://documents.worldbank.org/curated/en/852011468334465983/text/388550TZ0IDA1R20071005111.txt
P102284,http://documents.worldbank.org/curated/en/192201468216606460/text/422490PAD0Box31ly10IDA1R20081017411.txt
P102299,http://documents.worldbank.org/curated/en/974731468006315852/text/431120PAD0P1021e0only10R20081014311.txt
P102329,http://documents.worldbank.org/curated/en/393431468051292577/text/584050PAD0P1021OFFICIAL0USE0ONLY191.txt
P102330,http://documents.worldbank.org/curated/en/460491468267009133/text/624690PAD0IDA00Official0Use0Only090.txt
P102365,http://documents.worldbank.org/curated/en/518361468026676405/text/445390Replacem1334114B0R20081024512.txt
P102368,http://documents.worldbank.org/curated/en/500121468199172766/text/467570PAD0P102101Official0Use0Only1.txt
P102376,http://documents.worldbank.org/curated/en/115591468026981205/text/566040PAD0P1023760IDA1R20111000211.txt
P102396,http://documents.worldbank.org/curated/en/596501468287113854/text/432560PAD0P10217391B01OFF0USE0ONLY1.txt
P102398,http://documents.worldbank.org/curated/en/627471468045568593/text/521400PAD0P102101Official0Use0Only1.txt
P102459,http://documents.worldbank.org/curated/en/973891468336580921/text/582640PAD0P10210only1910BOX358312B0.txt
P102479,http://documents.worldbank.org/curated/en/310081468016776745/text/493040PAD0P102101Official0Use0Only1.txt
P102487,http://documents.worldbank.org/curated/en/707511468040481758/text/468230PAD0P102101Official0Use0Only1.txt
P102527,http://documents.worldbank.org/curated/en/825121468060290622/text/492890PAD0GPOB101Official0Use0Only1.txt
P102547,http://documents.worldbank.org/curated/en/961531468041437870/text/411140PAD0P1021ly10IDA1R20081008611.txt
P102549,http://documents.worldbank.org/curated/en/612621468259774005/text/484700PAD0IDA11C0disclosed031181101.txt
P102608,http://documents.worldbank.org/curated/en/582481468325217093/text/475910PAD0P102101Official0Use0Only1.txt
P102624,http://documents.worldbank.org/curated/en/183211468042339900/text/437270PAD0P1021OFFICIAL0USE0ONLY191.txt
P102627,http://documents.worldbank.org/curated/en/329231468284089936/text/719250PAD0Buff0se0Only090Box367902B.txt
P102732,http://documents.worldbank.org/curated/en/793631468261874794/text/445370PAD0P1021and0GEF1R20081002211.txt
P102733,http://documents.worldbank.org/curated/en/802131468194364775/text/588090PAD0P102010Box379877B00OUO090.txt
P102768,http://documents.worldbank.org/curated/en/909001468267868302/text/38774.txt
P102771,http://documents.worldbank.org/curated/en/736261468044088591/text/421320PAD0corr101Official0Use0only1.txt
P102778,http://documents.worldbank.org/curated/en/966461468246319394/text/39219.txt
P102931,http://documents.worldbank.org/curated/en/953791468232497531/text/39105.txt
P103022,http://documents.worldbank.org/curated/en/104521468256148995/text/451860PAD0REPL1ILE0IDA1R20091008913.txt
P103037,http://documents.worldbank.org/curated/en/155911468273019836/text/541470PAD0P1031ly10IDA1R20101013511.txt
P103063,http://documents.worldbank.org/curated/en/897331468266980391/text/563410PAD0P1031e0only1910BOX353791B.txt
P103160,http://documents.worldbank.org/curated/en/509551468291941285/text/472880PAD0P103101Official0Use0Only1.txt
P103238,http://documents.worldbank.org/curated/en/453111468132887495/text/472090PAD0P103101Official0Use0Only1.txt
P103441,http://documents.worldbank.org/curated/en/467691468236082650/text/402700Chile0R20071017111.txt
P103457,http://documents.worldbank.org/curated/en/190691468040155969/text/383430IND0PAD0101OFFICIAL0USE0ONLY1.txt
P103470,http://documents.worldbank.org/curated/en/381761468079128771/text/583050PAD0P1030official0use0only090.txt
P103499,http://documents.worldbank.org/curated/en/565621468333315480/text/544570PAD0IDA1R20111003811.txt
P103539,http://documents.worldbank.org/curated/en/787121468036336927/text/39120main.txt
P103606,http://documents.worldbank.org/curated/en/327641468087883160/text/38898optmzd.txt
P103633,http://documents.worldbank.org/curated/en/399231468313495256/text/433990PAD0P10317372B01off0use0only1.txt
P103639,http://documents.worldbank.org/curated/en/307891468194651318/text/561450PAD0P1031M1PAD1Jul311091clean.txt
P103773,http://documents.worldbank.org/curated/en/613261468088486682/text/39633.txt
P103881,http://documents.worldbank.org/curated/en/703351468032146411/text/39570.txt
P103922,http://documents.worldbank.org/curated/en/703541468334820231/text/503530PAD0CORR101Official0Use0Only1.txt
P103950,http://documents.worldbank.org/curated/en/760591468271533100/text/418850PAD0P10317374B01off0use0only1.txt
P103974,http://documents.worldbank.org/curated/en/643161468053338211/text/471950PAD0P103101Official0Use0Only1.txt
P103999,http://documents.worldbank.org/curated/en/564051468014343642/text/546970PAD0P103101Official0Use0Only1.txt
P104015,http://documents.worldbank.org/curated/en/962331468053350208/text/593080PAD0P1041OFFICIAL0USE0ONLY191.txt
P104034,http://documents.worldbank.org/curated/en/985361468255853355/text/457910PAD0P1041LY10IDA1R20081032711.txt
P104041,http://documents.worldbank.org/curated/en/660531468019231802/text/417480PAD0P1041ly10IDA1R20081006511.txt
P104164,http://documents.worldbank.org/curated/en/600761468051290938/text/593930PAD0P1040se0only0900BOX361487.txt
P104257,http://documents.worldbank.org/curated/en/293231468319566358/text/417980PAD0P1041ly10IDAR200081006011.txt
P104265,http://documents.worldbank.org/curated/en/192371468057551166/text/430970PAD0P10417376B01OFF0USE0ONLY1.txt
P104266,http://documents.worldbank.org/curated/en/953411468312860085/text/487040PAD0P104101Official0Use0Only1.txt
P104357,http://documents.worldbank.org/curated/en/580071468040154671/text/383380IND0PAD1101OFFICIAL0USE0ONLY1.txt
P104405,http://documents.worldbank.org/curated/en/761431468099578593/text/493020PAD0GPOB101Official0Use0Only1.txt
P104456,http://documents.worldbank.org/curated/en/155771468010897585/text/439040PAD0P0101se0only10IDAR1019511.txt
P104467,http://documents.worldbank.org/curated/en/255391468205447152/text/38149.txt
P104523,http://documents.worldbank.org/curated/en/994571468212675222/text/40156.txt
P104525,http://documents.worldbank.org/curated/en/925231468224688197/text/426430PAD0P1041ly10IDA1r20081018111.txt
P104566,http://documents.worldbank.org/curated/en/818111468321281624/text/393070IDA1R20071022911.txt
P104567,http://documents.worldbank.org/curated/en/546601468240308475/text/R20070016701main.txt
P104670,http://documents.worldbank.org/curated/en/623281468015005022/text/465070PAD0P104101Official0Use0only1.txt
P104687,http://documents.worldbank.org/curated/en/806161468242641942/text/526880PAD0P104101Official0Use0Only1.txt
P104690,http://documents.worldbank.org/curated/en/385991468034144089/text/38540.txt
P104743,http://documents.worldbank.org/curated/en/362131468281376308/text/449300PAD0P104101Official0Use0Only1.txt
P104749,http://documents.worldbank.org/curated/en/193351468032935183/text/511330PAD0P104101Official0Use0Only1.txt
P104752,http://documents.worldbank.org/curated/en/981371468015595705/text/404891REPLACEM1UBLIC10R200811022814.txt
P104760,http://documents.worldbank.org/curated/en/883751468075832266/text/511280PAD0box01OFFICIAL0USE0ONLY191.txt
P104794,http://documents.worldbank.org/curated/en/368161468304458833/text/40747.txt
P104806,http://documents.worldbank.org/curated/en/876241468051035874/text/540090PAD0Box30official0use0only090.txt
P104848,http://documents.worldbank.org/curated/en/294951468129595858/text/38504.txt
P104881,http://documents.worldbank.org/curated/en/103861468198861859/text/430190PAD0P104101official0use0only1.txt
P104945,http://documents.worldbank.org/curated/en/312711468111247533/text/492960PAD0GPOB101Official0Use0Only1.txt
P104946,http://documents.worldbank.org/curated/en/846071468183254015/text/492970PAD0GPOB1emen0Safe0Motherhood.txt
P104960,http://documents.worldbank.org/curated/en/384371468283735541/text/433580PAD0P1041E0ONLY10R20081019111.txt
P104994,http://documents.worldbank.org/curated/en/752121468277509387/text/421080PAD0P1041ly10IDA1R20081003511.txt
P104995,http://documents.worldbank.org/curated/en/782641468015060338/text/513040PAD0P104101Official0Use0Only1.txt
P105002,http://documents.worldbank.org/curated/en/247831468258867479/text/424090PAD0P10510and0IDAR20081010611.txt
P105024,http://documents.worldbank.org/curated/en/380331468038932362/text/422890PAD0P1051e0only10R20081007911.txt
P105036,http://documents.worldbank.org/curated/en/369431468272978763/text/468240PAD0P105101Official0Use0Only1.txt
P105075,http://documents.worldbank.org/curated/en/283781468325217376/text/482990PAD0P105101Official0Use0Only1.txt
P105092,http://documents.worldbank.org/curated/en/720131468036344931/text/39516.txt
P105101,http://documents.worldbank.org/curated/en/232731468002433016/text/475570PAD0P105101Official0Use0Only1.txt
P105116,http://documents.worldbank.org/curated/en/746911468221395128/text/426160PAD0P10517369B01off0use0only1.txt
P105122,http://documents.worldbank.org/curated/en/384431468049803705/text/493920Revised01Public10R20091019612.txt
P105164,http://documents.worldbank.org/curated/en/362361468242973474/text/413090PAD0P105121468B00R20081002411.txt
P105176,http://documents.worldbank.org/curated/en/645641468305054452/text/436950PAD0P1051y10IDA1SecM200810420.txt
P105229,http://documents.worldbank.org/curated/en/917981468236685397/text/398920PAD0P0841ly10GEF1R20081000411.txt
P105256,http://documents.worldbank.org/curated/en/827371468271202212/text/437670PAD0P1051and0GEF1R20081001411.txt
P105269,http://documents.worldbank.org/curated/en/990841468273330396/text/729790PAD0P1050OFFICIAL0USE0ONLY090.txt
P105288,http://documents.worldbank.org/curated/en/368891468002649154/text/39558.txt
P105311,http://documents.worldbank.org/curated/en/416521468260056122/text/605290PAD0P1050e0only0900BOX361539B.txt
P105329,http://documents.worldbank.org/curated/en/503531468047754008/text/37455.txt
P105331,http://documents.worldbank.org/curated/en/503531468047754008/text/37455.txt
P105403,http://documents.worldbank.org/curated/en/717131468143396252/text/666710PAD0P1050C0disclosed040300120.txt
P105404,http://documents.worldbank.org/curated/en/722131468339074193/text/476490PAD0P105101Official0Use0Only1.txt
P105651,http://documents.worldbank.org/curated/en/978631468038133125/text/492990PAD0GPOB101OFFICIAL0USE0ONLY1.txt
P105669,http://documents.worldbank.org/curated/en/940261468056653846/text/449570PAD0P1051E0ONLY10R20091000111.txt
P105711,http://documents.worldbank.org/curated/en/135661468002424405/text/39901main.txt
P105860,http://documents.worldbank.org/curated/en/395541468053639206/text/41317010NP.txt
P105872,http://documents.worldbank.org/curated/en/462431468018604342/text/521450PAD0P105101Official0Use0Only1.txt
P105881,http://documents.worldbank.org/curated/en/997591468113083201/text/454620PAD0P1051and0IDA1R20081031611.txt
P105897,http://documents.worldbank.org/curated/en/704691468286786160/text/559970PAD0P10510Box358325B01PUBLIC1.txt
P105990,http://documents.worldbank.org/curated/en/232061468284091155/text/531840PAD0P105101Official0Use0Only1.txt
P106038,http://documents.worldbank.org/curated/en/109431468015035601/text/408910PAD0P106101official0use0only1.txt
P106063,http://documents.worldbank.org/curated/en/383221468212083654/text/489650PAD0342008B01PUBLIC1.txt
P106161,http://documents.worldbank.org/curated/en/107231468201543865/text/439550PAD0P10612451101off0use0only1.txt
P106172,http://documents.worldbank.org/curated/en/796771468288655228/text/Nigeria-Electricity-and-Gas-Improvement-Project.txt
P106208,http://documents.worldbank.org/curated/en/929071468015874845/text/431840PAD0BR0P101Official0Use0Only1.txt
P106216,http://documents.worldbank.org/curated/en/126981467998483226/text/448270PAD0BD0P101Official0Use0Only1.txt
P106228,http://documents.worldbank.org/curated/en/343591468032067993/text/421710PAD0P1061ly10IDA1R20081007011.txt
P106235,http://documents.worldbank.org/curated/en/364661468136778211/text/581780PAD0repl01100110020BOX358352B.txt
P106261,http://documents.worldbank.org/curated/en/137921468045850600/text/448600PAD0ADDE11120GEF1R20091000112.txt
P106280,http://documents.worldbank.org/curated/en/198331468096841090/text/474530PAD0IDA11C0disclosed071281091.txt
P106283,http://documents.worldbank.org/curated/en/258331468108871295/text/429080PAD0P10617379B01OFF0USE0ONLY1.txt
P106284,http://documents.worldbank.org/curated/en/608031468338987781/text/431740PAD0P106101official0use0only1.txt
P106332,http://documents.worldbank.org/curated/en/485601468003560874/text/417950PAD0P1061ly100IDAR20081021911.txt
P106355,http://documents.worldbank.org/curated/en/543101468057313498/text/462200PAD0P1061ly10IDA1R20091000311.txt
P106369,http://documents.worldbank.org/curated/en/653571468194653665/text/452990PAD0P1061Y10IDA1SecM200810592.txt
P106384,http://documents.worldbank.org/curated/en/973261468260331819/text/601390PAD0P1061OFFICIAL0USE0ONLY191.txt
P106390,http://documents.worldbank.org/curated/en/238411468238747357/text/489150PAD0P106101Official0Use0Only1.txt
P106424,http://documents.worldbank.org/curated/en/142421468052473744/text/543030PAD0R2011ltaneous0disclosure1.txt
P106443,http://documents.worldbank.org/curated/en/850741468295533196/text/NonAsciiFileName0.txt
P106445,http://documents.worldbank.org/curated/en/781171468146695095/text/428660PAD0P1061E0ONLY10R20081016311.txt
P106528,http://documents.worldbank.org/curated/en/574851468050661075/text/462710PAD0P1061E0ONLY10R20081024111.txt
P106589,http://documents.worldbank.org/curated/en/458551468300619057/text/416410PAD0P1061e0only10R20081014411.txt
P106596,http://documents.worldbank.org/curated/en/505791468169472400/text/470630PAD0P106101Official0Use0Only1.txt
P106603,http://documents.worldbank.org/curated/en/748831468225281424/text/424270PAD0P1061ly10IDA1R20081010411.txt
P106605,http://documents.worldbank.org/curated/en/734251468020946567/text/493110PAD0P1061ficial0Use0Only01091.txt
P106619,http://documents.worldbank.org/curated/en/214601468025744112/text/497310PAD0P1061E0ONLY10R20091021011.txt
P106621,http://documents.worldbank.org/curated/en/112731468257080504/text/424490PAD0P106101official0use0only1.txt
P106622,http://documents.worldbank.org/curated/en/820911468262541486/text/427190PAD0P10610only100R20081008011.txt
P106623,http://documents.worldbank.org/curated/en/959581468208170085/text/421940PAD0Box31e0only10R20081016711.txt
P106628,http://documents.worldbank.org/curated/en/691281468241482817/text/509020PAD0P106101Official0Use0Only1.txt
P106663,http://documents.worldbank.org/curated/en/120891468237591405/text/432550PAD0P106101Official0Use0Only1.txt
P106680,http://documents.worldbank.org/curated/en/612261468033550045/text/479170PAD0P1060e0only0900BOX361487B.txt
P106684,http://documents.worldbank.org/curated/en/865861467999094255/text/430000PAD0P1061E0ONLY10R20081018911.txt
P106685,http://documents.worldbank.org/curated/en/351101468000599541/text/57359-PAD-P106685-R2015-0098-1-Box391446B-OUO-9.txt
P106686,http://documents.worldbank.org/curated/en/162041468146695368/text/437570PAD0P1061E0ONLY10R20081016411.txt
P106699,http://documents.worldbank.org/curated/en/674301468251114577/text/427370PAD0P10617374B01off0use0only1.txt
P106700,http://documents.worldbank.org/curated/en/254031468227711251/text/578240PAD0P1067000IDA0R20110025201.txt
P106702,http://documents.worldbank.org/curated/en/125731468020397858/text/502920PAD0P1061Official0Use0Only191.txt
P106703,http://documents.worldbank.org/curated/en/119821468227663009/text/536200PAD0P106101Official0Use0Only1.txt
P106735,http://documents.worldbank.org/curated/en/905941467997620834/text/585040PAD0P1061OFFICIAL0USE0ONLY191.txt
P106752,http://documents.worldbank.org/curated/en/475111468009325476/text/451650PAD0P1061E0ONLY10R20081019011.txt
P106765,http://documents.worldbank.org/curated/en/922231468232730059/text/450840PAD0P1061E0ONLY10R20081019311.txt
P106768,http://documents.worldbank.org/curated/en/640171468014400349/text/528140R20101019911.txt
P106794,http://documents.worldbank.org/curated/en/294651468229164327/text/493060PAD0P106101OFFICIAL0Use0ONLY1.txt
P106851,http://documents.worldbank.org/curated/en/759551468027229311/text/428390PAD0P1061ly10IDA1R20081012511.txt
P106855,http://documents.worldbank.org/curated/en/258681468023106655/text/451400PAD0P1061LY10IDA1R20081031311.txt
P106870,http://documents.worldbank.org/curated/en/824651468060882596/text/562620PAD01public10IDA1R20101035211.txt
P106872,http://documents.worldbank.org/curated/en/158661468256172404/text/467370PAD0P106101Official0Use0Only1.txt
P106885,http://documents.worldbank.org/curated/en/265961468332664289/text/541010PAD0Box31ly10GEF1R20101000611.txt
P106899,http://documents.worldbank.org/curated/en/753941468053973366/text/410340IDA1SecM1401related0to0357011.txt
P106906,http://documents.worldbank.org/curated/en/328841468061501129/text/430320PAD0P1061E0ONLY10R20081023711.txt
P106909,http://documents.worldbank.org/curated/en/362301468237297500/text/473920PAD0P106101Official0Use0Only1.txt
P106956,http://documents.worldbank.org/curated/en/862341468241469417/text/486630PAD0P1061e0only10R20101001611.txt
P106975,http://documents.worldbank.org/curated/en/148871468247874536/text/529950PAD0P106101Official0Use0Only1.txt
P106982,http://documents.worldbank.org/curated/en/813701468244798193/text/531160PAD0P106101Official0Use0Only1.txt
P107050,http://documents.worldbank.org/curated/en/902601468334223179/text/538100PAD0Box31ly10IDA1R20101012011.txt
P107139,http://documents.worldbank.org/curated/en/234841468256201143/text/429270PAD0P10710and0IDAR20081007211.txt
P107146,http://documents.worldbank.org/curated/en/871561468021550743/text/462170PAD0P1071E0ONLY10R20081025811.txt
P107159,http://documents.worldbank.org/curated/en/346751468045048108/text/515820PAD0P107101Official0Use0Only1.txt
P107254,http://documents.worldbank.org/curated/en/824291468273358946/text/439570PAD0P1071ly10IDA1R20081018911.txt
P107300,http://documents.worldbank.org/curated/en/235111468073731706/text/476420PAD0P107101Offciial0Use0Only1.txt
P107311,http://documents.worldbank.org/curated/en/933691468287154210/text/526910PAD0P107101Official0Use0Only1.txt
P107314,http://documents.worldbank.org/curated/en/942501468048258606/text/660630PAD0P1070Official0Use0Only090.txt
P107343,http://documents.worldbank.org/curated/en/624141468242952840/text/532190PAD0P107101Official0Use0Only1.txt
P107350,http://documents.worldbank.org/curated/en/391511468321880293/text/637940PAD0P1070e0only0900BOX361532B.txt
P107375,http://documents.worldbank.org/curated/en/951541468266381372/text/481390PAD0P107101Official0Use0Only1.txt
P107407,http://documents.worldbank.org/curated/en/177131468042544628/text/502830PAD0P107101Official0Use0only1.txt
P107456,http://documents.worldbank.org/curated/en/983631468232475988/text/528420PAD0P107101Official0Use0Only1.txt
P107473,http://documents.worldbank.org/curated/en/746191468287370581/text/448010PAD0P107101Official0Use0Only1.txt
P107559,http://documents.worldbank.org/curated/en/278071468018861741/text/451660PAD0Chin101Official0Use0Only1.txt
P107598,http://documents.worldbank.org/curated/en/674351468287756944/text/595900P1075980IDA1R20111004011.txt
P107608,http://documents.worldbank.org/curated/en/576841468045072371/text/499150PAD0P107101Official0Use0Only1.txt
P107612,http://documents.worldbank.org/curated/en/658711468062677528/text/423000PAD0P10717362B01off0use0only1.txt
P107617,http://documents.worldbank.org/curated/en/491241468222000283/text/588350PAD0P1071OFFICIAL0USE0ONLY191.txt
P107648,http://documents.worldbank.org/curated/en/672351468267289248/text/637080PAD0P1070C0disclosed030160120.txt
P107649,http://documents.worldbank.org/curated/en/827871468042298605/text/590890PAD0P10710only1910BOX358303B0.txt
P107661,http://documents.worldbank.org/curated/en/103451468258289377/text/450430PAD0P1071E0ONLY10R20081020911.txt
P107666,http://documents.worldbank.org/curated/en/506571468294326664/text/476890PAD0P107101Official0Use0Only1.txt
P107722,http://documents.worldbank.org/curated/en/888871468171872875/text/598010PAD0P1071e0only1910BOX358303B.txt
P107772,http://documents.worldbank.org/curated/en/559921468207245554/text/472250PAD0P107101Official0Use0Only1.txt
P107782,http://documents.worldbank.org/curated/en/775381468145183554/text/537180PAD0P107101Official0Use0Only1.txt
P107833,http://documents.worldbank.org/curated/en/785161468193759664/text/418980PAD0P10710810138110Box327374B.txt
P107840,http://documents.worldbank.org/curated/en/958101468050699540/text/422000PAD0P1071e0only10R20081007411.txt
P107843,http://documents.worldbank.org/curated/en/613101468223199691/text/433190PAD0BR0P101Official0Use0Only1.txt
P107845,http://documents.worldbank.org/curated/en/348961468133153861/text/483490PAD0P107101Official0Use0Only1.txt
P107847,http://documents.worldbank.org/curated/en/358211468302396200/text/484450PAD0P107101Official0Use0Only1.txt
P107851,http://documents.worldbank.org/curated/en/219901468238758990/text/516570PAD0P107101Official0Use0Only1.txt
P107981,http://documents.worldbank.org/curated/en/559931468300647992/text/409470PAD0P1071ly10IDA1R20081005111.txt
P107992,http://documents.worldbank.org/curated/en/583301468275683764/text/447450PAD0P1071E0ONLY10R20081024011.txt
P107998,http://documents.worldbank.org/curated/en/598961468199783154/text/427990PAD0P1071and0IDA1R20081029511.txt
P108005,http://documents.worldbank.org/curated/en/449831468102866922/text/470690PAD0P108101Official0Use0Only1.txt
P108023,http://documents.worldbank.org/curated/en/523121468205766684/text/450560PAD0P108101Official0Use0Only1.txt
P108069,http://documents.worldbank.org/curated/en/602731468336617795/text/461660PAD0CORR10Box338913B01PUBLIC1.txt
P108078,http://documents.worldbank.org/curated/en/776491468300648306/text/434180PAD0P10817376B01OFF0USE0ONLY1.txt
P108080,http://documents.worldbank.org/curated/en/462411468292488299/text/41528.txt
P108143,http://documents.worldbank.org/curated/en/911261468056661799/text/462720PAD0P108101Official0Use0Only1.txt
P108144,http://documents.worldbank.org/curated/en/169131468167666256/text/489040PAD0P108101Official0Use0Only1.txt
P108178,http://documents.worldbank.org/curated/en/261301468302427932/text/440450Replacem10as0previous0record1.txt
P108253,http://documents.worldbank.org/curated/en/897831468324003322/text/470800PAD0P108101Official0Use0Only1.txt
P108368,http://documents.worldbank.org/curated/en/772181468009323985/text/497000PAD0P108101Official0Use0Only1.txt
P108440,http://documents.worldbank.org/curated/en/172281468052812632/text/485040PAD0P108101Official0Use0Only1.txt
P108443,http://documents.worldbank.org/curated/en/773091468021252579/text/471920PAD0Box31e0only10R20101010511.txt
P108444,http://documents.worldbank.org/curated/en/131281468057338184/text/522040PAD0P108101Official0Use0Only1.txt
P108525,http://documents.worldbank.org/curated/en/599191468277512734/text/437660PAD0P10812161101OFF0USE0ONLY1.txt
P108583,http://documents.worldbank.org/curated/en/472281468204838204/text/39383.txt
P108592,http://documents.worldbank.org/curated/en/726041468215687522/text/655350PAD0P1080Official0Use0Only090.txt
P108627,http://documents.worldbank.org/curated/en/741791468218098023/text/484770PAD0P1081e0only10R20101011211.txt
P108654,http://documents.worldbank.org/curated/en/743431468232765097/text/517190PAD0P108101Official0Use0Only1.txt
P108768,http://documents.worldbank.org/curated/en/754231468288033118/text/438570PAD0P10817391B01OFF0USE0ONLY1.txt
P108791,http://documents.worldbank.org/curated/en/697251468230349728/text/430720PAD0P10817376B01OFF0USE0ONLY1.txt
P108879,http://documents.worldbank.org/curated/en/709151468009987553/text/603750PAD0P1081e0only1910BOX358324B.txt
P108885,http://documents.worldbank.org/curated/en/401561468129278239/text/445750PAD0P1081LY10IDA1R20081026211.txt
P108932,http://documents.worldbank.org/curated/en/184481468024333976/text/434720PAD0P10817376B01OFF0USE0ONLY1.txt
P109024,http://documents.worldbank.org/curated/en/224081468267043391/text/468250PAD0IN0E1Box0338860B01PUBLIC1.txt
P109126,http://documents.worldbank.org/curated/en/221651468131974450/text/434790PAD0P10917376B01OFF0USE0ONLY1.txt
P109224,http://documents.worldbank.org/curated/en/381651468315313767/text/545040PAD0P109101Official0Use0Only1.txt
P109588,http://documents.worldbank.org/curated/en/272741468016268293/text/438800PAD0P1091ly10IDA1R20081020111.txt
P109648,http://documents.worldbank.org/curated/en/926621468015645710/text/467520PAD0KH0T1010disclosed0jan0131.txt
P109683,http://documents.worldbank.org/curated/en/570831468271849898/text/474940PAD0P109101Official0Use0Only1.txt
P109691,http://documents.worldbank.org/curated/en/169331468053693375/text/428060PAD0P10917379B01OFF0USE0ONLY1.txt
P109710,http://documents.worldbank.org/curated/en/830171468268827670/text/473220PAD0P1091LIC10JRF1GTZPAD01-09.txt
P109736,http://documents.worldbank.org/curated/en/897571468045026455/text/509180PAD0P109101Official0Use0Only1.txt
P109737,http://documents.worldbank.org/curated/en/900181468333869687/text/548880PAD0P109101Official0Use0Only1.txt
P109804,http://documents.worldbank.org/curated/en/235481468257951833/text/473740PAD0ID0P101Official0Use0Only1.txt
P109961,http://documents.worldbank.org/curated/en/174301468002391291/text/418060PAD0P10917369B01off0use0only1.txt
P109964,http://documents.worldbank.org/curated/en/875321468007786394/text/428670Burundi0Box327362B01PUBLIC1.txt
P109986,http://documents.worldbank.org/curated/en/199141468113089232/text/503720PAD0P109101Official0Use0Only1.txt
P110018,http://documents.worldbank.org/curated/en/336411468255881142/text/539270PAD0P1101Official0Use0Only191.txt
P110050,http://documents.worldbank.org/curated/en/496691468033674598/text/633070PAD0P1100Official0Use0Only090.txt
P110051,http://documents.worldbank.org/curated/en/334481468051262219/text/474070PAD0P110101Official0Use0Only1.txt
P110075,http://documents.worldbank.org/curated/en/644301468200933603/text/474810PAD0P110101Official0Use0Only1.txt
P110092,http://documents.worldbank.org/curated/en/486321468290962865/text/448800PAD0P1101ly10IDA1R20081031011.txt
P110099,http://documents.worldbank.org/curated/en/733401468059088323/text/437840PAD0P11017396B01OFF0USE0ONLY1.txt
P110126,http://documents.worldbank.org/curated/en/773851468037727207/text/447840PAD0P1101NLY10IDAR20081028011.txt
P110156,http://documents.worldbank.org/curated/en/378631468304488898/text/528750PAD0P1101560R20111003711.txt
P110267,http://documents.worldbank.org/curated/en/756701468044969407/text/469430PAD0KG0P101Official0Use0Only1.txt
P110371,http://documents.worldbank.org/curated/en/290511468268511611/text/511450PAD0P1101TP1IBRD1Nov0901final.txt
P110446,http://documents.worldbank.org/curated/en/896191468271205748/text/431160PAD0P11017391B01OFF0USE0ONLY1.txt
P110462,http://documents.worldbank.org/curated/en/738771468206067978/text/444690PAD0P1101f0cover0R20081016211.txt
P110481,http://documents.worldbank.org/curated/en/118011468203365427/text/437780PAD0P1101ly10IDASecM200810433.txt
P110535,http://documents.worldbank.org/curated/en/850221493964311624/text/42945-PAD-P110535-PUBLIC-PAD-June-2010-Report-No-42945-SL.txt
P110538,http://documents.worldbank.org/curated/en/705871468127471801/text/493930PAD0P1101ly10IDA1R20091024911.txt
P110599,http://documents.worldbank.org/curated/en/831261467998216132/text/561440PAD0P1105990R20101029511.txt
P110614,http://documents.worldbank.org/curated/en/880911468019761321/text/432810PAD0P1101e0only10R20081018711.txt
P110616,http://documents.worldbank.org/curated/en/681021468192879986/text/464320PAD01no0101OFFICIAL0USE0ONLY1.txt
P110632,http://documents.worldbank.org/curated/en/994981468242087524/text/555520PAD0P1106320R20111008811.txt
P110635,http://documents.worldbank.org/curated/en/638001468267610784/text/543930PAD0P1101Official0Use0Only191.txt
P110661,http://documents.worldbank.org/curated/en/716871468025196123/text/611120PAD0P1100e0only0900BOX358355B.txt
P110679,http://documents.worldbank.org/curated/en/273301468002380628/text/425550PAD0P11017382B01OFF0USE0ONLY1.txt
P110693,http://documents.worldbank.org/curated/en/717521468338360849/text/545700PAD0P110101Official0Use0Only1.txt
P110752,http://documents.worldbank.org/curated/en/189491468146083256/text/565760PAD0P1101official0use0only191.txt
P110803,http://documents.worldbank.org/curated/en/431601468308682132/text/447640PAD0Ugan101Official0Use0Only1.txt
P110841,http://documents.worldbank.org/curated/en/256841468309572853/text/550380PAD0P1101Official0use0only191.txt
P110845,http://documents.worldbank.org/curated/en/313301467992474337/text/433800PAD0Box311and0IDAR20081017611.txt
P110910,http://documents.worldbank.org/curated/en/422911468031171978/text/562410PAD0P1101OFFICIAL0USE0ONLY191.txt
P110959,http://documents.worldbank.org/curated/en/526321468285326877/text/514930PAD0P110101Official0Use0Only1.txt
P110978,http://documents.worldbank.org/curated/en/219511468046150371/text/506640PAD0P110101Official0Use0only1.txt
P111017,http://documents.worldbank.org/curated/en/158541468202752929/text/565120PAD0P1111e0only1910BOX358366B.txt
P111034,http://documents.worldbank.org/curated/en/622381468263088609/text/659730PAD0R20110027601.txt
P111064,http://documents.worldbank.org/curated/en/723951468310497771/text/473970PAD0P111101Official0Use0Only1.txt
P111153,http://documents.worldbank.org/curated/en/945271468130178189/text/518810PAD0P1111ly10IDA1R20101013411.txt
P111155,http://documents.worldbank.org/curated/en/943201468310539305/text/571620PAD0P1111e0only1910BOX358366B.txt
P111163,http://documents.worldbank.org/curated/en/371951468025139884/text/524500PAD0P111101Official0Use0Only1.txt
P111205,http://documents.worldbank.org/curated/en/821411468032934888/text/591200PAD0P11111201201110BOX358271B.txt
P111290,http://documents.worldbank.org/curated/en/391361468032411658/text/463220PAD0P111101Official0Use0Only1.txt
P111330,http://documents.worldbank.org/curated/en/224371468009576741/text/450170PAD0P111101Official0Use0Only1.txt
P111394,http://documents.worldbank.org/curated/en/951621468137973426/text/492780PAD0P111101Official0Use0Only1.txt
P111421,http://documents.worldbank.org/curated/en/491561468261264905/text/450590PAD0P1111e0only10R20101008911.txt
P111432,http://documents.worldbank.org/curated/en/289111468008748656/text/484340PAD0Box338934B01Official0Use0Only1.txt
P111479,http://documents.worldbank.org/curated/en/346111468026366389/text/543110PAD0REPL10BOX353792B01public1.txt
P111545,http://documents.worldbank.org/curated/en/419831468048275018/text/440400PAD0P111101Official0Use0Only1.txt
P111546,http://documents.worldbank.org/curated/en/973531468285056714/text/530900PAD0revi1IC10IDA1R20101005912.txt
P111548,http://documents.worldbank.org/curated/en/860511468177550359/text/578090PAD0P1110OFFICIAL0USE0ONLY060.txt
P111556,http://documents.worldbank.org/curated/en/704881468209673469/text/493940PAD0P1111ly10IDA1R20101012911.txt
P111567,http://documents.worldbank.org/curated/en/591991468307136685/text/481160PAD0P111101Official0Use0Only1.txt
P111577,http://documents.worldbank.org/curated/en/469171468284127865/text/536130PAD0P1111e0only10R20101010411.txt
P111592,http://documents.worldbank.org/curated/en/546561468286522452/text/509930PAD0P111101Official0Use0Only1.txt
P111598,http://documents.worldbank.org/curated/en/144141468311401532/text/535570PAD0P1111Official0Use0Only191.txt
P111633,http://documents.worldbank.org/curated/en/670231468111870911/text/467560PAD0P111101Official0Use0Only1.txt
P111661,http://documents.worldbank.org/curated/en/258391468231854219/text/637640PAD0P1110Official0Use0Only090.txt
P111669,http://documents.worldbank.org/curated/en/547031468304184848/text/613720PAD0P111055B00public050120110.txt
P111741,http://documents.worldbank.org/curated/en/580791468141889754/text/485150PAD0Box31ly10IDA1R20091023811.txt
P111760,http://documents.worldbank.org/curated/en/957711468308647215/text/527850PAD0IDA1R20111003011.txt
P111780,http://documents.worldbank.org/curated/en/146911468200665469/text/513580PAD0P111101Official0Use0Only1.txt
P111795,http://documents.worldbank.org/curated/en/692131468290993591/text/561990PAD01public10IDAR20101035011.txt
P111840,http://documents.worldbank.org/curated/en/187311468008103522/text/475370PAD0P111101Official0Use0Only1.txt
P111928,http://documents.worldbank.org/curated/en/176671468199162948/text/550450PAD0P1111Official0use0only191.txt
P111942,http://documents.worldbank.org/curated/en/409251468206336321/text/667100PAD0P1110Official0Use0Only090.txt
P111996,http://documents.worldbank.org/curated/en/209891468017466637/text/467550PAD0P111101Official0Use0Only1.txt
P112011,http://documents.worldbank.org/curated/en/360321468256128505/text/567140PAD0P1121OFFICIAL0USE0ONLY191.txt
P112033,http://documents.worldbank.org/curated/en/464591468050927433/text/477710PAD0P112101Official0Use0Only1.txt
P112073,http://documents.worldbank.org/curated/en/548771468224085871/text/590140PAD0P1120e0only0900BOX361491B.txt
P112074,http://documents.worldbank.org/curated/en/887951468020707162/text/657600PJPR0P110Official0USe0Only090.txt
P112131,http://documents.worldbank.org/curated/en/574501468280434834/text/528150PAD0P1121310Box385244B00PUBLIC0.txt
P112158,http://documents.worldbank.org/curated/en/510291468269402932/text/578950PAD0P1121e0only1910BOX358354B.txt
P112258,http://documents.worldbank.org/curated/en/331421468045582732/text/458180PAD0P1121E0ONLY10R20081022311.txt
P112334,http://documents.worldbank.org/curated/en/134391468309342418/text/471830PAD0UG0P101Official0Use0Only1.txt
P112359,http://documents.worldbank.org/curated/en/336701468261892836/text/481320PAD0P112101Official0Use0Only1.txt
P112456,http://documents.worldbank.org/curated/en/935991467990378415/text/483060PAD0P1120e0only0900BOX358360B.txt
P112516,http://documents.worldbank.org/curated/en/546151468016822759/text/491830PAD0P112101Official0Use0only1.txt
P112523,http://documents.worldbank.org/curated/en/664831468256183206/text/486790PAD0P112101Official0Use0Only1.txt
P112526,http://documents.worldbank.org/curated/en/506051468046129287/text/614970PAD0P1120e0only0900BOX358362B.txt
P112573,http://documents.worldbank.org/curated/en/575681468248090628/text/474820PAD0P112101Offciial0Use0Only1.txt
P112578,http://documents.worldbank.org/curated/en/112271468311114629/text/468080PAD0P112101Official0Use0Only1.txt
P112611,http://documents.worldbank.org/curated/en/859721468339001080/text/NonAsciiFileName0.txt
P112613,http://documents.worldbank.org/curated/en/352241468116036019/text/837330PAD0P112010Box382153B00OUO090.txt
P112615,http://documents.worldbank.org/curated/en/884991468272402948/text/638740PAD00P110e0only0900BOX361536B.txt
P112626,http://documents.worldbank.org/curated/en/456891468243568741/text/532210PAD0P1121e0only1910BOX358291B.txt
P112635,http://documents.worldbank.org/curated/en/714521468239366783/text/479200PAD0P112101Official0Use0Only1.txt
P112688,http://documents.worldbank.org/curated/en/645391468246039708/text/482950PAD0CORR101Official0Use0Only1.txt
P112719,http://documents.worldbank.org/curated/en/699191468172478374/text/469450PAD0P112101Official0Use0Only1.txt
P112759,http://documents.worldbank.org/curated/en/917621468012317756/text/488000PAD0P112101Official0Use0only1.txt
P112780,http://documents.worldbank.org/curated/en/243191468283471719/text/593830PAD0P1121e0only1910BOX358291B.txt
P112821,http://documents.worldbank.org/curated/en/584341468052813820/text/574770PAD0P1121e0only1910BOX358334B.txt
P112838,http://documents.worldbank.org/curated/en/235551468019165470/text/502000PAD0CORRIGENDUM00R201010043120.txt
P112893,http://documents.worldbank.org/curated/en/713331468122072134/text/583680PAD0P1128930IDA1R20111012711.txt
P112901,http://documents.worldbank.org/curated/en/997461468285892289/text/679740PAD0P1120Official0Use0Only090.txt
P112902,http://documents.worldbank.org/curated/en/305631468083329684/text/560320PAD0P1121C0dislcosed081181101.txt
P112943,http://documents.worldbank.org/curated/en/389911468056657836/text/502740PAD0P112101Official0Use0Only1.txt
P112956,http://documents.worldbank.org/curated/en/329511468288364955/text/499740PAD0P112101Official0Use0Only1.txt
P112975,http://documents.worldbank.org/curated/en/834951468224965828/text/539560revised011010IDA1R20101018812.txt
P112998,http://documents.worldbank.org/curated/en/673991468016847430/text/475070PAD0P112101Official0Use0Only1.txt
P113027,http://documents.worldbank.org/curated/en/967621468010902222/text/483410PAD0P113101Official0Use0Only1.txt
P113028,http://documents.worldbank.org/curated/en/340391468041415182/text/541710PAD0P113101Official0Use0Only1.txt
P113030,http://documents.worldbank.org/curated/en/201451468012046514/text/586210PAD0P1130OFFICIAL0USE0ONLY090.txt
P113032,http://documents.worldbank.org/curated/en/634931468036896288/text/532900PAD0REPL1Official0Use0Only191.txt
P113036,http://documents.worldbank.org/curated/en/965911468334292823/text/500280PAD0IDA1R20101011012.txt
P113078,http://documents.worldbank.org/curated/en/931591468285611147/text/563210PAD0P1130e0only0900BOX361502B.txt
P113102,http://documents.worldbank.org/curated/en/938111468340296076/text/502820PAD0P113101Official0Use0Only1.txt
P113148,http://documents.worldbank.org/curated/en/561231468303060980/text/530540PAD0P113101Official0Use0Only1.txt
P113151,http://documents.worldbank.org/curated/en/189991468320929855/text/698880PAD0P1130Official0Use0Only090.txt
P113160,http://documents.worldbank.org/curated/en/850711468053406307/text/486480PAD0P113101Official0Use0Only1.txt
P113167,http://documents.worldbank.org/curated/en/590501468005721471/text/594040PAD0P1130e0only0900BOX361497B.txt
P113173,http://documents.worldbank.org/curated/en/303441468298475196/text/558920PAD0P1130e0only0900BOX361525B.txt
P113184,http://documents.worldbank.org/curated/en/951531468096566273/text/607900PAD0repl0same0info0BOX361525B.txt
P113202,http://documents.worldbank.org/curated/en/882591468208770890/text/539300PAD0IDAR101Official0Use0Only1.txt
P113220,http://documents.worldbank.org/curated/en/334431468257671686/text/486330PAD0CORR1orrigendum0together1.txt
P113266,http://documents.worldbank.org/curated/en/116431468006606003/text/672960PAD0P1130Official0Use0Only090.txt
P113273,http://documents.worldbank.org/curated/en/463551468265792011/text/685240PAD0IDA00se0Only090Box369244B.txt
P113341,http://documents.worldbank.org/curated/en/827121468260080725/text/501510PAD0P01110only100R20091022711.txt
P113349,http://documents.worldbank.org/curated/en/104281468127166823/text/566320PAD0P1131OFFICIAL0USE0ONLY191.txt
P113350,http://documents.worldbank.org/curated/en/136181468278089735/text/695760PAD0P1130Official0Use0Only090.txt
P113370,http://documents.worldbank.org/curated/en/403831468003939738/text/531380PAD0P113101Official0Use0Only1.txt
P113402,http://documents.worldbank.org/curated/en/669901468103455055/text/491900PAD0P113101Official0Use0Only1.txt
P113416,http://documents.worldbank.org/curated/en/257551468234316937/text/542670PAD0CORR101Official0Use0Only1.txt
P113435,http://documents.worldbank.org/curated/en/407251468209950682/text/603210P1134350IDA0R20110023901.txt
P113441,http://documents.worldbank.org/curated/en/782031468053930011/text/501570PAD0P1131y100IDA1R20091024611.txt
P113488,http://documents.worldbank.org/curated/en/414411468308351442/text/646700PAD0P1130Official0Use0Only090.txt
P113493,http://documents.worldbank.org/curated/en/568511468133544695/text/526370PAD0P113101Official0Use0Only1.txt
P113540,http://documents.worldbank.org/curated/en/953641468228273906/text/540600PAD0P1131e0only10R20101009111.txt
P113542,http://documents.worldbank.org/curated/en/601011468273684250/text/582670PAD0P1135420IDA1R20111004611.txt
P113623,http://documents.worldbank.org/curated/en/851991468038042568/text/487750PAD0P113101Official0Use0Only1.txt
P113629,http://documents.worldbank.org/curated/en/896041468009949203/text/830500PAD0P1130ox0385291B00PUBLIC0.txt
P113757,http://documents.worldbank.org/curated/en/387241468102887097/text/480820PAD0P113101Official0Use0only1.txt
P113766,http://documents.worldbank.org/curated/en/658661468024599766/text/494300PAD0CORR101Official0Use0Only1.txt
P113794,http://documents.worldbank.org/curated/en/159501468326133868/text/761460PAD0R201000OUO0900Box379801B0.txt
P113801,http://documents.worldbank.org/curated/en/519411468103151183/text/510590PAD0P113101Official0Use0Only1.txt
P113844,http://documents.worldbank.org/curated/en/236301468093578620/text/596750PAD0P1130osed0402601200SIMULT.txt
P113896,http://documents.worldbank.org/curated/en/203841468206950593/text/522220PAD0P113101Official0Use0Only1.txt
P113904,http://documents.worldbank.org/curated/en/936271468322136528/text/665010PAD0P1130Official0Use0Only090.txt
P113949,http://documents.worldbank.org/curated/en/297501468140039701/text/616520PAD0P1130OFFICIAL0USE0ONLY090.txt
P113971,http://documents.worldbank.org/curated/en/762821468054610494/text/PAD10900PAD0P1010Box385385B00OUO090.txt
P114010,http://documents.worldbank.org/curated/en/328201468222899979/text/521350PAD0P114101Official0Use0Only1.txt
P114012,http://documents.worldbank.org/curated/en/452081468049873856/text/428800PAD0P114101Official0Use0Only1.txt
P114042,http://documents.worldbank.org/curated/en/692481468285290938/text/544620PAD0P1141OFFICIAL0USE0ONLY191.txt
P114069,http://documents.worldbank.org/curated/en/240621468219566418/text/582880PAD0P1140OFFICIAL0USE0ONLY090.txt
P114077,http://documents.worldbank.org/curated/en/427141468228549991/text/671740PAD0P1140Official0Use0Only090.txt
P114119,http://documents.worldbank.org/curated/en/594391468146719541/text/539860PAD0P114101Official0Use0Only1.txt
P114138,http://documents.worldbank.org/curated/en/160901468011759595/text/571760PAD0P1140only0900R20120007801.txt
P114182,http://documents.worldbank.org/curated/en/446691468022742282/text/579200PAD0P1141OFFICIAL0USE0ONLY191.txt
P114204,http://documents.worldbank.org/curated/en/559251468018024067/text/537580PAD0P114101Official0Use0Only1.txt
P114236,http://documents.worldbank.org/curated/en/937071468005974281/text/496290PAD0P114101Official0Use0only1.txt
P114240,http://documents.worldbank.org/curated/en/189211468254681491/text/560660PAD0P1141Official0use0Only191.txt
P114253,http://documents.worldbank.org/curated/en/319131468171547689/text/481710PAD0Yeme1Box342029B01PUBLIC1.txt
P114264,http://documents.worldbank.org/curated/en/539491468029963948/text/664990PAD0P1140losed030501200SIMULT.txt
P114271,http://documents.worldbank.org/curated/en/221991468282927778/text/473960MX0P1142101Official0Use0Only1.txt
P114294,http://documents.worldbank.org/curated/en/446901468221982917/text/596280PAD0P114010Box385454B00OUO090.txt
P114338,http://documents.worldbank.org/curated/en/287171468269416190/text/598880PAD0P1140e0only0900BOX358354B.txt
P114348,http://documents.worldbank.org/curated/en/946381468262776230/text/578880PAD0P1141e0only1910BOX358303B.txt
P114409,http://documents.worldbank.org/curated/en/451601467994588907/text/473530PAD0P11412009100080Box334133B.txt
P114508,http://documents.worldbank.org/curated/en/379611468283490193/text/476740PAD0P114101Official0Use0Only1.txt
P114515,http://documents.worldbank.org/curated/en/492291468210270213/text/502650PAD0P114101Official0use0Only1.txt
P114766,http://documents.worldbank.org/curated/en/186421468040460590/text/466620PAD0P1141e0only10R20091020011.txt
P114810,http://documents.worldbank.org/curated/en/211231468236701357/text/668460PAD0P114020801200SIMULT0DISCL.txt
P114827,http://documents.worldbank.org/curated/en/885541468260095632/text/PAD7580PAD0P1100disclosed0120190130.txt
P114841,http://documents.worldbank.org/curated/en/958311468206352559/text/646190PAD0P1140Official0Use0Only090.txt
P114847,http://documents.worldbank.org/curated/en/416631468048892342/text/530510PAD0P114101Official0Use0Only1.txt
P114859,http://documents.worldbank.org/curated/en/178571468265805017/text/752320PAD0P1140x374366B00PUBLIC00SD.txt
P114866,http://documents.worldbank.org/curated/en/913171468305119026/text/539520PAD0Box31ly10IDA1R20101013211.txt
P114931,http://documents.worldbank.org/curated/en/601241468147297931/text/509010PAD0P114101Official0Use0Only1.txt
P114949,http://documents.worldbank.org/curated/en/185751468168868670/text/759240PAD0P114010Box374366B00OUO090.txt
P114963,http://documents.worldbank.org/curated/en/209131468015023577/text/680090PAD0P114050301200SIMULT0DISCL.txt
P114971,http://documents.worldbank.org/curated/en/975251468072236439/text/574590PAD0P1141official0use0only191.txt
P115052,http://documents.worldbank.org/curated/en/949301468267610475/text/530460PAD0P115101Official0Use0Only1.txt
P115067,http://documents.worldbank.org/curated/en/854561468286794985/text/468210PAD0P1151e0only10R20091005811.txt
P115109,http://documents.worldbank.org/curated/en/433691468008459507/text/472710PAD0AM0P10910016110Box334128B.txt
P115183,http://documents.worldbank.org/curated/en/336181468212678942/text/478740PAD0P115101Official0Use0Only1.txt
P115217,http://documents.worldbank.org/curated/en/416761468057840955/text/532850PAD0P1151Official0use0Only191.txt
P115247,http://documents.worldbank.org/curated/en/390001468035461384/text/528410PAD0P1151y100IDA1R20101011711.txt
P115318,http://documents.worldbank.org/curated/en/597821468029042147/text/537820PAD0P115101Official0Use0Only1.txt
P115347,http://documents.worldbank.org/curated/en/583271468287159550/text/529550PAD0P115101Official0Use0Only1.txt
P115351,http://documents.worldbank.org/curated/en/330541468303593341/text/588890PAD0P1150Official0Use0Only090.txt
P115386,http://documents.worldbank.org/curated/en/910021468291343209/text/537260PAD0P11510only1910BOX358301B0.txt
P115396,http://documents.worldbank.org/curated/en/843161468210589406/text/481170PAD0P115101Official0Use0Only1.txt
P115398,http://documents.worldbank.org/curated/en/585961468243908477/text/480330PAD0P115101Official0Use0only1.txt
P115427,http://documents.worldbank.org/curated/en/343841468257733630/text/508510PAD0P1161160July02009010final.txt
P115464,http://documents.worldbank.org/curated/en/581101468231839825/text/582180PAD00PUB090201200R20110027901.txt
P115561,http://documents.worldbank.org/curated/en/442461468012350070/text/NonAsciiFileName0.txt
P115563,http://documents.worldbank.org/curated/en/630261468176929432/text/531510PAD0P1151ly10IDA1R20101012711.txt
P115564,http://documents.worldbank.org/curated/en/165411468159313509/text/568250PAD0P1151OFFICIAL0USE0ONLY191.txt
P115566,http://documents.worldbank.org/curated/en/502981468243867695/text/490220PAD0P1151e0only10R20091021711.txt
P115592,http://documents.worldbank.org/curated/en/786581468033571530/text/541320PAD0P115101Official0Use0Only1.txt
P115634,http://documents.worldbank.org/curated/en/160251468054615000/text/530500PAD0IDA11B01OFFICIAL0USE01091.txt
P115647,http://documents.worldbank.org/curated/en/157561467995891561/text/571530PAD0P1151OFFICIAL0USE0ONLY091.txt
P115695,http://documents.worldbank.org/curated/en/574981468024539274/text/556530PAD0P1151e0only1910BOX358351B.txt
P115761,http://documents.worldbank.org/curated/en/789901468171882691/text/809570PAD0P1150inal00April02002014.txt
P115763,http://documents.worldbank.org/curated/en/228621468266400916/text/942070PAD0P1150ul1300final00clean0.txt
P115767,http://documents.worldbank.org/curated/en/158731468114883648/text/598930PAD0P1150e0only0900BOX361476B.txt
P115836,http://documents.worldbank.org/curated/en/614161468303549029/text/582570PAD0P1151OFFICIAL0USE0ONLY191.txt
P115886,http://documents.worldbank.org/curated/en/690591468200934160/text/571770PAD0P1151e0only1910BOX358303B.txt
P115954,http://documents.worldbank.org/curated/en/727761467997633587/text/659840PAD0P1150Official0Use0Only090.txt
P116011,http://documents.worldbank.org/curated/en/715091468021592220/text/515290PAD0P116101Official0Use0Only1.txt
P116080,http://documents.worldbank.org/curated/en/575831468028846170/text/488010PAD0P116101Official0Use0Only1.txt
P116167,http://documents.worldbank.org/curated/en/145491468324000586/text/596640PAD0P1161670IDA0R20110011201.txt
P116170,http://documents.worldbank.org/curated/en/531351468015877539/text/513660PAD0P116101Official0Use0Only1.txt
P116194,http://documents.worldbank.org/curated/en/880571468236040899/text/532000PAD0P116101Official0Use0Only1.txt
P116199,http://documents.worldbank.org/curated/en/806001468321833287/text/664120PAD0P1160Official0Use0Only090.txt
P116226,http://documents.worldbank.org/curated/en/978531468286793161/text/521420PAD0P116101Official0Use0Only1.txt
P116230,http://documents.worldbank.org/curated/en/653361468025440292/text/PAD710PAD0P116010Box385222B00OUO090.txt
P116273,http://documents.worldbank.org/curated/en/840331468009598101/text/582630PAD0REVI10211711110BOX358291B.txt
P116323,http://documents.worldbank.org/curated/en/583731468209363600/text/635910PAD0P1160Official0Use0Only090.txt
P116384,http://documents.worldbank.org/curated/en/642451468304797442/text/564040PAD0P1160aisal0Document0Final.txt
P116398,http://documents.worldbank.org/curated/en/524981468330031913/text/648840PAD0P1160Official0Use0Only090.txt
P116410,http://documents.worldbank.org/curated/en/126361469672138599/text/534250R20101005914.txt
P116426,http://documents.worldbank.org/curated/en/488081468056377395/text/506840PAD0Leso1ox0349463B01PUBLIC1.txt
P116437,http://documents.worldbank.org/curated/en/678621468016454471/text/483730PAD0P116111010P116437010PAD0.txt
P116520,http://documents.worldbank.org/curated/en/600551468117251032/text/576620PAD0P1161OFFICIAL0USE0ONLY191.txt
P116521,http://documents.worldbank.org/curated/en/139821468086339587/text/529870PAD0P1161OFFICIAL0USE0ONLY191.txt
P116595,http://documents.worldbank.org/curated/en/807301468193491447/text/491890PAD0P1161or0printing1combined.txt
P116602,http://documents.worldbank.org/curated/en/418501468299145297/text/568510PAD0P1160OFFICIAL0USE0ONLY090.txt
P116656,http://documents.worldbank.org/curated/en/200011468243244561/text/560670PAD0CORR1e0only1910BOX353813B.txt
P116680,http://documents.worldbank.org/curated/en/232481468221986063/text/670350PAD0P1160Official0Use0Only090.txt
P116696,http://documents.worldbank.org/curated/en/933341468272069082/text/516330PAD0P116101Official0Use0Only1.txt
P116748,http://documents.worldbank.org/curated/en/998561468003051911/text/612640PAD0P1161e0only1910BOX358351B.txt
P116774,http://documents.worldbank.org/curated/en/915121468014047709/text/509170PAD0P1161y100IDA1R20101002611.txt
P116783,http://documents.worldbank.org/curated/en/235291468307462032/text/502020PAD0P1151010100septembre02009.txt
P116846,http://documents.worldbank.org/curated/en/644641468124474809/text/600120PAD0P1160e0only0900BOX361489B.txt
P116919,http://documents.worldbank.org/curated/en/835051468277180627/text/514770PAD0P116101Official0Use0Only1.txt
P116974,http://documents.worldbank.org/curated/en/565271468008442894/text/544880PAD0P1161e0only1910BOX353822B.txt
P116989,http://documents.worldbank.org/curated/en/330531468208742502/text/531480PAD0P116101Official0Use0Only1.txt
P117081,http://documents.worldbank.org/curated/en/831091468275964500/text/612990PAD0P1171OFFICIAL0USE0ONLY191.txt
P117082,http://documents.worldbank.org/curated/en/855431468116055658/text/535470CORRIGEN11010148120Box349429B.txt
P117102,http://documents.worldbank.org/curated/en/901371468232164735/text/606150PAD0P1170e0only0900BOX361476B.txt
P117107,http://documents.worldbank.org/curated/en/217621468218098361/text/506410PAD0P1171e0only10R20101011811.txt
P117148,http://documents.worldbank.org/curated/en/581791468192547052/text/529860PAD0P1171Official0use0Only191.txt
P117152,http://documents.worldbank.org/curated/en/423841468249285274/text/495840PAD0P117101Official0Use0Only1.txt
P117157,http://documents.worldbank.org/curated/en/769011468037466373/text/584980PAD0P1171570R20110014901.txt
P117170,http://documents.worldbank.org/curated/en/799231468278073595/text/617030PAD0P1170e0only0900BOX358362B.txt
P117225,http://documents.worldbank.org/curated/en/593671468242097077/text/661250PAD0GEF00SIMLUT0DISCL02020012.txt
P117242,http://documents.worldbank.org/curated/en/558851468118457603/text/527500PAD0P117101Official0Use0Only1.txt
P117243,http://documents.worldbank.org/curated/en/671801468253233714/text/643060PAD0P1170only0900R20120015501.txt
P117275,http://documents.worldbank.org/curated/en/929581468032135661/text/542930PAD0P117101Official0Use0Only1.txt
P117293,http://documents.worldbank.org/curated/en/589341468147000208/text/591880PAD0P1171OFFICIAL0USE0ONLY191.txt
P117310,http://documents.worldbank.org/curated/en/391041468294015694/text/511490PAD0P1171e0only1910BOX358288B.txt
P117318,http://documents.worldbank.org/curated/en/677301468293402269/text/823210PAD0P117010Box379865B00OUO090.txt
P117323,http://documents.worldbank.org/curated/en/897291468284126013/text/539310PAD00P11101Official0Use0Only1.txt
P117341,http://documents.worldbank.org/curated/en/660461468011755077/text/PAD3470P117341010Box382166B00OUO090.txt
P117355,http://documents.worldbank.org/curated/en/567031468026442187/text/565160PAD0P1170e0only0900BOX358362B.txt
P117382,http://documents.worldbank.org/curated/en/978021468018548336/text/588040PAD0P1170e0only0900BOX358362B.txt
P117384,http://documents.worldbank.org/curated/en/637381468207276953/text/530200PAD0P117101Official0Use0Only1.txt
P117393,http://documents.worldbank.org/curated/en/252331468328569905/text/659420PAD0P1170Official0Use0Only090.txt
P117394,http://documents.worldbank.org/curated/en/647631468128097964/text/742530PAD0P117010Box377288B00OUO090.txt
P117407,http://documents.worldbank.org/curated/en/410821468229753357/text/655380REVISED00Box0377356B00OUO0900.txt
P117417,http://documents.worldbank.org/curated/en/964991468291002895/text/528950PAD0P117101Official0Use0Only1.txt
P117440,http://documents.worldbank.org/curated/en/486261468022454374/text/508850PAD0P117101Official0Use0Only1.txt
P117443,http://documents.worldbank.org/curated/en/580211468329419495/text/599480PAD0P1171e0only1910BOX358312B.txt
P117444,http://documents.worldbank.org/curated/en/150601468327907572/text/541330PAD0p117101Official0Use0Only1.txt
P117449,http://documents.worldbank.org/curated/en/978051468309360810/text/PAD4260PAD0P11010Box385454B00OUO090.txt
P117590,http://documents.worldbank.org/curated/en/369031468026069658/text/527600PAD0P117101Official0Use0Only1.txt
P117596,http://documents.worldbank.org/curated/en/236511468214815302/text/741120PAD0P1170disclosed060301300SD.txt
P117617,http://documents.worldbank.org/curated/en/196931468272378559/text/690410PAD0GEFR0Official0Use0Only090.txt
P117635,http://documents.worldbank.org/curated/en/660001468045533836/text/723740PAD0P117010Box377322B00OUO090.txt
P117652,http://documents.worldbank.org/curated/en/589041468003292656/text/583250PAD0P1171OFFICIAL0USE0ONLY191.txt
P117656,http://documents.worldbank.org/curated/en/129711468019456389/text/610440PAD0P1171OFFICIAL0USE0ONLY191.txt
P117662,http://documents.worldbank.org/curated/en/577571468269993104/text/528430PAD0P11710SEPT020100with0PAD.txt
P117731,http://documents.worldbank.org/curated/en/331891468024610709/text/708170PAD0P1170Official0Use0Only090.txt
P117745,http://documents.worldbank.org/curated/en/656761468028446658/text/533490PAD0P1171OFFICIAL0USE0ONLY191.txt
P117764,http://documents.worldbank.org/curated/en/916231468199479170/text/657970PAD0P1170osed0401301600simult.txt
P117864,http://documents.worldbank.org/curated/en/550011468325218624/text/601540PAD0P1171OFFICIAL0USE0ONLY191.txt
P117871,http://documents.worldbank.org/curated/en/720121468333626712/text/616500PAD0P1170e0only0900BOX361480B.txt
P117947,http://documents.worldbank.org/curated/en/300991468026973091/text/596650PAD0P1170e0only0900BOX361497B.txt
P118018,http://documents.worldbank.org/curated/en/314001468227699795/text/663910PAD0P1180Official0Use0Only090.txt
P118023,http://documents.worldbank.org/curated/en/795801468221394854/text/524780PAD0Box3110and0IDAR2010101261.txt
P118026,http://documents.worldbank.org/curated/en/224071468027660118/text/539800PAD0P1181e0only10R20101011311.txt
P118045,http://documents.worldbank.org/curated/en/942291468310172998/text/555650PAD0P1181OFFICIAL0USE0ONLY191.txt
P118064,http://documents.worldbank.org/curated/en/901351468126549736/text/668090PAD0P1180osed0601501200SIMULT.txt
P118090,http://documents.worldbank.org/curated/en/201241468022760012/text/616700PAD0P1180C0disclosed070110120.txt
P118101,http://documents.worldbank.org/curated/en/809101468106732172/text/591000PAD0P1181OFFICIAL0USE0ONLY191.txt
P118109,http://documents.worldbank.org/curated/en/138891468060251402/text/598110PAD0P1181OFFICIAL0USE0ONLY191.txt
P118112,http://documents.worldbank.org/curated/en/697921468250302315/text/595290PAD0P1181OFFICIAL0USE0ONLY191.txt
P118113,http://documents.worldbank.org/curated/en/242661468266997776/text/529150PAD0P118101Official0Use0Only1.txt
P118150,http://documents.worldbank.org/curated/en/904401468284387540/text/567200PAD0P1181OFFICIAL0USE0ONLY191.txt
P118177,http://documents.worldbank.org/curated/en/971841468066230256/text/536390PAD0P1180e0only0900BOX358354B.txt
P118179,http://documents.worldbank.org/curated/en/545711468053352577/text/607200PAD0P1180e0only0900BOX361487B.txt
P118187,http://documents.worldbank.org/curated/en/613671468263697818/text/569590PAD0P1181OFFICIAL0USE0ONLY091.txt
P118196,http://documents.worldbank.org/curated/en/335861468133519632/text/591310PAD0P1180OFFICIAL0USE0ONLY090.txt
P118197,http://documents.worldbank.org/curated/en/467241468317975559/text/NonAsciiFileName0.txt
P118213,http://documents.worldbank.org/curated/en/119081468010202572/text/748870PAD0IDA00s00OUO0900Box379808B.txt
P118308,http://documents.worldbank.org/curated/en/416451468121133215/text/544920PAD0P118101Official0Use0Only1.txt
P118316,http://documents.worldbank.org/curated/en/747211468204534485/text/571140PAD0P1180e0only0900BOX361476B.txt
P118375,http://documents.worldbank.org/curated/en/423281468209384470/text/569190PAD0P1181official0use0only191.txt
P118410,http://documents.worldbank.org/curated/en/502561468015577295/text/522180PAD0P118101Official0Use0Only1.txt
P118445,http://documents.worldbank.org/curated/en/227201468283478539/text/589890PAD0IDA00Official0Use0Only090.txt
P118540,http://documents.worldbank.org/curated/en/937411468225278667/text/R20100021101.txt
P118560,http://documents.worldbank.org/curated/en/462041468142793507/text/532780PAD0P118101Official0Use0Only1.txt
P118561,http://documents.worldbank.org/curated/en/976791468248985014/text/535760PAD0P1181e0only1910BOX353791B.txt
P118597,http://documents.worldbank.org/curated/en/492581468018652339/text/676280PAD0P1180se0Only090Box369247B.txt
P118610,http://documents.worldbank.org/curated/en/288801468172447226/text/546040PAD0P118101Official0Use0Only1.txt
P118647,http://documents.worldbank.org/curated/en/544291468220149300/text/556600PAD0P1181OFFICIAL0USE0ONLY191.txt
P118701,http://documents.worldbank.org/curated/en/386051468198848891/text/528860PAD0P1181OFFICIAL0USE0ONLY091.txt
P118708,http://documents.worldbank.org/curated/en/756441468006632056/text/599790PAD0P1181e0only1910BOX358351B.txt
P118737,http://documents.worldbank.org/curated/en/206601468127807384/text/531560PAD0P118101Official0Use0only1.txt
P118779,http://documents.worldbank.org/curated/en/192831468286778429/text/591530PAD0P1181e0only1910BOX358303B.txt
P118783,http://documents.worldbank.org/curated/en/722311468321871146/text/706930PAD0P1260Official0Use0Only090.txt
P118806,http://documents.worldbank.org/curated/en/556881468306910641/text/752500PAD0P1180Offiical0Use0Only090.txt
P118826,http://documents.worldbank.org/curated/en/478871468042253080/text/696660PAD0P118010Box382077B00OUO090.txt
P118858,http://documents.worldbank.org/curated/en/843621468257657541/text/635400PAD0P1180e0only0900BOX361521B.txt
P118904,http://documents.worldbank.org/curated/en/194201468296164938/text/742410PAD0P1180C0disclosed020280140.txt
P118916,http://documents.worldbank.org/curated/en/636361468044685564/text/715310PAD0P1180Official0Use0Only090.txt
P118974,http://documents.worldbank.org/curated/en/109301468279322104/text/573330PAD0P1181OFFICIAL0USE0ONLY191.txt
P118979,http://documents.worldbank.org/curated/en/631461468132884874/text/660500PAD0P11809000IDA0R20120010701.txt
P119039,http://documents.worldbank.org/curated/en/781631468293092708/text/768290PAD0P119010Box374388B00OUO090.txt
P119043,http://documents.worldbank.org/curated/en/757251468041440079/text/508740revised0102020100R20101011612.txt
P119063,http://documents.worldbank.org/curated/en/937461468249311280/text/769450PAD0P119010Box377300B00OUO090.txt
P119071,http://documents.worldbank.org/curated/en/207201468216573241/text/675380PAD0P1190Official0Use0Only090.txt
P119077,http://documents.worldbank.org/curated/en/189491468127187648/text/593850PAD0P1191e0only1910BOX358351B.txt
P119085,http://documents.worldbank.org/curated/en/710791468269101705/text/616250PAD0corr0060101100BOX358354B0.txt
P119090,http://documents.worldbank.org/curated/en/360651468338944077/text/576280PAD0P1190OFFICIAL0USE0ONLY060.txt
P119307,http://documents.worldbank.org/curated/en/951041468337780356/text/596980IDA1R20111011511.txt
P119308,http://documents.worldbank.org/curated/en/542291468243910934/text/PAD5080PAD0IDA00Box377382B00PUBLIC0.txt
P119355,http://documents.worldbank.org/curated/en/948641468306543885/text/639410PGD0P1190Official0Use0Only090.txt
P119357,http://documents.worldbank.org/curated/en/421851468018855694/text/600130PAD0P1190e0only0900BOX358355B.txt
P119380,http://documents.worldbank.org/curated/en/418641468008451733/text/578990PAD0P1190OFFICIAL0USE0ONLY090.txt
P119432,http://documents.worldbank.org/curated/en/679231468056058858/text/649900PAD0P1190Official0Use0Only090.txt
P119471,http://documents.worldbank.org/curated/en/236171468285290289/text/606080PAD0P1191e0only1910BOX358335B.txt
P119654,http://documents.worldbank.org/curated/en/870841468241470552/text/603320PAD0P1196540GEF1R20111000811.txt
P119662,http://documents.worldbank.org/curated/en/581451468020361287/text/IDA0R20110020102.txt
P119694,http://documents.worldbank.org/curated/en/676991468057556113/text/533720PAD0P1191e0only10R20101009011.txt
P119737,http://documents.worldbank.org/curated/en/559731468350143749/text/593100PAD0P1190e0only0900BOX361487B.txt
P119815,http://documents.worldbank.org/curated/en/931331468230967990/text/665740PAD0P1190Official0Use0only090.txt
P119825,http://documents.worldbank.org/curated/en/492331468288039932/text/543530PAD0P1191IC10disclosed0711110.txt
P119893,http://documents.worldbank.org/curated/en/203661468030544126/text/669320PAD0P1190Official0Use0Only090.txt
P119917,http://documents.worldbank.org/curated/en/809741468019809981/text/656410PAD0P1190Official0Use0Only090.txt
P119939,http://documents.worldbank.org/curated/en/442091468338067270/text/556630PAD0P1191OFFICIAL0USE0ONLY191.txt
P120005,http://documents.worldbank.org/curated/en/744921468257657224/text/570940PAD0P1201e0only1910BOX353794B.txt
P120014,http://documents.worldbank.org/curated/en/517661468253781559/text/Kenya-Electricity-Modernization-Project.txt
P120026,http://documents.worldbank.org/curated/en/428571468256740890/text/546720PAD0P120101Official0Use0Only1.txt
P120028,http://documents.worldbank.org/curated/en/867391468005435832/text/575250PAD0P12010only1910BOX358301B0.txt
P120139,http://documents.worldbank.org/curated/en/427161468017425808/text/644380PAD0P12000only090R20120002201.txt
P120198,http://documents.worldbank.org/curated/en/136011467999105761/text/578130PAD0P1201e0only1910BOX353794B.txt
P120211,http://documents.worldbank.org/curated/en/488361468205753035/text/578710PAD0P1202110R20101029311.txt
P120219,http://documents.worldbank.org/curated/en/820251468146398385/text/576090PAD01pub161201010R20101027611.txt
P120234,http://documents.worldbank.org/curated/en/641221468011762199/text/576890PAD0P1201OFFICIAL0USE0ONLY191.txt
P120265,http://documents.worldbank.org/curated/en/486611468291025313/text/592910PAD0P1200e0only0900BOX358335B.txt
P120304,http://documents.worldbank.org/curated/en/738191468302423940/text/826340PAD0P120010Box379877B00OUO090.txt
P120321,http://documents.worldbank.org/curated/en/430051468221995335/text/593700PAD0P1201e0only1910BOX358301B.txt
P120338,http://documents.worldbank.org/curated/en/273621468294941157/text/533420PAD0R20101027811.txt
P120370,http://documents.worldbank.org/curated/en/685711468007864528/text/704410PAD0P120010Box377288B00OUO090.txt
P120435,http://documents.worldbank.org/curated/en/721621617657040161/text/Kyrgyz-Republic-Health-Results-Based-Financing-Project.txt
P120517,http://documents.worldbank.org/curated/en/333891468226161358/text/647200PAD0P1200Official0Use0Only090.txt
P120561,http://documents.worldbank.org/curated/en/178351468334877285/text/NonAsciiFileName0.txt
P120583,http://documents.worldbank.org/curated/en/974181467998808474/text/745970PAD0P120010Box382077B00OUO090.txt
P120629,http://documents.worldbank.org/curated/en/340551468103466114/text/542910PAD0P120101Official0Use0Only1.txt
P120636,http://documents.worldbank.org/curated/en/754421468257071446/text/583340PAD0P1201e0only1910BOX358312B.txt
P120664,http://documents.worldbank.org/curated/en/538101468012623198/text/600140PAD0P12010only1910BOX0358346B.txt
P120707,http://documents.worldbank.org/curated/en/492381468286783340/text/574840PAD0REPL1official0use0only191.txt
P120788,http://documents.worldbank.org/curated/en/579861468242390986/text/593840PAD0P12010only1910BOX0358354B.txt
P120798,http://documents.worldbank.org/curated/en/219841468288691750/text/672230PAD0Box300900IDA0R20120008101.txt
P120825,http://documents.worldbank.org/curated/en/600661468302380716/text/598470PAD0P1201se0only1910BOX358312.txt
P120830,http://documents.worldbank.org/curated/en/419861468015619447/text/665730PAD0REVI0C0disclosed050701200.txt
P120836,http://documents.worldbank.org/curated/en/400941468259132423/text/545320PAD0P1201Official0Use0Only191.txt
P120843,http://documents.worldbank.org/curated/en/391061467998485211/text/537290PAD0IDA1R20111002611.txt
P120867,http://documents.worldbank.org/curated/en/889851468131114290/text/NonAsciiFileName0.txt
P120913,http://documents.worldbank.org/curated/en/117431468061469331/text/599130PAD0P1200OFFICIAL0USE0ONLY090.txt
P120932,http://documents.worldbank.org/curated/en/669521468025148465/text/677150PAD0P1200ox369247B0Buff0Cover.txt
P120960,http://documents.worldbank.org/curated/en/638371468020714152/text/753130PAD0P1200isclosed0402901300SD.txt
P120985,http://documents.worldbank.org/curated/en/264741468292879884/text/598420PAD0P1209850SecM201110177.txt
P121019,http://documents.worldbank.org/curated/en/686471468041382043/text/691870PAD0P1210OFFICIAL0USE0ONLY090.txt
P121060,http://documents.worldbank.org/curated/en/415121468058498247/text/564310PAD0P1211Official0use0Only191.txt
P121116,http://documents.worldbank.org/curated/en/470861468286795945/text/666640PAD0P1210Official0Use0Only090.txt
P121152,http://documents.worldbank.org/curated/en/980131468290161589/text/744440PAD0P1210Official0Use0Only090.txt
P121167,http://documents.worldbank.org/curated/en/641941468228859322/text/664070PAD0P1210osed0301901200SIMULT.txt
P121185,http://documents.worldbank.org/curated/en/986651468267359774/text/581660PAD0R20100Box382084B00PUBLIC0.txt
P121186,http://documents.worldbank.org/curated/en/529871468006292733/text/718270PAD0P1210200simult0disclosure.txt
P121195,http://documents.worldbank.org/curated/en/755491468299350151/text/548750PAD0P1211Official0Use0Only191.txt
P121210,http://documents.worldbank.org/curated/en/253341468170973672/text/599620PAD0P1211OFFICIAL0USE0ONLY191.txt
P121231,http://documents.worldbank.org/curated/en/359331468276888833/text/595910PAD0P1210OFFICIAL0USE0ONLY090.txt
P121263,http://documents.worldbank.org/curated/en/538031468219574898/text/602540PAD0P1210Official0use0only090.txt
P121271,http://documents.worldbank.org/curated/en/808171468062107931/text/664130PAD0P1210Official0Use0Only090.txt
P121289,http://documents.worldbank.org/curated/en/818501468017666929/text/676260PAD0P1210Official0Use0Only090.txt
P121328,http://documents.worldbank.org/curated/en/689081468308353935/text/541720PAD0P1211C0disclosed081251101.txt
P121398,http://documents.worldbank.org/curated/en/225861468062683337/text/562760PAD0P1211C0disclosed091151101.txt
P121414,http://documents.worldbank.org/curated/en/274171468239670227/text/576610PAD0P121020801200SIMLUT0DISCL.txt
P121455,http://documents.worldbank.org/curated/en/172601468291917036/text/638620PAD0P1210Official0Use0Only090.txt
P121492,http://documents.worldbank.org/curated/en/993621468065329326/text/591590PAD0P1211OFFICIAL0USE0ONLY191.txt
P121495,http://documents.worldbank.org/curated/en/893211468017450155/text/562610PAD0P1210IC0disclosed07090120.txt
P121515,http://documents.worldbank.org/curated/en/810831468041645859/text/574790PAD0P1211official0use0only191.txt
P121528,http://documents.worldbank.org/curated/en/790381468006632935/text/606070PAD0P1215280IDA1R20111012811.txt
P121611,http://documents.worldbank.org/curated/en/986291468194328330/text/551070V10PAD0R10Box353815B01PUBLIC1.txt
P121643,http://documents.worldbank.org/curated/en/691701468128098878/text/741010PAD0P121010Box374388B00OUO090.txt
P121648,http://documents.worldbank.org/curated/en/270781468141890599/text/PAD840P1216480010Box382166B00OUO090.txt
P121673,http://documents.worldbank.org/curated/en/338351468094453173/text/582800PAD0P1211e0only1910BOX358351B.txt
P121686,http://documents.worldbank.org/curated/en/871161468054647307/text/536260PAD0P121101Official0Use0Only1.txt
P121731,http://documents.worldbank.org/curated/en/991941468258860237/text/593880PAD0P12100900IDA0R20120020101.txt
P121774,http://documents.worldbank.org/curated/en/605721468283474807/text/646580PAD0P1210Official0Use0Only090.txt
P121779,http://documents.worldbank.org/curated/en/398361468290154604/text/562430PAD0P1217790IDA1R20111000711.txt
P121836,http://documents.worldbank.org/curated/en/908321468206367930/text/577730PAD0P12183600R20111002211.txt
P121842,http://documents.worldbank.org/curated/en/310491468253239651/text/619820PAD0P1210Official0Use0Only090.txt
P122007,http://documents.worldbank.org/curated/en/182921468016755391/text/593050PAD0P12219100IDA1R20111012511.txt
P122008,http://documents.worldbank.org/curated/en/729921468263349331/text/643580PAD0P1220Official0Use0Only090.txt
P122028,http://documents.worldbank.org/curated/en/510081468276309449/text/09725281.txt
P122039,http://documents.worldbank.org/curated/en/596941468305045832/text/611140PAD0P12200only0900BOX358362B0.txt
P122047,http://documents.worldbank.org/curated/en/638841468038070610/text/566330PAD0P1221OFFICIAL0USE0ONLY191.txt
P122065,http://documents.worldbank.org/curated/en/168611468204550220/text/583280PAD0P1221OFFICIAL0USE0ONLY191.txt
P122123,http://documents.worldbank.org/curated/en/951591468337264497/text/651840PAD0P1220Official0Use0Only090.txt
P122124,http://documents.worldbank.org/curated/en/974331468097738698/text/755300PAD0P1220Official0Use0Only090.txt
P122139,http://documents.worldbank.org/curated/en/259881468286836400/text/736360PAD0P122010Box385311B00OUO090.txt
P122151,http://documents.worldbank.org/curated/en/252891468082135748/text/591100PAD0P1221OFFICIAL0USE0ONLY191.txt
P122153,http://documents.worldbank.org/curated/en/578041468015049240/text/651880PAD0P1220Official0Use0Only090.txt
P122178,http://documents.worldbank.org/curated/en/431451468172773840/text/736470PAD0P1220Official0Use0Only090.txt
P122201,http://documents.worldbank.org/curated/en/157261468200634239/text/653760REVISED00se0Only090Box370115B.txt
P122204,http://documents.worldbank.org/curated/en/330831468031549047/text/664620PAD0Box30official0use0only090.txt
P122219,http://documents.worldbank.org/curated/en/879311468248094624/text/623820PAD0P1220only0900R20110017701.txt
P122229,http://documents.worldbank.org/curated/en/593041468258870975/text/825430PAD0P122010Box379866B00OUO090.txt
P122233,http://documents.worldbank.org/curated/en/115951468191954153/text/666660PAD0P1220osed0301401200SIMULT.txt
P122269,http://documents.worldbank.org/curated/en/342481468199726464/text/666890PAD0P1220Official0Use0Only090.txt
P122319,http://documents.worldbank.org/curated/en/163201468217799848/text/660080PAD0Box30official0use0only090.txt
P122320,http://documents.worldbank.org/curated/en/676411468060542805/text/660810PAD0P1220Official0use0only090.txt
P122321,http://documents.worldbank.org/curated/en/457701468214814723/text/612980PAD0P1221OFFICIAL0USE0ONLY191.txt
P122326,http://documents.worldbank.org/curated/en/731081468312378620/text/570460PAD0P1220OFFICIAL0USE0ONLY090.txt
P122329,http://documents.worldbank.org/curated/en/554751468164063238/text/646340PAD0P1220Official0Use0Only090.txt
P122398,http://documents.worldbank.org/curated/en/123451468204842891/text/616460PAD0P1220e0only0900BOX358354B.txt
P122406,http://documents.worldbank.org/curated/en/427331468291028355/text/642990PAD0P122010Box385199B00OUO090.txt
P122419,http://documents.worldbank.org/curated/en/535191468199795962/text/576230PAD0P122105110IDA1R2011100631.txt
P122476,http://documents.worldbank.org/curated/en/388831468105574317/text/600070PAD0P1221OFFICIAL0USE0ONLY191.txt
P122478,http://documents.worldbank.org/curated/en/178421468008107153/text/560990PAD0P1221e0only1910BOX358291B.txt
P122486,http://documents.worldbank.org/curated/en/631821468042851398/text/650350PAD0P12200900IDA0R20120019801.txt
P122540,http://documents.worldbank.org/curated/en/762591468266438728/text/PAD1490PAD0P12010Box385355B00OUO090.txt
P122616,http://documents.worldbank.org/curated/en/227201468270268950/text/597930PAD0P1221e0only1910BOX358303B.txt
P122629,http://documents.worldbank.org/curated/en/782041484160218026/text/748150PAD0P122010Box377288B00OUO090.txt
P122692,http://documents.worldbank.org/curated/en/335001468031498518/text/590390PAD0P1221e0only1910BOX358301B.txt
P122694,http://documents.worldbank.org/curated/en/405781468116363921/text/756670PAD0P1220isclosed0301501300SD.txt
P122700,http://documents.worldbank.org/curated/en/587931468008408938/text/665980PAD0Ango000PUBLIC00Box379825B.txt
P122735,http://documents.worldbank.org/curated/en/416991468101364610/text/662580PAD0Box30official0use0only090.txt
P122764,http://documents.worldbank.org/curated/en/330121468024613142/text/676800PAD0P1220ox369247B0Buff0cover.txt
P122770,http://documents.worldbank.org/curated/en/402181468267291836/text/734220PAD0IDA00g00OUO0900Box379799B.txt
P122776,http://documents.worldbank.org/curated/en/757561468010197848/text/662220PAD0P1220Official0Use0Only090.txt
P122785,http://documents.worldbank.org/curated/en/178971468123867860/text/648930PAD0P1220official0use0only090.txt
P122810,http://documents.worldbank.org/curated/en/793501468044067811/text/621510PAD0P1220e0only00R20110015101.txt
P122812,http://documents.worldbank.org/curated/en/933451467995368061/text/PAD1410PAD0Aze0100OUO0900Box379827B.txt
P122826,http://documents.worldbank.org/curated/en/855161468281370405/text/812270PAD0P122010Box379865B00OUO090.txt
P122841,http://documents.worldbank.org/curated/en/773191468304224914/text/664510PAD0P12200900IDA0R20120011001.txt
P122916,http://documents.worldbank.org/curated/en/272061468029370675/text/722450PAD0P1220Official0Use0Only090.txt
P122943,http://documents.worldbank.org/curated/en/816621467997266235/text/644860PAD0P1220Official0Use0Only090.txt
P122944,http://documents.worldbank.org/curated/en/889391468008422182/text/685060PAD0P1220Official0USe0Only090.txt
P122950,http://documents.worldbank.org/curated/en/853141468004480308/text/769530PAD0P122010Box377322B00OUO090.txt
P122990,http://documents.worldbank.org/curated/en/344761468027233563/text/661300PAD0P1220Official0Use0Only090.txt
P122998,http://documents.worldbank.org/curated/en/907521468294969984/text/735060PAD0Russ0100OUO0900Box379813B.txt
P123093,http://documents.worldbank.org/curated/en/368611468002106091/text/PAD4140REPLACE010Box377300B00OUO090.txt
P123112,http://documents.worldbank.org/curated/en/610161468145179516/text/PAD10010REVISE020Box385226B00OUO090.txt
P123128,http://documents.worldbank.org/curated/en/334361468030609173/text/598970PAD0P1230e0only0900BOX361487B.txt
P123133,http://documents.worldbank.org/curated/en/351601468216572683/text/668200PAD0P1230Official0Use0Only090.txt
P123134,http://documents.worldbank.org/curated/en/340621468101055604/text/PAD10870PAD0P1010Box385412B00OUO090.txt
P123146,http://documents.worldbank.org/curated/en/664701468245664315/text/680660PAD0Buff0010020120Box367902B0.txt
P123151,http://documents.worldbank.org/curated/en/779771468295213765/text/NonAsciiFileName0.txt
P123204,http://documents.worldbank.org/curated/en/232861468115761164/text/664110PAD0P1230Official0Use0Only090.txt
P123315,http://documents.worldbank.org/curated/en/231201468245383099/text/673520PAD0IDA00se0Only090Box369244B.txt
P123323,http://documents.worldbank.org/curated/en/334761468018605480/text/705440PAD0P123010Box377298B00OUO090.txt
P123367,http://documents.worldbank.org/curated/en/478321468057257305/text/637340PAD0P1230Official0Use0Only090.txt
P123384,http://documents.worldbank.org/curated/en/168531468128100103/text/738030PAD0P123010Box374377B00OUO090.txt
P123394,http://documents.worldbank.org/curated/en/774561468285328085/text/752520PAD0REVI00Box374295B00PUBLIC0.txt
P123399,http://documents.worldbank.org/curated/en/688611468324036742/text/596090PAD0P1231OFFICIAL0USE0ONLY191.txt
P123447,http://documents.worldbank.org/curated/en/172921468290990533/text/614180PAD0P1230Official0Use0Only090.txt
P123457,http://documents.worldbank.org/curated/en/483251617656910916/text/Bangladesh-Integrated-Agricultural-Development-Project.txt
P123480,http://documents.worldbank.org/curated/en/228471468278054352/text/616870PAD0P1230OFFICIAL0USE0ONLY090.txt
P123513,http://documents.worldbank.org/curated/en/736591468098978156/text/PAD3960P123513010Box385166B00OUO090.txt
P123673,http://documents.worldbank.org/curated/en/695581468103766339/text/613890PAD0P1231OFFICIAL0USE0ONLY191.txt
P123706,http://documents.worldbank.org/curated/en/367901468035432064/text/679450PAD0P123000Box377288B00OUO090.txt
P123729,http://documents.worldbank.org/curated/en/441251468024607539/text/715480PAD0P123010Box374388B00OUO090.txt
P123760,http://documents.worldbank.org/curated/en/824921468286797358/text/659590PAD0P1230Official0Use0Only090.txt
P123820,http://documents.worldbank.org/curated/en/475661468207545339/text/715430PAD0P1230Official0Use0Only090.txt
P123828,http://documents.worldbank.org/curated/en/917751468210893683/text/655430PAD00IDA0se0Only090Box370115B.txt
P123879,http://documents.worldbank.org/curated/en/226901468242984222/text/741040PAD0P123010Box379877B00OUO090.txt
P123900,http://documents.worldbank.org/curated/en/222311468257333859/text/661960PAD0Buff0se0Only090Box369268B.txt
P123923,http://documents.worldbank.org/curated/en/799651468107659693/text/716610PAD0R2010031020120Box370115B0.txt
P123960,http://documents.worldbank.org/curated/en/523071468176959439/text/768560PAD0P123010Box382111B00OUO090.txt
P123961,http://documents.worldbank.org/curated/en/335721468176958402/text/PAD6990PAD0P12010Box379866B00OUO090.txt
P123974,http://documents.worldbank.org/curated/en/214921468033607388/text/767900PAD0P123010Box377288B00OUO090.txt
P123994,http://documents.worldbank.org/curated/en/110111468052132968/text/781980PAD0P1230official0use0only090.txt
P124015,http://documents.worldbank.org/curated/en/516971468016184394/text/PAD8930P124015010Box385166B00OUO090.txt
P124018,http://documents.worldbank.org/curated/en/680491468113088285/text/PAD2360P124018010Box379877B00OUO090.txt
P124045,http://documents.worldbank.org/curated/en/704091468122078480/text/671160PAD0P12400900IDA0R20120007101.txt
P124054,http://documents.worldbank.org/curated/en/944431468111543923/text/637430PAD0P1240Official0Use0Only090.txt
P124085,http://documents.worldbank.org/curated/en/755521468262504953/text/679760PAD0P1240se0Only090Box369247B.txt
P124109,http://documents.worldbank.org/curated/en/656501468048281802/text/600050PAD0P1241OFFICIAL0USE0ONLY191.txt
P124134,http://documents.worldbank.org/curated/en/990891468034482885/text/582380PAD0P1240Official0Use0Only090.txt
P124181,http://documents.worldbank.org/curated/en/669731468309575314/text/622770PAD0P1240Official0Use0Only090.txt
P124341,http://documents.worldbank.org/curated/en/870691468045874119/text/626550PAD0P1240e0only00R20110015401.txt
P124351,http://documents.worldbank.org/curated/en/874411468194347530/text/613820PAD0P1240Official0Use0Only090.txt
P124514,http://documents.worldbank.org/curated/en/256411467998814087/text/637260PAD0Box301100IDA0R20110029801.txt
P124614,http://documents.worldbank.org/curated/en/701201468284089367/text/660910PAD0P1240Official0Use0Only090.txt
P124625,http://documents.worldbank.org/curated/en/299241468164365734/text/PAD8530P124625010Box385199B00OUO090.txt
P124639,http://documents.worldbank.org/curated/en/879581468041646928/text/570810PAD0P1241e0only1910BOX353794B.txt
P124648,http://documents.worldbank.org/curated/en/267211468229732093/text/621480PAD0P1240e0only0900BOX361476B.txt
P124720,http://documents.worldbank.org/curated/en/305331468026435374/text/PAD2020PAD0P12010Box377300B00OUO090.txt
P124775,http://documents.worldbank.org/curated/en/881231468032642444/text/578980PAD0Box30ly00GEF0R20110002001.txt
P124848,http://documents.worldbank.org/curated/en/619611468263344346/text/708130PAD0P1240Official0Use0Only090.txt
P124942,http://documents.worldbank.org/curated/en/290041468129863839/text/809510PAD0P124010Box379866B00OUO090.txt
P124978,http://documents.worldbank.org/curated/en/872251468259458466/text/665970PAD0CORRIGENDUM0R20120004002.txt
P125021,http://documents.worldbank.org/curated/en/641481468021632940/text/NonAsciiFileName0.txt
P125022,http://documents.worldbank.org/curated/en/131691468219305697/text/695890PAD0P1250Official0Use0Only090.txt
P125024,http://documents.worldbank.org/curated/en/895641468257733951/text/PAD7180P125024010Box382156B00OUO090.txt
P125032,http://documents.worldbank.org/curated/en/164821468120244038/text/612850PAD0P1251OFFICIAL0USE0ONLY191.txt
P125120,http://documents.worldbank.org/curated/en/240481468321882453/text/759190PAD0MZ0I00Box0377354B00OUO090.txt
P125127,http://documents.worldbank.org/curated/en/233011468058524613/text/605950PAD0P1251OFFICIAL0USE0ONLY191.txt
P125151,http://documents.worldbank.org/curated/en/581251468199769741/text/587910PAD0P1251e0only1910BOX358315B.txt
P125184,http://documents.worldbank.org/curated/en/265561468054261510/text/PAD8220PAD0P12010Box385319B00OUO090.txt
P125232,http://documents.worldbank.org/curated/en/171461468060897186/text/PAD3850PAD0P12010Box385211B00OUO090.txt
P125237,http://documents.worldbank.org/curated/en/591091468279348042/text/668600PAD0P1250Official0Use0Only090.txt
P125288,http://documents.worldbank.org/curated/en/412831468274767318/text/600300PAD0P1250e0only0900BOX361480B.txt
P125359,http://documents.worldbank.org/curated/en/276351468062668345/text/656930PAD0Buff0se0Only090Box369268B.txt
P125405,http://documents.worldbank.org/curated/en/495571468041435378/text/667010PAD0P1250Official0Use0Only090.txt
P125447,http://documents.worldbank.org/curated/en/996211468205172886/text/684870PAD0P1250nity0Climate0Change.txt
P125496,http://documents.worldbank.org/curated/en/340791468024283754/text/PAD1560PAD0P120C0disclosed012090130.txt
P125506,http://documents.worldbank.org/curated/en/302441468113062157/text/754740PAD0P125000OUO0900Box379823B0.txt
P125528,http://documents.worldbank.org/curated/en/767841468217761642/text/670440PAD0P1250Official0use0only090.txt
P125565,http://documents.worldbank.org/curated/en/615441468304809212/text/659010PAD0P1250Official0Use0Only090.txt
P125574,http://documents.worldbank.org/curated/en/850271468263967485/text/583040PAD0P1250OFFICIAL0USE0ONLY090.txt
P125595,http://documents.worldbank.org/curated/en/131311468252282495/text/661980PAD0P1250Official0Use0Only090.txt
P125597,http://documents.worldbank.org/curated/en/885711468187133218/text/801770PAD00P12000PUBLIC00KMDP000PAD.txt
P125669,http://documents.worldbank.org/curated/en/931201468097469292/text/658970PAD00PUB090201100R20110027701.txt
P125689,http://documents.worldbank.org/curated/en/839091468302664916/text/659930PAD0P125001501200SIMULT0DISCL.txt
P125740,http://documents.worldbank.org/curated/en/738831468340481116/text/655770PAD0P1250Official0Use0Only090.txt
P125799,http://documents.worldbank.org/curated/en/131841468275366480/text/669210PAD0Buff0SE0ONLY090Box369244B.txt
P125890,http://documents.worldbank.org/curated/en/846671468034769666/text/664970PAD0P1250Official0Use0Only090.txt
P125952,http://documents.worldbank.org/curated/en/483841468285331285/text/745520PAD0P1250Official0Use0Only090.txt
P125958,http://documents.worldbank.org/curated/en/164041468057854680/text/662910PAD0P125000official0use0only0.txt
P125964,http://documents.worldbank.org/curated/en/411761468324037324/text/738270PAD0P1259640Box382109B00PUBLIC0.txt
P125996,http://documents.worldbank.org/curated/en/968561468140041023/text/716220PAD0P1250Official0Use0Only090.txt
P125999,http://documents.worldbank.org/curated/en/926201468084531947/text/634590PAD0P1250Official0Use0Only090.txt
P126033,http://documents.worldbank.org/curated/en/264331468037727513/text/660270PAD0P1260Official0Use0Only090.txt
P126049,http://documents.worldbank.org/curated/en/591081468098380877/text/762640PAD0P126010Box374377B00OUO090.txt
P126130,http://documents.worldbank.org/curated/en/124901468116963729/text/763970PAD0P12600Box377378B00PUBLIC0.txt
P126180,http://documents.worldbank.org/curated/en/915291468302729067/text/733080PAD0FINA00130382086B00PUBLIC0.txt
P126193,http://documents.worldbank.org/curated/en/303551468164352815/text/621160PAD0P1260e0only0900BOX361480B.txt
P126210,http://documents.worldbank.org/curated/en/328071468018857691/text/663040PAD0Buff0SE0ONLY090Box369244B.txt
P126278,http://documents.worldbank.org/curated/en/207131468263985487/text/735260PAD0P126010Box374377B00OUO090.txt
P126321,http://documents.worldbank.org/curated/en/245391468047724099/text/673500PAD0P12600900IDA0R20120018801.txt
P126324,http://documents.worldbank.org/curated/en/290641468047111252/text/653600PAD0P12600dissclosed070300120.txt
P126343,http://documents.worldbank.org/curated/en/934161468222565525/text/673880PAD0P1260Official0Use0Only090.txt
P126357,http://documents.worldbank.org/curated/en/523501468100148982/text/646180IDA0R2010sclosed0Dec027020110.txt
P126361,http://documents.worldbank.org/curated/en/563051468312564946/text/805460PAD0P126000PUBLIC00Box379827B.txt
P126364,http://documents.worldbank.org/curated/en/877311468023099970/text/650340PAD0P12600disclosed0110220110.txt
P126372,http://documents.worldbank.org/curated/en/102811468237590461/text/639180PAD0P1260Official0Use0Only090.txt
P126408,http://documents.worldbank.org/curated/en/203481468337738283/text/695930PAD0P12609010020120Box367902B.txt
P126440,http://documents.worldbank.org/curated/en/789311468337223300/text/655880PAD0Box300offical0use0only090.txt
P126452,http://documents.worldbank.org/curated/en/943161468223777729/text/PAD2390P1264520IC0disclosed06060130.txt
P126454,http://documents.worldbank.org/curated/en/835961468018646400/text/664670PAD0P1260Official0Use0Only090.txt
P126504,http://documents.worldbank.org/curated/en/241461468306860242/text/NonAsciiFileName0.txt
P126507,http://documents.worldbank.org/curated/en/558961468179946764/text/PAD1305-PAD-P126507-IDA-R2015-0120-1-Box391444B-OUO-9.txt
P126516,http://documents.worldbank.org/curated/en/829621468015602988/text/754730PAD0P1260disclosed060501300SD.txt
P126537,http://documents.worldbank.org/curated/en/102401468225892455/text/631510PAD0P1260Official0Use0Only090.txt
P126579,http://documents.worldbank.org/curated/en/620191468212087246/text/692520PAD0P1260Official0Use0Only090.txt
P126586,http://documents.worldbank.org/curated/en/929561468138262002/text/671800PAD0P1260Official0USe0Only090.txt
P126596,http://documents.worldbank.org/curated/en/361421468335703425/text/PAD6860PAD0P12010Box379877B00OUO090.txt
P126611,http://documents.worldbank.org/curated/en/685891468217458131/text/744050PAD0P1260losed030101300SIMULT.txt
P126661,http://documents.worldbank.org/curated/en/988471468002999129/text/860760PAD0P126010Box385343B00OUO090.txt
P126663,http://documents.worldbank.org/curated/en/748311468201836333/text/662870PAD0Buff0se0Only090Box369268B.txt
P126722,http://documents.worldbank.org/curated/en/311231467994590408/text/662770PAD0Box30sclosed0Feb027020120.txt
P126735,http://documents.worldbank.org/curated/en/212161468239376581/text/832700PAD0R2010Official0use0only090.txt
P126744,http://documents.worldbank.org/curated/en/125821468035660908/text/645740PAD0P126001001100simlultdiscl.txt
P126773,http://documents.worldbank.org/curated/en/384881468004845455/text/PAD2610PAD0P12010Box385415B00OUO090.txt
P126791,http://documents.worldbank.org/curated/en/521141468202128420/text/718130PAD0P126010Box377300B00OUO090.txt
P126813,http://documents.worldbank.org/curated/en/545211468024548930/text/734090PAD0P1260isclosed0501501300SD.txt
P126817,http://documents.worldbank.org/curated/en/114311468029107029/text/744040PAD0P126010Box377288B00OUO090.txt
P126832,http://documents.worldbank.org/curated/en/748681468029344265/text/PAD3880PAD0P12010Box385354B00OUO090.txt
P126848,http://documents.worldbank.org/curated/en/205721468194353464/text/816180PAD0P126010Box385177B00OUO090.txt
P126856,http://documents.worldbank.org/curated/en/829551468024845847/text/734080PAD0P1260losed030101300SIMULT.txt
P126875,http://documents.worldbank.org/curated/en/990011468134380409/text/691350PAD0P1260Official0Use0Only090.txt
P126964,http://documents.worldbank.org/curated/en/902251468144276307/text/733260PAD0P1260Official0Use0Only090.txt
P126974,http://documents.worldbank.org/curated/en/192751467992763313/text/PAD3320PAD0P12010Box385466B00OUO090.txt
P127015,http://documents.worldbank.org/curated/en/818601468014438252/text/746000PAD0P1270estation0PAD0Final1.txt
P127033,http://documents.worldbank.org/curated/en/872731468019455919/text/PAD4980China000100OUO0900Box379845B.txt
P127035,http://documents.worldbank.org/curated/en/261441468025175381/text/742800PAD0P1270Official0Use0Only090.txt
P127036,http://documents.worldbank.org/curated/en/385621468019463050/text/PAD3440PAD0P120Official0Use0only090.txt
P127079,http://documents.worldbank.org/curated/en/770181468101966036/text/723220Revised001300IDA0R20130003902.txt
P127086,http://documents.worldbank.org/curated/en/572081468204544551/text/PAD6850P127086010Box385177B00OUO090.txt
P127105,http://documents.worldbank.org/curated/en/556971468336670373/text/653510PAD0P1270Official0Use0Only090.txt
P127143,http://documents.worldbank.org/curated/en/124881468246587008/text/682540PAD0P127010Box377300B00OUO090.txt
P127156,http://documents.worldbank.org/curated/en/441571468171871154/text/717380REVISED009B0RSIP20PAD000final.txt
P127163,http://documents.worldbank.org/curated/en/470851468136495575/text/731130PAD0P1270y0900DA0R20130011001.txt
P127200,http://documents.worldbank.org/curated/en/565811468110983063/text/647590PAD0P1270Official0Use0Only090.txt
P127203,http://documents.worldbank.org/curated/en/739381468037774840/text/722660PAD0P1270y0disclosed090140120.txt
P127204,http://documents.worldbank.org/curated/en/928211468097751004/text/677500PAD0P1270Official0Use0Only090.txt
P127209,http://documents.worldbank.org/curated/en/579371468034873085/text/666600PAD0P127010Box385199B00OUO090.txt
P127226,http://documents.worldbank.org/curated/en/503571468301159147/text/870440REPLACEM0IC0disclosed06050140.txt
P127241,http://documents.worldbank.org/curated/en/499441468121126521/text/789250PAD0P127010Box385177B00OUO090.txt
P127245,http://documents.worldbank.org/curated/en/365201468020713702/text/770030PAD0P1270isclosed0502701300SD.txt
P127254,http://documents.worldbank.org/curated/en/759221468178437863/text/739820PAD0P12700900IDA0R20130009901.txt
P127258,http://documents.worldbank.org/curated/en/737101468019767768/text/758890PAD0P127010Box374377B00OUO090.txt
P127303,http://documents.worldbank.org/curated/en/601401468058727044/text/PAD2680P127303010Box374366B00OUO090.txt
P127306,http://documents.worldbank.org/curated/en/393341468301538939/text/723770PAD0P1270Official0Use0Only090.txt
P127308,http://documents.worldbank.org/curated/en/876571468248681328/text/709480PAD0P127010Box374366B00OUO090.txt
P127319,http://documents.worldbank.org/curated/en/762731468054641211/text/643630PAD0P1270Official0Use0Only090.txt
P127338,http://documents.worldbank.org/curated/en/938171468014410229/text/PAD7120PAD0P120IC0Disclosed08050140.txt
P127388,http://documents.worldbank.org/curated/en/124171468321835635/text/NonAsciiFileName0.txt
P127486,http://documents.worldbank.org/curated/en/433331468127166555/text/NonAsciiFileName0.txt
P127490,http://documents.worldbank.org/curated/en/732121468013813794/text/759710PAD0P127010Box374388B00OUO090.txt
P127508,http://documents.worldbank.org/curated/en/770011468060865251/text/NonAsciiFileName0.txt
P127543,http://documents.worldbank.org/curated/en/943421468056371471/text/760530PAD0P127010Box377322B00OUO090.txt
P127676,http://documents.worldbank.org/curated/en/885961468307162916/text/728490PAD0Russ00100OUO0900Box37981B.txt
P127723,http://documents.worldbank.org/curated/en/533331468224388586/text/PAD2580PAD0R20010Box377300B00OUO090.txt
P127725,http://documents.worldbank.org/curated/en/953461468197972308/text/PAD289-REVISED-IDA-R2015-0289-1.txt
P127734,http://documents.worldbank.org/curated/en/747491467993467196/text/PAD1658-REVISED-PUBLIC-SIMULTANEOUS-DISCLOSURE-R2016-0092-2.txt
P127743,http://documents.worldbank.org/curated/en/397241468205176835/text/717020PAD0CORRIGENDUM0IDA0R20120024003.txt
P127759,http://documents.worldbank.org/curated/en/156851467994707568/text/760880PAD0P127010Box377288B00OUO090.txt
P127764,http://documents.worldbank.org/curated/en/286581468308642099/text/PAD3290PAD0P12010Box385222B00OUO090.txt
P127775,http://documents.worldbank.org/curated/en/266231468219580449/text/PAD4160PAD0P12010Box379877B00OUO090.txt
P127807,http://documents.worldbank.org/curated/en/851811468023381377/text/719240PAD0P1270Official0Use0Only090.txt
P127813,http://documents.worldbank.org/curated/en/152621468040548322/text/PAD3760P127813010Box382121B00OUO090.txt
P127837,http://documents.worldbank.org/curated/en/985001468206355308/text/PAD8560CORRIGE059020385199B00OUO090.txt
P127861,http://documents.worldbank.org/curated/en/809071468047079839/text/686170PAD0GEF000901200simult0disclo.txt
P127867,http://documents.worldbank.org/curated/en/311811468214811631/text/PAD4470PAD0P12010Box379877B00OUO090.txt
P127876,http://documents.worldbank.org/curated/en/777131468307520545/text/722870PAD0P127010Box374377B00OUO090.txt
P127966,http://documents.worldbank.org/curated/en/696991468272385072/text/771310P12796600D0RVP0Package0CLEAN.txt
P127974,http://documents.worldbank.org/curated/en/759661467046354613/text/PAD571-PADP127974-OUO-9-R2016-0109-1.txt
P128012,http://documents.worldbank.org/curated/en/569211468196182901/text/PAD1422-PAD-P128012-IDA-R2015-0302-1-Box393264B-OUO-9.txt
P128048,http://documents.worldbank.org/curated/en/198561468184756730/text/823810PAD0P128010Box379866B00OUO090.txt
P128072,http://documents.worldbank.org/curated/en/716141468129870660/text/795170PAD0P128010Box379877B00OUO090.txt
P128208,http://documents.worldbank.org/curated/en/893711468336621509/text/674470PAD0P1280Official0Use0Only090.txt
P128276,http://documents.worldbank.org/curated/en/748531468209052823/text/744820PAD0P1280disclosed060701300SD.txt
P128307,http://documents.worldbank.org/curated/en/645041468086940924/text/776880PAD0P128010Box385244B00OUO090.txt
P128344,http://documents.worldbank.org/curated/en/754601468314069899/text/846720PAD0P128010Box385226B00OUO090.txt
P128378,http://documents.worldbank.org/curated/en/175281468299184602/text/805820PAD0P128010Box382111B00OUO090.txt
P128393,http://documents.worldbank.org/curated/en/710021468278697087/text/PAD2430P128393010Box382156B00OUO090.txt
P128437,http://documents.worldbank.org/curated/en/755761468331789238/text/PAD9620PAD0P12010Box385311B00OUO090.txt
P128442,http://documents.worldbank.org/curated/en/465131469672143556/text/723910PAD0P1280Official0Use0Only090.txt
P128443,http://documents.worldbank.org/curated/en/159591468257335046/text/733380PAD0P128010Box377322B00OUO090.txt
P128516,http://documents.worldbank.org/curated/en/823401467999690136/text/PAD715-PAD-P128516-IDA-R2016-0062-1-Box394878B-OUO-9.txt
P128534,http://documents.worldbank.org/curated/en/812001468012900115/text/747010PAD0P1280Official0Use0Only090.txt
P128605,http://documents.worldbank.org/curated/en/801621482462173038/text/TR-SCP-PAD-final-12012016.txt
P128628,http://documents.worldbank.org/curated/en/695541468019208365/text/PAD3950PAD0Rep0100OUO0900Box379818B.txt
P128768,http://documents.worldbank.org/curated/en/801561468229175933/text/779300PAD0P1280y0Box377377B00OUO090.txt
P128832,http://documents.worldbank.org/curated/en/197791468254945267/text/NonAsciiFileName0.txt
P128867,http://documents.worldbank.org/curated/en/264101468240572991/text/744030PAD0P1280Offiical0Use0Only090.txt
P128887,http://documents.worldbank.org/curated/en/712601468026110807/text/PAD5940PAD0P12010Box385226B00OUO090.txt
P128891,http://documents.worldbank.org/curated/en/731661468032393203/text/696890PAD0P1280Official0Use0Only090.txt
P128904,http://documents.worldbank.org/curated/en/813211467999714829/text/PAD1264-PAD-P128904-IDA-R2015-0150-1-Box391454B-OUO-9.txt
P128909,http://documents.worldbank.org/curated/en/708001468049169482/text/767660PAD0P128010Box377288B00OUO090.txt
P128919,http://documents.worldbank.org/curated/en/429191468018545991/text/PAD3670PAD0P12010Box385386B00OUO090.txt
P128938,http://documents.worldbank.org/curated/en/590511468326222950/text/653530PAD0P1280Official0Use0Only090.txt
P128939,http://documents.worldbank.org/curated/en/590511468326222950/text/653530PAD0P1280Official0Use0Only090.txt
P128940,http://documents.worldbank.org/curated/en/590511468326222950/text/653530PAD0P1280Official0Use0Only090.txt
P128950,http://documents.worldbank.org/curated/en/875091468200643234/text/724490PAD0P1280sed0SIMULT0100100120.txt
P128968,http://documents.worldbank.org/curated/en/163061468231858343/text/PAD3410PAD0P12010Box385316B00OUO090.txt
P129156,http://documents.worldbank.org/curated/en/290361468304483115/text/825400PAD0P129010Box379877B00OUO090.txt
P129326,http://documents.worldbank.org/curated/en/106731468279863485/text/685500PAD0P1290Official0Use0Only090.txt
P129342,http://documents.worldbank.org/curated/en/881911467987872678/text/PAD459-PAD-P129342-R2015-0239-1-Box393264B-OUO-9.txt
P129381,http://documents.worldbank.org/curated/en/702161468037472585/text/729490PAD0P1290ox0379820B00PUBLIC0.txt
P129397,http://documents.worldbank.org/curated/en/274571468205143686/text/PAD4360P1293970Box0379824B00PUBLIC0.txt
P129401,http://documents.worldbank.org/curated/en/546831468018851819/text/PAD4230P129401010Box382144B00OUO090.txt
P129408,http://documents.worldbank.org/curated/en/672711468002404897/text/716340PAD0P129010Box382155B00OUO090.txt
P129431,http://documents.worldbank.org/curated/en/435931468011123321/text/PAD4630P129431010Box377322B00OUO090.txt
P129472,http://documents.worldbank.org/curated/en/638401468113061649/text/792900PAD0P129010Box379866B00OUO090.txt
P129524,http://documents.worldbank.org/curated/en/968541468059079012/text/736080PAD0P1290Official0Use0Only090.txt
P129539,http://documents.worldbank.org/curated/en/969641468102535325/text/819240PAD0P129010Box382122B00OUO090.txt
P129563,http://documents.worldbank.org/curated/en/222591468011122025/text/754710PAD0P129010Box379877B00OUO090.txt
P129565,http://documents.worldbank.org/curated/en/870701468004846127/text/665140PAD0P1290Official0Use0Only090.txt
P129633,http://documents.worldbank.org/curated/en/141621467997561587/text/PAD321-PAD-P129633-R2015-0144-1-Box391499B-OUO-9.txt
P129640,http://documents.worldbank.org/curated/en/330261468013224867/text/698030PAD0P129010Box385278B00OUO090.txt
P129647,http://documents.worldbank.org/curated/en/959321468293398621/text/PAD4960PAD0P12010Box379866B00OUO090.txt
P129688,http://documents.worldbank.org/curated/en/881411468228925658/text/NonAsciiFileName0.txt
P129713,http://documents.worldbank.org/curated/en/887961468028476701/text/755710PAD0P129010Box374377B00OUO090.txt
P129769,http://documents.worldbank.org/curated/en/965491468030551671/text/764300PAD0P129010Box377300B00OUO090.txt
P129774,http://documents.worldbank.org/curated/en/340761468275357524/text/733990PAD0P1290202601300simult0disc.txt
P129791,http://documents.worldbank.org/curated/en/714301468261321292/text/PAD5870PAD0P12010Box385211B00OUO090.txt
P129825,http://documents.worldbank.org/curated/en/517661468045029218/text/743770PAD0P1290AT0PAD0final0printed.txt
P129828,http://documents.worldbank.org/curated/en/882171468257057062/text/PAD4760PAD0REP0E0Box379867B00OUO090.txt
P129847,http://documents.worldbank.org/curated/en/246391468280494816/text/740110PAD0P1298470IDA0R20130005201.txt
P129861,http://documents.worldbank.org/curated/en/375471468321832951/text/673030PAD0P1290Official0Use0Only090.txt
P129920,http://documents.worldbank.org/curated/en/938841468200648366/text/PAD7480PAD0P12010Box382122B00OUO090.txt
P129961,http://documents.worldbank.org/curated/en/797841468200646107/text/8110800PAD0P120sclosed01203101300SD.txt
P129992,http://documents.worldbank.org/curated/en/904981468027593182/text/PAD6590PAD0P12010Box385177B00OUO090.txt
P130013,http://documents.worldbank.org/curated/en/877131468277180362/text/698380PAD0P13000Box382105B00PUBLIC0.txt
P130014,http://documents.worldbank.org/curated/en/754231468338360484/text/834930PAD0P130010Box382088B00OUO090.txt
P130091,http://documents.worldbank.org/curated/en/855911468173954529/text/674700PAD0P13000900IDA0R20120010901.txt
P130164,http://documents.worldbank.org/curated/en/836241468260649073/text/815940PAD0Box30official0use0only090.txt
P130182,http://documents.worldbank.org/curated/en/130121467994708193/text/831610PAD0P130010Box382153B00OUO090.txt
P130184,http://documents.worldbank.org/curated/en/480951468003941097/text/698800PAD0P1300Official0Use0Only090.txt
P130193,http://documents.worldbank.org/curated/en/634231468096559464/text/PAD10100PAD0ID081010P13019300OUO090.txt
P130202,http://documents.worldbank.org/curated/en/977701468094453474/text/749270PAD0P130010Box374366B00OUO090.txt
P130222,http://documents.worldbank.org/curated/en/177441468088453940/text/756320PAD0P130010Box377288B00OUO090.txt
P130276,http://documents.worldbank.org/curated/en/534541468250811025/text/PAD5680PAD0P13010Box379866B00OUO090.txt
P130299,http://documents.worldbank.org/curated/en/267451468042313468/text/673870PAD0P1300isclosed0401201300SD.txt
P130339,http://documents.worldbank.org/curated/en/947881468050051658/text/756390PAD0P130010Box374388B00OUO090.txt
P130343,http://documents.worldbank.org/curated/en/351851468278681887/text/723410PAD0P1300disclosed050901300SD.txt
P130413,http://documents.worldbank.org/curated/en/657001468274499313/text/752010PAD0P130010Box374388B00OUO090.txt
P130421,http://documents.worldbank.org/curated/en/826701468031549803/text/714480PAD0P1300Official0Use0Only090.txt
P130471,http://documents.worldbank.org/curated/en/409061468308685658/text/751720PAD0P13000900IDA0R20130009601.txt
P130474,http://documents.worldbank.org/curated/en/894681468201280561/text/901640PAD0P130010Box385322B00OUO090.txt
P130492,http://documents.worldbank.org/curated/en/534001468000632467/text/865480PAD0P1300C0disclosed060180140.txt
P130512,http://documents.worldbank.org/curated/en/731851468266430449/text/NonAsciiFileName0.txt
P130682,http://documents.worldbank.org/curated/en/789111468015871663/text/804430PAD0P130010Box382166B00OUO090.txt
P130694,http://documents.worldbank.org/curated/en/306271468193493154/text/744790PAD0P13000Box374391B00PUBLIC0.txt
P130710,http://documents.worldbank.org/curated/en/369331467999685527/text/PAD522-replacement-IDA-R2016-0047-1.txt
P130735,http://documents.worldbank.org/curated/en/878851468235446489/text/751840PAD0P13000900IDA0R20130011201.txt
P130786,http://documents.worldbank.org/curated/en/992641468012618926/text/746510PAD0P130010Box374377B00OUO090.txt
P130801,http://documents.worldbank.org/curated/en/653041468234285165/text/694990PAD0P1300Official0Use0Only090.txt
P130819,http://documents.worldbank.org/curated/en/263561468250877446/text/NonAsciiFileName0.txt
P130840,http://documents.worldbank.org/curated/en/536881468144274402/text/PAD6780PAD0P13010Box385224B00OUO090.txt
P130864,http://documents.worldbank.org/curated/en/278721468123240686/text/764010PAD0P130010Box377322B00OUO090.txt
P130865,http://documents.worldbank.org/curated/en/881771468289553500/text/696640PAD0P1300Official0Use0Only090.txt
P130871,http://documents.worldbank.org/curated/en/543301468182952697/text/PAD635-PAD-P130871-IDA-R2015-0109-1-Box371422B-OUO-9.txt
P130878,http://documents.worldbank.org/curated/en/569641468270268075/text/733280PAD00P130en0February028002013.txt
P130888,http://documents.worldbank.org/curated/en/952171468194343638/text/796480PAD0GEF00n00OUO0900Box379801B.txt
P130891,http://documents.worldbank.org/curated/en/147001468323708135/text/799640PAD0P130010Box385211B00OUO090.txt
P131013,http://documents.worldbank.org/curated/en/609951468333869361/text/817080PAD0P1310130R2013-0209-10Box379877B0-OUO-9.txt
P131027,http://documents.worldbank.org/curated/en/817971468245430631/text/774200REPLACEM0140Box382121B00OUO90.txt
P131029,http://documents.worldbank.org/curated/en/935661468099274906/text/NonAsciiFileName0.txt
P131049,http://documents.worldbank.org/curated/en/506641468321881521/text/759390PAD0P1310040901300SIMULT0DISC.txt
P131084,http://documents.worldbank.org/curated/en/173911468052814928/text/PAD6880PAD0P13010Box379866B00OUO090.txt
P131094,http://documents.worldbank.org/curated/en/116561468282846163/text/NonAsciiFileName0.txt
P131120,http://documents.worldbank.org/curated/en/920901468235752030/text/716550PAD0P13104B00PUBLIC00ENGLISH.txt
P131194,http://documents.worldbank.org/curated/en/717991468026441401/text/742810PAD0P1310301401300SIMULT0DISC.txt
P131201,http://documents.worldbank.org/curated/en/325361468045034717/text/PAD7710P131201010Box385222B00OUO090.txt
P131228,http://documents.worldbank.org/curated/en/920811555686865087/text/Afghanistan-DABS-Planning-and-Capacity-Support-Project.txt
P131235,http://documents.worldbank.org/curated/en/464741468044373198/text/818460PAD0P131010Box382166B00OUO090.txt
P131256,http://documents.worldbank.org/curated/en/748641468279941398/text/PAD10070PAD0P100disclosed0120220140.txt
P131263,http://documents.worldbank.org/curated/en/570341468007797756/text/717000PAD0IDA00se0Only090Box370115B.txt
P131323,http://documents.worldbank.org/curated/en/164891468007238442/text/767650PAD0GEF00R2013002830100OUO090.txt
P131331,http://documents.worldbank.org/curated/en/227031468120859948/text/734740PAD0P131010Box374377B00OUO090.txt
P131394,http://documents.worldbank.org/curated/en/391411468014347226/text/722210PAD0P1310Official0Use0Only090.txt
P131408,http://documents.worldbank.org/curated/en/438971468002152768/text/PAD2720PAD0P13010Box385413B00OUO090.txt
P131441,http://documents.worldbank.org/curated/en/922591483677675760/text/70938-PAD-P131441-PUBLIC-ACS.txt
P131550,http://documents.worldbank.org/curated/en/682121468261278300/text/PAD6480PAD0P13010Box379877B00OUO090.txt
P131558,http://documents.worldbank.org/curated/en/566821468177570152/text/PAD7660PAD0P1300OUO0900R20140017101.txt
P131592,http://documents.worldbank.org/curated/en/280411468061146235/text/PAD7620PAD0P13010Box385299B00OUO090.txt
P131655,http://documents.worldbank.org/curated/en/362221468291332192/text/PAD11690PAD0Mu000Box385386B00OUO090.txt
P131659,http://documents.worldbank.org/curated/en/379011468026983176/text/PAD5530PAD0IDA000PUBLIC00Box379808B.txt
P131660,http://documents.worldbank.org/curated/en/987881468300553401/text/PAD3620PAD0P13010Box385222B00OUO090.txt
P131709,http://documents.worldbank.org/curated/en/870061468122652490/text/818570PAD0P1310isclosed0110801300SD.txt
P131765,http://documents.worldbank.org/curated/en/553861468267360704/text/PAD4700P131765010Box385177B00OUO090.txt
P131778,http://documents.worldbank.org/curated/en/655001468184739502/text/PAD1037-REVISED-GEF-R2015-0014-2-Box393178B-OUO.txt
P131825,http://documents.worldbank.org/curated/en/427731468316154123/text/823180PAD0IDA0010Box385188B00OUO090.txt
P131850,http://documents.worldbank.org/curated/en/596411468285325559/text/733290PAD00P130IC0disclosed09020140.txt
P131965,http://documents.worldbank.org/curated/en/414931468286479626/text/PAD7720PAD0P13010Box385345B00OUO090.txt
P131973,http://documents.worldbank.org/curated/en/249411468291324138/text/787600PAD0Nige0100OUO0900Box379825B.txt
P132123,http://documents.worldbank.org/curated/en/171141468200341260/text/PAD4150PAD0P13010Box385412B00OUO090.txt
P132154,http://documents.worldbank.org/curated/en/602451468010856707/text/742790PAD0P132010Box377322B00OUO090.txt
P132157,http://documents.worldbank.org/curated/en/732451468309869949/text/PAD8350PAD0P13010Box385222B00OUO090.txt
P132173,http://documents.worldbank.org/curated/en/137201468042003514/text/763460PAD0P132010Box382077B00OUO090.txt
P132268,http://documents.worldbank.org/curated/en/833251468110957876/text/846580PAD0P1320Box382143B00PUBLIC0.txt
P132270,http://documents.worldbank.org/curated/en/289641468239978258/text/840380PAD0P132010Box385166B00OUO090.txt
P132277,http://documents.worldbank.org/curated/en/387481468260128466/text/PAD5330P132277010Box385199B00OUO090.txt
P132289,http://documents.worldbank.org/curated/en/874211468290710744/text/748610PAD0P132010Bpx374388B00OUO090.txt
P132306,http://documents.worldbank.org/curated/en/862461468097181661/text/767300PAD0P13200IDA0R201300117010SD.txt
P132308,http://documents.worldbank.org/curated/en/328361468179033883/text/PAD616-PAD-P132308-IDA-R2016-0052-1-Box394877B-OUO-9.txt
P132314,http://documents.worldbank.org/curated/en/991691468038931790/text/722840PAD0R2010osed0201301300SIMULT.txt
P132317,http://documents.worldbank.org/curated/en/494411468296969716/text/Philippines-Rural-Development-Project.txt
P132381,http://documents.worldbank.org/curated/en/468231468174537734/text/PAD5720PAD0P13010Box385222B00OUO090.txt
P132405,http://documents.worldbank.org/curated/en/671631468292230996/text/PAD4440PAD0P1324050Box382141B00PUBLIC0.txt
P132418,http://documents.worldbank.org/curated/en/632631468258842038/text/PAD10460PAD0P1010Box385378B00OUO090.txt
P132443,http://documents.worldbank.org/curated/en/254531468054586854/text/PAD5670PAD0P13010Box385355B00OUO090.txt
P132515,http://documents.worldbank.org/curated/en/234131468179340002/text/PAD1337-PAD-P132515-Box393255B-OUO-9-R2015-0228-1.txt
P132617,http://documents.worldbank.org/curated/en/538831468010906215/text/779500PAD0P132010Box377322B00OUO090.txt
P132621,http://documents.worldbank.org/curated/en/339241468028779314/text/PAD9880PAD0P13010Box385445B00OUO090.txt
P132623,http://documents.worldbank.org/curated/en/938921468035436516/text/PAD5980REVISED00disclosed0120100140.txt
P132634,http://documents.worldbank.org/curated/en/923321468198848579/text/764830PAD0P1320disclosed060701300SD.txt
P132652,http://documents.worldbank.org/curated/en/760261468175774922/text/PAD7900PAD0P13010Box385222B00OUO090.txt
P132667,http://documents.worldbank.org/curated/en/459301468204890551/text/PAD7950P132667010Box382153B00OUO090.txt
P132698,http://documents.worldbank.org/curated/en/661811468169771793/text/PAD8880PAD0P13010Box385222B00OUO090.txt
P132748,http://documents.worldbank.org/curated/en/685701489888842407/text/China-DevMktBased-PAD-03022017.txt
P132750,http://documents.worldbank.org/curated/en/301361468297892179/text/822260PAD0P132010Box379877B00OUO090.txt
P132775,http://documents.worldbank.org/curated/en/266241468028780279/text/PAD9440PAD0P13010Box385445B00OUO090.txt
P132821,http://documents.worldbank.org/curated/en/929951467990389076/text/Congo-Democratic-Republic-of-Fifth-Phase-of-the-Central-African-Backbone-Program-Project.txt
P132833,http://documents.worldbank.org/curated/en/923001467990996299/text/PAD1265-PAD-IDA-R2016-0064-1-OUO-9.txt
P132846,http://documents.worldbank.org/curated/en/292561468050687641/text/PAD11870PAD0P1010Box385454B00OUO090.txt
P132873,http://documents.worldbank.org/curated/en/536511468242658181/text/PAD9200PAD0P13010Box385414B00OUO090.txt
P132944,http://documents.worldbank.org/curated/en/320511541065030739/text/PAD1450-PAD-PUBLIC-Nov-22-2015-Afghanistan-Naghlu.txt
P132979,http://documents.worldbank.org/curated/en/320711468253480045/text/PAD5600PAD00P10PUBLIC0002014011012.txt
P132982,http://documents.worldbank.org/curated/en/322411468010216105/text/913510PAD0P132010Box385444B00OUO090.txt
P133000,http://documents.worldbank.org/curated/en/657531467998209382/text/PAD1144-PAD-R2015-0081-1-P133000-Box391434B-OUO-9.txt
P133017,http://documents.worldbank.org/curated/en/637781468025486321/text/PAD8090PAD0P130OFFICIAL0USE0ONLY090.txt
P133018,http://documents.worldbank.org/curated/en/226451468213000329/text/PAD9010PAD0P13010Box385316B00OUO090.txt
P133021,http://documents.worldbank.org/curated/en/747321468236645947/text/PAD8800PAD1330010Box385199B00OUO090.txt
P133069,http://documents.worldbank.org/curated/en/888871468018632687/text/PAD7470PAD0P13010Box385316B00OUO090.txt
P133079,http://documents.worldbank.org/curated/en/773661468030571230/text/replacement0IDA0R20140003801.txt
P133114,http://documents.worldbank.org/curated/en/405091468213000602/text/PAD7140P133114010Box382166B00OUO090.txt
P133116,http://documents.worldbank.org/curated/en/956941468220182643/text/PAD6970PAD0P13010Box385316B00OUO090.txt
P133117,http://documents.worldbank.org/curated/en/533011468241173973/text/PAD10420PAD0P1010Box385386B00OUO090.txt
P133129,http://documents.worldbank.org/curated/en/993911468209985482/text/PAD6220PAD0P13010Box385389B00OUO090.txt
P133133,http://documents.worldbank.org/curated/en/621921468257058351/text/PAD5250PAD0P13010Box379865B00OUO090.txt
P133184,http://documents.worldbank.org/curated/en/227411468178168566/text/770270PAD0P133010Box377288B00OUO090.txt
P133193,http://documents.worldbank.org/curated/en/584531467993214019/text/PAD535-PAD-P133191-PUBLIC-Box393259B-PAD-Cronicas-RVP-Approved-May-15.txt
P133195,http://documents.worldbank.org/curated/en/197581467999700114/text/PAD5570PAD0P13010Box385356B00OUO090.txt
P133226,http://documents.worldbank.org/curated/en/902631468055497127/text/PAD5490PAD0P13010Box385166B00OUO090.txt
P133261,http://documents.worldbank.org/curated/en/354751468219305169/text/PAD6490PAD0P13010Box385321B00OUO090.txt
P133288,http://documents.worldbank.org/curated/en/203311467994594604/text/PAD8340PAD0P13010Box385454B00OUO090.txt
P133305,http://documents.worldbank.org/curated/en/512271467996734100/text/PAD1581-PAD-P133305-IDA-R2016-0091-1-Box394887B-OUO-9.txt
P133312,http://documents.worldbank.org/curated/en/182131468000919884/text/PAD914-PAD-P133312-GEF-R2015-0010-1-IDA-R2015-0131-1-Box391445B-OUO-9.txt
P133326,http://documents.worldbank.org/curated/en/508641468190136880/text/PAD442-PAD-P133326-R2015-0109-1-Box391471B-OUO-9.txt
P133327,http://documents.worldbank.org/curated/en/142331468173952803/text/722930PAD0P1330Official0Use0Only090.txt
P133333,http://documents.worldbank.org/curated/en/160831468307457305/text/757520PAD0P133010Box377300B00OUO090.txt
P133338,http://documents.worldbank.org/curated/en/310031617648709433/text/Cameroon-Equity-and-Quality-for-Improved-Learning-Project.txt
P133352,http://documents.worldbank.org/curated/en/315101468257722869/text/PAD7670P133352010Box385199B00OUO090.txt
P133380,http://documents.worldbank.org/curated/en/972861468303276901/text/PAD3820P133380010Box385211B00OUO090.txt
P133424,http://documents.worldbank.org/curated/en/850861468167372860/text/811910PAD0P1330sclosed01101101300SD.txt
P133445,http://documents.worldbank.org/curated/en/145881468263676965/text/765030PAD0P1330isclosed0501301300SD.txt
P133446,http://documents.worldbank.org/curated/en/287251468046846430/text/PAD8320PAD0P13010Box385244B00OUO090.txt
P133456,http://documents.worldbank.org/curated/en/812241467988933579/text/PAD840-PAD-P133456-R2015-0039-1-Box385415B-OUO-9.txt
P133531,http://documents.worldbank.org/curated/en/176601468218989671/text/PAD7190P133531010Box382166B00OUO090.txt
P133557,http://documents.worldbank.org/curated/en/304271468122358474/text/673860PAD0P1330port0Project00Final.txt
P133590,http://documents.worldbank.org/curated/en/504911468115450273/text/PAD8000P133590010Box382156B00OUO090.txt
P133591,http://documents.worldbank.org/curated/en/667631468024616364/text/PAD6390P133591010Box382156B00OUO090.txt
P133597,http://documents.worldbank.org/curated/en/331891468304842737/text/839650PAD0P133010Box385177B00OUO090.txt
P133613,http://documents.worldbank.org/curated/en/981471468275116185/text/839940PAD0P133010Box385211B00OUO090.txt
P133620,http://documents.worldbank.org/curated/en/929241468056947115/text/826170PAD0P1330sclosed01102801300SD.txt
P133653,http://documents.worldbank.org/curated/en/180731468209952966/text/826400PAD0P133010Box379877B00OUO090.txt
P133703,http://documents.worldbank.org/curated/en/913891468318882172/text/PAD7740PAD0P13010Box385222B00OUO090.txt
P133705,http://documents.worldbank.org/curated/en/464361468005066524/text/PAD7220PAD0P13010Box385222B00OUO090.txt
P133731,http://documents.worldbank.org/curated/en/446471468262504691/text/878060PAD0P133010Box385222B00OUO090.txt
P133780,http://documents.worldbank.org/curated/en/915031468185036165/text/PAD614-PAD-Uganda-GPE-P133780-Final-PAD-PUBLIC.txt
P133803,http://documents.worldbank.org/curated/en/687551499565843778/text/INDIA-GEF-PAD-06212017.txt
P133828,http://documents.worldbank.org/curated/en/421351468031549537/text/PAD8620PAD0P13010Box385199B00OUO090.txt
P133829,http://documents.worldbank.org/curated/en/115821473965587777/text/PAD-disclosable-version-P133829-2016-09-09-09132016.txt
P143036,http://documents.worldbank.org/curated/en/469751468290714621/text/818630PAD0P143010Box385211B00OUO090.txt
P143055,http://documents.worldbank.org/curated/en/437581468265751164/text/PAD7540PAD0P14010Box385222B00OUO090.txt
P143064,http://documents.worldbank.org/curated/en/530841468263672030/text/837350PAD0P143010Box382121B00OUO090.txt
P143184,http://documents.worldbank.org/curated/en/523351468021251790/text/PAD7010PAD0P14010Bpx385271B00OUO090.txt
P143185,http://documents.worldbank.org/curated/en/405861468000593624/text/PAD1234-PAD-P143185-R2016-0041-1-Box394870B-OUO-9.txt
P143197,http://documents.worldbank.org/curated/en/471801468266165941/text/PAD7380REPLACE00900IDA0R20140000901.txt
P143274,http://documents.worldbank.org/curated/en/989511468047790706/text/809920PAD0P143010Box382156B00OUO090.txt
P143302,http://documents.worldbank.org/curated/en/749441468029355511/text/PAD6150P143302010Box385188B00OUO090.txt
P143307,http://documents.worldbank.org/curated/en/128481468186843607/text/PAD1320-PAD-P143307-OUO-9-IDA-R2016-0137-1-Box396260B.txt
P143334,http://documents.worldbank.org/curated/en/186291467998526269/text/PAD1057-PAD-P143334-R2015-0140-1-Box391497B-OUO-9.txt
P143382,http://documents.worldbank.org/curated/en/699721468260643178/text/761730PAD0P143010Box377322B00OUO090.txt
P143408,http://documents.worldbank.org/curated/en/764901468304502569/text/PAD5440P143408010Box382144B00OUO090.txt
P143417,http://documents.worldbank.org/curated/en/300131468229467498/text/PAD6550PAD0P14010Box385316B00OUO090.txt
P143492,http://documents.worldbank.org/curated/en/304061468007778444/text/PAD1067-PAD-P143492-Box393264B-PUBLIC.txt
P143580,http://documents.worldbank.org/curated/en/472661468005401980/text/PAD6760P143580010Box382153B00OUO090.txt
P143588,http://documents.worldbank.org/curated/en/211781468101070719/text/825790PAD0P143010Box382156B00OUO090.txt
P143594,http://documents.worldbank.org/curated/en/576721468055142791/text/PAD6290PAD0R20010Box385283B00OUO090.txt
P143650,http://documents.worldbank.org/curated/en/364941468035479517/text/PAD6520P143650010Box382156B00OUO090.txt
P143652,http://documents.worldbank.org/curated/en/637581468013200619/text/815290PAD0P143010Box379877B00OUO090.txt
P143751,http://documents.worldbank.org/curated/en/865381468034726161/text/PAD12380PAD0P1010Box391420B00OUO090.txt
P143774,http://documents.worldbank.org/curated/en/992211468015674641/text/768540PAD0P1430le0PAD00Nov040020130.txt
P143842,http://documents.worldbank.org/curated/en/506841476077511270/text/PAD634-PAD-P143842-Box396300B-PUBLIC-ACS.txt
P143843,http://documents.worldbank.org/curated/en/824431468305087652/text/833160PAD0P143010Box382121B00OUO090.txt
P143844,http://documents.worldbank.org/curated/en/738871468200349292/text/PAD8770P143844010Box385199B00OUO090.txt
P143849,http://documents.worldbank.org/curated/en/236521468025764060/text/810090PAD0P143010Box379877B00OUO090.txt
P143914,http://documents.worldbank.org/curated/en/153541468281948642/text/PAD6070P143914010Box382166B00OUO090.txt
P143915,http://documents.worldbank.org/curated/en/260731468169441577/text/759410PAD0P143010Box377322B00OUO090.txt
P143921,http://documents.worldbank.org/curated/en/861691468303018504/text/PAD4790PAD0P14010Box385222B00OUO090.txt
P143988,http://documents.worldbank.org/curated/en/860101468062087801/text/PAD5860PAD0P140official0use0only090.txt
P143993,http://documents.worldbank.org/curated/en/880721468014967385/text/PAD6060PAD0P14010Box382111B00OUO090.txt
P143995,http://documents.worldbank.org/curated/en/608061468199757617/text/PAD7440REVISED020Box385199B00OUO090.txt
P143996,http://documents.worldbank.org/curated/en/192281468260683606/text/PAD5230PAD0R200c00OUO0900Box377382B.txt
P144029,http://documents.worldbank.org/curated/en/886411468204578667/text/PAD10310PAD0P1010Box385319B00OUO090.txt
P144102,http://documents.worldbank.org/curated/en/387111468115145982/text/842950PAD0P1440ucherPADFinal0Oct03.txt
P144103,http://documents.worldbank.org/curated/en/315311468277759007/text/PAD7490PAD0P14010Box385244B00OUO090.txt
P144134,http://documents.worldbank.org/curated/en/126891468279864475/text/PAD4840PAD0P14064B00PUBLIC000Final.txt
P144135,http://documents.worldbank.org/curated/en/221451467991941204/text/PAD576-PAD-P144135-R2015-0177-1-Box393189B-OUO-9.txt
P144140,http://documents.worldbank.org/curated/en/233911468253466632/text/802930PAD0REVI00Box379839B00PUBLIC0.txt
P144183,http://documents.worldbank.org/curated/en/260081467999982011/text/PAD1077-PAD-P144183-OUO-9-GEF-R2015-0013-1.txt
P144269,http://documents.worldbank.org/curated/en/969041468194054884/text/PAD1235-PAD-P144269-R2016-0086-1-Box394886B-OUO-9.txt
P144270,http://documents.worldbank.org/curated/en/978151468025476761/text/PAD7360P144270010Box385199B00OUO090.txt
P144305,http://documents.worldbank.org/curated/en/423571468026085377/text/PAD5500PAD0P140pproved0Nov02602013.txt
P144335,http://documents.worldbank.org/curated/en/801711468306290657/text/781990PAD0P144010Box377322B00OUO090.txt
P144336,http://documents.worldbank.org/curated/en/724481467991987377/text/PAD600-PAD-P144336-PUBLIC-Box391449B-NWRMP-PHASE-1-DISCLOSABLE-PAD.txt
P144442,http://documents.worldbank.org/curated/en/371451468049756121/text/810840PAD0P144010Box379877B00OUO090.txt
P144447,http://documents.worldbank.org/curated/en/583011468268510722/text/PAD7430P144447010Box385199B00OUO090.txt
P144489,http://documents.worldbank.org/curated/en/342281468026944926/text/768570PAD0EC0R0Box0377365B00PUBLIC0.txt
P144531,http://documents.worldbank.org/curated/en/266301468029345024/text/PAD8210PAD0P14010Box385299B00OUO090.txt
P144597,http://documents.worldbank.org/curated/en/697791467994622850/text/PAD1484-PAD-P144597-R2015-0208-1-IDA-R2015-0272-Box393223B-OUO-9.txt
P144614,http://documents.worldbank.org/curated/en/360221468251118158/text/PAD6100P1446140B00PUBLIC050101400SD.txt
P144637,http://documents.worldbank.org/curated/en/347231468188954947/text/PAD1199-PAD-P144637-IDA-R2015-0247-1-Box393201B-OUO-9.txt
P144688,http://documents.worldbank.org/curated/en/822301468009009546/text/PAD10580PAD0P1010Box385412B00OUO090.txt
P144700,http://documents.worldbank.org/curated/en/851311468009974360/text/PAD9280PAD0P14010Box385244B00OUO090.txt
P144715,http://documents.worldbank.org/curated/en/974081516362350557/text/PAD519-PAD-P144715-PUBLIC-Final-PAD-02-26-2014-1393415742137-003.txt
P144726,http://documents.worldbank.org/curated/en/196521468185040019/text/PAD952-PAD-UPLOAD-NEW-VERSION-revised-Box391445B-OUO-9-UPDATE-BOARD-NUMBERS-IDA-R2015-0119-2.txt
P144832,http://documents.worldbank.org/curated/en/192391467990997851/text/74924-PAD-P143193-PUBLIC.txt
P144856,http://documents.worldbank.org/curated/en/415261475216228549/text/PAD713-PAD-P144856-Box396309B-PUBLIC.txt
P144893,http://documents.worldbank.org/curated/en/973321468306920750/text/PAD9390PAD0P14010Box385413B00OUO090.txt
P144933,http://documents.worldbank.org/curated/en/801771484160064628/text/810690PAD0Leso0100OUO0900Box379845B.txt
P144952,http://documents.worldbank.org/curated/en/433571468287381496/text/PAD9250P1449520C0disclosed040140140.txt
P145037,http://documents.worldbank.org/curated/en/655571468167071274/text/PAD9860PAD0P14010Box385454B00OUO090.txt
P145055,http://documents.worldbank.org/curated/en/783441467998463415/text/PAD1168-PAD-P145055-IDA-R2015-0175-1-Box391456B-OUO-9.txt
P145057,http://documents.worldbank.org/curated/en/521161468063253212/text/PAD5320PAD0Pac0100OUO0900Box379827B.txt
P145101,http://documents.worldbank.org/curated/en/934471468174878632/text/PAD7240PAD0P14010Box382156B00OUO090.txt
P145162,http://documents.worldbank.org/curated/en/873971468278105194/text/PAD8330PAD0P14010Box385244B00OUO090.txt
P145171,http://documents.worldbank.org/curated/en/621131468026678537/text/PAD9500PAD0P14010Box385311B00OUO090.txt
P145196,http://documents.worldbank.org/curated/en/684421468028475185/text/835710PAD0P145010Box382145B00OUO090.txt
P145261,http://documents.worldbank.org/curated/en/193941468290127345/text/PAD8040P145261010Box382166B00OUO090.txt
P145263,http://documents.worldbank.org/curated/en/939321468025765941/text/PAD7100P145263010Box382121B00OUO090.txt
P145309,http://documents.worldbank.org/curated/en/808711468167070990/text/PAD11110PAD0P10010Box391418B0OUO090.txt
P145317,http://documents.worldbank.org/curated/en/771641468052457766/text/PAD7420PAD0P140IC0disclosed06090140.txt
P145335,http://documents.worldbank.org/curated/en/303491468337264216/text/819760PAD0P145010Box382156B00OUO090.txt
P145347,http://documents.worldbank.org/curated/en/627951468189871734/text/PAD1473-PAD-P145347-IDA-R2015-0255-1-Box393211B-OUO-9.txt
P145391,http://documents.worldbank.org/curated/en/253621468190169584/text/PAD934-PAD-P145391-PUBLIC-Box393204B.txt
P145502,http://documents.worldbank.org/curated/en/684821468041392038/text/824840PAD0P145010Box385177B00OUO090.txt
P145529,http://documents.worldbank.org/curated/en/558531468109460721/text/PAD6940P145529010Box385177B00OUO090.txt
P145533,http://documents.worldbank.org/curated/en/306781467986278658/text/PAD938-REVISED-PAD-PUBLIC-Box391453B-POPs-PAD-April-9-final-clean.txt
P145534,http://documents.worldbank.org/curated/en/585731468281065732/text/805580PAD0P145010Box382121B00OUO090.txt
P145544,http://documents.worldbank.org/curated/en/830281468046154231/text/826240PAD0P145010Box382156B00OUO090.txt
P145545,http://documents.worldbank.org/curated/en/142021468304469637/text/784110PAD0Samo0100OUO0900Box379843B.txt
P145554,http://documents.worldbank.org/curated/en/157451468258868620/text/PAD8640P145554010Box382156B00OUO090.txt
P145566,http://documents.worldbank.org/curated/en/525191468202173969/text/PAD9160PAD0IDA060Box391426B00OUO090.txt
P145585,http://documents.worldbank.org/curated/en/492121468105574834/text/880660PAD0P145010Box385366B00OUO090.txt
P145586,http://documents.worldbank.org/curated/en/670541468018854638/text/PAD7840PJPR0P100PAD0approved0by0RVP.txt
P145610,http://documents.worldbank.org/curated/en/782411468185352074/text/PAD1182-REVISED-Box393191B-OUO-9-R2015-0168-2.txt
P145617,http://documents.worldbank.org/curated/en/681871468333592386/text/PAD8470PAD0P14010Box385399B00OUO090.txt
P145618,http://documents.worldbank.org/curated/en/881821468270931345/text/PAD8030PAD0P14010Box385414B00OUO090.txt
P145621,http://documents.worldbank.org/curated/en/526501468071641047/text/PAD7690PAD0P14010Box385411B00OUO090.txt
P145634,http://documents.worldbank.org/curated/en/640401468242988581/text/900270PAD0P145010Box385412B00OUO090.txt
P145686,http://documents.worldbank.org/curated/en/287961468328119648/text/PAD830-REVISED-OUO-9-R2016-0110-2.txt
P145699,http://documents.worldbank.org/curated/en/944911468023332501/text/PAD6110PAD0P14010Box385454B00OUO090.txt
P145741,http://documents.worldbank.org/curated/en/791261468283132838/text/865200PAD0P145010Box385199B00OUO090.txt
P145747,http://documents.worldbank.org/curated/en/606501468018574735/text/PAD7890P1457470isclosed0101301400SD.txt
P145782,http://documents.worldbank.org/curated/en/407291468240567893/text/PAD6980P1457820scloswed0301401400SD.txt
P145792,http://documents.worldbank.org/curated/en/710561468281080517/text/806180PAD0P145010Box385199B00OUO090.txt
P145799,http://documents.worldbank.org/curated/en/660051468299651254/text/748200PAD0P129010Box379866B00OUO090.txt
P145813,http://documents.worldbank.org/curated/en/716751468333592032/text/PAD8410PAD0P14010Box385415B00OUO090.txt
P145848,http://documents.worldbank.org/curated/en/437681468235436654/text/PAD7910PAD0P14010Box385199B00OUO090.txt
P145861,http://documents.worldbank.org/curated/en/638471468281400446/text/857680PAD0P145010Box385226B00OUO090.txt
P145865,http://documents.worldbank.org/curated/en/419981468271818589/text/781290PAD0JO0R0t0Box377365B00OUO090.txt
P145897,http://documents.worldbank.org/curated/en/821811468193734304/text/PAD1604-PAD-P145897-OUO-9-Box394874B-GEF-R2016-0003-1.txt
P145965,http://documents.worldbank.org/curated/en/207911468027672171/text/PAD8860P145965010Box385177B00OUO090.txt
P146007,http://documents.worldbank.org/curated/en/903171468024860655/text/PAD9350PAD0P14010Box385274B00OUO090.txt
P146143,http://documents.worldbank.org/curated/en/372491467991910047/text/PAD684-PAD-P146143-PUBLIC-Box393225B-FINAL2.txt
P146152,http://documents.worldbank.org/curated/en/952161467988873236/text/PAD1156-R2016-0006-1-Box394844B-OUO-9.txt
P146199,http://documents.worldbank.org/curated/en/342701468211797826/text/PAD12240PAD0P1010Box385445B00OUO090.txt
P146244,http://documents.worldbank.org/curated/en/785431468026089665/text/PAD3740P146244010Box382166B00OUO090.txt
P146247,http://documents.worldbank.org/curated/en/303851467119124074/text/PAD1333-PAD-P146247-GEF-R2015-0012-1-IDA-R2015-0204-1-Box391499B-OUO-9.txt
P146248,http://documents.worldbank.org/curated/en/798341468304813964/text/835360PAD0P146010Box382122B00OUO090.txt
P146314,http://documents.worldbank.org/curated/en/444991468303013994/text/862250PAD0P146010Box385166B00OUO090.txt
P146318,http://documents.worldbank.org/curated/en/319701468206964479/text/822620PAD0P146010Box382156B00OUO090.txt
P146319,http://documents.worldbank.org/curated/en/938411468100145944/text/PAD9270PAD0P14010Box385316B00OUO090.txt
P146328,http://documents.worldbank.org/curated/en/579571468301525990/text/880150PAD0P146010Box385411B00OUO090.txt
P146332,http://documents.worldbank.org/curated/en/511371468289526526/text/PAD7040P146332010Box385199B00OUO090.txt
P146334,http://documents.worldbank.org/curated/en/707691468001190858/text/PAD1270-PAD-P146334-IDA-R2015-0163-1-Box391471B-OUO-9.txt
P146344,http://documents.worldbank.org/curated/en/572781468122661283/text/PAD10110P1463400900IDA0R20140034601.txt
P146460,http://documents.worldbank.org/curated/en/558741468283764455/text/842040PAD0P146010Box382154B00OUO090.txt
P146464,http://documents.worldbank.org/curated/en/818701468201307617/text/PAD8070PAD0P14010Box385378B00OUO090.txt
P146469,http://documents.worldbank.org/curated/en/720781493431233575/text/Senegal-PAD-04072017.txt
P146474,http://documents.worldbank.org/curated/en/455351468252644060/text/PAD9130PAD0P14010Box385321B00OUO090.txt
P146482,http://documents.worldbank.org/curated/en/347681468279901640/text/PAD9870PAD0P14010Box385366B00OUO090.txt
P146502,http://documents.worldbank.org/curated/en/294541468187792993/text/PAD1051-PAD-P146502-R2015-0123-1-Box391489B-OUO-9.txt
P146520,http://documents.worldbank.org/curated/en/890121468205457383/text/PAD9570PAD0P14010Box385378B00OUO090.txt
P146653,http://documents.worldbank.org/curated/en/343161468268772952/text/817120PAD0Indi0100OUO0900Box379845B.txt
P146666,http://documents.worldbank.org/curated/en/784941468196144217/text/PAD1347-PAD-P146666-IDA-R2016-0069-1-OUO-9.txt
P146688,http://documents.worldbank.org/curated/en/911641468253756483/text/PAD9460PAD0P14010Box385244B00OUO090.txt
P146696,http://documents.worldbank.org/curated/en/844231468257335375/text/PAD9040PAD0P14010Box385222B00OUO090.txt
P146804,http://documents.worldbank.org/curated/en/772781468184789804/text/PAD1207-PAD-P146804-IDA-R2016-0027-1-Box394870B-OUO-9.txt
P146827,http://documents.worldbank.org/curated/en/273911468190785404/text/PAD1159-PAD-P146827-Box393222B-IDA-R2015-0269-1.txt
P146877,http://documents.worldbank.org/curated/en/479301468304184173/text/780460PAD0P1460C0disclosed012030130.txt
P146883,http://documents.worldbank.org/curated/en/477011468037548038/text/PAD10220PAD0P1010Box385319B00OUO090.txt
P146933,http://documents.worldbank.org/curated/en/484631468195854426/text/PAD1266-PAD-P146933-Box394849-OUO-9-R2016-0011-1.txt
P146936,http://documents.worldbank.org/curated/en/209701518211942338/text/India-PAD1125-PAD-12012017.txt
P146965,http://documents.worldbank.org/curated/en/282911467999736588/text/PAD1233-R2016-0008-1-Box394844B-OUO-9.txt
P146970,http://documents.worldbank.org/curated/en/753511468047962522/text/PAD11240PAD0P1010Box385443B00OUO090.txt
P146994,http://documents.worldbank.org/curated/en/866831468208166034/text/PAD8840PAD0P1400OUO0900R20140011301.txt
P146997,http://documents.worldbank.org/curated/en/259221469465769776/text/PAD1557-PAD-P146997-R2016-0047-1-Box394870B-OUO-9.txt
P147006,http://documents.worldbank.org/curated/en/606641468292910078/text/PAD7750P147006010Box382155B00OUO090.txt
P147009,http://documents.worldbank.org/curated/en/965251513566054116/text/China-Jiangxi-PAD-11282017.txt
P147010,http://documents.worldbank.org/curated/en/610541468060551481/text/PAD10190PAD0P1010Box385414B00OUO090.txt
P147014,http://documents.worldbank.org/curated/en/441051468187769880/text/PAD1359-PAD-P147014-OUO-9-IDA-R2016-0135-1-Box396260B.txt
P147050,http://documents.worldbank.org/curated/en/541411468182064197/text/PAD955-PAD-P147050-R2015-0041-1-Box385415B-OUO-9.txt
P147157,http://documents.worldbank.org/curated/en/496571468238748221/text/PAD9190PAD0P14010Box385226B00OUO090.txt
P147183,http://documents.worldbank.org/curated/en/634551468172770162/text/863070PAD0P147010Box385274B00OUO090.txt
P147185,http://documents.worldbank.org/curated/en/336491468045022110/text/PAD8650PAD0P14010Box385329B00OUO090.txt
P147212,http://documents.worldbank.org/curated/en/677441468123259764/text/PAD9330PAD0P14010Box385329B00OUO090.txt
P147213,http://documents.worldbank.org/curated/en/483271468023945374/text/PAD10700PAD0P1010Box385414B00OUO090.txt
P147250,http://documents.worldbank.org/curated/en/331981468033264991/text/PAD8710PAD0P14010Box385211B00OUO090.txt
P147272,http://documents.worldbank.org/curated/en/213381468179644297/text/PAD1089-PAD-P147272-R2016-0004-1-Box394836B-OUO-9.txt
P147277,http://documents.worldbank.org/curated/en/727321467999389077/text/PAD1082-PAD-P147277-R2015-0232-1-Box393256B-OUO-9.txt
P147280,http://documents.worldbank.org/curated/en/597391467997876023/text/PAD897-PAD-P147280-R2016-0001-1-Box394834B-OUO-9.txt
P147342,http://documents.worldbank.org/curated/en/971181488397306718/text/Peru-Env-PAD-12212016.txt
P147348,http://documents.worldbank.org/curated/en/257621468023033600/text/PAD9110REVISED00B00PUBLIC0050150140.txt
P147356,http://documents.worldbank.org/curated/en/834551468036306187/text/782310PAD0P1309930Box385245B00OUO0900ACS.txt
P147367,http://documents.worldbank.org/curated/en/555871567083532050/text/China-Xinjiang-Technical-and-Vocational-Education-and-Training-Project.txt
P147381,http://documents.worldbank.org/curated/en/939491468194951956/text/PAD1253-PAD-P147381-R2016-0039-1-Box394870B-OUO-9.txt
P147438,http://documents.worldbank.org/curated/en/377561467992564695/text/PAD942-PAD-P147438-OUO-9-IDA-R2016-0167-1-Box396268B.txt
P147460,http://documents.worldbank.org/curated/en/320251467986305800/text/PAD1203-PAD-P147460-R2015-0142-1-Box391498B-OUO-9.txt
P147489,http://documents.worldbank.org/curated/en/631541468002437127/text/PAD9770PAD0P14010Box385226B00OUO090.txt
P147499,http://documents.worldbank.org/curated/en/130441468031509317/text/PAD9660PAD0R20090Box391426B00OUO090.txt
P147514,http://documents.worldbank.org/curated/en/592911468299945963/text/PAD9180P147514010Box382144B00OUO090.txt
P147521,http://documents.worldbank.org/curated/en/286101468029641175/text/PAD9470PAD0P14010Box385226B00OUO090.txt
P147555,http://documents.worldbank.org/curated/en/797381468248430170/text/PAD10880PAD0P1010Box385385B00OUO090.txt
P147629,http://documents.worldbank.org/curated/en/576031468061754518/text/PAD9980PAD0REP00900IDA0R20150006801.txt
P147638,http://documents.worldbank.org/curated/en/695171467991986250/text/PAD1137-PAD-P147638-IDA-R2015-0110-1-Box371422B-OUO-9.txt
P147665,http://documents.worldbank.org/curated/en/502041468050052786/text/889930PAD0P1470R2014001650100OUO090.txt
P147674,http://documents.worldbank.org/curated/en/250471468000282631/text/PAD1091-PAD-P147674-IDA-R2015-0106-1-Box391422B-OUO-9.txt
P147689,http://documents.worldbank.org/curated/en/532171468273353365/text/PAD7230P1476890AD0October0100final.txt
P147705,http://documents.worldbank.org/curated/en/120501468253491149/text/PAD9560PAD0P14010Box385412B00OUO090.txt
P147740,http://documents.worldbank.org/curated/en/681081468244805733/text/PAD9640PAD0P14010Box385356B00OUO090.txt
P147760,http://documents.worldbank.org/curated/en/720741468207551372/text/PAD10270PAD0P1010Box385444B00OUO090.txt
P147827,http://documents.worldbank.org/curated/en/157731468188653128/text/PAD1223-PAD-P147827-IDA-R2015-0156-1-Box391456B-OUO-9.txt
P147839,http://documents.worldbank.org/curated/en/231881468001190037/text/Tonga-Pacific-Islands-Pacific-Resilience-Program-Project.txt
P147864,http://documents.worldbank.org/curated/en/916561554170626508/text/India-Uttar-Pradesh-Core-Road-Network-Development-Project.txt
P147921,http://documents.worldbank.org/curated/en/923211494813685983/text/Senegal-PAD-04252017.txt
P147924,http://documents.worldbank.org/curated/en/838341468035427053/text/PAD8460P147924010Box385211B00OUO090.txt
P148013,http://documents.worldbank.org/curated/en/421641468043471522/text/PAD9950PAD0R20010Box385271B00OUO090.txt
P148023,http://documents.worldbank.org/curated/en/518061468272751740/text/863020PAD0P148010Box385310B00OUO090.txt
P148048,http://documents.worldbank.org/curated/en/464391518475722131/text/849450PAD0P148010Box385226B00OUO090.txt
P148062,http://documents.worldbank.org/curated/en/242461468229480667/text/PAD10440PAD0P1010Box385444B00OUO090.txt
P148071,http://documents.worldbank.org/curated/en/502171468184462309/text/PAD1128-PAD-P148071-R2015-0180-1-Box393200B-OUO-9.txt
P148110,http://documents.worldbank.org/curated/en/765311468060896551/text/PAD8740PAD0P14010Box385211B00OUO090.txt
P148114,http://documents.worldbank.org/curated/en/167911468037577991/text/PAD9910PAD0P14010Box385321B00OUO090.txt
P148127,http://documents.worldbank.org/curated/en/854161467996738101/text/PAD1085-PAD-P148127-PUBLIC-revised-Jul-10-final-07-15-2015-1436972555443.txt
P148129,http://documents.worldbank.org/curated/en/465901467991052298/text/PAD1145-PAD-P148129-R2015-0237-1-Box393264B-OUO-9.txt
P148181,http://documents.worldbank.org/curated/en/824041467999135389/text/PAD1157-P148181-R2015-0171-1-Box393189B-OUO-9.txt
P148183,http://documents.worldbank.org/curated/en/229471468031741377/text/PAD10080PAD0P1010Box385412B00OUO090.txt
P148238,http://documents.worldbank.org/curated/en/469381468063253542/text/PAD10130PAD0P10010Box38527B00OUO090.txt
P148259,http://documents.worldbank.org/curated/en/675561468187778679/text/PAD1063-PAD-P148259-IDA-R2015-0160-1-Box391456B-OUO-9.txt
P148291,http://documents.worldbank.org/curated/en/686991467993495306/text/PAD1151-PAD-P148291-IDA-R2015-0172-1-Box391456B-OUO-9.txt
P148294,http://documents.worldbank.org/curated/en/764331467304959162/text/PAD1068-PAD-P148294-R2016-0018-1-Box394857B-OUO-9.txt
P148499,http://documents.worldbank.org/curated/en/399651468000880307/text/96955-PAD-P148499-R2015-0167-1-Box393189B-OUO-9.txt
P148523,http://documents.worldbank.org/curated/en/379321467994658629/text/PAD1316-PAD-CN-R2015-0251-1-P148523-OUO-9-Box394831B.txt
P148527,http://documents.worldbank.org/curated/en/543301467997251456/text/PAD1280-PAD-P148527-R2015-0238-1-Box393264B-OUO-9.txt
P148531,http://documents.worldbank.org/curated/en/769201485658840959/text/INDIA-UTTARACHAND-PAD-01062017.txt
P148537,http://documents.worldbank.org/curated/en/406511503626440012/text/Moldova-MGSP-PAD-08032017.txt
P148560,http://documents.worldbank.org/curated/en/144571468300652611/text/PAD10160PAD0P1010Box385208B00OUO090.txt
P148585,http://documents.worldbank.org/curated/en/753601467988932839/text/PAD1108-PAD-P148585-R2015-0038-1-Box385415B-OUO-9.txt
P148591,http://documents.worldbank.org/curated/en/287411468026947887/text/PAD10520PAD0P100Boxx385443B00OUO090.txt
P148599,http://documents.worldbank.org/curated/en/902691467992494218/text/PAD1277-PAD-CN-R2015-0236-1-P148599-OUO-9-Box394831B.txt
P148600,http://documents.worldbank.org/curated/en/297361501380046131/text/West-Bank-Gaza-PAD-PAD1608-June-30-2017-07102017.txt
P148604,http://documents.worldbank.org/curated/en/547461468041108126/text/PAD6860P148604010Box382166B00OUO090.txt
P148616,http://documents.worldbank.org/curated/en/975301490493660427/text/Nigeria-PAD-03062017.txt
P148647,http://documents.worldbank.org/curated/en/843081467993517728/text/PAD1050-PAD-P148647-IDA-R2016-0051-1-Box394888B-OUO-9.txt
P148737,http://documents.worldbank.org/curated/en/338841468190755678/text/PAD949-PAD-P148737-PUBLIC-B-HN-ACS-GAFSP.txt
P148809,http://documents.worldbank.org/curated/en/151011467992516937/text/PAD1196-PAD-P148809-Box394828B-PUBLIC-Nicaragua-Caribbean-Coast-Food-Security-Project-P148809.txt
P148836,http://documents.worldbank.org/curated/en/927401468211797027/text/PAD11090PAD0P1010Box385414B00OUO090.txt
P148853,http://documents.worldbank.org/curated/en/967181468189244508/text/PAD1226-PAD-P148853-IDA-R2015-0143-1-Box391446B-OUO-9.txt
P148868,http://documents.worldbank.org/curated/en/372771468049771502/text/834520PAD0P148010Box382122B00OUO090.txt
P148970,http://documents.worldbank.org/curated/en/604631468179974395/text/PAD1060-PAD-P148970-IDA-R2015-0127-1-Box391445B-OUO-9.txt
P149005,http://documents.worldbank.org/curated/en/823281467991937253/text/PAD1015-PAD-P149005-IDA-R2015-0232-1-Box393188B-OUO-9.txt
P149049,http://documents.worldbank.org/curated/en/773161468185641782/text/PAD1038-PAD-P149049-R2016-0055-1-Box394875B-OUO-9.txt
P149091,http://documents.worldbank.org/curated/en/991071468184429548/text/PAD1204-PAD-P149091-IDA-R2015-0102-1-Box371422B-OUO-9.txt
P149117,http://documents.worldbank.org/curated/en/418421468191044477/text/PAD1534-PAD-P149117-IDA-R2016-0033-1-Box394866B-OUO-9.txt
P149130,http://documents.worldbank.org/curated/en/780161468272073196/text/PAD10550PAD0P100002015004013020-02.txt
P149176,http://documents.worldbank.org/curated/en/614981468015622453/text/PAD12550PAD0P1010Box391418B00OUO090.txt
P149182,http://documents.worldbank.org/curated/en/528181468194972322/text/PAD1175-PAD-P149182-IDA-R2016-0001-1-Box394836B-OUO-9.txt
P149242,http://documents.worldbank.org/curated/en/810511467987899324/text/PAD1030-ENGLISH-P149242-PUBLIC-FINAL-LEB-ENPTP-English.txt
P149277,http://documents.worldbank.org/curated/en/417861468187809852/text/PAD1072-PAD-P149277-IDA-R2015-0259-1-Box393233B-OUO-9.txt
P149282,http://documents.worldbank.org/curated/en/398921468170056043/text/PAD10740PAD0P1010Box385355B00OUO090.txt
P149322,http://documents.worldbank.org/curated/en/789081468190786734/text/PAD1206-PAD-P149322-R2015-0203-1-Box393228B-OUO-9.txt
P149323,http://documents.worldbank.org/curated/en/790201468179349494/text/PAD1198-PAD-P149323-IDA-R2015-0233-1-Box393189B-OUO-9.txt
P149340,http://documents.worldbank.org/curated/en/719521482375675651/text/INDIA-NAGALAND-PAD-11302016.txt
P149377,http://documents.worldbank.org/curated/en/865851467994666409/text/PAD1453-PAD-P149377-IDA-R2016-0043-1-Box394870B-OUO-9.txt
P149410,http://documents.worldbank.org/curated/en/735311467994640974/text/846600PAD0P1494100Box385184B00ouo090.txt
P149485,http://documents.worldbank.org/curated/en/436771468933212674/text/PAD1578-PAD-P149485-R2016-0120-1-Box396255B-OUO-9.txt
P149493,http://documents.worldbank.org/curated/en/565061468205480218/text/PAD10230PAD0P1010Box385443B00OUO090.txt
P149512,http://documents.worldbank.org/curated/en/868211468230968823/text/PAD9480PAD0P14010Box382155B00OUO090.txt
P149522,http://documents.worldbank.org/curated/en/970141473904899098/text/PAD-Belize-ERCAP-08232016.txt
P149526,http://documents.worldbank.org/curated/en/668001467992483402/text/PAD1353-PAD-P149526-IDA-R2015-0137-1-Box391446B-OUO-9.txt
P149528,http://documents.worldbank.org/curated/en/595561488164428604/text/PAD-disclosable-vrsn-P149528-2017-01-27-14-51-02062017.txt
P149553,http://documents.worldbank.org/curated/en/882301468188375582/text/PAD1146-REVISED-PAD-P149556-IDA-R2015-0130-2-Box391454B-SD-6-8-15.txt
P149599,http://documents.worldbank.org/curated/en/131211468001190553/text/PAD1273-PAD-P149599-IDA-R2015-0159-1-Box391471B-OUO-9.txt
P149605,http://documents.worldbank.org/curated/en/517601468205481636/text/PAD11270PAD0P1010Box385415B00OUO090.txt
P149670,http://documents.worldbank.org/curated/en/981641467993158673/text/PAD976-PAD-P149670-Box393177B-PUBLIC-2015-06-30-final-to-be-uploaded-to-Imagebank.txt
P149697,http://documents.worldbank.org/curated/en/151831468203646169/text/887970PAD0P149010Box385385B00OUO090.txt
P149714,http://documents.worldbank.org/curated/en/946391468194050673/text/PAD11610PAD0Bo000disclosable0FINAL.txt
P149724,http://documents.worldbank.org/curated/en/119441469672145615/text/PAD10180PAD0P14972400PUBLIC00Box391431B.txt
P149858,http://documents.worldbank.org/curated/en/410531468048905472/text/PAD10620PAD0P1010Box385329B00OUO090.txt
P149872,http://documents.worldbank.org/curated/en/222971467992503902/text/PAD1193-PAD-P149872-R2016-0023-1-OUO-9.txt
P149884,http://documents.worldbank.org/curated/en/231141468016789957/text/PAD10020P14988010Box385177B00OUO090.txt
P149895,http://documents.worldbank.org/curated/en/844921468212969712/text/PAD9940P149895010Box385222B00OUO090.txt
P149953,http://documents.worldbank.org/curated/en/301151467994687234/text/PAD1465-PAD-P149953-R2016-0034-1-OUO-9.txt
P149960,http://documents.worldbank.org/curated/en/842151468279560485/text/PAD10200PAD0P1010Box385323B00OUO090.txt
P149965,http://documents.worldbank.org/curated/en/584381553014128394/text/PAD1188-P149965-IDA-R2015-0115-1-Box391433B-OUO-9.txt
P149969,http://documents.worldbank.org/curated/en/443971468171858975/text/PAD1287-PAD-P149969-GEF-R2015-0009-1-IDA-R2015-0101-1-Box391422B-OUO-9.txt
P150008,http://documents.worldbank.org/curated/en/221771484075116214/text/SA-PAD-12302016.txt
P150028,http://documents.worldbank.org/curated/en/275221468029722299/text/PAD10920PAD0P1010Box385413B00OUO090.txt
P150058,http://documents.worldbank.org/curated/en/464051468188677368/text/PAD1081-PAD-P150058-IDA-R2015-0174-1-Box391456B-OUO-9.txt
P150066,http://documents.worldbank.org/curated/en/311991468190177406/text/PAD1276-PAD-P150066-IDA-R2015-0241-1-Box393200B-OUO-9.txt
P150080,http://documents.worldbank.org/curated/en/657461680218713823/text/Africa-Sahel-Womens-Empowerment-and-Demographic-Dividend-Project.txt
P150113,http://documents.worldbank.org/curated/en/277981468313178438/text/869520PAD0P150010Box385211B00OUO090.txt
P150116,http://documents.worldbank.org/curated/en/513681468197098764/text/PAD1547-PAD-P150116-OUO-9-IDA-R2016-0116-1.txt
P150148,http://documents.worldbank.org/curated/en/901781468000617438/text/PAD1142-PAD-P150148-IDA-R2015-0225-1-Box393177B-OUO-9.txt
P150158,http://documents.worldbank.org/curated/en/535611467999117367/text/PAD1426-PAD-P150158-R2015-0101-1-Box391456B-OUO-9.txt
P150183,http://documents.worldbank.org/curated/en/921881468038668081/text/PAD12180PAD0P1010Box385444B00OUO090.txt
P150220,http://documents.worldbank.org/curated/en/990771467995624739/text/PAD1414-PAD-P150220-IDA-R2016-0105-1-Box394887B-OUO-9.txt
P150308,http://documents.worldbank.org/curated/en/151391503585044320/text/INDIA-ASSAM-PAD-05092017.txt
P150327,http://documents.worldbank.org/curated/en/831361467992519563/text/PAD1424-REVISED-P150327-PUBLIC-disclosed-12-22-2015-11-30PM-R2015-0241-2-Box394828B.txt
P150351,http://documents.worldbank.org/curated/en/111281468188938553/text/PAD1214-P150351-IDA-R2015-0146-1-Box391446B-OUO-9.txt
P150357,http://documents.worldbank.org/curated/en/333461468184774414/text/PAD1406-PAD-P150357-R2015-0200-1-IDA-R2015-0265-1-Box393220B-OUO-9.txt
P150374,http://documents.worldbank.org/curated/en/965101617648211610/text/Somali-Urban-Investment-Planning-Project.txt
P150394,http://documents.worldbank.org/curated/en/828721468000613060/text/PAD1080-PAD-P150394-IDA-R2015-0173-1-Box391456B-OUO-9.txt
P150395,http://documents.worldbank.org/curated/en/225211468257078121/text/PAD10960PAD0P1010Box385445B00OUO090.txt
P150402,http://documents.worldbank.org/curated/en/410881468039550416/text/PAD10470PAD0P1010Box385386B00OUO090.txt
P150430,http://documents.worldbank.org/curated/en/395981468179329737/text/PAD1185-PAD-P150430-IDA-R2015-0092-1-Box391434B-OUO-9.txt
P150481,http://documents.worldbank.org/curated/en/228791468119057716/text/PAD10690P15048010Box385399B00OUO090.txt
P150520,http://documents.worldbank.org/curated/en/677151468035385783/text/PAD11740PAD0P1010Box385443B00OUO090.txt
P150576,http://documents.worldbank.org/curated/en/742651468197344764/text/PAD1630-PAD-P150576-OUO-9-IDA-R2016-0133-1-Box396260B.txt
P150631,http://documents.worldbank.org/curated/en/552441467996700044/text/PAD1094-REVISED-Box394886B-OUO-9-IDA-R2016-0073-2.txt
P150634,http://documents.worldbank.org/curated/en/426911468179342511/text/PAD1301-P150634-IDA-R2015-0295-1-Box393256B-OUO-9.txt
P150696,http://documents.worldbank.org/curated/en/571991468000614527/text/PAD1263-PAD-P150696-R2015-0115-1-Box391466B-OUO-9.txt
P150754,http://documents.worldbank.org/curated/en/216571468018596777/text/PAD11950PAD0P1010Box385415B00OUO090.txt
P150827,http://documents.worldbank.org/curated/en/793131468030262544/text/PAD11670PAD0P1010Box385443B00OUO090.txt
P150844,http://documents.worldbank.org/curated/en/276661467995073571/text/PAD1609-PAD-P150844-OUO-9-IDA-R2016-0036-1.txt
P150922,http://documents.worldbank.org/curated/en/588581680218797833/text/Ethiopia-Public-Financial-Management-Project.txt
P150929,http://documents.worldbank.org/curated/en/152931468226763689/text/PAD12920PAD0P1010Box385454B00OUO090.txt
P150930,http://documents.worldbank.org/curated/en/382561467999679050/text/PAD1208-PAD-P150930-R2015-0121-1-Box391474B-OUO-9.txt
P150938,http://documents.worldbank.org/curated/en/509081468000596623/text/PAD1155-PAD-P150938-IDA-R2015-0129-1-Box391445B-OUO-9.txt
P150991,http://documents.worldbank.org/curated/en/362471473187991734/text/IDAR2016-0221-PAD-09012016.txt
P151030,http://documents.worldbank.org/curated/en/385911488207546505/text/Tunisia-Integrated-Landscape-Mgt-PAD-02232017.txt
P151058,http://documents.worldbank.org/curated/en/502511468197386812/text/PAD1201-PAD-P151058-Box394866B-OUO-9-IDA-R2016-0024-1.txt
P151059,http://documents.worldbank.org/curated/en/935731467995788388/text/PAD1445-PAD-P151059-R2016-0017-1-Box394856B-OUO-9.txt
P151072,http://documents.worldbank.org/curated/en/700081501984847391/text/INDIA-PAD-07172017.txt
P151075,http://documents.worldbank.org/curated/en/454401610485927628/text/Pakistan-Community-Support-Project-CASA-1000.txt
P151077,http://documents.worldbank.org/curated/en/951121467993211828/text/PAD1319-PAD-P151077-R2015-0227-1-Box393255B-OUO-9.txt
P151083,http://documents.worldbank.org/curated/en/348781468188338972/text/PAD1254-PAD-P151083-IDA-R2015-0245-1-Box393199B-OUO-9.txt
P151086,http://documents.worldbank.org/curated/en/454681493226492762/text/PAD1719-PAD-PUBLIC-PAD-disclosable-versionP151086-updated-SECPO-0328-2017.txt
P151089,http://documents.worldbank.org/curated/en/821811468000018959/text/PAD1306-P151089-Box393264B-PUBLIC-West-Bank-and-Gaza-F4J-P151089-PAD-Fin-for-Board-Package-REV-for-SECPO.txt
P151102,http://documents.worldbank.org/curated/en/271631467986366400/text/PAD1346-PAD-P151102-GEF-R2015-0015-1-Box393244B-OUO-9.txt
P151155,http://documents.worldbank.org/curated/en/305621511406035802/text/CAMEROON-PAD2-11012017.txt
P151157,http://documents.worldbank.org/curated/en/979731468013841580/text/884060PAD0P151010Box385244B00OUO090.txt
P151215,http://documents.worldbank.org/curated/en/179061468215115488/text/PAD11010PAD0P1010Box385329B00OUO090.txt
P151281,http://documents.worldbank.org/curated/en/179731473645626619/text/PAD-after-negotiation-08252016.txt
P151318,http://documents.worldbank.org/curated/en/677371468056064986/text/PAD11620PAD0P1010Box391421B00OUO090.txt
P151357,http://documents.worldbank.org/curated/en/993381482462216700/text/Iraq-PFM-LA-July-16-2016-to-team-12012016.txt
P151363,http://documents.worldbank.org/curated/en/858141468000588741/text/PAD1228-PAD-P151363-IDA-R2015-0267-1-Box393228B-OUO-9.txt
P151416,http://documents.worldbank.org/curated/en/699471467996738912/text/PAD1559-PAD-P151416-IDA-R2016-0020-1-OUO-9.txt
P151425,http://documents.worldbank.org/curated/en/954581467986290268/text/PAD1371-PAD-P151425-IDA-R2015-0158-1-Box391471B-OUO-9.txt
P151442,http://documents.worldbank.org/curated/en/530181468185959439/text/PAD1377-PAD-P151442-IDA-R2016-0101-1-Box394887B-OUO-9.txt
P151447,http://documents.worldbank.org/curated/en/320431467999672034/text/PAD1373-PAD-IDA-R2015-0095-1-P151447-Box391438B-OUO-9.txt
P151449,http://documents.worldbank.org/curated/en/612311480042848001/text/Mali-PAD-11032016.txt
P151451,http://documents.worldbank.org/curated/en/881811467991985986/text/PAD1304-PAD-P151451-IDA-R2015-0104-1-Box371422B-OUO-9.txt
P151469,http://documents.worldbank.org/curated/en/533151467994709520/text/PAD1370-P151469-IDA-R2016-0025-1-OUO-9.txt
P151488,http://documents.worldbank.org/curated/en/813221467989481643/text/PAD1687-PAD-P151488-IDA-R2016-0107-1-Box394887B-OUO-9.txt
P151492,http://documents.worldbank.org/curated/en/962431467997287076/text/PAD1200-PAD-P151492-PUBLIC-Box393170B.txt
P151544,http://documents.worldbank.org/curated/en/919141468035381185/text/PAD12110PAD0P1010Box385412B00OUO090.txt
P151604,http://documents.worldbank.org/curated/en/164671506524773912/text/Mexico-PAD-08252017.txt
P151712,http://documents.worldbank.org/curated/en/216981467304914217/text/PAD1421-PAD-IDA-R2015-0294-1-Box393256B-OUO-9.txt
P151744,http://documents.worldbank.org/curated/en/388701467991951618/text/PAD1637-PAD-P151744-IDA-R2016-0092-1-Box394886B-OUO-9.txt
P151746,http://documents.worldbank.org/curated/en/690831467989526521/text/PAD1433-PAD-P151746-IDA-R2016-0046-1-Box394886B-OUO-9.txt
P151754,http://documents.worldbank.org/curated/en/362221468291332192/text/PAD11690PAD0Mu000Box385386B00OUO090.txt
P151760,http://documents.worldbank.org/curated/en/362221468291332192/text/PAD11690PAD0Mu000Box385386B00OUO090.txt
P151777,http://documents.worldbank.org/curated/en/362221468291332192/text/PAD11690PAD0Mu000Box385386B00OUO090.txt
P151780,http://documents.worldbank.org/curated/en/362221468291332192/text/PAD11690PAD0Mu000Box385386B00OUO090.txt
P151785,http://documents.worldbank.org/curated/en/107891468184443896/text/PAD1147-P151785-IDA-R2016-0023-1-OUO-9.txt
P151816,http://documents.worldbank.org/curated/en/268521468039041661/text/PAD12320PAD0ID060Box391426B00OUO090.txt
P151819,http://documents.worldbank.org/curated/en/490361467992052159/text/PAD1293-PAD-P151819-IDA-R2016-0108-1-Box394887B-OUO-9.txt
P151831,http://documents.worldbank.org/curated/en/867311468197383244/text/PAD1654-PAD-P151831-IDA-R2016-0077-1-Box394888B-OUO-9.txt
P151832,http://documents.worldbank.org/curated/en/609111468185931294/text/PAD1570-PAD-P151832-OUO-9-IDA-R2016-0111-1.txt
P151835,http://documents.worldbank.org/curated/en/900951482030099834/text/1482030098559-000A10458-PAD-Burundi-SSN-11282016.txt
P151851,http://documents.worldbank.org/curated/en/634181493604098313/text/Peru-Integrated-Water-Resources-Mngt-in-Ten-Basins-P151851-PAD-04112017.txt
P151869,http://documents.worldbank.org/curated/en/821751468186545895/text/PAD1271-PAD-P151869-IDA-R2016-0132-1-OUO-9.txt
P151909,http://documents.worldbank.org/curated/en/939151521424843300/text/MALI-NIGERRIVER-PAD-02272018.txt
P151916,http://documents.worldbank.org/curated/en/748601468190137956/text/PAD1311-PAD-P151916-IDA-R2015-0169-1-Box391454B-OUO-9.txt
P151963,http://documents.worldbank.org/curated/en/337761468188378043/text/PAD1220-PAD-P1511963-R2015-0131-1-Box391484B-OUO-9.txt
P151972,http://documents.worldbank.org/curated/en/985011468000617178/text/PAD1344-PAD-P151972-R2015-0153-1-Box393177B-OUO-9.txt
P152018,http://documents.worldbank.org/curated/en/409561468116048196/text/PAD11290PAD0P1010Box385323B00OUO090.txt
P152039,http://documents.worldbank.org/curated/en/741191468191058345/text/PAD1243-PAD-P152039-IDA-R2015-0100-1-Box391456B-PUBLIC-disclosed-6-9-15.txt
P152096,http://documents.worldbank.org/curated/en/224431468187807478/text/PAD1332-PAD-P152096-R2015-0191-1-Box393212B-OUO-9.txt
P152104,http://documents.worldbank.org/curated/en/258061468189543475/text/PAD1176-PAD-P152104-R2015-0173-1-Box393189B-OUO-9.txt
P152136,http://documents.worldbank.org/curated/en/224571468000595753/text/PAD1336-PAD-P152136-IDA-R2015-0128-1-Box391445B-OUO-9.txt
P152171,http://documents.worldbank.org/curated/en/114071471034257836/text/Ghana-PAD-Economic-Mngt-Strengthening-July-2016-08112016.txt
P152210,http://documents.worldbank.org/curated/en/385451468251405191/text/904830PAD0P152010Box385385B00OUO090.txt
P152230,http://documents.worldbank.org/curated/en/483101467995045181/text/PAD1703-PAD-P152230-GEF-R2016-0001-1-OUO-9.txt
P152232,http://documents.worldbank.org/curated/en/167991570076076413/text/Vietnam-Second-Stage-of-the-HCFC-Phase-Out-Project.txt
P152241,http://documents.worldbank.org/curated/en/208771468184473096/text/PP1323-PAD-SCORE-Box394849B-PUBLIC-P152241.txt
P152276,http://documents.worldbank.org/curated/en/802501506823284483/text/Belarus-PAD-MSME-09112017.txt
P152307,http://documents.worldbank.org/curated/en/598931517454038216/text/Jamaica-PAD-01092018.txt
P152309,http://documents.worldbank.org/curated/en/645281468196184465/text/PAD1250-PAD-P152309-IDA-R2015-0298-1-Box393256B-OUO-9.txt
P152347,http://documents.worldbank.org/curated/en/457221482159012451/text/1482159025082-000A10458-PAD-December-12-2016-12152016.txt
P152359,http://documents.worldbank.org/curated/en/217561468054579248/text/PAD11340PAD0P1010Box385319B00OUO090.txt
P152394,http://documents.worldbank.org/curated/en/215261467995371106/text/PAD1694-PAD-P152394-IDA-R2016-0122-1-Box396259B-OUO-9.txt
P152398,http://documents.worldbank.org/curated/en/511661467996741924/text/PAD1531-PAD-P152398-Box394866B-IDA-R2016-0032-1-OUO-9.txt
P152441,http://documents.worldbank.org/curated/en/320681467987898858/text/PAD1543-PAD-P152441-R2016-0029-1-OUO-9.txt
P152460,http://documents.worldbank.org/curated/en/178991468179657704/text/PAD1657-PAD-P152460-R2016-0070-1-Box394885B-OUO-9.txt
P152512,http://documents.worldbank.org/curated/en/962531468189561818/text/PAD1469-PAD-P152512-IDA-R2015-0205-1-Box385353B-OUO-9.txt
P152625,http://documents.worldbank.org/curated/en/438451467999075986/text/PAD1409-PAD-P152625-R2016-0064-1-Box394878B-OUO-9.txt
P152646,http://documents.worldbank.org/curated/en/185271468266958778/text/PAD12050PAD0P15264600PUBLIC00Box391428B.txt
P152653,http://documents.worldbank.org/curated/en/681391468187808198/text/PP1461-PAD-P152653-R2015-0184-1-IDA-R2015-0250-1-Box393201B-OUO-9.txt
P152659,http://documents.worldbank.org/curated/en/847081468197378280/text/PAD1375-PAD-P152659-IDA-R2016-0067-1-OUO-9.txt
P152698,http://documents.worldbank.org/curated/en/954111490207555730/text/India-National-Hydrology-PAD-02242017.txt
P152799,http://documents.worldbank.org/curated/en/534641468190775240/text/PAD1294-PAD-P152799-Box393195B-OUO-9-R2015-0179-1.txt
P152821,http://documents.worldbank.org/curated/en/465201467989464233/text/PAD1510-PAD-P152821-IDA-R2016-0078-1-Box394886B-OUO-9.txt
P152822,http://documents.worldbank.org/curated/en/384311467996731135/text/PAD1678-PAD-P152822-IDA-R2016-0090-1-Box394886B-OUO-9.txt
P152851,http://documents.worldbank.org/curated/en/316951467987903833/text/PAD1504-PAD-P152851-Box394866B-OUO-9-R2016-0035-1.txt
P152860,http://documents.worldbank.org/curated/en/613451481770856521/text/China-YECEIP-PAD-11182016.txt
P152881,http://documents.worldbank.org/curated/en/619361495332051749/text/Kosovo-Comp-PADrevised-05012017.txt
P152898,http://documents.worldbank.org/curated/en/578481467991017996/text/PAD1190-PAD-P152848-PUBLIC-Box391435B-LB-EESSP-Final-PAD-for-printing.txt
P152910,http://documents.worldbank.org/curated/en/188991468185033267/text/PAD1486-PAD-P152910-IDA-R2016-0060-1-Box394878B-OUO-9.txt
P152932,http://documents.worldbank.org/curated/en/416701468188365633/text/PAD1191-PAD-P152932-Box396267B-PUBLIC-Public-Finance-Management-Enhancement-PAD-002.txt
P152936,http://documents.worldbank.org/curated/en/149061468191334165/text/PAD1410-CORRIGENDUM-IDA-R2015-0237-2-Box393200B-OUO-9.txt
P152959,http://documents.worldbank.org/curated/en/715131491789645333/text/China-Reduction-PFOS-PAD-03242017.txt
P153012,http://documents.worldbank.org/curated/en/710321493604135885/text/Brazil-Main-PAD-04112017.txt
P153064,http://documents.worldbank.org/curated/en/295361651133650048/text/Sierra-Leone-Health-Service-Delivery-and-System-Support-Project.txt
P153085,http://documents.worldbank.org/curated/en/188011468247868313/text/PAD12020PAD0P1010Box385415B00OUO090.txt
P153115,http://documents.worldbank.org/curated/en/512381503626472804/text/PAD-after-negotiation-August-3-08032017.txt
P153277,http://documents.worldbank.org/curated/en/910911467996684731/text/PAD1549-PAD-P153277-OUO-9-IDA-R2016-0115-1.txt
P153338,http://documents.worldbank.org/curated/en/857831467991990973/text/PAD1326-PAD-P153338-R2015-0211-1-Box393244B-OUO-9.txt
P153349,http://documents.worldbank.org/curated/en/479301472176839024/text/PAD-Kenya-National-and-Rural-Inclusive-Growth-Project-P153349-08042016.txt
P153370,http://documents.worldbank.org/curated/en/188161490925693287/text/MADAGASCAR-SECOND-SOUTH-WEST-PAD-FINAL-03092017.txt
P153420,http://documents.worldbank.org/curated/en/445361468194053562/text/PAD1745-PAD-P153420-IDA-R2016-0088-1-Box394886B-OUO-9.txt
P153473,http://documents.worldbank.org/curated/en/683861499047327650/text/China-Three-Gorges-PAD-PAD1902-06132017.txt
P153487,http://documents.worldbank.org/curated/en/867121468197065464/text/PAD1330-PAD-P153487-PUBLIC-ENGLISH-Egypt-EASE-PAD.txt
P153496,http://documents.worldbank.org/curated/en/340301488682834835/text/Kazakhstan-PAD-02092017.txt
P153541,http://documents.worldbank.org/curated/en/375851486868473138/text/China-negotiated-version-PAD-PAD1629-01232017.txt
P153544,http://documents.worldbank.org/curated/en/840701467996680631/text/PAD1610-PAD-P153544-IDA-R2016-0110-1-Box394889B-OUO-9.txt
P153548,http://documents.worldbank.org/curated/en/537161476583250514/text/PAD-China-Lushan-09232016.txt
P153591,http://documents.worldbank.org/curated/en/754411488164443520/text/Cambodia-Livelihood-PAD-02062017.txt
P153604,http://documents.worldbank.org/curated/en/731571489888868747/text/China-Poyang-Lake-Basin-PAD-02272017.txt
P153613,http://documents.worldbank.org/curated/en/128331504722189404/text/Project-Appraisal-Document-PAD-P153613-2017-06-02-10-39-06062017.txt
P153702,http://documents.worldbank.org/curated/en/854311467998818616/text/Western-Africa-Regional-Program-to-Harmonize-and-Modernize-Living-Conditions-Surveys-Project.txt
P153743,http://documents.worldbank.org/curated/en/918311468179953735/text/PAD1391-PAD-P153743-IDA-R2015-0296-1-Box393256B-OUO-9.txt
P153744,http://documents.worldbank.org/curated/en/508261467988930630/text/PAD1321-PAD-P153744-R2016-0007-1-Box394849B-OUO-9.txt
P153892,http://documents.worldbank.org/curated/en/347271482548451814/text/1482548445610-000A10458-MAIN-12022016.txt
P154036,http://documents.worldbank.org/curated/en/957491468000599960/text/PAD1397-PAD-P154036-IDA-R2015-0140-1-Box391446B-OUO-9.txt
P154114,http://documents.worldbank.org/curated/en/385131468184765418/text/PAD1492-PAD-P154114-Box394888B-PUBLIC-LFSP-PAD-FINAL.txt
P154185,http://documents.worldbank.org/curated/en/479181512713342254/text/PAD1515-PAD-P154185-PUBLIC.txt
P154219,http://documents.worldbank.org/curated/en/404021468197359853/text/PAD1540-PAD-P154219-R2016-0032-1-OUO-9.txt
P154255,http://documents.worldbank.org/curated/en/543681467305909456/text/PAD1661-PAD-P154255-OUO-9-IDA-R2016-0156-1-Box396265B.txt
P154263,http://documents.worldbank.org/curated/en/698191468197999239/text/PP1574-PJPR-P154263-Box394872B-PUBLIC-FYR-Macedonia-LRCP-Final-PAD.txt
P154278,http://documents.worldbank.org/curated/en/816761468178759289/text/PAD1345-PAD-P154278-Box393185B-OUO-9-IDA-R2015-0229-1.txt
P154283,http://documents.worldbank.org/curated/en/916221491098471122/text/INDIA-PAD-03132017.txt
P154387,http://documents.worldbank.org/curated/en/696171467818164180/text/PAD1780-REVISED-OUO-9-IDA-R2016-0166-2.txt
P154389,http://documents.worldbank.org/curated/en/625631482462192460/text/PAD1350-Myanmar-11-29-16-12012016.txt
P154447,http://documents.worldbank.org/curated/en/769101467818050921/text/PAD1432-PAD-P154447-OUO-9-R2016-0123-1-Box396267B.txt
P154464,http://documents.worldbank.org/curated/en/202671468197628353/text/PAD1551-PAD-P154464-R2015-0229-1-Box393264B-OUO-9.txt
P154482,http://documents.worldbank.org/curated/en/515131512702151121/text/WESTERN-AFRICA-PADnew-11142017.txt
P154523,http://documents.worldbank.org/curated/en/655081467046615175/text/PAD1651-PADP154523-OUO-9-IDA-R2016-0149-1.txt
P154524,http://documents.worldbank.org/curated/en/967701468198234577/text/PAD1641-PAD-P154524-R2016-0090-1-Box394887B-OUO-9.txt
P154525,http://documents.worldbank.org/curated/en/627891529638305087/text/India-Uttarakhand-Workforce-PAD1572-05312018.txt
P154548,http://documents.worldbank.org/curated/en/609981480906831854/text/1480906826924-000A10458-P154548-PAD-for-Board-Nov-8-2016-ym-11112016.txt
P154577,http://documents.worldbank.org/curated/en/694991468185959713/text/PAD1511-PAD-P154577-IDA-R2016-0102-1-Box3948887B-OUO-9.txt
P154621,http://documents.worldbank.org/curated/en/870881509674443559/text/China-Guandong-PAD-P154621-2017-10-10-16-25-10122017.txt
P154623,http://documents.worldbank.org/curated/en/303131491184871495/text/China-Gansu-Tech-PAD-PAD1884-03142017.txt
P154683,http://documents.worldbank.org/curated/en/214971482116474950/text/1482116472340-000A10458-Zambia-Mining-Final-11292016.txt
P154694,http://documents.worldbank.org/curated/en/628381468179657418/text/PAD1523-PAD-P154694-R2016-0068-1-Box394885B-OUO-9.txt
P154698,http://documents.worldbank.org/curated/en/275181490493719670/text/Madagascar-PAD-03062017.txt
P154716,http://documents.worldbank.org/curated/en/357051529638290655/text/Project-Appraisal-Document-PAD-disclosable-version-May-30-SECPO-comments-05312018.txt
P154782,http://documents.worldbank.org/curated/en/226091468417040569/text/PAD1477-PAD-P154782-OUO-9-R2016-0115-1-Box396265B.txt
P154784,http://documents.worldbank.org/curated/en/440241486868444705/text/Kenya-PAD-01182017.txt
P154803,http://documents.worldbank.org/curated/en/533031468179977296/text/PAD1431-PAD-UPLOAD-NEW-FILE-REVISED-P154803-IDA-R2015-0094-2-Box391445B-OUO-9-UPDATE-BOARD-NUMBER.txt
P154807,http://documents.worldbank.org/curated/en/965001467305866621/text/PAD1752-PAD-P154807-OUO-9-IDA-R2016-0154-1-Box396265B.txt
P154839,http://documents.worldbank.org/curated/en/231881468001190037/text/Tonga-Pacific-Islands-Pacific-Resilience-Program-Project.txt
P154847,http://documents.worldbank.org/curated/en/664981467999114241/text/PAD1408-PAD-P154847-IDA-2015-0157-1-Box391456B-OUO-9.txt
P154861,http://documents.worldbank.org/curated/en/247961467989558934/text/PAD1569-PAD-P154861-Box396267B-PUBLIC-National-Water-Development-Project-PAD.txt
P154875,http://documents.worldbank.org/curated/en/650491468187449312/text/PAD1380-PAD-154875-PUBLIC-ACS.txt
P154908,http://documents.worldbank.org/curated/en/733931477792862397/text/PAD-P154908-10072016.txt
P154943,http://documents.worldbank.org/curated/en/473751557713173311/text/Tonga-Digital-Government-Support-Project.txt
P154947,http://documents.worldbank.org/curated/en/297421489370420368/text/Indonesia-Regional-Infrastructure-PAD1579-02212017.txt
P154948,http://documents.worldbank.org/curated/en/121201489975262694/text/Indonesia-NAHP-PAD-PAD1788-P154948-02282017.txt
P155038,http://documents.worldbank.org/curated/en/311731679595472204/text/India-Andhra-Pradesh-24X7-Power-for-All-Project.txt
P155060,http://documents.worldbank.org/curated/en/918991503626481687/text/BURUNDI-PAD-NEW-08032017.txt
P155097,http://documents.worldbank.org/curated/en/761431468187457616/text/PAD1423-PAD-P155097-R2015-0183-1-Box393195B-OUO-9.txt
P155121,http://documents.worldbank.org/curated/en/605561468184727799/text/PAD1506-PAD-P155121-IDA-R2016-0005-1-Box394849B-OUO-9.txt
P155148,http://documents.worldbank.org/curated/en/560671617647895399/text/Kyrgyz-Republic-Second-Capacity-Building-in-Public-Financial-Management-Project.txt
P155186,http://documents.worldbank.org/curated/en/854971471534008736/text/PAD-07182016.txt
P155191,http://documents.worldbank.org/curated/en/984991478263758814/text/1478263764434-000A10458-PAD-10282016.txt
P155198,http://documents.worldbank.org/curated/en/298251489370445157/text/PAD-MA-Identity-Targeting-for-SP-P155198-Feb-15-2017-RVP-Approved-Revised-02212017.txt
P155229,http://documents.worldbank.org/curated/en/726171513708590374/text/PAD-disclosable-version-P155229-SECPO-Revised-11012017.txt
P155256,http://documents.worldbank.org/curated/en/231881468001190037/text/Tonga-Pacific-Islands-Pacific-Resilience-Program-Project.txt
P155257,http://documents.worldbank.org/curated/en/231881468001190037/text/Tonga-Pacific-Islands-Pacific-Resilience-Program-Project.txt
P155293,http://documents.worldbank.org/curated/en/219051467986363327/text/PAD1617-PAD-IDA-R2016-0059-1-Box394878B-OUO-9.txt
P155303,http://documents.worldbank.org/curated/en/280231492221680428/text/INDIA-MP-PAD-03242017.txt
P155513,http://documents.worldbank.org/curated/en/885201626765673861/text/Bhutan-Food-Security-and-Agriculture-Productivity-Project.txt
P155522,http://documents.worldbank.org/curated/en/374021482548464349/text/PAD-Bihar-Rural-Roads-Project-P155522-12052016.txt
P155541,http://documents.worldbank.org/curated/en/688121479969428617/text/PAD1472-PAD-P155541-PUBLIC-PAD-SAPIP-RVP-APPROVED-25-Oct.txt
P155542,http://documents.worldbank.org/curated/en/231881468001190037/text/Tonga-Pacific-Islands-Pacific-Resilience-Program-Project.txt
P155642,http://documents.worldbank.org/curated/en/394051505478217219/text/SEYCHELLES-PAD-09122017.txt
P155645,http://documents.worldbank.org/curated/en/297631484073715323/text/eBurkina-PAD-P155645-12292016.txt
P155658,http://documents.worldbank.org/curated/en/929101467030173486/text/PAD1716-PAD-Box396255B-PUBLIC-IDA-R2016-0081-1.txt
P155842,http://documents.worldbank.org/curated/en/467961493604154334/text/Croatia-Modernization-and-Restructuring-of-the-Roads-Sector-Project.txt
P155885,http://documents.worldbank.org/curated/en/837671509653080204/text/PMR-SA-P155885-PAD-2016-12-20.txt
P155902,http://documents.worldbank.org/curated/en/685231489770052131/text/Peru-National-Program-for-Innovation-in-Fisheries-and-Aquaculture-Project.txt
P155969,http://documents.worldbank.org/curated/en/226301467986298576/text/PAD1494-PAD-P155969-IDA-R2015-0185-1-Box391477B-OUO-9.txt
P156001,http://documents.worldbank.org/curated/en/643591467995661132/text/PAD1533-PAD-P156001-IDA-R2016-0085-1-Box394886B-OUO-9.txt
P156012,http://documents.worldbank.org/curated/en/838321488164451748/text/Burundi-Health-PAD-02062017.txt
P156019,http://documents.worldbank.org/curated/en/714421467305711197/text/PAD1790-PAD-P156019-OUO-9-IDA-R2016-0152-1-Box396265B.txt
P156021,http://documents.worldbank.org/curated/en/104461468185345971/text/PAD1514-PAD-P156021-IDA-R2016-0057-1-Box394878B-OUO-9.txt
P156056,http://documents.worldbank.org/curated/en/285991480906853560/text/Project-Appraisal-Document-Final-submitted-to-SECPO-11112016.txt
P156125,http://documents.worldbank.org/curated/en/794391659642937048/text/Indonesia-National-Urban-Water-Supply-Project.txt
P156143,http://documents.worldbank.org/curated/en/249981494208862167/text/Vietnam-CCSEP-PAD-PAD2075-04182017.txt
P156165,http://documents.worldbank.org/curated/en/922961495418418570/text/Mauritania-PAD-05022017.txt
P156208,http://documents.worldbank.org/curated/en/734331492434048924/text/DRC-PAD-04172017.txt
P156210,http://documents.worldbank.org/curated/en/832091503626454254/text/CAMEROON-PAD-NEW-08032017.txt
P156250,http://documents.worldbank.org/curated/en/435341484362907655/text/Peru-PAD-12212016.txt
P156252,http://documents.worldbank.org/curated/en/442211470243969340/text/PAD1640-PAD-P156252-R2016-0137-1-Box396255B-OUO-9.txt
P156257,http://documents.worldbank.org/curated/en/594631617647744069/text/Somalia-Special-Financing-Facility-for-Local-Development-Project.txt
P156363,http://documents.worldbank.org/curated/en/633761468188664540/text/PAD1612-PAD-P156363-IDA-R2015-0261-1-Box393219B-OUO-9.txt
P156411,http://documents.worldbank.org/curated/en/856621617647613205/text/Pakistan-Governance-and-Policy-Project-for-Balochistan.txt
P156422,http://documents.worldbank.org/curated/en/835091467996760513/text/PAD1753-PAD-P156422-IDA-R2016-0099-1-Box394887B-OUO-9.txt
P156473,http://documents.worldbank.org/curated/en/274681489888859554/text/Indonesia-Strengthening-Rights-PAD1692-02272017.txt
P156475,http://documents.worldbank.org/curated/en/464391511264875729/text/Oromia-PAD-P156475-for-RVP-March-16-1-50pm-Clean.txt
P156479,http://documents.worldbank.org/curated/en/221251471265217930/text/Project-Appraisal-Document-PAD-disclosable-version-P156479-08122016.txt
P156492,http://documents.worldbank.org/curated/en/459181482116462283/text/Zambia-PAD-update-11292016.txt
P156505,http://documents.worldbank.org/curated/en/413441467989512699/text/PAD1575-PAD-P156505-Box396265B-OUO-9-IDA-R2016-0151-1.txt
P156507,http://documents.worldbank.org/curated/en/946961501380076595/text/China-Sustainable-Cities-GEF-PAD-PAD1801-07132017.txt
P156559,http://documents.worldbank.org/curated/en/769781468188952055/text/PAD1553-PAD-P156559-IDA-R2015-0252-1-Box393202B-OUO-9.txt
P156584,http://documents.worldbank.org/curated/en/635091480129220617/text/Uzbek-PAD-11042016.txt
P156679,http://documents.worldbank.org/curated/en/779101467993176397/text/PAD1666-PAD-P156679-IDA-R2016-0063-1-Box394885B-OUO-9.txt
P156738,http://documents.worldbank.org/curated/en/557881481058327088/text/Benin-PAD-12012016.txt
P156739,http://documents.worldbank.org/curated/en/396521480341774181/text/Cote-divoire-PAD-11182016.txt
P156766,http://documents.worldbank.org/curated/en/099329203302328173/text/SECBOS0faeee8d0d908e190bc90471cbb2a.txt
P156778,http://documents.worldbank.org/curated/en/388911479697224131/text/Belarus-PAD-11012016.txt
P156797,http://documents.worldbank.org/curated/en/265011512874832088/text/Nepal-Livestock-PAD1605-PAD-11162017.txt
P156837,http://documents.worldbank.org/curated/en/186151520264988874/text/PAD2334-PAD-PUBLIC-SOFI-Project-Appraisal-Document-PAD-P156837-final-Feb-27-2018.txt
P156849,http://documents.worldbank.org/curated/en/715251660080205266/text/Vietnam-Support-for-Autonomous-Higher-Education-Project.txt
P156869,http://documents.worldbank.org/curated/en/777771525399325435/text/India-Strengthening-Financial-PAD1869-PAD-04122018.txt
P156892,http://documents.worldbank.org/curated/en/621001483126638746/text/BF-Transport-PAD-12272016.txt
P156894,http://documents.worldbank.org/curated/en/760111522698319785/text/Afghanista-Digital-CASA-Project-PAD2021-03092018.txt
P156900,http://documents.worldbank.org/curated/en/361201467810855287/text/PAD1854-PAD-P156900-OUO-9-IDA-R2016-0157-1-Box396267B.txt
P157035,http://documents.worldbank.org/curated/en/930211555703935889/text/Afghanistan-Technical-Assistance-Facility-TAF.txt
P157054,http://documents.worldbank.org/curated/en/523321521338477580/text/Project-Appraisal-Document-Feb-22-India-Rural-PAD1812-vF-02232018.txt
P157055,http://documents.worldbank.org/curated/en/450031491098454445/text/COTE-DIVOIRE-PAD-03132017.txt
P157117,http://documents.worldbank.org/curated/en/918021487905271830/text/PAD1802-02012017.txt
P157127,http://documents.worldbank.org/curated/en/334061666206471878/text/Vietnam-Forest-Sector-Modernization-and-Coastal-Resilience-Enhancement-Project.txt
P157136,http://documents.worldbank.org/curated/en/287231493829703684/text/PAD2089-PAD-P157136-PUBLIC-02-21-2017-toSECPO-1-002.txt
P157141,http://documents.worldbank.org/curated/en/955001554170616135/text/India-Second-Rajasthan-State-Highways-Development-Program-Project.txt
P157206,http://documents.worldbank.org/curated/en/158861522699104205/text/COTE-DIVOIRE-PAD-NEW-03092018.txt
P157233,http://documents.worldbank.org/curated/en/848361679677867655/text/Mali-Reinsertion-of-Ex-combatants-Project.txt
P157291,http://documents.worldbank.org/curated/en/344131468193769008/text/PAD1647-PAD-P157291-IDA-R2016-0076-1-Box394888B-OUO-9.txt
P157324,http://documents.worldbank.org/curated/en/465281467989444648/text/PAD1683-PAD-P157324-OUO-9-R2016-0030-1.txt
P157416,http://documents.worldbank.org/curated/en/224911483470754491/text/PAD1665-REVISED-OUO-9-P157416-PAD-Main-Final-12012016.txt
P157425,http://documents.worldbank.org/curated/en/159711480129248767/text/Project-Appraisal-Document-PAD-P157425-2016-11-04-v10-11042016.txt
P157473,http://documents.worldbank.org/curated/en/171591491098416009/text/GABON-PAD-03132017.txt
P157531,http://documents.worldbank.org/curated/en/977321489417957652/text/Haiti-PAD-main-03082017.txt
P157599,http://documents.worldbank.org/curated/en/839781527910281861/text/Indonesia-Tourism-PAD-05102018.txt
P157671,http://documents.worldbank.org/curated/en/567271481338882091/text/PAD-11162016.txt
P157691,http://documents.worldbank.org/curated/en/869861467987873386/text/101012-PAD-P157691-R2015-0240-1-Box393264B-OUO-9.txt
P157702,http://documents.worldbank.org/curated/en/894971512356444755/text/India-Tamil-Nadu-Rural-Transformation-PAD1951-PAD-11102017.txt
P157715,http://documents.worldbank.org/curated/en/099900005132237871/text/P157715048f64f09e0a816044bc1a69df8e.txt
P157782,http://documents.worldbank.org/curated/en/866861498788169111/text/Guinea-PAD-06082017.txt
P157801,http://documents.worldbank.org/curated/en/362631492135244581/text/Project-Appraisal-Document-P157801-03232017.txt
P157836,http://documents.worldbank.org/curated/en/367901521165668374/text/PAD-Meghalaya-30-Jan-After-RVP-Approval-updated-Feb-07-02072018.txt
P157858,http://documents.worldbank.org/curated/en/589431492394419103/text/Cambodia-Secondary-Education-PAD-03282017.txt
P157891,http://documents.worldbank.org/curated/en/720891490278540329/text/final-Project-Appraisal-Document-PAD-P157891-2017-03-06-15-07-03092017.txt
P157932,http://documents.worldbank.org/curated/en/764471497664879252/text/Mexico-PAD-05252017.txt
P157963,http://documents.worldbank.org/curated/en/156691468193765563/text/PAD1755-PAD-P157963-IDA-R2016-0084-1-Box394886B-OUO-9.txt
P157987,http://documents.worldbank.org/curated/en/505601521943228630/text/Bangladesh-NSDS-PAD-March52018-03052018.txt
P158078,http://documents.worldbank.org/curated/en/909571507255229802/text/ProjectAppraisalDocumentPAD-P158078-09142017.txt
P158124,http://documents.worldbank.org/curated/en/985681558749726364/text/China-Green-Urban-Financing-and-Innovation-Project.txt
P158138,http://documents.worldbank.org/curated/en/417361505354429120/text/Tunisia-Youth-PAD2221-PAD-08222017.txt
P158194,http://documents.worldbank.org/curated/en/897561468589519642/text/PAD1731-PAD-P158194-IDA-R2016-0180-1-Box396273B-OUO-9.txt
P158298,http://documents.worldbank.org/curated/en/186741499911241016/text/PAD-Tajikistan-revised-06202017.txt
P158364,https://documents.worldbank.org/curated/en/104401521770490743/text/IBArchive-4a1d1aea-20b3-4f33-83db-543e447e7046.txt
P158387,http://documents.worldbank.org/curated/en/123181493604145783/text/Bosnia-Banking-PAD-04112017.txt
P158434,http://documents.worldbank.org/curated/en/513181496841168888/text/Malawi-PAD-05042017.txt
P158713,http://documents.worldbank.org/curated/en/214731528515166741/text/China-Safe-Water-PAD-05172018.txt
P158760,http://documents.worldbank.org/curated/en/148361660076807789/text/China-Jiangxi-Integrated-Rural-and-Urban-Water-Supply-and-Wastewater-Management-Project.txt
P158768,http://documents.worldbank.org/curated/en/811751531403657634/text/Afghanistan-Public-Private-Partnership-PAD-06082018.txt
P158769,http://documents.worldbank.org/curated/en/919951617390691041/text/Pakistan-Multi-Sectoral-Action-for-Nutrition-MSAN-Project.txt
P158791,http://documents.worldbank.org/curated/en/233791467813473643/text/PAD1853-PAD-P158791-Box396267B-OUO-9-R2016-0114-1.txt
P158798,http://documents.worldbank.org/curated/en/303211498576866109/text/INDIA-JOHAR-PAD-05092017.txt
P158805,http://documents.worldbank.org/curated/en/379081508551260039/text/Malawi-Project-Appraisal-Document-PAD-09282017.txt
P158810,http://documents.worldbank.org/curated/en/132801523584857502/text/Project-Appraisal-Document-P158810-FINAL-Board-03212018.txt
P158958,http://documents.worldbank.org/curated/en/278371495936843350/text/project-appraisal-document-pad-P158958-2017-05-03-11-53am-05082017.txt
P158982,http://documents.worldbank.org/curated/en/693501494122438189/text/Togo-PAD-04172017.txt
P159040,http://documents.worldbank.org/curated/en/418701488682867914/text/PAD-REDISSE-II-02092017.txt
P159053,http://documents.worldbank.org/curated/en/276821468242019652/text/PAD1797-PAD-P159053-IDA-R2016-0183-1-Box396273B-OUO-9.txt
P159215,http://documents.worldbank.org/curated/en/178041493517728165/text/Mongolia-Employment-PAD-FINAL-04102017.txt
P159217,http://documents.worldbank.org/curated/en/289901488209393335/text/DRC-GEF-PAD-02222017.txt
P159238,http://documents.worldbank.org/curated/en/212621502738205073/text/Vietnam-Central-Highlands-Connectivity-Project-PAD2239-PAD-06052017.txt
P159258,http://documents.worldbank.org/curated/en/989731500861633233/text/WBG-MDP3-PAD-final-edits-elh-clean-06302017.txt
P159297,http://documents.worldbank.org/curated/en/551611480734099685/text/FINAL-101116-RVPApproved-PAD-11092016.txt
P159303,http://documents.worldbank.org/curated/en/968821491616986434/text/SRILANKA-PAD-03172017.txt
P159378,http://documents.worldbank.org/curated/en/835181538364643803/text/Afghanistan-Eqra-project-appraisal-document-pad-P159378-09112018.txt
P159397,http://documents.worldbank.org/curated/en/847891496368946420/text/VIETNAM-SCALINGUP-PAD-05102017.txt
P159429,http://documents.worldbank.org/curated/en/409841491616912802/text/Project-Appraisal-Document-PAD-P159429-BD-IPFF-II-MARCH-18-2017-003-03172017.txt
P159434,http://documents.worldbank.org/curated/en/132121491444055343/text/CHAD-PAD-03152017.txt
P159437,http://documents.worldbank.org/curated/en/978411484190051572/text/Comoros-PAD-12192016.txt
P159476,http://documents.worldbank.org/curated/en/586031500775296653/text/BF-PAD-06292017.txt
P159512,http://documents.worldbank.org/curated/en/915001491184879368/text/Project-Appraisal-Document-PAD-P159512-031617-03162017.txt
P159515,http://documents.worldbank.org/curated/en/504471479697238041/text/R2016-0211-1-m-11012016.txt
P159517,http://documents.worldbank.org/curated/en/870081497232816711/text/project-appraisal-document-pad-P159517-ver0514-003-05222017.txt
P159519,http://documents.worldbank.org/curated/en/753631493604120227/text/GUYANA-PAD-04112017.txt
P159576,http://documents.worldbank.org/curated/en/595731467305650771/text/PAD1892-PAD-P159576-OUO-9-IDA-R2016-0145-1-Box396265B.txt
P159653,http://documents.worldbank.org/curated/en/624081505229928094/text/OECS-PAD-09062017.txt
P159655,http://documents.worldbank.org/curated/en/427941513911675673/text/Afghanistan-FSP-PAD2479-PAD-11302017.txt
P159683,http://documents.worldbank.org/curated/en/484991486090876084/text/Project-Appraisal-Document-PAD-P159683-2017-01-10-01102017.txt
P159761,http://documents.worldbank.org/curated/en/188861492394485048/text/Project-Appraisal-Document-PAD-P159761-March-27-2017-03282017.txt
P159771,http://documents.worldbank.org/curated/en/828891480949552502/text/Uruguay-PAD-11292016.txt
P159807,http://documents.worldbank.org/curated/en/729941493431246838/text/PAD-Power-System-Reliability-and-Efficiency-Improvement-Project-P159807-04072017.txt
P159870,http://documents.worldbank.org/curated/en/907641528515098050/text/China-Lake-and-River-PAD-05172018.txt
P159883,http://documents.worldbank.org/curated/en/311581545447736964/text/project-appraisal-document-pad-P159883-2018-12-03-12042018-636810265312041576.txt
P159929,http://documents.worldbank.org/curated/en/785341488423723724/text/Project-Appraisal-Document-PAD-P159929-RVP-rev-02072017.txt
P159961,http://documents.worldbank.org/curated/en/427791558670776104/text/Liberia-Cheesemanburg-Landfill-And-Urban-Sanitation-Project.txt
P159979,http://documents.worldbank.org/curated/en/626301500170447810/text/Congo-PAD-06212017.txt
P160033,http://documents.worldbank.org/curated/en/374901487522968695/text/Mozambique-Forest-Investment-Project-PAD-02152017.txt
P160071,http://documents.worldbank.org/curated/en/588541491012056044/text/MADAGASCAR-STATISTICAL-CAPACITY-PAD-03132017.txt
P160083,http://documents.worldbank.org/curated/en/801651505700060126/text/Kenya-PAD-08282017.txt
P160162,http://documents.worldbank.org/curated/en/886841529897487325/text/Vietnam-Dynamic-PAD-06052018.txt
P160223,http://documents.worldbank.org/curated/en/210611486651815142/text/Lebanon-Roads-Employment-PAD-P160223-01262017.txt
P160224,http://documents.worldbank.org/curated/en/471241521338566907/text/PAD-final-02262018.txt
P160279,http://documents.worldbank.org/curated/en/356301491184824880/text/Ethiopia-PAD-03142017.txt
P160295,http://documents.worldbank.org/curated/en/447591531366236291/text/SL-project-appraisal-document-pad-P160295-19Jun18-06192018.txt
P160359,http://documents.worldbank.org/curated/en/556961489074487201/text/Project-Appraisal-Document-PAD-P160359-2017-02-13-10-54-002-02142017.txt
P160377,http://documents.worldbank.org/curated/en/944651513998136523/text/TOGO-PAD-ENERGY-NEW-12012017.txt
P160408,http://documents.worldbank.org/curated/en/704731519959668277/text/India-Maharashtra-PAD2483-PAD-02072018.txt
P160418,http://documents.worldbank.org/curated/en/900251527478271533/text/COTE-DIVOIRE-PADnew-05082018.txt
P160442,http://documents.worldbank.org/curated/en/517281522548048451/text/Madagascar-PAD-P160442-2018-03-12-638pm-03122018.txt
P160500,http://documents.worldbank.org/curated/en/408671499047375085/text/CAR-PAD-P160500-06212017.txt
P160505,http://documents.worldbank.org/curated/en/886201498737629484/text/Mali-PAD-06262017.txt
P160567,http://documents.worldbank.org/curated/en/257391477792873512/text/PAD-Citizens-Charter-Afghanistan-P160567-Oct-7-Board-version-10072016.txt
P160570,http://documents.worldbank.org/curated/en/263681490714537272/text/Mexico-PAD-main-03072017.txt
P160613,http://documents.worldbank.org/curated/en/946311523671259769/text/BURUNDI-PADrev-03232018.txt
P160615,http://documents.worldbank.org/curated/en/619701522461635967/text/Afghanistan-PAD-PAD2580-March-16-final-for-submission-3-17-18-03192018.txt
P160619,http://documents.worldbank.org/curated/en/810621545534062536/text/1543432369820-000112554-Project-Appraisal-Document-PAD-002-11302018-636811128465500975.txt
P160641,http://documents.worldbank.org/curated/en/831531520046040417/text/MALI-PAD-02082018.txt
P160642,http://documents.worldbank.org/curated/en/915091553558343307/text/Cote-d-Ivoire-Higher-Education-Development-Support-Project.txt
P160652,http://documents.worldbank.org/curated/en/156261506960949248/text/Project-Appraisal-Document-04252017.txt
P160658,http://documents.worldbank.org/curated/en/565971496664964804/text/Vanuatu-Second-Rural-Electrification-Project-Stage-Project.txt
P160661,http://documents.worldbank.org/curated/en/393931532143851037/text/Indonesia-One-Map-PAD-06262018.txt
P160674,http://documents.worldbank.org/curated/en/903881499956074884/text/SPEP-PAD-SECPO-July-7-Social-Protection-Enhancement-Project-P160674-07102017.txt
P160678,http://documents.worldbank.org/curated/en/752911533267062349/text/GUINEA-BISSAU-PAD-07122018.txt
P160680,http://documents.worldbank.org/curated/en/148661531805140629/text/PAD2298-PAD-P160680-PUBLIC.txt
P160696,http://documents.worldbank.org/curated/en/301681568599263430/text/Nepal-Youth-Employment-Transformation-Initiative-Project.txt
P160717,http://documents.worldbank.org/curated/en/794381491184904362/text/CAR-PAD-03152017.txt
P160719,http://documents.worldbank.org/curated/en/272761511578835426/text/SIERRA-LEONE-PAD-11032017.txt
P160758,http://documents.worldbank.org/curated/en/682051501466439748/text/PAD-final-sent-to-SECPO-June29-07112017.txt
P160796,http://documents.worldbank.org/curated/en/288831528342274274/text/Cabo-Verde-PAD-SECPO-Edit-vF-05152018.txt
P160801,http://documents.worldbank.org/curated/en/955061494122480891/text/Congo-PAD-04172017.txt
P160806,http://documents.worldbank.org/curated/en/741111531107037545/text/DRC-SME-PAD-06122018.txt
P160819,http://documents.worldbank.org/curated/en/258451517626830719/text/BANGLADESH-PAD-01112018.txt
P160846,http://documents.worldbank.org/curated/en/509301501466454241/text/BANGLADESH-HSSP-PAD-07112017.txt
P160929,http://documents.worldbank.org/curated/en/382901492394433366/text/Cambodia-Cambodia-SEA-Disaster-Mgt-PAD2014-PAD-03282017.txt
P160931,http://documents.worldbank.org/curated/en/710311497751243981/text/Myanmar-SEA-DRM-Project-PAD-PAD2197-05262017.txt
P160947,http://documents.worldbank.org/curated/en/505941496664893549/text/Papua-New-Guinea-Emergency-Tubercolosis-Project-PAD-05192017.txt
P160948,http://documents.worldbank.org/curated/en/993611521943236640/text/ANGOLA-PAD-03022018.txt
P160977,http://documents.worldbank.org/curated/en/356051497884937922/text/Mali-PAD-06162017.txt
P161015,http://documents.worldbank.org/curated/en/155861504722004394/text/Benin-PAD-06062017.txt
P161029,http://documents.worldbank.org/curated/en/225281492308020968/text/Nicaragua-PAD-P161029-PAD2208-03272017.txt
P161048,http://documents.worldbank.org/curated/en/996871495728315670/text/PAD2269-REVISED-PUBLIC-Mongolia-Strengthening-Fiscal-PAD-PAD2269-07272017.txt
P161067,http://documents.worldbank.org/curated/en/598591493431258373/text/Kenya-Hon-Africa-PAD-04072017.txt
P161122,http://documents.worldbank.org/curated/en/761621512874841581/text/Bosnia-Republika-PAD-11162017.txt
P161163,http://documents.worldbank.org/curated/en/380191524492655455/text/MALI-NIGER-MAURITANIA-PAD-04182018.txt
P161283,http://documents.worldbank.org/curated/en/104811561255248757/text/Vietnam-Investing-and-Innovating-for-Grassroots-Health-Service-Delivery-Project.txt
P161317,http://documents.worldbank.org/curated/en/763241529292640506/text/FINAL-20180529-Project-Appraisal-Document-PAD-05292018.txt
P161320,http://documents.worldbank.org/curated/en/295701521469818907/text/Solomon-Islands-PAD-03142018.txt
P161348,http://documents.worldbank.org/curated/en/644081522461645615/text/Afghanistan-Afghan-State-Owned-Banks-PAD-PAD2481-03142018.txt
P161364,http://documents.worldbank.org/curated/en/207671530329469779/text/NIGERIA-PAD-05252018.txt
P161368,http://documents.worldbank.org/curated/en/321341524231758456/text/BEAC-CEMAC-PAD-PAD2558-04092018.txt
P161382,http://documents.worldbank.org/curated/en/817051556639882607/text/Marshall-Islands-Maritime-Investment-Project.txt
P161386,http://documents.worldbank.org/curated/en/705151559613734813/text/Pakistan-Higher-Education-Development-Project.txt
P161392,http://documents.worldbank.org/curated/en/264961478833260419/text/1478833256326-000A10458-Project-Appraisal-Document-10282016.txt
P161406,http://documents.worldbank.org/curated/en/676221558922529960/text/Mali-Strengthening-Climate-Resilience-Project.txt
P161473,http://documents.worldbank.org/curated/en/188921524967241299/text/Lao-Agriculture-PAD-04092018.txt
P161490,http://documents.worldbank.org/curated/en/951451492698919112/text/Zambia-Forest-PAD-04182017.txt
P161491,http://documents.worldbank.org/curated/en/526901520046068044/text/MADAGASCAR-PAD1-02082018.txt
P161539,http://documents.worldbank.org/curated/en/591421543806167605/text/Tonga-Project-Appraisal-Document-PAD-Tonga-2-11062018-636793849632241996.txt
P161540,http://documents.worldbank.org/curated/en/761911545447717736/text/project-appraisal-document-pad-P161540-28-11-18-Final-11292018-636810265127510369.txt
P161541,http://documents.worldbank.org/curated/en/236711535686242840/text/PAD-SET-P161541-dated-Aug-9-002-08092018.txt
P161590,http://documents.worldbank.org/curated/en/460441527910256027/text/CONGO-PAD-05102018.txt
P161591,http://documents.worldbank.org/curated/en/990491495159302402/text/CAR-PAD-05092017.txt
P161600,http://documents.worldbank.org/curated/en/478261527391831585/text/BURUNDI-PAD-05072018.txt
P161624,http://documents.worldbank.org/curated/en/808061546545053035/text/Sindh-ERR-Stunting-Project-PAD-for-SECBO-May-5-002-05092017.txt
P161658,http://documents.worldbank.org/curated/en/347671506823313370/text/WA-PAD-09112017.txt
P161730,http://documents.worldbank.org/curated/en/523711498096989898/text/CAR-PAD-06082017.txt
P161770,http://documents.worldbank.org/curated/en/492301516590023819/text/Cote-dIvoire-Multisectoral-Nutrition-PAD2490-PAD-01022018.txt
P161772,http://documents.worldbank.org/curated/en/253501532057449870/text/Togo-Infrastructure-PAD-06252018.txt
P161781,http://documents.worldbank.org/curated/en/380541494208832823/text/Burundi-PAD-04182017.txt
P161787,http://documents.worldbank.org/curated/en/768071536096255699/text/Revised-PAD-P161787-002-08312018.txt
P161809,http://documents.worldbank.org/curated/en/670741484967670280/text/PAD-YemenEmergencyHealth-12302016.txt
P161885,http://documents.worldbank.org/curated/en/367411530329645409/text/Nigeria-Electrification-PAD2524-06052018.txt
P161923,http://documents.worldbank.org/curated/en/372241560788765587/text/Guinea-Bissau-Rural-Transport-Project.txt
P161969,http://documents.worldbank.org/curated/en/182571526306707865/text/Micronesia-PAD-05102018.txt
P161989,http://documents.worldbank.org/curated/en/669461500561422719/text/Uruguay-PAD-07132017.txt
P161996,http://documents.worldbank.org/curated/en/395741538969430897/text/P161996-PAD-post-rvp-147pm-09182018.txt
P162004,http://documents.worldbank.org/curated/en/926851507911156465/text/PAD2161-PUBLIC-P162004.txt
P162022,http://documents.worldbank.org/curated/en/634711497578490082/text/AFGHANISTAN-HEART-PAD-06022017.txt
P162033,http://documents.worldbank.org/curated/en/117291513911652500/text/Brazil-Salvador-PAD-11302017.txt
P162069,http://documents.worldbank.org/curated/en/910491530329489994/text/NIGERIA-NUTRITION-PAD-05252018.txt
P162089,http://documents.worldbank.org/curated/en/688361537293112347/text/PAD2333-PAD-P162089-PUBLIC.txt
P162245,http://documents.worldbank.org/curated/en/537671516417243128/text/CAR-Water-Electricity-PAD-12272017.txt
P162246,http://documents.worldbank.org/curated/en/725641537068613217/text/Macedonia-former-Yugoslav-Republic-of-Social-Services-Improvement-Project.txt
P162580,http://documents.worldbank.org/curated/en/889851529345476097/text/WAPP-Solar-PAD2810-06142018.txt
P162599,http://documents.worldbank.org/curated/en/237141562292095592/text/Benin-Digital-Rural-Transformation-Project.txt
P162621,http://documents.worldbank.org/curated/en/490281497885196031/text/Project-Appraisal-Document-PAD-P162621-SEPCO-June15-06162017.txt
P162646,http://documents.worldbank.org/curated/en/761071513825243134/text/RWANDA-PAD-11292017.txt
P162659,http://documents.worldbank.org/curated/en/173291503381695317/text/PAD2319-PAD-P162659-PUBLIC-for-RVP-FINAL-CL.txt
P162760,http://documents.worldbank.org/curated/en/556221498788150527/text/Zambia-PAD-06082017.txt
P162789,http://documents.worldbank.org/curated/en/424621517194823945/text/COTEDIVOIRE-FIP-PAD-01082018.txt
P162850,http://documents.worldbank.org/curated/en/236331528083018186/text/PAD-PUBLIC-FINANCE-05142018.txt
P162890,http://documents.worldbank.org/curated/en/710131522702161197/text/The-Gambia-PAD-P162890-corrected-9-Mar-2018-03092018.txt
P162893,http://documents.worldbank.org/curated/en/233931506823363595/text/Liberia-PAD-09112017.txt
P162904,http://documents.worldbank.org/curated/en/826531523301322820/text/Djibouti-Public-Admin-PAD-PAD2604-04062018.txt
P162908,http://documents.worldbank.org/curated/en/468931518469626680/text/Haiti-PAD-02092018.txt
P162956,http://documents.worldbank.org/curated/en/667641525312840930/text/CHAD-PADrev-04112018.txt
P163015,http://documents.worldbank.org/curated/en/528571518922818764/text/P163015-Approved-PAD-Final-3-01292018.txt
P163018,http://documents.worldbank.org/curated/en/387251506909647717/text/NEPAL-EVENT-PAD-09122017.txt
P163088,http://documents.worldbank.org/curated/en/473581538278252143/text/Sao-Tome-PAD-09102018.txt
P163115,http://documents.worldbank.org/curated/en/762731513479758469/text/Argentina-PAD-11272017.txt
P163140,http://documents.worldbank.org/curated/en/784191524880922883/text/GUINEA-REVISED-PAD-04062018.txt
P163157,http://documents.worldbank.org/curated/en/280831527617623893/text/NIGER-PAD-05252018.txt
P163239,http://documents.worldbank.org/curated/en/133741523301183905/text/Albania-Roads-Project-Appraisal-Document-PAD-Revised-04052018.txt
P163250,http://documents.worldbank.org/curated/en/589341522548029968/text/Bangladesh-Sustainable-Enterprise-PAD2543-vF-03122018.txt
P163255,http://documents.worldbank.org/curated/en/471951549249341333/text/final-pad-01112019-636848281330287239.txt
P163305,http://documents.worldbank.org/curated/en/303921552874430412/text/project-appraisal-document-pad-LDSP-24-Feb-02252019-636884568159507143.txt
P163383,http://documents.worldbank.org/curated/en/671621533180654816/text/ETHIOPIA-PAD-07112018.txt
P163437,http://documents.worldbank.org/curated/en/146121508724024129/text/Chile-PAD-10022017.txt
P163438,http://documents.worldbank.org/curated/en/830381505613638420/text/project-appraisal-document-pad-P163438-EU-edits-for-Board-version-08252017.txt
P163490,http://documents.worldbank.org/curated/en/999811526304945905/text/project-appraisal-document-pad-P163490-05112018.txt
P163531,http://documents.worldbank.org/curated/en/895431521338507774/text/PAD2598-clean-02262018.txt
P163540,http://documents.worldbank.org/curated/en/888571530329670279/text/P163540-Nigeria-FGIP-PAD-06052018.txt
P163559,http://documents.worldbank.org/curated/en/713081494122547885/text/South-Sudan-PAD-04282017.txt
P163560,http://documents.worldbank.org/curated/en/265441531107076097/text/Project-Appraisal-Document-PAD-Community-and-Local-Government-Basic-Social-Services-Project-P163560-SECPO-e-06182018.txt
P163563,http://documents.worldbank.org/curated/en/644381521424858088/text/MAURITANIA-PAD-02272018.txt
P163592,http://documents.worldbank.org/curated/en/878901523584951785/text/PAD-FINAL-Kyrgyz-Republic-P163592-03262018.txt
P163608,http://documents.worldbank.org/curated/en/121281501573513677/text/PAD2429-PAD-PUBLIC-Project-Appraisal-Document-PAD-P163608-2017-06-29-14-44.txt
P163721,http://documents.worldbank.org/curated/en/306851530329751047/text/Project-Appraisal-Document-PAD-Sri-Lanka-Primary-Health-Care-System-Strengthening-Project-P163721-002-06082018.txt
P163723,http://documents.worldbank.org/curated/en/121121538105464838/text/Sierra-Leone-PAD-P163723-Sept-4-09062018.txt
P163777,http://documents.worldbank.org/curated/en/845691523844015143/text/PAD-04042018.txt
P163794,http://documents.worldbank.org/curated/en/419171513998119839/text/MALAWI-PAD-12012017.txt
P163830,http://documents.worldbank.org/curated/en/683581495802767249/text/Project-Appraisal-Document-PAD-P163830-2017-05-22-CLEAN-05232017.txt
P163857,http://documents.worldbank.org/curated/en/368691542180152925/text/PAD2435-PAD-PUBLIC-Project-Appraisal-Document-PAD-P163857.txt
P163922,http://documents.worldbank.org/curated/en/164231557713145805/text/Micronesia-Maritime-Investment-Project.txt
P163924,http://documents.worldbank.org/curated/en/917341527478256052/text/PAKISTAN-HYDROMET-PAD-05082018.txt
P163984,http://documents.worldbank.org/curated/en/293271531711852754/text/GHANA-ENERGY-PAD-06252018.txt
P164078,http://documents.worldbank.org/curated/en/141021538191842318/text/BURKINA-FASO-PAD-09072018.txt
P164129,http://documents.worldbank.org/curated/en/359401569808879957/text/Myanmar-Maternal-and-Child-Cash-Transfers-for-Improved-Nutrition-Project.txt
P164164,http://documents.worldbank.org/curated/en/507061529679800327/text/PAD-P164164-June-19-2018-06192018.txt
P164188,http://documents.worldbank.org/curated/en/249951531020771941/text/Kosovo-KODE-PAD-06132018.txt
P164190,http://documents.worldbank.org/curated/en/108561509847237071/text/Yemen-Integrated-Urban-PAD2487-PAD-P164190-3-10242017.txt
P164211,http://documents.worldbank.org/curated/en/161661531711822807/text/Ghana-Tourism-project-appraisal-document-pad-P164211-25Jun18-06252018.txt
P164242,http://documents.worldbank.org/curated/en/827251561428094594/text/Mali-Governance-of-Mining-Sector-Project.txt
P164243,http://documents.worldbank.org/curated/en/694841532921429637/text/EAC-PAD-07102018.txt
P164260,http://documents.worldbank.org/curated/en/167851560823385771/text/Belarus-Utility-Efficiency-and-Quality-Improvement-Project.txt
P164262,http://documents.worldbank.org/curated/en/268081529897452035/text/Project-Appraisal-Document-PAD-Senegal-Rural-Water-Supply-and-Sanitation-Project-P164262-002-06052018.txt
P164271,http://documents.worldbank.org/curated/en/346441596765970286/text/Niger-Governance-of-Extractives-for-Local-Development-and-COVID-19-Project.txt
P164283,http://documents.worldbank.org/curated/en/296841560218558485/text/Guinea-Support-to-MSME-Growth-Competitiveness-and-Access-to-Finance-Project.txt
P164293,http://documents.worldbank.org/curated/en/277421531452640797/text/BURKINA-FASO-EDUCATION-PAD-06202018.txt
P164294,http://documents.worldbank.org/curated/en/114741541437342338/text/cabo-verde-pad-10122018-636768792730538954.txt
P164295,http://documents.worldbank.org/curated/en/719581528515202632/text/CAR-NEW-PAD-05252018.txt
P164326,http://documents.worldbank.org/curated/en/275561531366228735/text/GUINEA-PAD-06192018.txt
P164353,http://documents.worldbank.org/curated/en/199511560736915766/text/Sierra-Leone-Integrated-and-Resilient-Urban-Mobility-Project.txt
P164389,http://documents.worldbank.org/curated/en/170161583118056961/text/Mexico-Water-Security-and-Resilience-for-the-Valley-of-Mexico-Project.txt
P164431,http://documents.worldbank.org/curated/en/233151531491356410/text/PAD2792-PUBLIC-IDA-R2018-0176-1new-002.txt
P164443,http://documents.worldbank.org/curated/en/235601538364654826/text/Afghanistan-Womens-Economic-PAD-09112018.txt
P164453,http://documents.worldbank.org/curated/en/299691529206266540/text/Boliva-PAD-05252018.txt
P164486,http://documents.worldbank.org/curated/en/365131545447708445/text/ANGOLA-LESOTHO-PADf-11292018-636810265029229101.txt
P164509,http://documents.worldbank.org/curated/en/682971561341777240/text/Niger-Agricultural-and-Livestock-Transformation-Project.txt
P164529,http://documents.worldbank.org/curated/en/332321531107020355/text/CHAD-PAD-06142018.txt
P164536,http://documents.worldbank.org/curated/en/348081537500634040/text/Madagascar-Integrated-PAD-08292018.txt
P164543,http://documents.worldbank.org/curated/en/821391660078895095/text/Guinea-Rural-Mobility-and-Connectivity-Project.txt
P164546,http://documents.worldbank.org/curated/en/113951553997663855/text/Burkina-Faso-Djibouti-Ghana-Guinea-Senegal-and-the-Association-of-African-Universities-First-Africa-Higher-Education-Centers-of-Excellence-for-Development-Impact-Project.txt
P164551,http://documents.worldbank.org/curated/en/690511544238091029/text/Mozambique-PAD-P164551-for-Board-11132018-636798168819424015.txt
P164561,http://documents.worldbank.org/curated/en/214081558922577300/text/Mali-Deployment-of-State-Resources-for-Better-Service-Delivery-Project.txt
P164563,http://documents.worldbank.org/curated/en/504891536982246418/text/NIGER-PAD-08232018.txt
P164584,http://documents.worldbank.org/curated/en/281071558663293548/text/Comoros-Integrated-Development-and-Competitiveness-Project.txt
P164603,http://documents.worldbank.org/curated/en/658391551735994200/text/project-appraisal-document-pad-p164603-secbo-10122018-636768792775382631.txt
P164654,http://documents.worldbank.org/curated/en/442271543719657009/text/KENYA-SOCIAL-PAD-11062018-636792984505888118.txt
P164661,http://documents.worldbank.org/curated/en/670141517454051085/text/Mexico-PAD-01092018.txt
P164665,http://documents.worldbank.org/curated/en/758341540692513115/text/ghana-pad-10032018-636762749065203646.txt
P164696,http://documents.worldbank.org/curated/en/570511531107056406/text/BURKINA-FASO-PAD-1-06182018.txt
P164771,http://documents.worldbank.org/curated/en/172701545534083794/text/MALAWI-PADf-11302018-636811128679250963.txt
P164807,http://documents.worldbank.org/curated/en/697381540692465766/text/rwanda-pad-10032018-636762748488016124.txt
P164813,http://documents.worldbank.org/curated/en/979911538278223022/text/LAO-PDR-PAD-09102018.txt
P164885,http://documents.worldbank.org/curated/en/307711551668592488/text/SIERRA-LEONE-PAD-02192019-636872473755315841.txt
P164906,http://documents.worldbank.org/curated/en/466181641925880285/text/Tanzania-Land-Tenure-Improvement-Project.txt
P164941,http://documents.worldbank.org/curated/en/309511555812077778/text/Tonga-Pathway-to-Sustainable-Oceans-Project.txt
P164953,http://documents.worldbank.org/curated/en/447171538278262488/text/CAR-PAD-09102018.txt
P165000,http://documents.worldbank.org/curated/en/818891563588205526/text/Liberia-Public-Financial-Management-Reforms-for-Institutional-Strengthening-Project.txt
P165062,http://documents.worldbank.org/curated/en/567991529344825238/text/NIGER-PAD-06142018.txt
P165147,http://documents.worldbank.org/curated/en/760711558144961259/text/Kosovo-Financial-Sector-Strengthening-Project.txt
P165253,http://documents.worldbank.org/curated/en/614131567994477403/text/Burundi-Investing-in-Early-Years-and-Fertility-in-Burundi-Project.txt
P165267,http://documents.worldbank.org/curated/en/102181545015798577/text/CABO-VERDE-PAD-11262018-636805945700219570.txt
P165313,http://documents.worldbank.org/curated/en/669111553479248975/text/Tajikistan-CASA1000-Community-Support-Project.txt
P165453,http://documents.worldbank.org/curated/en/594061554084119829/text/Mozambique-Energy-for-All-ProEnergia-Project.txt
P165534,http://documents.worldbank.org/curated/en/382171551732681185/text/mali-pad-02282019-636871609042094203.txt
P165543,http://documents.worldbank.org/curated/en/335851561860047999/text/Indonesia-Institutional-Strengthening-for-Improved-Village-Service-Delivery-Project.txt
P165651,http://documents.worldbank.org/curated/en/630331572746428465/text/Belarus-Sustainable-Energy-Scale-Up-Project.txt
P165737,http://documents.worldbank.org/curated/en/472601559440909823/text/Uzbekistan-Promoting-Early-Childhood-Development-Project.txt
P165742,http://documents.worldbank.org/curated/en/505131590458466771/text/Indonesia-Strengthening-of-Social-Forestry-in-Indonesia-Project.txt
P166075,http://documents.worldbank.org/curated/en/796841519527638944/text/SIERRA-LEONE-PAD-02122018.txt
P166100,http://documents.worldbank.org/curated/en/676801581994864496/text/Mozambique-Harnessing-the-Demographic-Dividend-Project.txt
P166107,http://documents.worldbank.org/curated/en/986901551713827331/text/project-appraisal-document-pad-p166107-11262018-636805944190375925.txt
P166127,http://documents.worldbank.org/curated/en/714251547070785057/text/Afghanistan-Eshteghal-Zaiee-Karmondena-EZ-Kar-Project.txt
P166165,http://documents.worldbank.org/curated/en/298581584324067365/text/Lao-Peoples-Democratic-Republic-Health-and-Nutrition-Services-Access-Project.txt
P166211,http://documents.worldbank.org/curated/en/722701551063666913/text/Benin-Early-Years-Nutrition-and-Child-Development-Project.txt
P166220,http://documents.worldbank.org/curated/en/893891558231269265/text/Djibouti-Integrated-Cash-Transfer-and-Human-Capital-Project.txt
P166308,http://documents.worldbank.org/curated/en/519111593223468766/text/Pakistan-Balochistan-Human-Capital-Investment-Project.txt
P166447,http://documents.worldbank.org/curated/en/895931562292157182/text/Uzbekistan-Strengthening-Social-Protection-System-Project.txt
P166526,http://documents.worldbank.org/curated/en/810821574132477851/text/Madagascar-Connectivity-for-Rural-Livelihood-Improvement-Project.txt
P166537,http://documents.worldbank.org/curated/en/799351523844037096/text/Dominica-Housing-project-appraisal-document-pad-P166537-04042018-04042018.txt
P166601,http://documents.worldbank.org/curated/en/902181548039624564/text/Project-Appraisal-Document-PAD-Sierra-Leone-Financial-Inclusion-Project-P166601-12212018-636836184164440328.txt
P166622,http://documents.worldbank.org/curated/en/621001554084042298/text/Solomon-Islands-Roads-and-Aviation-Project.txt
P166695,http://documents.worldbank.org/curated/en/958351591581626384/text/The-Gambia-Fiscal-Management-Development-Project.txt
P166744,http://documents.worldbank.org/curated/en/840111587866456259/text/Timor-Leste-Basic-Education-Strengthening-and-Transformation-Project.txt
P166763,http://documents.worldbank.org/curated/en/431561535859045136/text/DRC-Gender-Based-PAD-06192018.txt
P166783,http://documents.worldbank.org/curated/en/675171538364617142/text/St-Lucia-PAD-09072018.txt
P166800,http://documents.worldbank.org/curated/en/547721549918010477/text/project-appraisal-document-pad-p166800-02082019-636854328649882377.txt
P166802,http://documents.worldbank.org/curated/en/183911537673432887/text/MOZAMBIQUE-08312018.txt
P166923,http://documents.worldbank.org/curated/en/421121552269865410/text/India-project-appraisal-document-pad-P166923-dated-11219-02152019-636878522486568458.txt
P166978,http://documents.worldbank.org/curated/en/542361547566412383/text/afghanistan-taghir-pad-secpo-edit-01112019-636831000229465639.txt
P167064,https://documents.worldbank.org/curated/en/099139107192417541/text/IDU-1573d504-f6d2-434c-9267-ad572d7fc1eb.txt
P167169,http://documents.worldbank.org/curated/en/460231604339832869/text/Sudan-Basic-Education-Support-Project.txt
P167368,http://documents.worldbank.org/curated/en/132261546980531248/text/PAD2908-PAD-PUBLIC-Disclosable-Project-Appraisal-Document-PAD.txt
P167432,http://documents.worldbank.org/curated/en/199801617387948956/text/Benin-Third-Phase-of-the-Global-Partnership-For-Education-Project.txt
P167478,http://documents.worldbank.org/curated/en/490581562983276735/text/Guinea-Project-for-Results-in-Early-Childhood-and-Basic-Education.txt
P167581,http://documents.worldbank.org/curated/en/621091558231230277/text/India-Andhra-Pradesh-Health-Systems-Strengthening-Project.txt
P167681,http://documents.worldbank.org/curated/en/301241543114830608/text/SENEGAL-PAD-REV-11022018-636786936147418467.txt
P167726,http://documents.worldbank.org/curated/en/339391534131064726/text/Project-Appraisal-Document-PAD-003-08012018.txt
P167817,http://documents.worldbank.org/curated/en/487971570240865860/text/Africa-Fourth-Phase-of-Regional-Disease-Surveillance-Systems-Enhancement-REDISSE-Project.txt
P167826,http://documents.worldbank.org/curated/en/614911560789014315/text/Somalia-Water-for-Agro-Pastoral-Productivity-and-Resilience-Project.txt
P167884,http://documents.worldbank.org/curated/en/233781553565643951/text/Guinea-Support-to-Local-Governance-Project.txt
P167959,http://documents.worldbank.org/curated/en/242801553565658750/text/Côte-d-Ivoire-Strategic-Purchasing-and-Alignment-of-Resources-and-Knowledge-in-Health-Project.txt
P168076,http://documents.worldbank.org/curated/en/253961561860072917/text/Indonesia-Realizing-Educations-Promise-Support-to-Indonesias-Ministry-of-Religious-Affairs-for-Improved-Quality-of-Education-Project.txt
P168266,http://documents.worldbank.org/curated/en/903431556503441520/text/Afghanistan-Payments-Automation-and-Integration-of-Salaries-in-Afghanistan-PAISA-Project.txt
P168590,http://documents.worldbank.org/curated/en/671411590112928230/text/India-Tamil-Nadu-Housing-and-Habitat-Development-Project.txt
P168926,http://documents.worldbank.org/curated/en/885611551582069381/text/Project-Appraisal-Document-PAD-South-Sudan-Provision-of-Essential-Health-Services-Project-P168926-02142019-636871608268813026.txt
P169064,http://documents.worldbank.org/curated/en/803471575082860585/text/Benin-Niger-Nigeria-The-Gambia-Togo-and-Association-of-African-Universities-Second-Africa-Higher-Education-Centers-of-Excellence-for-Development-Impact-Project.txt
P169274,http://documents.worldbank.org/curated/en/108181587397967837/text/South-Sudan-Safety-Net-Project.txt
P169403,http://documents.worldbank.org/curated/en/290171561255279818/text/Indonesia-Central-Sulawesi-Rehabilitation-and-Reconstruction-Project.txt
P169486,http://documents.worldbank.org/curated/en/208161543806026673/text/Burkina-Faso-project-appraisal-document-pad-Final-002-MIRIAM-SECPO-page-edit-11162018-636793848138638730.txt
P169538,http://documents.worldbank.org/curated/en/610991584928704839/text/Lao-People-s-Democratic-Republic-Clean-Cook-Stove-Initiative-Project.txt
P169779,http://documents.worldbank.org/curated/en/609711563588128020/text/Angola-Strengthening-the-National-Social-Protection-System-Project.txt
P169949,http://documents.worldbank.org/curated/en/824121596765983121/text/South-Sudan-Enhancing-Community-Resilience-and-Local-Governance-Project.txt
P170445,http://documents.worldbank.org/curated/en/203251584151657541/text/Saint-Lucia-Human-Capital-Resilience-Project.txt
P170595,http://documents.worldbank.org/curated/en/462741580698900411/text/Peru-Lima-Metropolitano-North-Extension-Project.txt
P170704,http://documents.worldbank.org/curated/en/877261617301235745/text/Iraq-Strengthening-Public-Financial-Management-Oversight-and-Accountability-Institutions-in-Iraq-Project.txt
P170913,http://documents.worldbank.org/curated/en/448271609883644172/text/East-Asia-and-Pacific-Southeast-Asia-Disaster-Risk-Insurance-Facility-Strengthening-Financial-Resilience-in-Southeast-Asia-Project.txt
P171054,http://documents.worldbank.org/curated/en/546561589594553555/text/South-Asia-Climate-Adaptation-and-Resilience-for-South-Asia-CARE-Project.txt
P171114,http://documents.worldbank.org/curated/en/882841563588185132/text/Zimbabwe-Idai-Recovery-Project.txt
P171543,http://documents.worldbank.org/curated/en/671481617301015363/text/Turkey-Agricultural-Employment-Support-for-Refugees-and-Turkish-Citizens-through-Enhanced-Market-Linkages-Project.txt
P171648,http://documents.worldbank.org/curated/en/845421585965856204/text/Bangladesh-Health-and-Gender-Support-Project-for-Coxs-Bazar-District.txt
P171886,http://documents.worldbank.org/curated/en/208811601927123057/text/Afghanistan-Strengthening-Afghanistan-s-Financial-Intermediation-Project.txt
P172024,http://documents.worldbank.org/curated/en/260551621908151885/text/Croatia-Helping-Enterprises-Access-Liquidity-Project.txt
P172109,http://documents.worldbank.org/curated/en/766121575082832250/text/Afghanistan-Gas-Project.txt
P172339,http://documents.worldbank.org/curated/en/972651600896180051/text/Sint-Maarten-Civil-Society-Partnership-Facility-for-Resilience-Project.txt
P172348,http://documents.worldbank.org/curated/en/298791604977274272/text/Ukraine-Eastern-Ukraine-Reconnect-Recover-Revitalize-3R-Project.txt
P172705,http://documents.worldbank.org/curated/en/578301628583151428/text/Liberia-Learning-Foundations-Project.txt
P172812,http://documents.worldbank.org/curated/en/208261588781212409/text/Sudan-Basic-Education-Emergency-Support-Project.txt
P172951,http://documents.worldbank.org/curated/en/500581590976881415/text/Grenada-Caribbean-Air-Transport-Connectivity-Project.txt
P173012,http://documents.worldbank.org/curated/en/293781631545195488/text/Jamaica-Catastrophe-Bond-for-Increased-Financial-Resilience-to-Natural-Disasters-and-Climate-Shocks-Project.txt
P173521,http://documents.worldbank.org/curated/en/410701602468022759/text/Sudan-Sudan-Family-Support-Project.txt
P173775,http://documents.worldbank.org/curated/en/964531585951138972/text/Afghanistan-COVID-19-Emergency-Response-and-Health-Systems-Preparedness-Project.txt
P173800,http://documents.worldbank.org/curated/en/349031585603100464/text/West-Bank-and-Gaza-COVID-19-Emergency-Response-Project.txt
P173984,http://documents.worldbank.org/curated/en/404211589767237532/text/Bolivia-COVID-19-Crisis-Emergency-Social-Safety-Nets-Project.txt
P174014,http://documents.worldbank.org/curated/en/371121592013774544/text/Maldives-COVID-19-Emergency-Income-Support-Project.txt
P174033,http://documents.worldbank.org/curated/en/645041598936002560/text/Uganda-COVID-19-Emergency-Education-Response-Project.txt
P174059,http://documents.worldbank.org/curated/en/136241617300233433/text/Kenya-GPE-COVID-19-Learning-Continuity-in-Basic-Education-Project.txt
P174112,http://documents.worldbank.org/curated/en/123821598925756490/text/Turkey-Emergency-Firm-Support-Project.txt
P174119,http://documents.worldbank.org/curated/en/573321602262690625/text/Afghanistan-COVID-19-Relief-Effort-for-Afghan-Communities-and-Households-REACH-Project.txt
P174144,http://documents.worldbank.org/curated/en/910331608606148675/text/Turkey-Rapid-Support-for-Micro-and-Small-Enterprises-Project.txt
P174166,http://documents.worldbank.org/curated/en/528491617299836761/text/Togo-COVID-19-Education-Response-Project.txt
P174170,http://documents.worldbank.org/curated/en/611351591729664920/text/Yemen-Desert-Locust-Response-Project.txt
P174186,http://documents.worldbank.org/curated/en/571571617299766966/text/Benin-COVID-19-Education-Response-GPE-Project.txt
P174197,http://documents.worldbank.org/curated/en/534371604286024650/text/Brazil-Income-Support-for-the-Poor-affected-by-COVID-19-Project.txt
P174206,http://documents.worldbank.org/curated/en/559941617295228500/text/Ethiopia-Covid-19-Education-Response-Project.txt
P174214,http://documents.worldbank.org/curated/en/589881617295022807/text/Chad-COVID-19-Education-Response-Project.txt
P174220,http://documents.worldbank.org/curated/en/359181595606976253/text/Sudan-Education-COVID-19-Response-Project.txt
P174223,http://documents.worldbank.org/curated/en/308441617294970712/text/Pakistan-COVID-19-Response-Recovery-and-Resilience-in-Education-Project.txt
P174244,http://documents.worldbank.org/curated/en/487521631549455802/text/Guyana-Education-Sector-Program-Project.txt
P174268,http://documents.worldbank.org/curated/en/719751617293970721/text/Bangladesh-COVID-19-School-Sector-Response-Project.txt
P174273,http://documents.worldbank.org/curated/en/378921631544450846/text/Iraq-COVID-19-Adaptation-and-Recovery-Pilot-Supporting-Firms-Resilience-Access-to-Finance-and-Growth.txt
P174322,http://documents.worldbank.org/curated/en/099213002152311969/text/BOSIB0a174245f01209bc004f8b1fe86732.txt
P174336,http://documents.worldbank.org/curated/en/946941600956813364/text/Guinea-Bissau-Emergency-Food-Security-Project.txt
P174352,http://documents.worldbank.org/curated/en/779081617293823841/text/Sudan-COVID-19-Emergency-Response-Project.txt
P174389,http://documents.worldbank.org/curated/en/513461617293602428/text/Vietnam-COVID-19-Emergency-Response-Project.txt
P174604,http://documents.worldbank.org/curated/en/746421608001638858/text/Bosnia-and-Herzegovina-Firm-Recovery-and-Support-Project.txt
P174677,http://documents.worldbank.org/curated/en/593891612224683734/text/Nicaragua-COVID-19-Education-Sector-Response-Project.txt
P175065,http://documents.worldbank.org/curated/en/099820006132241843/text/P17506506a4bc50f0bc1c059169ca5a06a.txt
P175206,http://documents.worldbank.org/curated/en/468641613484248351/text/Fiji-Social-Protection-COVID-19-Response-and-System-Development-Project.txt
P175616,http://documents.worldbank.org/curated/en/798481631544628341/text/Latin-America-Second-Central-America-And-Caribbean-Catastrophe-Risk-Insurance-Project.txt
P176141,https://documents.worldbank.org/curated/en/252481646427453020/text/IBArchive-586dd66a-3480-46fc-bda0-3ee39a226ab7.txt
P176214,http://documents.worldbank.org/curated/en/853711639155092912/text/Zambia-Emergency-Health-Service-Delivery-Project.txt
P176622,http://documents.worldbank.org/curated/en/099620002112219754/text/Project0Apprai0in0Beirut000P176622.txt
P178866,http://documents.worldbank.org/curated/en/408131653327258940/text/Lebanon-Wheat-Supply-Emergency-Response-Project.txt
P178989,http://documents.worldbank.org/curated/en/099720007152213945/text/P1789890224971000b3ce02845ddee0093.txt
P178992,http://documents.worldbank.org/curated/en/578981656370686367/text/Djibouti-Social-Protection-Emergency-Crisis-Response-Project.txt
P179066,https://documents.worldbank.org/curated/en/099061323000026271/text/P179066-1cbf6f38-51be-4103-9565-c1d42ce12655.txt
P180231,http://documents.worldbank.org/curated/en/099955012122225090/text/BOSIB0176e13220ba0a8ec095c44141fdc2.txt
P181068,http://documents.worldbank.org/curated/en/099061523062516981/text/BOSIB0fe4436d10fd0bc2708beddd2c69a5.txt
